index,DRUG,MIC,LOG2MIC,BINARY_PHENOTYPE,PHENOTYPE_QUALITY,GENE,POSITION,GENE_MUTATION,CLEAN_BINARY_PHENOTYPE,LABEL_SUPPORT,segid,mutation,d_volume,d_hydropathy_KD,d_hydropathy_WW,d_MW,d_Pi,secondary_structure,secondary_structure_long,phi,psi,residue_sasa,n_hbond_acceptors,n_hbond_donors,B,C,E,G,H,T,SASA,snap2_score,snap2_accuracy,dist_MGB,dist_MGE,dist_drug,temp_factor,depth,deep_ddG
0,LEV,2.0,1.0,R,MEDIUM,gyrA,90.0,gyrA_A90V,R,0.8690476190476191,A,A90V,51.400000000000006,2.4000000000000004,-0.8600000000000001,28.0,-0.040000000000000036,H,AlphaHelix,-61.829999999999984,-59.75999999999999,47.0,2.0,0.0,False,False,False,False,True,False,55.555815915240146,-64.0,82.0,14.254302173206394,5.504265622675344,10.310827336129869,40.439998626708984,1.6650776123582791,0.089
1,LEV,>8,4.0,R,HIGH,gyrA,94.0,gyrA_D94Y,R,0.9285714285714286,A,D94Y,82.5,2.2,-2.18,48.099999999999994,2.89,H,AlphaHelix,-58.04000000000002,-41.610000000000014,97.4,1.0,1.0,False,False,False,False,True,False,88.1550888450658,81.0,91.0,18.193077591535243,7.778978962037692,14.095745809785983,46.65999984741211,1.7333416145382428,-0.376
2,LEV,>8,4.0,R,HIGH,gyrA,94.0,gyrA_D94N,R,0.8592592592592593,A,D94N,3.0,0.0,-1.9800000000000002,-1.0,2.64,H,AlphaHelix,-58.04000000000002,-41.610000000000014,97.4,1.0,1.0,False,False,False,False,True,False,88.1550888450658,56.0,75.0,18.193077591535243,7.778978962037692,14.095745809785983,46.65999984741211,1.7333416145382428,-0.347
3,LEV,2.0,1.0,R,MEDIUM,gyrB,499.0,gyrB_N499D,R,1.0,B,N499D,-3.0,0.0,1.9800000000000002,1.0,-2.64,C,Coil,-66.65999999999997,120.5,43.0,2.0,2.0,False,True,False,False,False,False,40.44476788590575,53.0,75.0,21.56535116421654,18.549803147347646,13.333885794815926,62.86000061035156,2.0305274785868135,-0.309
4,LEV,0.5,-1.0,S,HIGH,gyrA,193.0,gyrA_N193S,S,1.0,A,N193S,-25.099999999999994,2.7,-0.09999999999999998,-27.0,0.2699999999999996,C,Coil,-78.75,123.63,5.4,2.0,0.0,False,True,False,False,False,False,3.9785882839510753,-22.0,61.0,38.286532913756595,31.644021592511656,37.267766220385276,50.119998931884766,3.1142630176941593,-1.229
5,LEV,4.0,2.0,R,HIGH,gyrA,90.0,gyrA_A90V,R,0.8690476190476191,A,A90V,51.400000000000006,2.4000000000000004,-0.8600000000000001,28.0,-0.040000000000000036,H,AlphaHelix,-61.829999999999984,-59.75999999999999,47.0,2.0,0.0,False,False,False,False,True,False,55.555815915240146,-64.0,82.0,14.254302173206394,5.504265622675344,10.310827336129869,40.439998626708984,1.6650776123582791,0.089
6,LEV,0.25,-2.0,S,HIGH,gyrA,210.0,gyrA_A210V,S,1.0,A,A210V,51.400000000000006,2.4000000000000004,-0.8600000000000001,28.0,-0.040000000000000036,T,Turn,-59.75,137.42,17.3,0.0,1.0,False,False,False,False,False,True,21.890134117638297,-66.0,82.0,47.32602944489352,47.46711375509501,51.70135784268797,69.98999786376953,1.7880208742571901,-0.875
7,LEV,<=0.12,-3.06,S,HIGH,gyrA,94.0,gyrA_D94G,R,0.8646496815286624,A,D94G,-50.99999999999999,3.1,-1.2700000000000002,-58.0,3.1999999999999997,H,AlphaHelix,-58.04000000000002,-41.610000000000014,97.4,1.0,1.0,False,False,False,False,True,False,88.1550888450658,63.0,80.0,18.193077591535243,7.778978962037692,14.095745809785983,46.65999984741211,1.7333416145382428,-0.873
8,LEV,8.0,3.0,R,MEDIUM,gyrA,94.0,gyrA_D94Y,R,0.9285714285714286,A,D94Y,82.5,2.2,-2.18,48.099999999999994,2.89,H,AlphaHelix,-58.04000000000002,-41.610000000000014,97.4,1.0,1.0,False,False,False,False,True,False,88.1550888450658,81.0,91.0,18.193077591535243,7.778978962037692,14.095745809785983,46.65999984741211,1.7333416145382428,-0.376
9,LEV,8.0,3.0,R,HIGH,gyrA,94.0,gyrA_D94Y,R,0.9285714285714286,A,D94Y,82.5,2.2,-2.18,48.099999999999994,2.89,H,AlphaHelix,-58.04000000000002,-41.610000000000014,97.4,1.0,1.0,False,False,False,False,True,False,88.1550888450658,81.0,91.0,18.193077591535243,7.778978962037692,14.095745809785983,46.65999984741211,1.7333416145382428,-0.376
10,LEV,0.25,-2.0,S,MEDIUM,gyrA,94.0,gyrA_D94N,R,0.8592592592592593,A,D94N,3.0,0.0,-1.9800000000000002,-1.0,2.64,H,AlphaHelix,-58.04000000000002,-41.610000000000014,97.4,1.0,1.0,False,False,False,False,True,False,88.1550888450658,56.0,75.0,18.193077591535243,7.778978962037692,14.095745809785983,46.65999984741211,1.7333416145382428,-0.347
11,LEV,4.0,2.0,R,HIGH,gyrA,90.0,gyrA_A90V,R,0.8690476190476191,A,A90V,51.400000000000006,2.4000000000000004,-0.8600000000000001,28.0,-0.040000000000000036,H,AlphaHelix,-61.829999999999984,-59.75999999999999,47.0,2.0,0.0,False,False,False,False,True,False,55.555815915240146,-64.0,82.0,14.254302173206394,5.504265622675344,10.310827336129869,40.439998626708984,1.6650776123582791,0.089
12,LEV,2.0,1.0,R,MEDIUM,gyrA,94.0,gyrA_D94G,R,0.8646496815286624,A,D94G,-50.99999999999999,3.1,-1.2700000000000002,-58.0,3.1999999999999997,H,AlphaHelix,-58.04000000000002,-41.610000000000014,97.4,1.0,1.0,False,False,False,False,True,False,88.1550888450658,63.0,80.0,18.193077591535243,7.778978962037692,14.095745809785983,46.65999984741211,1.7333416145382428,-0.873
13,LEV,0.5,-1.0,S,HIGH,gyrA,488.0,gyrA_D488E,S,1.0,A,D488E,27.30000000000001,0.0,-0.8,14.0,0.4500000000000002,H,AlphaHelix,-60.85000000000002,-36.24000000000001,137.6,0.0,1.0,False,False,False,False,True,False,124.59428249051729,-96.0,97.0,44.378240658792315,38.79464561857564,44.92328593459039,66.62000274658203,1.6772284577989571,0.011
14,LEV,1.0,0.0,S,MEDIUM,gyrB,499.0,gyrB_N499I,S,1.0,B,N499I,52.599999999999994,8.0,-1.24,-0.9000000000000057,0.6099999999999994,C,Coil,-66.65999999999997,120.5,43.0,2.0,2.0,False,True,False,False,False,False,40.44476788590575,48.0,71.0,21.56535116421654,18.549803147347646,13.333885794815926,62.86000061035156,2.0305274785868135,-0.556
15,LEV,8.0,3.0,R,HIGH,gyrA,94.0,gyrA_D94N,R,0.8592592592592593,A,D94N,3.0,0.0,-1.9800000000000002,-1.0,2.64,H,AlphaHelix,-58.04000000000002,-41.610000000000014,97.4,1.0,1.0,False,False,False,False,True,False,88.1550888450658,56.0,75.0,18.193077591535243,7.778978962037692,14.095745809785983,46.65999984741211,1.7333416145382428,-0.347
16,LEV,4.0,2.0,R,MEDIUM,gyrA,94.0,gyrA_D94G,R,0.8646496815286624,A,D94G,-50.99999999999999,3.1,-1.2700000000000002,-58.0,3.1999999999999997,H,AlphaHelix,-58.04000000000002,-41.610000000000014,97.4,1.0,1.0,False,False,False,False,True,False,88.1550888450658,63.0,80.0,18.193077591535243,7.778978962037692,14.095745809785983,46.65999984741211,1.7333416145382428,-0.873
17,LEV,8.0,3.0,R,HIGH,gyrA,94.0,gyrA_D94G,R,0.8646496815286624,A,D94G,-50.99999999999999,3.1,-1.2700000000000002,-58.0,3.1999999999999997,H,AlphaHelix,-58.04000000000002,-41.610000000000014,97.4,1.0,1.0,False,False,False,False,True,False,88.1550888450658,63.0,80.0,18.193077591535243,7.778978962037692,14.095745809785983,46.65999984741211,1.7333416145382428,-0.873
18,LEV,8.0,3.0,R,HIGH,gyrA,94.0,gyrA_D94G,R,0.8646496815286624,A,D94G,-50.99999999999999,3.1,-1.2700000000000002,-58.0,3.1999999999999997,H,AlphaHelix,-58.04000000000002,-41.610000000000014,97.4,1.0,1.0,False,False,False,False,True,False,88.1550888450658,63.0,80.0,18.193077591535243,7.778978962037692,14.095745809785983,46.65999984741211,1.7333416145382428,-0.873
19,LEV,8.0,3.0,R,HIGH,gyrA,94.0,gyrA_D94G,R,0.8646496815286624,A,D94G,-50.99999999999999,3.1,-1.2700000000000002,-58.0,3.1999999999999997,H,AlphaHelix,-58.04000000000002,-41.610000000000014,97.4,1.0,1.0,False,False,False,False,True,False,88.1550888450658,63.0,80.0,18.193077591535243,7.778978962037692,14.095745809785983,46.65999984741211,1.7333416145382428,-0.873
20,LEV,0.5,-1.0,S,HIGH,gyrA,142.0,gyrA_L142V,S,1.0,A,L142V,-26.69999999999999,0.40000000000000036,0.15999999999999992,-14.099999999999994,-0.020000000000000462,H,AlphaHelix,-106.38,6.21,0.2,1.0,1.0,False,False,False,False,True,False,0.39905420861157465,-82.0,93.0,29.035720402069412,28.17717545115982,33.527247290184945,46.52000045776367,3.5545017406566974,-0.731
21,LEV,4.0,2.0,R,HIGH,gyrA,94.0,gyrA_D94G,R,0.8646496815286624,A,D94G,-50.99999999999999,3.1,-1.2700000000000002,-58.0,3.1999999999999997,H,AlphaHelix,-58.04000000000002,-41.610000000000014,97.4,1.0,1.0,False,False,False,False,True,False,88.1550888450658,63.0,80.0,18.193077591535243,7.778978962037692,14.095745809785983,46.65999984741211,1.7333416145382428,-0.873
22,LEV,8.0,3.0,R,MEDIUM,gyrA,94.0,gyrA_D94N,R,0.8592592592592593,A,D94N,3.0,0.0,-1.9800000000000002,-1.0,2.64,H,AlphaHelix,-58.04000000000002,-41.610000000000014,97.4,1.0,1.0,False,False,False,False,True,False,88.1550888450658,56.0,75.0,18.193077591535243,7.778978962037692,14.095745809785983,46.65999984741211,1.7333416145382428,-0.347
23,LEV,>8,4.0,R,HIGH,gyrA,94.0,gyrA_D94G,R,0.8646496815286624,A,D94G,-50.99999999999999,3.1,-1.2700000000000002,-58.0,3.1999999999999997,H,AlphaHelix,-58.04000000000002,-41.610000000000014,97.4,1.0,1.0,False,False,False,False,True,False,88.1550888450658,63.0,80.0,18.193077591535243,7.778978962037692,14.095745809785983,46.65999984741211,1.7333416145382428,-0.873
24,LEV,>8,4.0,R,MEDIUM,gyrA,94.0,gyrA_D94N,R,0.8592592592592593,A,D94N,3.0,0.0,-1.9800000000000002,-1.0,2.64,H,AlphaHelix,-58.04000000000002,-41.610000000000014,97.4,1.0,1.0,False,False,False,False,True,False,88.1550888450658,56.0,75.0,18.193077591535243,7.778978962037692,14.095745809785983,46.65999984741211,1.7333416145382428,-0.347
25,LEV,2.0,1.0,R,HIGH,gyrA,89.0,gyrA_D89N,R,0.75,A,D89N,3.0,0.0,-1.9800000000000002,-1.0,2.64,H,AlphaHelix,-67.79000000000002,-35.15999999999997,27.1,1.0,0.0,False,False,False,False,True,False,24.84916086555452,54.0,75.0,13.151139616440242,8.990678251217595,12.761681856622465,49.52000045776367,2.2988834846000192,-0.812
26,LEV,8.0,3.0,R,MEDIUM,gyrA,94.0,gyrA_D94N,R,0.8592592592592593,A,D94N,3.0,0.0,-1.9800000000000002,-1.0,2.64,H,AlphaHelix,-58.04000000000002,-41.610000000000014,97.4,1.0,1.0,False,False,False,False,True,False,88.1550888450658,56.0,75.0,18.193077591535243,7.778978962037692,14.095745809785983,46.65999984741211,1.7333416145382428,-0.347
27,LEV,8.0,3.0,R,HIGH,gyrA,94.0,gyrA_D94G,R,0.8646496815286624,A,D94G,-50.99999999999999,3.1,-1.2700000000000002,-58.0,3.1999999999999997,H,AlphaHelix,-58.04000000000002,-41.610000000000014,97.4,1.0,1.0,False,False,False,False,True,False,88.1550888450658,63.0,80.0,18.193077591535243,7.778978962037692,14.095745809785983,46.65999984741211,1.7333416145382428,-0.873
28,LEV,<=0.12,-3.06,S,MEDIUM,gyrA,94.0,gyrA_D94N,R,0.8592592592592593,A,D94N,3.0,0.0,-1.9800000000000002,-1.0,2.64,H,AlphaHelix,-58.04000000000002,-41.610000000000014,97.4,1.0,1.0,False,False,False,False,True,False,88.1550888450658,56.0,75.0,18.193077591535243,7.778978962037692,14.095745809785983,46.65999984741211,1.7333416145382428,-0.347
29,LEV,2.0,1.0,R,HIGH,gyrA,94.0,gyrA_D94G,R,0.8646496815286624,A,D94G,-50.99999999999999,3.1,-1.2700000000000002,-58.0,3.1999999999999997,H,AlphaHelix,-58.04000000000002,-41.610000000000014,97.4,1.0,1.0,False,False,False,False,True,False,88.1550888450658,63.0,80.0,18.193077591535243,7.778978962037692,14.095745809785983,46.65999984741211,1.7333416145382428,-0.873
30,LEV,2.0,1.0,R,HIGH,gyrA,94.0,gyrA_D94A,R,0.7951807228915663,A,D94A,-22.5,5.3,-2.08,-44.0,3.23,H,AlphaHelix,-58.04000000000002,-41.610000000000014,97.4,1.0,1.0,False,False,False,False,True,False,88.1550888450658,46.0,71.0,18.193077591535243,7.778978962037692,14.095745809785983,46.65999984741211,1.7333416145382428,-0.421
31,LEV,<=0.12,-3.06,S,HIGH,gyrB,630.0,gyrB_V630I,S,1.0,B,V630I,26.69999999999999,0.2999999999999998,-0.28,14.099999999999994,0.05999999999999961,T,Turn,-139.96,-13.269999999999982,72.1,0.0,1.0,False,False,False,False,False,True,77.78988107783795,11.0,59.0,22.944059134156582,36.30588177830974,32.515873725278766,73.91000366210938,1.6407011428927754,0.086
32,LEV,4.0,2.0,R,MEDIUM,gyrA,90.0,gyrA_A90V,R,0.8690476190476191,A,A90V,51.400000000000006,2.4000000000000004,-0.8600000000000001,28.0,-0.040000000000000036,H,AlphaHelix,-61.829999999999984,-59.75999999999999,47.0,2.0,0.0,False,False,False,False,True,False,55.555815915240146,-64.0,82.0,14.254302173206394,5.504265622675344,10.310827336129869,40.439998626708984,1.6650776123582791,0.089
33,LEV,8.0,3.0,R,HIGH,gyrA,94.0,gyrA_D94G,R,0.8646496815286624,A,D94G,-50.99999999999999,3.1,-1.2700000000000002,-58.0,3.1999999999999997,H,AlphaHelix,-58.04000000000002,-41.610000000000014,97.4,1.0,1.0,False,False,False,False,True,False,88.1550888450658,63.0,80.0,18.193077591535243,7.778978962037692,14.095745809785983,46.65999984741211,1.7333416145382428,-0.873
34,LEV,4.0,2.0,R,MEDIUM,gyrA,90.0,gyrA_A90V,R,0.8690476190476191,A,A90V,51.400000000000006,2.4000000000000004,-0.8600000000000001,28.0,-0.040000000000000036,H,AlphaHelix,-61.829999999999984,-59.75999999999999,47.0,2.0,0.0,False,False,False,False,True,False,55.555815915240146,-64.0,82.0,14.254302173206394,5.504265622675344,10.310827336129869,40.439998626708984,1.6650776123582791,0.089
35,LEV,0.25,-2.0,S,HIGH,gyrB,457.0,gyrB_V457L,S,0.8,B,V457L,26.69999999999999,-0.40000000000000036,-0.15999999999999992,14.099999999999994,0.020000000000000462,E,Strand,-84.48000000000002,110.62,5.5,1.0,1.0,False,False,True,False,False,False,4.051828439596724,-24.0,61.0,14.807203990488254,22.747146856262027,17.219380732399905,47.4900016784668,6.9560192905350995,1.189
36,LEV,8.0,3.0,R,HIGH,gyrA,94.0,gyrA_D94G,R,0.8646496815286624,A,D94G,-50.99999999999999,3.1,-1.2700000000000002,-58.0,3.1999999999999997,H,AlphaHelix,-58.04000000000002,-41.610000000000014,97.4,1.0,1.0,False,False,False,False,True,False,88.1550888450658,63.0,80.0,18.193077591535243,7.778978962037692,14.095745809785983,46.65999984741211,1.7333416145382428,-0.873
37,LEV,0.25,-2.0,S,MEDIUM,gyrA,90.0,gyrA_A90V,R,0.8690476190476191,A,A90V,51.400000000000006,2.4000000000000004,-0.8600000000000001,28.0,-0.040000000000000036,H,AlphaHelix,-61.829999999999984,-59.75999999999999,47.0,2.0,0.0,False,False,False,False,True,False,55.555815915240146,-64.0,82.0,14.254302173206394,5.504265622675344,10.310827336129869,40.439998626708984,1.6650776123582791,0.089
38,LEV,1.0,0.0,S,MEDIUM,gyrA,94.0,gyrA_D94G,R,0.8646496815286624,A,D94G,-50.99999999999999,3.1,-1.2700000000000002,-58.0,3.1999999999999997,H,AlphaHelix,-58.04000000000002,-41.610000000000014,97.4,1.0,1.0,False,False,False,False,True,False,88.1550888450658,63.0,80.0,18.193077591535243,7.778978962037692,14.095745809785983,46.65999984741211,1.7333416145382428,-0.873
39,LEV,0.5,-1.0,S,HIGH,gyrA,288.0,gyrA_A288V,S,1.0,A,A288V,51.400000000000006,2.4000000000000004,-0.8600000000000001,28.0,-0.040000000000000036,H,AlphaHelix,-55.73000000000002,-52.079999999999984,11.3,2.0,1.0,False,False,False,False,True,False,11.676533963816869,-66.0,82.0,42.723997531718645,29.51063733150099,31.64294234039218,85.9800033569336,1.9848467404953554,-0.718
40,LEV,4.0,2.0,R,MEDIUM,gyrA,94.0,gyrA_D94A,R,0.7951807228915663,A,D94A,-22.5,5.3,-2.08,-44.0,3.23,H,AlphaHelix,-58.04000000000002,-41.610000000000014,97.4,1.0,1.0,False,False,False,False,True,False,88.1550888450658,46.0,71.0,18.193077591535243,7.778978962037692,14.095745809785983,46.65999984741211,1.7333416145382428,-0.421
41,LEV,0.5,-1.0,S,HIGH,gyrA,90.0,gyrA_A90V,R,0.8690476190476191,A,A90V,51.400000000000006,2.4000000000000004,-0.8600000000000001,28.0,-0.040000000000000036,H,AlphaHelix,-61.829999999999984,-59.75999999999999,47.0,2.0,0.0,False,False,False,False,True,False,55.555815915240146,-64.0,82.0,14.254302173206394,5.504265622675344,10.310827336129869,40.439998626708984,1.6650776123582791,0.089
42,LEV,>8,4.0,R,MEDIUM,gyrA,94.0,gyrA_D94G,R,0.8646496815286624,A,D94G,-50.99999999999999,3.1,-1.2700000000000002,-58.0,3.1999999999999997,H,AlphaHelix,-58.04000000000002,-41.610000000000014,97.4,1.0,1.0,False,False,False,False,True,False,88.1550888450658,63.0,80.0,18.193077591535243,7.778978962037692,14.095745809785983,46.65999984741211,1.7333416145382428,-0.873
43,LEV,0.25,-2.0,S,HIGH,gyrA,267.0,gyrA_T267I,S,0.9166666666666666,A,T267I,50.599999999999994,5.2,-0.92,12.099999999999994,0.41999999999999993,E,Strand,-110.84,147.57,41.6,1.0,0.0,False,False,True,False,False,False,44.1202990107675,-63.0,82.0,57.16622537844849,43.89582496101522,47.524606108481976,101.37999725341797,1.7631484448394852,-0.037
44,LEV,0.5,-1.0,S,MEDIUM,gyrA,154.0,gyrA_P154R,S,1.0,A,P154R,60.7,-2.9,1.31,59.099999999999994,4.46,E,Strand,-63.26999999999998,149.75,74.5,0.0,0.0,False,False,True,False,False,False,79.18597057272785,41.0,71.0,19.225911095740965,27.73254660180666,30.131122559096102,57.20000076293945,1.6282709707753908,-0.523
45,LEV,1.0,0.0,S,MEDIUM,gyrA,90.0,gyrA_A90V,R,0.8690476190476191,A,A90V,51.400000000000006,2.4000000000000004,-0.8600000000000001,28.0,-0.040000000000000036,H,AlphaHelix,-61.829999999999984,-59.75999999999999,47.0,2.0,0.0,False,False,False,False,True,False,55.555815915240146,-64.0,82.0,14.254302173206394,5.504265622675344,10.310827336129869,40.439998626708984,1.6650776123582791,0.089
46,LEV,1.0,0.0,S,MEDIUM,gyrB,504.0,gyrB_A504V,S,0.75,B,A504V,51.400000000000006,2.4000000000000004,-0.8600000000000001,28.0,-0.040000000000000036,H,AlphaHelix,-59.64999999999998,-42.079999999999984,10.1,1.0,2.0,False,False,False,False,True,False,11.414866074723719,5.0,53.0,21.211827405565348,22.366103894088535,16.05940631511001,54.0,2.050575642556502,-0.618
47,LEV,4.0,2.0,R,HIGH,gyrA,90.0,gyrA_A90V,R,0.8690476190476191,A,A90V,51.400000000000006,2.4000000000000004,-0.8600000000000001,28.0,-0.040000000000000036,H,AlphaHelix,-61.829999999999984,-59.75999999999999,47.0,2.0,0.0,False,False,False,False,True,False,55.555815915240146,-64.0,82.0,14.254302173206394,5.504265622675344,10.310827336129869,40.439998626708984,1.6650776123582791,0.089
48,LEV,8.0,3.0,R,HIGH,gyrA,94.0,gyrA_D94G,R,0.8646496815286624,A,D94G,-50.99999999999999,3.1,-1.2700000000000002,-58.0,3.1999999999999997,H,AlphaHelix,-58.04000000000002,-41.610000000000014,97.4,1.0,1.0,False,False,False,False,True,False,88.1550888450658,63.0,80.0,18.193077591535243,7.778978962037692,14.095745809785983,46.65999984741211,1.7333416145382428,-0.873
49,LEV,8.0,3.0,R,HIGH,gyrA,90.0,gyrA_A90V,R,0.8690476190476191,A,A90V,51.400000000000006,2.4000000000000004,-0.8600000000000001,28.0,-0.040000000000000036,H,AlphaHelix,-61.829999999999984,-59.75999999999999,47.0,2.0,0.0,False,False,False,False,True,False,55.555815915240146,-64.0,82.0,14.254302173206394,5.504265622675344,10.310827336129869,40.439998626708984,1.6650776123582791,0.089
50,LEV,8.0,3.0,R,MEDIUM,gyrA,94.0,gyrA_D94G,R,0.8646496815286624,A,D94G,-50.99999999999999,3.1,-1.2700000000000002,-58.0,3.1999999999999997,H,AlphaHelix,-58.04000000000002,-41.610000000000014,97.4,1.0,1.0,False,False,False,False,True,False,88.1550888450658,63.0,80.0,18.193077591535243,7.778978962037692,14.095745809785983,46.65999984741211,1.7333416145382428,-0.873
51,LEV,2.0,1.0,R,HIGH,gyrA,94.0,gyrA_D94G,R,0.8646496815286624,A,D94G,-50.99999999999999,3.1,-1.2700000000000002,-58.0,3.1999999999999997,H,AlphaHelix,-58.04000000000002,-41.610000000000014,97.4,1.0,1.0,False,False,False,False,True,False,88.1550888450658,63.0,80.0,18.193077591535243,7.778978962037692,14.095745809785983,46.65999984741211,1.7333416145382428,-0.873
52,LEV,1.0,0.0,S,HIGH,gyrB,446.0,gyrB_R446C,S,1.0,B,R446C,-64.9,7.0,-0.78,-52.999999999999986,-5.6899999999999995,C,Coil,-102.64999999999998,-28.920000000000016,47.7,0.0,2.0,False,True,False,False,False,False,48.145590821945774,28.0,63.0,29.585668854735626,35.658436254280595,29.76362930063906,77.33999633789062,1.8834134115420547,-0.926
53,LEV,4.0,2.0,R,HIGH,gyrA,90.0,gyrA_A90V,R,0.8690476190476191,A,A90V,51.400000000000006,2.4000000000000004,-0.8600000000000001,28.0,-0.040000000000000036,H,AlphaHelix,-61.829999999999984,-59.75999999999999,47.0,2.0,0.0,False,False,False,False,True,False,55.555815915240146,-64.0,82.0,14.254302173206394,5.504265622675344,10.310827336129869,40.439998626708984,1.6650776123582791,0.089
54,LEV,0.5,-1.0,S,HIGH,gyrA,193.0,gyrA_N193S,S,1.0,A,N193S,-25.099999999999994,2.7,-0.09999999999999998,-27.0,0.2699999999999996,C,Coil,-78.75,123.63,5.4,2.0,0.0,False,True,False,False,False,False,3.9785882839510753,-22.0,61.0,38.286532913756595,31.644021592511656,37.267766220385276,50.119998931884766,3.1142630176941593,-1.229
55,LEV,1.0,0.0,S,HIGH,gyrA,481.0,gyrA_D481A,S,1.0,A,D481A,-22.5,5.3,-2.08,-44.0,3.23,H,AlphaHelix,-68.02999999999997,-43.39999999999998,89.0,1.0,1.0,False,False,False,False,True,False,77.66519293994125,-82.0,93.0,45.07367122936,42.83213591309488,48.49897001270041,68.87000274658203,1.7758179992275929,-0.439
56,LEV,4.0,2.0,R,HIGH,gyrA,90.0,gyrA_A90V,R,0.8690476190476191,A,A90V,51.400000000000006,2.4000000000000004,-0.8600000000000001,28.0,-0.040000000000000036,H,AlphaHelix,-61.829999999999984,-59.75999999999999,47.0,2.0,0.0,False,False,False,False,True,False,55.555815915240146,-64.0,82.0,14.254302173206394,5.504265622675344,10.310827336129869,40.439998626708984,1.6650776123582791,0.089
57,LEV,8.0,3.0,R,HIGH,gyrA,94.0,gyrA_D94G,R,0.8646496815286624,A,D94G,-50.99999999999999,3.1,-1.2700000000000002,-58.0,3.1999999999999997,H,AlphaHelix,-58.04000000000002,-41.610000000000014,97.4,1.0,1.0,False,False,False,False,True,False,88.1550888450658,63.0,80.0,18.193077591535243,7.778978962037692,14.095745809785983,46.65999984741211,1.7333416145382428,-0.873
58,LEV,8.0,3.0,R,HIGH,gyrA,90.0,gyrA_A90V,R,0.8690476190476191,A,A90V,51.400000000000006,2.4000000000000004,-0.8600000000000001,28.0,-0.040000000000000036,H,AlphaHelix,-61.829999999999984,-59.75999999999999,47.0,2.0,0.0,False,False,False,False,True,False,55.555815915240146,-64.0,82.0,14.254302173206394,5.504265622675344,10.310827336129869,40.439998626708984,1.6650776123582791,0.089
59,LEV,0.5,-1.0,S,HIGH,gyrA,272.0,gyrA_T272I,S,1.0,A,T272I,50.599999999999994,5.2,-0.92,12.099999999999994,0.41999999999999993,E,Strand,-112.11000000000001,-12.70999999999998,37.5,0.0,1.0,False,False,True,False,False,False,40.96354945026428,50.0,75.0,43.99068348189916,31.39754186299001,36.279724066703395,56.79999923706055,2.141009499133353,-0.384
60,LEV,1.0,0.0,S,HIGH,gyrA,89.0,gyrA_D89N,R,0.75,A,D89N,3.0,0.0,-1.9800000000000002,-1.0,2.64,H,AlphaHelix,-67.79000000000002,-35.15999999999997,27.1,1.0,0.0,False,False,False,False,True,False,24.84916086555452,54.0,75.0,13.151139616440242,8.990678251217595,12.761681856622465,49.52000045776367,2.2988834846000192,-0.812
61,LEV,0.25,-2.0,S,HIGH,gyrA,267.0,gyrA_T267I,S,0.9166666666666666,A,T267I,50.599999999999994,5.2,-0.92,12.099999999999994,0.41999999999999993,E,Strand,-110.84,147.57,41.6,1.0,0.0,False,False,True,False,False,False,44.1202990107675,-63.0,82.0,57.16622537844849,43.89582496101522,47.524606108481976,101.37999725341797,1.7631484448394852,-0.037
62,LEV,1.0,0.0,S,HIGH,gyrA,367.0,gyrA_D367E,S,1.0,A,D367E,27.30000000000001,0.0,-0.8,14.0,0.4500000000000002,H,AlphaHelix,-57.70999999999998,-45.45999999999998,91.1,1.0,1.0,False,False,False,False,True,False,81.7755476597291,-95.0,97.0,35.80932558849131,37.38244397163745,41.73280526936598,60.45000076293945,1.7623339158448825,0.059
63,LEV,>8,4.0,R,MEDIUM,gyrA,94.0,gyrA_D94G,R,0.8646496815286624,A,D94G,-50.99999999999999,3.1,-1.2700000000000002,-58.0,3.1999999999999997,H,AlphaHelix,-58.04000000000002,-41.610000000000014,97.4,1.0,1.0,False,False,False,False,True,False,88.1550888450658,63.0,80.0,18.193077591535243,7.778978962037692,14.095745809785983,46.65999984741211,1.7333416145382428,-0.873
64,LEV,8.0,3.0,R,MEDIUM,gyrA,94.0,gyrA_D94G,R,0.8646496815286624,A,D94G,-50.99999999999999,3.1,-1.2700000000000002,-58.0,3.1999999999999997,H,AlphaHelix,-58.04000000000002,-41.610000000000014,97.4,1.0,1.0,False,False,False,False,True,False,88.1550888450658,63.0,80.0,18.193077591535243,7.778978962037692,14.095745809785983,46.65999984741211,1.7333416145382428,-0.873
65,LEV,8.0,3.0,R,MEDIUM,gyrA,94.0,gyrA_D94G,R,0.8646496815286624,A,D94G,-50.99999999999999,3.1,-1.2700000000000002,-58.0,3.1999999999999997,H,AlphaHelix,-58.04000000000002,-41.610000000000014,97.4,1.0,1.0,False,False,False,False,True,False,88.1550888450658,63.0,80.0,18.193077591535243,7.778978962037692,14.095745809785983,46.65999984741211,1.7333416145382428,-0.873
66,LEV,0.5,-1.0,S,MEDIUM,gyrA,94.0,gyrA_D94G,R,0.8646496815286624,A,D94G,-50.99999999999999,3.1,-1.2700000000000002,-58.0,3.1999999999999997,H,AlphaHelix,-58.04000000000002,-41.610000000000014,97.4,1.0,1.0,False,False,False,False,True,False,88.1550888450658,63.0,80.0,18.193077591535243,7.778978962037692,14.095745809785983,46.65999984741211,1.7333416145382428,-0.873
67,LEV,4.0,2.0,R,HIGH,gyrA,94.0,gyrA_D94H,R,0.9714285714285714,A,D94H,42.099999999999994,0.2999999999999998,-1.04,22.099999999999994,4.82,H,AlphaHelix,-58.04000000000002,-41.610000000000014,97.4,1.0,1.0,False,False,False,False,True,False,88.1550888450658,79.0,85.0,18.193077591535243,7.778978962037692,14.095745809785983,46.65999984741211,1.7333416145382428,-0.36
68,LEV,4.0,2.0,R,MEDIUM,gyrA,94.0,gyrA_D94G,R,0.8646496815286624,A,D94G,-50.99999999999999,3.1,-1.2700000000000002,-58.0,3.1999999999999997,H,AlphaHelix,-58.04000000000002,-41.610000000000014,97.4,1.0,1.0,False,False,False,False,True,False,88.1550888450658,63.0,80.0,18.193077591535243,7.778978962037692,14.095745809785983,46.65999984741211,1.7333416145382428,-0.873
69,LEV,4.0,2.0,R,HIGH,gyrA,94.0,gyrA_D94G,R,0.8646496815286624,A,D94G,-50.99999999999999,3.1,-1.2700000000000002,-58.0,3.1999999999999997,H,AlphaHelix,-58.04000000000002,-41.610000000000014,97.4,1.0,1.0,False,False,False,False,True,False,88.1550888450658,63.0,80.0,18.193077591535243,7.778978962037692,14.095745809785983,46.65999984741211,1.7333416145382428,-0.873
70,LEV,0.25,-2.0,S,HIGH,gyrB,634.0,gyrB_R634L,S,1.0,B,R634L,-6.700000000000017,8.3,-1.69,-43.0,-4.779999999999999,E,Strand,-119.94,120.48,42.9,1.0,1.0,False,False,True,False,False,False,46.77655313800065,-54.0,78.0,19.855182362508575,32.62392330939877,28.593026921033726,65.76000213623047,2.4922351928142827,1.142
71,LEV,0.5,-1.0,S,MEDIUM,gyrA,94.0,gyrA_D94A,R,0.7951807228915663,A,D94A,-22.5,5.3,-2.08,-44.0,3.23,H,AlphaHelix,-58.04000000000002,-41.610000000000014,97.4,1.0,1.0,False,False,False,False,True,False,88.1550888450658,46.0,71.0,18.193077591535243,7.778978962037692,14.095745809785983,46.65999984741211,1.7333416145382428,-0.421
72,LEV,4.0,2.0,R,HIGH,gyrA,94.0,gyrA_D94G,R,0.8646496815286624,A,D94G,-50.99999999999999,3.1,-1.2700000000000002,-58.0,3.1999999999999997,H,AlphaHelix,-58.04000000000002,-41.610000000000014,97.4,1.0,1.0,False,False,False,False,True,False,88.1550888450658,63.0,80.0,18.193077591535243,7.778978962037692,14.095745809785983,46.65999984741211,1.7333416145382428,-0.873
73,LEV,4.0,2.0,R,HIGH,gyrA,94.0,gyrA_D94G,R,0.8646496815286624,A,D94G,-50.99999999999999,3.1,-1.2700000000000002,-58.0,3.1999999999999997,H,AlphaHelix,-58.04000000000002,-41.610000000000014,97.4,1.0,1.0,False,False,False,False,True,False,88.1550888450658,63.0,80.0,18.193077591535243,7.778978962037692,14.095745809785983,46.65999984741211,1.7333416145382428,-0.873
74,LEV,8.0,3.0,R,MEDIUM,gyrA,94.0,gyrA_D94G,R,0.8646496815286624,A,D94G,-50.99999999999999,3.1,-1.2700000000000002,-58.0,3.1999999999999997,H,AlphaHelix,-58.04000000000002,-41.610000000000014,97.4,1.0,1.0,False,False,False,False,True,False,88.1550888450658,63.0,80.0,18.193077591535243,7.778978962037692,14.095745809785983,46.65999984741211,1.7333416145382428,-0.873
75,LEV,>8,4.0,R,HIGH,gyrA,94.0,gyrA_D94G,R,0.8646496815286624,A,D94G,-50.99999999999999,3.1,-1.2700000000000002,-58.0,3.1999999999999997,H,AlphaHelix,-58.04000000000002,-41.610000000000014,97.4,1.0,1.0,False,False,False,False,True,False,88.1550888450658,63.0,80.0,18.193077591535243,7.778978962037692,14.095745809785983,46.65999984741211,1.7333416145382428,-0.873
76,LEV,8.0,3.0,R,HIGH,gyrA,94.0,gyrA_D94G,R,0.8646496815286624,A,D94G,-50.99999999999999,3.1,-1.2700000000000002,-58.0,3.1999999999999997,H,AlphaHelix,-58.04000000000002,-41.610000000000014,97.4,1.0,1.0,False,False,False,False,True,False,88.1550888450658,63.0,80.0,18.193077591535243,7.778978962037692,14.095745809785983,46.65999984741211,1.7333416145382428,-0.873
77,LEV,8.0,3.0,R,MEDIUM,gyrA,94.0,gyrA_D94G,R,0.8646496815286624,A,D94G,-50.99999999999999,3.1,-1.2700000000000002,-58.0,3.1999999999999997,H,AlphaHelix,-58.04000000000002,-41.610000000000014,97.4,1.0,1.0,False,False,False,False,True,False,88.1550888450658,63.0,80.0,18.193077591535243,7.778978962037692,14.095745809785983,46.65999984741211,1.7333416145382428,-0.873
78,LEV,0.5,-1.0,S,MEDIUM,gyrA,94.0,gyrA_D94A,R,0.7951807228915663,A,D94A,-22.5,5.3,-2.08,-44.0,3.23,H,AlphaHelix,-58.04000000000002,-41.610000000000014,97.4,1.0,1.0,False,False,False,False,True,False,88.1550888450658,46.0,71.0,18.193077591535243,7.778978962037692,14.095745809785983,46.65999984741211,1.7333416145382428,-0.421
79,LEV,8.0,3.0,R,HIGH,gyrA,94.0,gyrA_D94G,R,0.8646496815286624,A,D94G,-50.99999999999999,3.1,-1.2700000000000002,-58.0,3.1999999999999997,H,AlphaHelix,-58.04000000000002,-41.610000000000014,97.4,1.0,1.0,False,False,False,False,True,False,88.1550888450658,63.0,80.0,18.193077591535243,7.778978962037692,14.095745809785983,46.65999984741211,1.7333416145382428,-0.873
80,LEV,4.0,2.0,R,HIGH,gyrA,94.0,gyrA_D94H,R,0.9714285714285714,A,D94H,42.099999999999994,0.2999999999999998,-1.04,22.099999999999994,4.82,H,AlphaHelix,-58.04000000000002,-41.610000000000014,97.4,1.0,1.0,False,False,False,False,True,False,88.1550888450658,79.0,85.0,18.193077591535243,7.778978962037692,14.095745809785983,46.65999984741211,1.7333416145382428,-0.36
81,LEV,4.0,2.0,R,MEDIUM,gyrA,94.0,gyrA_D94G,R,0.8646496815286624,A,D94G,-50.99999999999999,3.1,-1.2700000000000002,-58.0,3.1999999999999997,H,AlphaHelix,-58.04000000000002,-41.610000000000014,97.4,1.0,1.0,False,False,False,False,True,False,88.1550888450658,63.0,80.0,18.193077591535243,7.778978962037692,14.095745809785983,46.65999984741211,1.7333416145382428,-0.873
82,LEV,2.0,1.0,R,HIGH,gyrA,90.0,gyrA_A90V,R,0.8690476190476191,A,A90V,51.400000000000006,2.4000000000000004,-0.8600000000000001,28.0,-0.040000000000000036,H,AlphaHelix,-61.829999999999984,-59.75999999999999,47.0,2.0,0.0,False,False,False,False,True,False,55.555815915240146,-64.0,82.0,14.254302173206394,5.504265622675344,10.310827336129869,40.439998626708984,1.6650776123582791,0.089
83,LEV,2.0,1.0,R,HIGH,gyrB,501.0,gyrB_E501D,S,0.6428571428571429,B,E501D,-27.30000000000001,0.0,0.8,-14.0,-0.4500000000000002,H,AlphaHelix,-71.87,-38.54000000000002,13.6,2.0,0.0,False,False,False,False,True,False,15.369778026626971,78.0,85.0,17.92544384842089,17.867526289070224,11.782093492314347,63.0099983215332,2.23399611625198,-2.507
84,LEV,4.0,2.0,R,HIGH,gyrA,94.0,gyrA_D94G,R,0.8646496815286624,A,D94G,-50.99999999999999,3.1,-1.2700000000000002,-58.0,3.1999999999999997,H,AlphaHelix,-58.04000000000002,-41.610000000000014,97.4,1.0,1.0,False,False,False,False,True,False,88.1550888450658,63.0,80.0,18.193077591535243,7.778978962037692,14.095745809785983,46.65999984741211,1.7333416145382428,-0.873
85,LEV,4.0,2.0,R,MEDIUM,gyrA,94.0,gyrA_D94G,R,0.8646496815286624,A,D94G,-50.99999999999999,3.1,-1.2700000000000002,-58.0,3.1999999999999997,H,AlphaHelix,-58.04000000000002,-41.610000000000014,97.4,1.0,1.0,False,False,False,False,True,False,88.1550888450658,63.0,80.0,18.193077591535243,7.778978962037692,14.095745809785983,46.65999984741211,1.7333416145382428,-0.873
86,LEV,8.0,3.0,R,MEDIUM,gyrA,94.0,gyrA_D94A,R,0.7951807228915663,A,D94A,-22.5,5.3,-2.08,-44.0,3.23,H,AlphaHelix,-58.04000000000002,-41.610000000000014,97.4,1.0,1.0,False,False,False,False,True,False,88.1550888450658,46.0,71.0,18.193077591535243,7.778978962037692,14.095745809785983,46.65999984741211,1.7333416145382428,-0.421
87,LEV,0.5,-1.0,S,MEDIUM,gyrA,90.0,gyrA_A90V,R,0.8690476190476191,A,A90V,51.400000000000006,2.4000000000000004,-0.8600000000000001,28.0,-0.040000000000000036,H,AlphaHelix,-61.829999999999984,-59.75999999999999,47.0,2.0,0.0,False,False,False,False,True,False,55.555815915240146,-64.0,82.0,14.254302173206394,5.504265622675344,10.310827336129869,40.439998626708984,1.6650776123582791,0.089
88,LEV,0.25,-2.0,S,MEDIUM,gyrB,604.0,gyrB_E604K,S,1.0,B,E604K,30.19999999999999,-0.3999999999999999,0.19999999999999996,-0.9000000000000057,6.52,T,Turn,-101.40999999999997,-72.13999999999999,101.2,0.0,0.0,False,False,False,False,False,True,97.10119911205513,-28.0,61.0,24.11445980774761,33.32205101847502,34.35600687284181,107.1500015258789,1.571605053589951,0.085
89,LEV,0.25,-2.0,S,HIGH,gyrA,472.0,gyrA_P472S,S,1.0,A,P472S,-23.700000000000003,0.8,0.64,-10.0,-0.6200000000000001,H,AlphaHelix,-59.70999999999998,-28.170000000000016,71.0,1.0,0.0,False,False,False,False,True,False,78.73791501370572,-68.0,82.0,46.353130855468216,48.26749325282632,52.90519851328242,69.8499984741211,1.6707895195538032,-1.116
90,LEV,2.0,1.0,R,HIGH,gyrA,88.0,gyrA_G88A,S,0.6666666666666666,A,G88A,28.499999999999993,2.2,-0.8099999999999998,14.0,0.03000000000000025,C,Coil,-77.02999999999997,152.43,8.6,0.0,0.0,False,True,False,False,False,False,9.936179450376525,47.0,71.0,9.383464096517303,8.798143905732672,11.185201845760195,57.560001373291016,1.9098223702260209,-1.185
91,LEV,2.0,1.0,R,MEDIUM,gyrA,94.0,gyrA_D94A,R,0.7951807228915663,A,D94A,-22.5,5.3,-2.08,-44.0,3.23,H,AlphaHelix,-58.04000000000002,-41.610000000000014,97.4,1.0,1.0,False,False,False,False,True,False,88.1550888450658,46.0,71.0,18.193077591535243,7.778978962037692,14.095745809785983,46.65999984741211,1.7333416145382428,-0.421
92,LEV,8.0,3.0,R,HIGH,gyrA,94.0,gyrA_D94G,R,0.8646496815286624,A,D94G,-50.99999999999999,3.1,-1.2700000000000002,-58.0,3.1999999999999997,H,AlphaHelix,-58.04000000000002,-41.610000000000014,97.4,1.0,1.0,False,False,False,False,True,False,88.1550888450658,63.0,80.0,18.193077591535243,7.778978962037692,14.095745809785983,46.65999984741211,1.7333416145382428,-0.873
93,LEV,,,,MEDIUM,gyrA,94.0,gyrA_D94H,R,0.9714285714285714,A,D94H,42.099999999999994,0.2999999999999998,-1.04,22.099999999999994,4.82,H,AlphaHelix,-58.04000000000002,-41.610000000000014,97.4,1.0,1.0,False,False,False,False,True,False,88.1550888450658,79.0,85.0,18.193077591535243,7.778978962037692,14.095745809785983,46.65999984741211,1.7333416145382428,-0.36
94,LEV,>8,4.0,R,HIGH,gyrA,94.0,gyrA_D94G,R,0.8646496815286624,A,D94G,-50.99999999999999,3.1,-1.2700000000000002,-58.0,3.1999999999999997,H,AlphaHelix,-58.04000000000002,-41.610000000000014,97.4,1.0,1.0,False,False,False,False,True,False,88.1550888450658,63.0,80.0,18.193077591535243,7.778978962037692,14.095745809785983,46.65999984741211,1.7333416145382428,-0.873
95,LEV,2.0,1.0,R,HIGH,gyrA,91.0,gyrA_S91P,R,0.8524590163934426,A,S91P,23.700000000000003,-0.8,-0.64,10.0,0.6200000000000001,H,AlphaHelix,-67.14999999999998,-27.149999999999977,64.8,1.0,0.0,False,False,False,False,True,False,65.22815545163408,63.0,80.0,13.370520192722235,5.421428426386811,10.72875108867804,47.63999938964844,1.5284537092505912,-0.125
96,LEV,2.0,1.0,R,MEDIUM,gyrA,94.0,gyrA_D94G,R,0.8646496815286624,A,D94G,-50.99999999999999,3.1,-1.2700000000000002,-58.0,3.1999999999999997,H,AlphaHelix,-58.04000000000002,-41.610000000000014,97.4,1.0,1.0,False,False,False,False,True,False,88.1550888450658,63.0,80.0,18.193077591535243,7.778978962037692,14.095745809785983,46.65999984741211,1.7333416145382428,-0.873
97,LEV,8.0,3.0,R,HIGH,gyrA,94.0,gyrA_D94G,R,0.8646496815286624,A,D94G,-50.99999999999999,3.1,-1.2700000000000002,-58.0,3.1999999999999997,H,AlphaHelix,-58.04000000000002,-41.610000000000014,97.4,1.0,1.0,False,False,False,False,True,False,88.1550888450658,63.0,80.0,18.193077591535243,7.778978962037692,14.095745809785983,46.65999984741211,1.7333416145382428,-0.873
98,LEV,>8,4.0,R,HIGH,gyrA,94.0,gyrA_D94G,R,0.8646496815286624,A,D94G,-50.99999999999999,3.1,-1.2700000000000002,-58.0,3.1999999999999997,H,AlphaHelix,-58.04000000000002,-41.610000000000014,97.4,1.0,1.0,False,False,False,False,True,False,88.1550888450658,63.0,80.0,18.193077591535243,7.778978962037692,14.095745809785983,46.65999984741211,1.7333416145382428,-0.873
99,LEV,<=0.12,-3.06,S,HIGH,gyrB,512.0,gyrB_G512R,S,0.7142857142857143,B,G512R,113.30000000000001,-4.1,-0.1399999999999999,99.1,4.79,C,Coil,-78.40999999999997,-153.43,22.3,0.0,0.0,False,True,False,False,False,False,21.149837177377734,56.0,75.0,30.22847232612234,32.992962074498614,27.088620046626986,69.91000366210938,1.8566162191748528,-1.498
100,LEV,0.25,-2.0,S,HIGH,gyrA,90.0,gyrA_A90V,R,0.8690476190476191,A,A90V,51.400000000000006,2.4000000000000004,-0.8600000000000001,28.0,-0.040000000000000036,H,AlphaHelix,-61.829999999999984,-59.75999999999999,47.0,2.0,0.0,False,False,False,False,True,False,55.555815915240146,-64.0,82.0,14.254302173206394,5.504265622675344,10.310827336129869,40.439998626708984,1.6650776123582791,0.089
101,LEV,8.0,3.0,R,MEDIUM,gyrA,94.0,gyrA_D94G,R,0.8646496815286624,A,D94G,-50.99999999999999,3.1,-1.2700000000000002,-58.0,3.1999999999999997,H,AlphaHelix,-58.04000000000002,-41.610000000000014,97.4,1.0,1.0,False,False,False,False,True,False,88.1550888450658,63.0,80.0,18.193077591535243,7.778978962037692,14.095745809785983,46.65999984741211,1.7333416145382428,-0.873
102,LEV,>8,4.0,R,HIGH,gyrA,94.0,gyrA_D94G,R,0.8646496815286624,A,D94G,-50.99999999999999,3.1,-1.2700000000000002,-58.0,3.1999999999999997,H,AlphaHelix,-58.04000000000002,-41.610000000000014,97.4,1.0,1.0,False,False,False,False,True,False,88.1550888450658,63.0,80.0,18.193077591535243,7.778978962037692,14.095745809785983,46.65999984741211,1.7333416145382428,-0.873
103,LEV,4.0,2.0,R,HIGH,gyrA,91.0,gyrA_S91P,R,0.8524590163934426,A,S91P,23.700000000000003,-0.8,-0.64,10.0,0.6200000000000001,H,AlphaHelix,-67.14999999999998,-27.149999999999977,64.8,1.0,0.0,False,False,False,False,True,False,65.22815545163408,63.0,80.0,13.370520192722235,5.421428426386811,10.72875108867804,47.63999938964844,1.5284537092505912,-0.125
104,LEV,8.0,3.0,R,HIGH,gyrA,94.0,gyrA_D94N,R,0.8592592592592593,A,D94N,3.0,0.0,-1.9800000000000002,-1.0,2.64,H,AlphaHelix,-58.04000000000002,-41.610000000000014,97.4,1.0,1.0,False,False,False,False,True,False,88.1550888450658,56.0,75.0,18.193077591535243,7.778978962037692,14.095745809785983,46.65999984741211,1.7333416145382428,-0.347
105,LEV,0.5,-1.0,S,HIGH,gyrA,462.0,gyrA_I462V,S,1.0,A,I462V,-26.69999999999999,-0.2999999999999998,0.28,-14.099999999999994,-0.05999999999999961,H,AlphaHelix,-59.70999999999998,-45.26999999999998,11.4,1.0,1.0,False,False,False,False,True,False,15.18206477149187,-30.0,61.0,49.53275459948479,52.29994571058125,57.088414238196364,77.0,2.3931947756963785,-1.308
106,LEV,8.0,3.0,R,HIGH,gyrA,94.0,gyrA_D94G,R,0.8646496815286624,A,D94G,-50.99999999999999,3.1,-1.2700000000000002,-58.0,3.1999999999999997,H,AlphaHelix,-58.04000000000002,-41.610000000000014,97.4,1.0,1.0,False,False,False,False,True,False,88.1550888450658,63.0,80.0,18.193077591535243,7.778978962037692,14.095745809785983,46.65999984741211,1.7333416145382428,-0.873
107,LEV,>8,4.0,R,HIGH,gyrA,94.0,gyrA_D94G,R,0.8646496815286624,A,D94G,-50.99999999999999,3.1,-1.2700000000000002,-58.0,3.1999999999999997,H,AlphaHelix,-58.04000000000002,-41.610000000000014,97.4,1.0,1.0,False,False,False,False,True,False,88.1550888450658,63.0,80.0,18.193077591535243,7.778978962037692,14.095745809785983,46.65999984741211,1.7333416145382428,-0.873
108,LEV,4.0,2.0,R,HIGH,gyrA,94.0,gyrA_D94G,R,0.8646496815286624,A,D94G,-50.99999999999999,3.1,-1.2700000000000002,-58.0,3.1999999999999997,H,AlphaHelix,-58.04000000000002,-41.610000000000014,97.4,1.0,1.0,False,False,False,False,True,False,88.1550888450658,63.0,80.0,18.193077591535243,7.778978962037692,14.095745809785983,46.65999984741211,1.7333416145382428,-0.873
109,LEV,>8,4.0,R,HIGH,gyrA,94.0,gyrA_D94G,R,0.8646496815286624,A,D94G,-50.99999999999999,3.1,-1.2700000000000002,-58.0,3.1999999999999997,H,AlphaHelix,-58.04000000000002,-41.610000000000014,97.4,1.0,1.0,False,False,False,False,True,False,88.1550888450658,63.0,80.0,18.193077591535243,7.778978962037692,14.095745809785983,46.65999984741211,1.7333416145382428,-0.873
110,LEV,0.25,-2.0,S,MEDIUM,gyrA,94.0,gyrA_D94G,R,0.8646496815286624,A,D94G,-50.99999999999999,3.1,-1.2700000000000002,-58.0,3.1999999999999997,H,AlphaHelix,-58.04000000000002,-41.610000000000014,97.4,1.0,1.0,False,False,False,False,True,False,88.1550888450658,63.0,80.0,18.193077591535243,7.778978962037692,14.095745809785983,46.65999984741211,1.7333416145382428,-0.873
111,LEV,2.0,1.0,R,HIGH,gyrA,90.0,gyrA_A90V,R,0.8690476190476191,A,A90V,51.400000000000006,2.4000000000000004,-0.8600000000000001,28.0,-0.040000000000000036,H,AlphaHelix,-61.829999999999984,-59.75999999999999,47.0,2.0,0.0,False,False,False,False,True,False,55.555815915240146,-64.0,82.0,14.254302173206394,5.504265622675344,10.310827336129869,40.439998626708984,1.6650776123582791,0.089
112,LEV,0.5,-1.0,S,HIGH,gyrA,94.0,gyrA_D94A,R,0.7951807228915663,A,D94A,-22.5,5.3,-2.08,-44.0,3.23,H,AlphaHelix,-58.04000000000002,-41.610000000000014,97.4,1.0,1.0,False,False,False,False,True,False,88.1550888450658,46.0,71.0,18.193077591535243,7.778978962037692,14.095745809785983,46.65999984741211,1.7333416145382428,-0.421
113,LEV,1.0,0.0,S,HIGH,gyrA,90.0,gyrA_A90V,R,0.8690476190476191,A,A90V,51.400000000000006,2.4000000000000004,-0.8600000000000001,28.0,-0.040000000000000036,H,AlphaHelix,-61.829999999999984,-59.75999999999999,47.0,2.0,0.0,False,False,False,False,True,False,55.555815915240146,-64.0,82.0,14.254302173206394,5.504265622675344,10.310827336129869,40.439998626708984,1.6650776123582791,0.089
114,LEV,8.0,3.0,R,HIGH,gyrA,94.0,gyrA_D94G,R,0.8646496815286624,A,D94G,-50.99999999999999,3.1,-1.2700000000000002,-58.0,3.1999999999999997,H,AlphaHelix,-58.04000000000002,-41.610000000000014,97.4,1.0,1.0,False,False,False,False,True,False,88.1550888450658,63.0,80.0,18.193077591535243,7.778978962037692,14.095745809785983,46.65999984741211,1.7333416145382428,-0.873
115,LEV,4.0,2.0,R,MEDIUM,gyrA,94.0,gyrA_D94G,R,0.8646496815286624,A,D94G,-50.99999999999999,3.1,-1.2700000000000002,-58.0,3.1999999999999997,H,AlphaHelix,-58.04000000000002,-41.610000000000014,97.4,1.0,1.0,False,False,False,False,True,False,88.1550888450658,63.0,80.0,18.193077591535243,7.778978962037692,14.095745809785983,46.65999984741211,1.7333416145382428,-0.873
116,LEV,>8,4.0,R,HIGH,gyrA,94.0,gyrA_D94G,R,0.8646496815286624,A,D94G,-50.99999999999999,3.1,-1.2700000000000002,-58.0,3.1999999999999997,H,AlphaHelix,-58.04000000000002,-41.610000000000014,97.4,1.0,1.0,False,False,False,False,True,False,88.1550888450658,63.0,80.0,18.193077591535243,7.778978962037692,14.095745809785983,46.65999984741211,1.7333416145382428,-0.873
117,LEV,0.25,-2.0,S,HIGH,gyrA,90.0,gyrA_A90V,R,0.8690476190476191,A,A90V,51.400000000000006,2.4000000000000004,-0.8600000000000001,28.0,-0.040000000000000036,H,AlphaHelix,-61.829999999999984,-59.75999999999999,47.0,2.0,0.0,False,False,False,False,True,False,55.555815915240146,-64.0,82.0,14.254302173206394,5.504265622675344,10.310827336129869,40.439998626708984,1.6650776123582791,0.089
118,LEV,0.25,-2.0,S,HIGH,gyrA,290.0,gyrA_Q290R,S,1.0,A,Q290R,29.599999999999994,-1.0,0.81,28.0,5.109999999999999,H,AlphaHelix,-83.36000000000001,0.84,44.3,2.0,2.0,False,False,False,False,True,False,43.25195674012055,-56.0,78.0,43.321833821782185,31.203223853855995,32.762415406954894,104.5,2.059863911556598,-0.435
119,LEV,8.0,3.0,R,HIGH,gyrA,94.0,gyrA_D94G,R,0.8646496815286624,A,D94G,-50.99999999999999,3.1,-1.2700000000000002,-58.0,3.1999999999999997,H,AlphaHelix,-58.04000000000002,-41.610000000000014,97.4,1.0,1.0,False,False,False,False,True,False,88.1550888450658,63.0,80.0,18.193077591535243,7.778978962037692,14.095745809785983,46.65999984741211,1.7333416145382428,-0.873
120,LEV,8.0,3.0,R,HIGH,gyrA,94.0,gyrA_D94G,R,0.8646496815286624,A,D94G,-50.99999999999999,3.1,-1.2700000000000002,-58.0,3.1999999999999997,H,AlphaHelix,-58.04000000000002,-41.610000000000014,97.4,1.0,1.0,False,False,False,False,True,False,88.1550888450658,63.0,80.0,18.193077591535243,7.778978962037692,14.095745809785983,46.65999984741211,1.7333416145382428,-0.873
121,LEV,0.25,-2.0,S,MEDIUM,gyrA,94.0,gyrA_D94A,R,0.7951807228915663,A,D94A,-22.5,5.3,-2.08,-44.0,3.23,H,AlphaHelix,-58.04000000000002,-41.610000000000014,97.4,1.0,1.0,False,False,False,False,True,False,88.1550888450658,46.0,71.0,18.193077591535243,7.778978962037692,14.095745809785983,46.65999984741211,1.7333416145382428,-0.421
122,LEV,4.0,2.0,R,HIGH,gyrA,90.0,gyrA_A90V,R,0.8690476190476191,A,A90V,51.400000000000006,2.4000000000000004,-0.8600000000000001,28.0,-0.040000000000000036,H,AlphaHelix,-61.829999999999984,-59.75999999999999,47.0,2.0,0.0,False,False,False,False,True,False,55.555815915240146,-64.0,82.0,14.254302173206394,5.504265622675344,10.310827336129869,40.439998626708984,1.6650776123582791,0.089
123,LEV,1.0,0.0,S,HIGH,gyrB,523.0,gyrB_R523H,S,1.0,B,R523H,-20.200000000000017,1.2999999999999998,0.3700000000000001,-19.0,-3.17,T,Turn,-88.64999999999998,-12.490000000000009,16.4,0.0,1.0,False,False,False,False,False,True,16.275337427440387,41.0,71.0,28.20473164919629,34.021924595421375,27.789509761856856,75.41999816894531,2.755643542746645,-2.341
124,LEV,2.0,1.0,R,MEDIUM,gyrA,94.0,gyrA_D94G,R,0.8646496815286624,A,D94G,-50.99999999999999,3.1,-1.2700000000000002,-58.0,3.1999999999999997,H,AlphaHelix,-58.04000000000002,-41.610000000000014,97.4,1.0,1.0,False,False,False,False,True,False,88.1550888450658,63.0,80.0,18.193077591535243,7.778978962037692,14.095745809785983,46.65999984741211,1.7333416145382428,-0.873
125,LEV,8.0,3.0,R,HIGH,gyrA,94.0,gyrA_D94G,R,0.8646496815286624,A,D94G,-50.99999999999999,3.1,-1.2700000000000002,-58.0,3.1999999999999997,H,AlphaHelix,-58.04000000000002,-41.610000000000014,97.4,1.0,1.0,False,False,False,False,True,False,88.1550888450658,63.0,80.0,18.193077591535243,7.778978962037692,14.095745809785983,46.65999984741211,1.7333416145382428,-0.873
126,LEV,8.0,3.0,R,HIGH,gyrA,94.0,gyrA_D94N,R,0.8592592592592593,A,D94N,3.0,0.0,-1.9800000000000002,-1.0,2.64,H,AlphaHelix,-58.04000000000002,-41.610000000000014,97.4,1.0,1.0,False,False,False,False,True,False,88.1550888450658,56.0,75.0,18.193077591535243,7.778978962037692,14.095745809785983,46.65999984741211,1.7333416145382428,-0.347
127,LEV,<=0.12,-3.06,S,HIGH,gyrA,94.0,gyrA_D94G,R,0.8646496815286624,A,D94G,-50.99999999999999,3.1,-1.2700000000000002,-58.0,3.1999999999999997,H,AlphaHelix,-58.04000000000002,-41.610000000000014,97.4,1.0,1.0,False,False,False,False,True,False,88.1550888450658,63.0,80.0,18.193077591535243,7.778978962037692,14.095745809785983,46.65999984741211,1.7333416145382428,-0.873
128,LEV,0.25,-2.0,S,HIGH,gyrA,267.0,gyrA_T267I,S,0.9166666666666666,A,T267I,50.599999999999994,5.2,-0.92,12.099999999999994,0.41999999999999993,E,Strand,-110.84,147.57,41.6,1.0,0.0,False,False,True,False,False,False,44.1202990107675,-63.0,82.0,57.16622537844849,43.89582496101522,47.524606108481976,101.37999725341797,1.7631484448394852,-0.037
129,LEV,2.0,1.0,R,HIGH,gyrA,90.0,gyrA_A90V,R,0.8690476190476191,A,A90V,51.400000000000006,2.4000000000000004,-0.8600000000000001,28.0,-0.040000000000000036,H,AlphaHelix,-61.829999999999984,-59.75999999999999,47.0,2.0,0.0,False,False,False,False,True,False,55.555815915240146,-64.0,82.0,14.254302173206394,5.504265622675344,10.310827336129869,40.439998626708984,1.6650776123582791,0.089
130,LEV,0.5,-1.0,S,HIGH,gyrA,236.0,gyrA_G236V,S,1.0,A,G236V,79.9,4.6000000000000005,-1.67,42.0,-0.009999999999999787,C,Coil,92.83,175.24,12.0,0.0,1.0,False,True,False,False,False,False,9.42431998248234,71.0,85.0,45.68305265435637,38.1719630839851,42.18097337209387,65.19000244140625,1.728989378748296,-2.197
131,LEV,1.0,0.0,S,HIGH,gyrB,499.0,gyrB_N499T,R,0.6666666666666666,B,N499T,2.0,2.8,-0.32,-13.0,0.1899999999999995,C,Coil,-66.65999999999997,120.5,43.0,2.0,2.0,False,True,False,False,False,False,40.44476788590575,15.0,59.0,21.56535116421654,18.549803147347646,13.333885794815926,62.86000061035156,2.0305274785868135,-1.227
132,LEV,2.0,1.0,R,HIGH,gyrA,90.0,gyrA_A90V,R,0.8690476190476191,A,A90V,51.400000000000006,2.4000000000000004,-0.8600000000000001,28.0,-0.040000000000000036,H,AlphaHelix,-61.829999999999984,-59.75999999999999,47.0,2.0,0.0,False,False,False,False,True,False,55.555815915240146,-64.0,82.0,14.254302173206394,5.504265622675344,10.310827336129869,40.439998626708984,1.6650776123582791,0.089
133,LEV,8.0,3.0,R,MEDIUM,gyrA,90.0,gyrA_A90V,R,0.8690476190476191,A,A90V,51.400000000000006,2.4000000000000004,-0.8600000000000001,28.0,-0.040000000000000036,H,AlphaHelix,-61.829999999999984,-59.75999999999999,47.0,2.0,0.0,False,False,False,False,True,False,55.555815915240146,-64.0,82.0,14.254302173206394,5.504265622675344,10.310827336129869,40.439998626708984,1.6650776123582791,0.089
134,LEV,>8,4.0,R,HIGH,gyrA,94.0,gyrA_D94G,R,0.8646496815286624,A,D94G,-50.99999999999999,3.1,-1.2700000000000002,-58.0,3.1999999999999997,H,AlphaHelix,-58.04000000000002,-41.610000000000014,97.4,1.0,1.0,False,False,False,False,True,False,88.1550888450658,63.0,80.0,18.193077591535243,7.778978962037692,14.095745809785983,46.65999984741211,1.7333416145382428,-0.873
135,LEV,4.0,2.0,R,HIGH,gyrA,94.0,gyrA_D94Y,R,0.9285714285714286,A,D94Y,82.5,2.2,-2.18,48.099999999999994,2.89,H,AlphaHelix,-58.04000000000002,-41.610000000000014,97.4,1.0,1.0,False,False,False,False,True,False,88.1550888450658,81.0,91.0,18.193077591535243,7.778978962037692,14.095745809785983,46.65999984741211,1.7333416145382428,-0.376
136,LEV,8.0,3.0,R,MEDIUM,gyrA,94.0,gyrA_D94G,R,0.8646496815286624,A,D94G,-50.99999999999999,3.1,-1.2700000000000002,-58.0,3.1999999999999997,H,AlphaHelix,-58.04000000000002,-41.610000000000014,97.4,1.0,1.0,False,False,False,False,True,False,88.1550888450658,63.0,80.0,18.193077591535243,7.778978962037692,14.095745809785983,46.65999984741211,1.7333416145382428,-0.873
137,LEV,8.0,3.0,R,HIGH,gyrA,94.0,gyrA_D94N,R,0.8592592592592593,A,D94N,3.0,0.0,-1.9800000000000002,-1.0,2.64,H,AlphaHelix,-58.04000000000002,-41.610000000000014,97.4,1.0,1.0,False,False,False,False,True,False,88.1550888450658,56.0,75.0,18.193077591535243,7.778978962037692,14.095745809785983,46.65999984741211,1.7333416145382428,-0.347
138,LEV,0.25,-2.0,S,HIGH,gyrA,94.0,gyrA_D94G,R,0.8646496815286624,A,D94G,-50.99999999999999,3.1,-1.2700000000000002,-58.0,3.1999999999999997,H,AlphaHelix,-58.04000000000002,-41.610000000000014,97.4,1.0,1.0,False,False,False,False,True,False,88.1550888450658,63.0,80.0,18.193077591535243,7.778978962037692,14.095745809785983,46.65999984741211,1.7333416145382428,-0.873
139,LEV,2.0,1.0,R,HIGH,gyrA,90.0,gyrA_A90V,R,0.8690476190476191,A,A90V,51.400000000000006,2.4000000000000004,-0.8600000000000001,28.0,-0.040000000000000036,H,AlphaHelix,-61.829999999999984,-59.75999999999999,47.0,2.0,0.0,False,False,False,False,True,False,55.555815915240146,-64.0,82.0,14.254302173206394,5.504265622675344,10.310827336129869,40.439998626708984,1.6650776123582791,0.089
140,LEV,>8,4.0,R,HIGH,gyrA,94.0,gyrA_D94A,R,0.7951807228915663,A,D94A,-22.5,5.3,-2.08,-44.0,3.23,H,AlphaHelix,-58.04000000000002,-41.610000000000014,97.4,1.0,1.0,False,False,False,False,True,False,88.1550888450658,46.0,71.0,18.193077591535243,7.778978962037692,14.095745809785983,46.65999984741211,1.7333416145382428,-0.421
141,LEV,4.0,2.0,R,HIGH,gyrA,90.0,gyrA_A90V,R,0.8690476190476191,A,A90V,51.400000000000006,2.4000000000000004,-0.8600000000000001,28.0,-0.040000000000000036,H,AlphaHelix,-61.829999999999984,-59.75999999999999,47.0,2.0,0.0,False,False,False,False,True,False,55.555815915240146,-64.0,82.0,14.254302173206394,5.504265622675344,10.310827336129869,40.439998626708984,1.6650776123582791,0.089
142,LEV,0.25,-2.0,S,HIGH,gyrA,427.0,gyrA_I427V,S,1.0,A,I427V,-26.69999999999999,-0.2999999999999998,0.28,-14.099999999999994,-0.05999999999999961,C,Coil,-120.47,154.2,13.3,0.0,1.0,False,True,False,False,False,False,12.539597399974156,-43.0,72.0,56.250259727156894,62.38627892412196,66.051436556433,120.4000015258789,3.1160726675939294,-0.381
143,LEV,8.0,3.0,R,HIGH,gyrA,94.0,gyrA_D94G,R,0.8646496815286624,A,D94G,-50.99999999999999,3.1,-1.2700000000000002,-58.0,3.1999999999999997,H,AlphaHelix,-58.04000000000002,-41.610000000000014,97.4,1.0,1.0,False,False,False,False,True,False,88.1550888450658,63.0,80.0,18.193077591535243,7.778978962037692,14.095745809785983,46.65999984741211,1.7333416145382428,-0.873
144,LEV,8.0,3.0,R,HIGH,gyrA,94.0,gyrA_D94G,R,0.8646496815286624,A,D94G,-50.99999999999999,3.1,-1.2700000000000002,-58.0,3.1999999999999997,H,AlphaHelix,-58.04000000000002,-41.610000000000014,97.4,1.0,1.0,False,False,False,False,True,False,88.1550888450658,63.0,80.0,18.193077591535243,7.778978962037692,14.095745809785983,46.65999984741211,1.7333416145382428,-0.873
145,LEV,<=0.12,-3.06,S,MEDIUM,gyrA,94.0,gyrA_D94G,R,0.8646496815286624,A,D94G,-50.99999999999999,3.1,-1.2700000000000002,-58.0,3.1999999999999997,H,AlphaHelix,-58.04000000000002,-41.610000000000014,97.4,1.0,1.0,False,False,False,False,True,False,88.1550888450658,63.0,80.0,18.193077591535243,7.778978962037692,14.095745809785983,46.65999984741211,1.7333416145382428,-0.873
146,LEV,2.0,1.0,R,HIGH,gyrA,94.0,gyrA_D94A,R,0.7951807228915663,A,D94A,-22.5,5.3,-2.08,-44.0,3.23,H,AlphaHelix,-58.04000000000002,-41.610000000000014,97.4,1.0,1.0,False,False,False,False,True,False,88.1550888450658,46.0,71.0,18.193077591535243,7.778978962037692,14.095745809785983,46.65999984741211,1.7333416145382428,-0.421
147,LEV,8.0,3.0,R,HIGH,gyrA,94.0,gyrA_D94G,R,0.8646496815286624,A,D94G,-50.99999999999999,3.1,-1.2700000000000002,-58.0,3.1999999999999997,H,AlphaHelix,-58.04000000000002,-41.610000000000014,97.4,1.0,1.0,False,False,False,False,True,False,88.1550888450658,63.0,80.0,18.193077591535243,7.778978962037692,14.095745809785983,46.65999984741211,1.7333416145382428,-0.873
148,LEV,0.25,-2.0,S,HIGH,gyrB,498.0,gyrB_K498N,S,1.0,B,K498N,-54.5,0.3999999999999999,-1.3800000000000001,-14.099999999999994,-4.33,H,AlphaHelix,-79.17000000000002,-22.279999999999973,160.5,0.0,2.0,False,False,False,False,True,False,157.0382532018624,-32.0,66.0,25.348690972599076,21.355986936278054,16.463374882909136,79.08999633789062,1.5608772644223448,-0.341
149,LEV,0.5,-1.0,S,HIGH,gyrA,464.0,gyrA_D464E,S,1.0,A,D464E,27.30000000000001,0.0,-0.8,14.0,0.4500000000000002,H,AlphaHelix,-63.139999999999986,-46.29000000000002,72.1,2.0,1.0,False,False,False,False,True,False,64.24509161765535,-89.0,93.0,50.434924137752574,52.13248434854486,57.17488225394571,72.6500015258789,1.804871929556316,-0.153
150,LEV,<=0.12,-3.06,S,MEDIUM,gyrA,94.0,gyrA_D94G,R,0.8646496815286624,A,D94G,-50.99999999999999,3.1,-1.2700000000000002,-58.0,3.1999999999999997,H,AlphaHelix,-58.04000000000002,-41.610000000000014,97.4,1.0,1.0,False,False,False,False,True,False,88.1550888450658,63.0,80.0,18.193077591535243,7.778978962037692,14.095745809785983,46.65999984741211,1.7333416145382428,-0.873
151,LEV,4.0,2.0,R,HIGH,gyrA,94.0,gyrA_D94G,R,0.8646496815286624,A,D94G,-50.99999999999999,3.1,-1.2700000000000002,-58.0,3.1999999999999997,H,AlphaHelix,-58.04000000000002,-41.610000000000014,97.4,1.0,1.0,False,False,False,False,True,False,88.1550888450658,63.0,80.0,18.193077591535243,7.778978962037692,14.095745809785983,46.65999984741211,1.7333416145382428,-0.873
152,LEV,4.0,2.0,R,HIGH,gyrA,90.0,gyrA_A90V,R,0.8690476190476191,A,A90V,51.400000000000006,2.4000000000000004,-0.8600000000000001,28.0,-0.040000000000000036,H,AlphaHelix,-61.829999999999984,-59.75999999999999,47.0,2.0,0.0,False,False,False,False,True,False,55.555815915240146,-64.0,82.0,14.254302173206394,5.504265622675344,10.310827336129869,40.439998626708984,1.6650776123582791,0.089
153,LEV,8.0,3.0,R,HIGH,gyrA,94.0,gyrA_D94G,R,0.8646496815286624,A,D94G,-50.99999999999999,3.1,-1.2700000000000002,-58.0,3.1999999999999997,H,AlphaHelix,-58.04000000000002,-41.610000000000014,97.4,1.0,1.0,False,False,False,False,True,False,88.1550888450658,63.0,80.0,18.193077591535243,7.778978962037692,14.095745809785983,46.65999984741211,1.7333416145382428,-0.873
154,LEV,8.0,3.0,R,HIGH,gyrA,94.0,gyrA_D94G,R,0.8646496815286624,A,D94G,-50.99999999999999,3.1,-1.2700000000000002,-58.0,3.1999999999999997,H,AlphaHelix,-58.04000000000002,-41.610000000000014,97.4,1.0,1.0,False,False,False,False,True,False,88.1550888450658,63.0,80.0,18.193077591535243,7.778978962037692,14.095745809785983,46.65999984741211,1.7333416145382428,-0.873
155,LEV,4.0,2.0,R,MEDIUM,gyrA,90.0,gyrA_A90V,R,0.8690476190476191,A,A90V,51.400000000000006,2.4000000000000004,-0.8600000000000001,28.0,-0.040000000000000036,H,AlphaHelix,-61.829999999999984,-59.75999999999999,47.0,2.0,0.0,False,False,False,False,True,False,55.555815915240146,-64.0,82.0,14.254302173206394,5.504265622675344,10.310827336129869,40.439998626708984,1.6650776123582791,0.089
156,LEV,>8,4.0,R,HIGH,gyrA,94.0,gyrA_D94G,R,0.8646496815286624,A,D94G,-50.99999999999999,3.1,-1.2700000000000002,-58.0,3.1999999999999997,H,AlphaHelix,-58.04000000000002,-41.610000000000014,97.4,1.0,1.0,False,False,False,False,True,False,88.1550888450658,63.0,80.0,18.193077591535243,7.778978962037692,14.095745809785983,46.65999984741211,1.7333416145382428,-0.873
157,LEV,8.0,3.0,R,HIGH,gyrA,94.0,gyrA_D94G,R,0.8646496815286624,A,D94G,-50.99999999999999,3.1,-1.2700000000000002,-58.0,3.1999999999999997,H,AlphaHelix,-58.04000000000002,-41.610000000000014,97.4,1.0,1.0,False,False,False,False,True,False,88.1550888450658,63.0,80.0,18.193077591535243,7.778978962037692,14.095745809785983,46.65999984741211,1.7333416145382428,-0.873
158,LEV,2.0,1.0,R,MEDIUM,gyrA,94.0,gyrA_D94G,R,0.8646496815286624,A,D94G,-50.99999999999999,3.1,-1.2700000000000002,-58.0,3.1999999999999997,H,AlphaHelix,-58.04000000000002,-41.610000000000014,97.4,1.0,1.0,False,False,False,False,True,False,88.1550888450658,63.0,80.0,18.193077591535243,7.778978962037692,14.095745809785983,46.65999984741211,1.7333416145382428,-0.873
159,LEV,0.5,-1.0,S,MEDIUM,gyrA,94.0,gyrA_D94N,R,0.8592592592592593,A,D94N,3.0,0.0,-1.9800000000000002,-1.0,2.64,H,AlphaHelix,-58.04000000000002,-41.610000000000014,97.4,1.0,1.0,False,False,False,False,True,False,88.1550888450658,56.0,75.0,18.193077591535243,7.778978962037692,14.095745809785983,46.65999984741211,1.7333416145382428,-0.347
160,LEV,0.25,-2.0,S,HIGH,gyrB,575.0,gyrB_R575H,S,1.0,B,R575H,-20.200000000000017,1.2999999999999998,0.3700000000000001,-19.0,-3.17,T,Turn,-120.16,-30.30000000000001,242.0,0.0,0.0,False,False,False,False,False,True,239.63741200348562,16.0,59.0,31.19364865408664,42.65293806989109,41.54880517191064,96.72000122070312,1.5111154341675028,-0.183
161,LEV,>8,4.0,R,HIGH,gyrA,94.0,gyrA_D94G,R,0.8646496815286624,A,D94G,-50.99999999999999,3.1,-1.2700000000000002,-58.0,3.1999999999999997,H,AlphaHelix,-58.04000000000002,-41.610000000000014,97.4,1.0,1.0,False,False,False,False,True,False,88.1550888450658,63.0,80.0,18.193077591535243,7.778978962037692,14.095745809785983,46.65999984741211,1.7333416145382428,-0.873
162,LEV,8.0,3.0,R,MEDIUM,gyrA,94.0,gyrA_D94N,R,0.8592592592592593,A,D94N,3.0,0.0,-1.9800000000000002,-1.0,2.64,H,AlphaHelix,-58.04000000000002,-41.610000000000014,97.4,1.0,1.0,False,False,False,False,True,False,88.1550888450658,56.0,75.0,18.193077591535243,7.778978962037692,14.095745809785983,46.65999984741211,1.7333416145382428,-0.347
163,LEV,>8,4.0,R,HIGH,gyrA,90.0,gyrA_A90V,R,0.8690476190476191,A,A90V,51.400000000000006,2.4000000000000004,-0.8600000000000001,28.0,-0.040000000000000036,H,AlphaHelix,-61.829999999999984,-59.75999999999999,47.0,2.0,0.0,False,False,False,False,True,False,55.555815915240146,-64.0,82.0,14.254302173206394,5.504265622675344,10.310827336129869,40.439998626708984,1.6650776123582791,0.089
164,LEV,>8,4.0,R,HIGH,gyrA,94.0,gyrA_D94G,R,0.8646496815286624,A,D94G,-50.99999999999999,3.1,-1.2700000000000002,-58.0,3.1999999999999997,H,AlphaHelix,-58.04000000000002,-41.610000000000014,97.4,1.0,1.0,False,False,False,False,True,False,88.1550888450658,63.0,80.0,18.193077591535243,7.778978962037692,14.095745809785983,46.65999984741211,1.7333416145382428,-0.873
165,LEV,4.0,2.0,R,MEDIUM,gyrA,94.0,gyrA_D94G,R,0.8646496815286624,A,D94G,-50.99999999999999,3.1,-1.2700000000000002,-58.0,3.1999999999999997,H,AlphaHelix,-58.04000000000002,-41.610000000000014,97.4,1.0,1.0,False,False,False,False,True,False,88.1550888450658,63.0,80.0,18.193077591535243,7.778978962037692,14.095745809785983,46.65999984741211,1.7333416145382428,-0.873
166,LEV,4.0,2.0,R,HIGH,gyrA,94.0,gyrA_D94G,R,0.8646496815286624,A,D94G,-50.99999999999999,3.1,-1.2700000000000002,-58.0,3.1999999999999997,H,AlphaHelix,-58.04000000000002,-41.610000000000014,97.4,1.0,1.0,False,False,False,False,True,False,88.1550888450658,63.0,80.0,18.193077591535243,7.778978962037692,14.095745809785983,46.65999984741211,1.7333416145382428,-0.873
167,LEV,8.0,3.0,R,HIGH,gyrA,94.0,gyrA_D94G,R,0.8646496815286624,A,D94G,-50.99999999999999,3.1,-1.2700000000000002,-58.0,3.1999999999999997,H,AlphaHelix,-58.04000000000002,-41.610000000000014,97.4,1.0,1.0,False,False,False,False,True,False,88.1550888450658,63.0,80.0,18.193077591535243,7.778978962037692,14.095745809785983,46.65999984741211,1.7333416145382428,-0.873
168,LEV,0.25,-2.0,S,HIGH,gyrA,94.0,gyrA_D94N,R,0.8592592592592593,A,D94N,3.0,0.0,-1.9800000000000002,-1.0,2.64,H,AlphaHelix,-58.04000000000002,-41.610000000000014,97.4,1.0,1.0,False,False,False,False,True,False,88.1550888450658,56.0,75.0,18.193077591535243,7.778978962037692,14.095745809785983,46.65999984741211,1.7333416145382428,-0.347
169,LEV,4.0,2.0,R,MEDIUM,gyrA,90.0,gyrA_A90V,R,0.8690476190476191,A,A90V,51.400000000000006,2.4000000000000004,-0.8600000000000001,28.0,-0.040000000000000036,H,AlphaHelix,-61.829999999999984,-59.75999999999999,47.0,2.0,0.0,False,False,False,False,True,False,55.555815915240146,-64.0,82.0,14.254302173206394,5.504265622675344,10.310827336129869,40.439998626708984,1.6650776123582791,0.089
170,LEV,2.0,1.0,R,HIGH,gyrA,94.0,gyrA_D94A,R,0.7951807228915663,A,D94A,-22.5,5.3,-2.08,-44.0,3.23,H,AlphaHelix,-58.04000000000002,-41.610000000000014,97.4,1.0,1.0,False,False,False,False,True,False,88.1550888450658,46.0,71.0,18.193077591535243,7.778978962037692,14.095745809785983,46.65999984741211,1.7333416145382428,-0.421
171,LEV,2.0,1.0,R,MEDIUM,gyrA,90.0,gyrA_A90V,R,0.8690476190476191,A,A90V,51.400000000000006,2.4000000000000004,-0.8600000000000001,28.0,-0.040000000000000036,H,AlphaHelix,-61.829999999999984,-59.75999999999999,47.0,2.0,0.0,False,False,False,False,True,False,55.555815915240146,-64.0,82.0,14.254302173206394,5.504265622675344,10.310827336129869,40.439998626708984,1.6650776123582791,0.089
172,LEV,8.0,3.0,R,HIGH,gyrA,90.0,gyrA_A90V,R,0.8690476190476191,A,A90V,51.400000000000006,2.4000000000000004,-0.8600000000000001,28.0,-0.040000000000000036,H,AlphaHelix,-61.829999999999984,-59.75999999999999,47.0,2.0,0.0,False,False,False,False,True,False,55.555815915240146,-64.0,82.0,14.254302173206394,5.504265622675344,10.310827336129869,40.439998626708984,1.6650776123582791,0.089
173,LEV,4.0,2.0,R,MEDIUM,gyrA,90.0,gyrA_A90V,R,0.8690476190476191,A,A90V,51.400000000000006,2.4000000000000004,-0.8600000000000001,28.0,-0.040000000000000036,H,AlphaHelix,-61.829999999999984,-59.75999999999999,47.0,2.0,0.0,False,False,False,False,True,False,55.555815915240146,-64.0,82.0,14.254302173206394,5.504265622675344,10.310827336129869,40.439998626708984,1.6650776123582791,0.089
174,LEV,0.5,-1.0,S,MEDIUM,gyrA,154.0,gyrA_P154R,S,1.0,A,P154R,60.7,-2.9,1.31,59.099999999999994,4.46,E,Strand,-63.26999999999998,149.75,74.5,0.0,0.0,False,False,True,False,False,False,79.18597057272785,41.0,71.0,19.225911095740965,27.73254660180666,30.131122559096102,57.20000076293945,1.6282709707753908,-0.523
175,LEV,4.0,2.0,R,HIGH,gyrA,94.0,gyrA_D94Y,R,0.9285714285714286,A,D94Y,82.5,2.2,-2.18,48.099999999999994,2.89,H,AlphaHelix,-58.04000000000002,-41.610000000000014,97.4,1.0,1.0,False,False,False,False,True,False,88.1550888450658,81.0,91.0,18.193077591535243,7.778978962037692,14.095745809785983,46.65999984741211,1.7333416145382428,-0.376
176,LEV,8.0,3.0,R,HIGH,gyrA,94.0,gyrA_D94G,R,0.8646496815286624,A,D94G,-50.99999999999999,3.1,-1.2700000000000002,-58.0,3.1999999999999997,H,AlphaHelix,-58.04000000000002,-41.610000000000014,97.4,1.0,1.0,False,False,False,False,True,False,88.1550888450658,63.0,80.0,18.193077591535243,7.778978962037692,14.095745809785983,46.65999984741211,1.7333416145382428,-0.873
177,LEV,>8,4.0,R,HIGH,gyrA,90.0,gyrA_A90V,R,0.8690476190476191,A,A90V,51.400000000000006,2.4000000000000004,-0.8600000000000001,28.0,-0.040000000000000036,H,AlphaHelix,-61.829999999999984,-59.75999999999999,47.0,2.0,0.0,False,False,False,False,True,False,55.555815915240146,-64.0,82.0,14.254302173206394,5.504265622675344,10.310827336129869,40.439998626708984,1.6650776123582791,0.089
178,LEV,4.0,2.0,R,HIGH,gyrA,90.0,gyrA_A90V,R,0.8690476190476191,A,A90V,51.400000000000006,2.4000000000000004,-0.8600000000000001,28.0,-0.040000000000000036,H,AlphaHelix,-61.829999999999984,-59.75999999999999,47.0,2.0,0.0,False,False,False,False,True,False,55.555815915240146,-64.0,82.0,14.254302173206394,5.504265622675344,10.310827336129869,40.439998626708984,1.6650776123582791,0.089
179,LEV,>8,4.0,R,HIGH,gyrA,94.0,gyrA_D94G,R,0.8646496815286624,A,D94G,-50.99999999999999,3.1,-1.2700000000000002,-58.0,3.1999999999999997,H,AlphaHelix,-58.04000000000002,-41.610000000000014,97.4,1.0,1.0,False,False,False,False,True,False,88.1550888450658,63.0,80.0,18.193077591535243,7.778978962037692,14.095745809785983,46.65999984741211,1.7333416145382428,-0.873
180,LEV,1.0,0.0,S,MEDIUM,gyrA,94.0,gyrA_D94G,R,0.8646496815286624,A,D94G,-50.99999999999999,3.1,-1.2700000000000002,-58.0,3.1999999999999997,H,AlphaHelix,-58.04000000000002,-41.610000000000014,97.4,1.0,1.0,False,False,False,False,True,False,88.1550888450658,63.0,80.0,18.193077591535243,7.778978962037692,14.095745809785983,46.65999984741211,1.7333416145382428,-0.873
181,LEV,4.0,2.0,R,HIGH,gyrA,94.0,gyrA_D94G,R,0.8646496815286624,A,D94G,-50.99999999999999,3.1,-1.2700000000000002,-58.0,3.1999999999999997,H,AlphaHelix,-58.04000000000002,-41.610000000000014,97.4,1.0,1.0,False,False,False,False,True,False,88.1550888450658,63.0,80.0,18.193077591535243,7.778978962037692,14.095745809785983,46.65999984741211,1.7333416145382428,-0.873
182,LEV,0.5,-1.0,S,MEDIUM,gyrA,94.0,gyrA_D94N,R,0.8592592592592593,A,D94N,3.0,0.0,-1.9800000000000002,-1.0,2.64,H,AlphaHelix,-58.04000000000002,-41.610000000000014,97.4,1.0,1.0,False,False,False,False,True,False,88.1550888450658,56.0,75.0,18.193077591535243,7.778978962037692,14.095745809785983,46.65999984741211,1.7333416145382428,-0.347
183,LEV,4.0,2.0,R,HIGH,gyrA,90.0,gyrA_A90V,R,0.8690476190476191,A,A90V,51.400000000000006,2.4000000000000004,-0.8600000000000001,28.0,-0.040000000000000036,H,AlphaHelix,-61.829999999999984,-59.75999999999999,47.0,2.0,0.0,False,False,False,False,True,False,55.555815915240146,-64.0,82.0,14.254302173206394,5.504265622675344,10.310827336129869,40.439998626708984,1.6650776123582791,0.089
184,LEV,8.0,3.0,R,MEDIUM,gyrA,94.0,gyrA_D94N,R,0.8592592592592593,A,D94N,3.0,0.0,-1.9800000000000002,-1.0,2.64,H,AlphaHelix,-58.04000000000002,-41.610000000000014,97.4,1.0,1.0,False,False,False,False,True,False,88.1550888450658,56.0,75.0,18.193077591535243,7.778978962037692,14.095745809785983,46.65999984741211,1.7333416145382428,-0.347
185,LEV,1.0,0.0,S,MEDIUM,gyrA,94.0,gyrA_D94A,R,0.7951807228915663,A,D94A,-22.5,5.3,-2.08,-44.0,3.23,H,AlphaHelix,-58.04000000000002,-41.610000000000014,97.4,1.0,1.0,False,False,False,False,True,False,88.1550888450658,46.0,71.0,18.193077591535243,7.778978962037692,14.095745809785983,46.65999984741211,1.7333416145382428,-0.421
186,LEV,>8,4.0,R,HIGH,gyrA,94.0,gyrA_D94G,R,0.8646496815286624,A,D94G,-50.99999999999999,3.1,-1.2700000000000002,-58.0,3.1999999999999997,H,AlphaHelix,-58.04000000000002,-41.610000000000014,97.4,1.0,1.0,False,False,False,False,True,False,88.1550888450658,63.0,80.0,18.193077591535243,7.778978962037692,14.095745809785983,46.65999984741211,1.7333416145382428,-0.873
187,LEV,4.0,2.0,R,HIGH,gyrA,90.0,gyrA_A90V,R,0.8690476190476191,A,A90V,51.400000000000006,2.4000000000000004,-0.8600000000000001,28.0,-0.040000000000000036,H,AlphaHelix,-61.829999999999984,-59.75999999999999,47.0,2.0,0.0,False,False,False,False,True,False,55.555815915240146,-64.0,82.0,14.254302173206394,5.504265622675344,10.310827336129869,40.439998626708984,1.6650776123582791,0.089
188,LEV,8.0,3.0,R,MEDIUM,gyrA,94.0,gyrA_D94G,R,0.8646496815286624,A,D94G,-50.99999999999999,3.1,-1.2700000000000002,-58.0,3.1999999999999997,H,AlphaHelix,-58.04000000000002,-41.610000000000014,97.4,1.0,1.0,False,False,False,False,True,False,88.1550888450658,63.0,80.0,18.193077591535243,7.778978962037692,14.095745809785983,46.65999984741211,1.7333416145382428,-0.873
189,LEV,8.0,3.0,R,HIGH,gyrA,94.0,gyrA_D94G,R,0.8646496815286624,A,D94G,-50.99999999999999,3.1,-1.2700000000000002,-58.0,3.1999999999999997,H,AlphaHelix,-58.04000000000002,-41.610000000000014,97.4,1.0,1.0,False,False,False,False,True,False,88.1550888450658,63.0,80.0,18.193077591535243,7.778978962037692,14.095745809785983,46.65999984741211,1.7333416145382428,-0.873
190,LEV,0.25,-2.0,S,MEDIUM,gyrA,94.0,gyrA_D94G,R,0.8646496815286624,A,D94G,-50.99999999999999,3.1,-1.2700000000000002,-58.0,3.1999999999999997,H,AlphaHelix,-58.04000000000002,-41.610000000000014,97.4,1.0,1.0,False,False,False,False,True,False,88.1550888450658,63.0,80.0,18.193077591535243,7.778978962037692,14.095745809785983,46.65999984741211,1.7333416145382428,-0.873
191,LEV,8.0,3.0,R,MEDIUM,gyrA,94.0,gyrA_D94N,R,0.8592592592592593,A,D94N,3.0,0.0,-1.9800000000000002,-1.0,2.64,H,AlphaHelix,-58.04000000000002,-41.610000000000014,97.4,1.0,1.0,False,False,False,False,True,False,88.1550888450658,56.0,75.0,18.193077591535243,7.778978962037692,14.095745809785983,46.65999984741211,1.7333416145382428,-0.347
192,LEV,>8,4.0,R,HIGH,gyrA,94.0,gyrA_D94G,R,0.8646496815286624,A,D94G,-50.99999999999999,3.1,-1.2700000000000002,-58.0,3.1999999999999997,H,AlphaHelix,-58.04000000000002,-41.610000000000014,97.4,1.0,1.0,False,False,False,False,True,False,88.1550888450658,63.0,80.0,18.193077591535243,7.778978962037692,14.095745809785983,46.65999984741211,1.7333416145382428,-0.873
193,LEV,8.0,3.0,R,HIGH,gyrA,94.0,gyrA_D94G,R,0.8646496815286624,A,D94G,-50.99999999999999,3.1,-1.2700000000000002,-58.0,3.1999999999999997,H,AlphaHelix,-58.04000000000002,-41.610000000000014,97.4,1.0,1.0,False,False,False,False,True,False,88.1550888450658,63.0,80.0,18.193077591535243,7.778978962037692,14.095745809785983,46.65999984741211,1.7333416145382428,-0.873
194,LEV,4.0,2.0,R,HIGH,gyrA,94.0,gyrA_D94G,R,0.8646496815286624,A,D94G,-50.99999999999999,3.1,-1.2700000000000002,-58.0,3.1999999999999997,H,AlphaHelix,-58.04000000000002,-41.610000000000014,97.4,1.0,1.0,False,False,False,False,True,False,88.1550888450658,63.0,80.0,18.193077591535243,7.778978962037692,14.095745809785983,46.65999984741211,1.7333416145382428,-0.873
195,LEV,<=0.12,-3.06,S,HIGH,gyrA,254.0,gyrA_R254C,S,1.0,A,R254C,-64.9,7.0,-0.78,-52.999999999999986,-5.6899999999999995,E,Strand,-140.52,150.5,54.1,1.0,1.0,False,False,True,False,False,False,52.62668666740882,49.0,71.0,41.564937635794266,31.28491326821862,35.514715327551365,51.56999969482422,3.1563712888508726,-0.999
196,LEV,8.0,3.0,R,MEDIUM,gyrA,94.0,gyrA_D94G,R,0.8646496815286624,A,D94G,-50.99999999999999,3.1,-1.2700000000000002,-58.0,3.1999999999999997,H,AlphaHelix,-58.04000000000002,-41.610000000000014,97.4,1.0,1.0,False,False,False,False,True,False,88.1550888450658,63.0,80.0,18.193077591535243,7.778978962037692,14.095745809785983,46.65999984741211,1.7333416145382428,-0.873
197,LEV,0.5,-1.0,S,HIGH,gyrA,288.0,gyrA_A288V,S,1.0,A,A288V,51.400000000000006,2.4000000000000004,-0.8600000000000001,28.0,-0.040000000000000036,H,AlphaHelix,-55.73000000000002,-52.079999999999984,11.3,2.0,1.0,False,False,False,False,True,False,11.676533963816869,-66.0,82.0,42.723997531718645,29.51063733150099,31.64294234039218,85.9800033569336,1.9848467404953554,-0.718
198,LEV,8.0,3.0,R,HIGH,gyrA,94.0,gyrA_D94N,R,0.8592592592592593,A,D94N,3.0,0.0,-1.9800000000000002,-1.0,2.64,H,AlphaHelix,-58.04000000000002,-41.610000000000014,97.4,1.0,1.0,False,False,False,False,True,False,88.1550888450658,56.0,75.0,18.193077591535243,7.778978962037692,14.095745809785983,46.65999984741211,1.7333416145382428,-0.347
199,LEV,4.0,2.0,R,HIGH,gyrA,94.0,gyrA_D94Y,R,0.9285714285714286,A,D94Y,82.5,2.2,-2.18,48.099999999999994,2.89,H,AlphaHelix,-58.04000000000002,-41.610000000000014,97.4,1.0,1.0,False,False,False,False,True,False,88.1550888450658,81.0,91.0,18.193077591535243,7.778978962037692,14.095745809785983,46.65999984741211,1.7333416145382428,-0.376
200,LEV,4.0,2.0,R,HIGH,gyrA,94.0,gyrA_D94G,R,0.8646496815286624,A,D94G,-50.99999999999999,3.1,-1.2700000000000002,-58.0,3.1999999999999997,H,AlphaHelix,-58.04000000000002,-41.610000000000014,97.4,1.0,1.0,False,False,False,False,True,False,88.1550888450658,63.0,80.0,18.193077591535243,7.778978962037692,14.095745809785983,46.65999984741211,1.7333416145382428,-0.873
201,LEV,2.0,1.0,R,HIGH,gyrA,90.0,gyrA_A90V,R,0.8690476190476191,A,A90V,51.400000000000006,2.4000000000000004,-0.8600000000000001,28.0,-0.040000000000000036,H,AlphaHelix,-61.829999999999984,-59.75999999999999,47.0,2.0,0.0,False,False,False,False,True,False,55.555815915240146,-64.0,82.0,14.254302173206394,5.504265622675344,10.310827336129869,40.439998626708984,1.6650776123582791,0.089
202,LEV,>8,4.0,R,HIGH,gyrB,461.0,gyrB_D461N,R,1.0,B,D461N,3.0,0.0,-1.9800000000000002,-1.0,2.64,H,AlphaHelix,-71.88999999999999,-39.93000000000001,81.7,1.0,0.0,False,False,False,False,True,False,75.64790414237022,36.0,66.0,11.69428626742857,15.223706008416038,10.457794239999561,64.79000091552734,1.5661131135005826,-0.266
203,LEV,0.5,-1.0,S,HIGH,gyrA,90.0,gyrA_A90V,R,0.8690476190476191,A,A90V,51.400000000000006,2.4000000000000004,-0.8600000000000001,28.0,-0.040000000000000036,H,AlphaHelix,-61.829999999999984,-59.75999999999999,47.0,2.0,0.0,False,False,False,False,True,False,55.555815915240146,-64.0,82.0,14.254302173206394,5.504265622675344,10.310827336129869,40.439998626708984,1.6650776123582791,0.089
204,LEV,2.0,1.0,R,HIGH,gyrA,90.0,gyrA_A90V,R,0.8690476190476191,A,A90V,51.400000000000006,2.4000000000000004,-0.8600000000000001,28.0,-0.040000000000000036,H,AlphaHelix,-61.829999999999984,-59.75999999999999,47.0,2.0,0.0,False,False,False,False,True,False,55.555815915240146,-64.0,82.0,14.254302173206394,5.504265622675344,10.310827336129869,40.439998626708984,1.6650776123582791,0.089
205,LEV,>8,4.0,R,HIGH,gyrA,94.0,gyrA_D94G,R,0.8646496815286624,A,D94G,-50.99999999999999,3.1,-1.2700000000000002,-58.0,3.1999999999999997,H,AlphaHelix,-58.04000000000002,-41.610000000000014,97.4,1.0,1.0,False,False,False,False,True,False,88.1550888450658,63.0,80.0,18.193077591535243,7.778978962037692,14.095745809785983,46.65999984741211,1.7333416145382428,-0.873
206,LEV,4.0,2.0,R,HIGH,gyrA,91.0,gyrA_S91P,R,0.8524590163934426,A,S91P,23.700000000000003,-0.8,-0.64,10.0,0.6200000000000001,H,AlphaHelix,-67.14999999999998,-27.149999999999977,64.8,1.0,0.0,False,False,False,False,True,False,65.22815545163408,63.0,80.0,13.370520192722235,5.421428426386811,10.72875108867804,47.63999938964844,1.5284537092505912,-0.125
207,LEV,8.0,3.0,R,MEDIUM,gyrA,94.0,gyrA_D94G,R,0.8646496815286624,A,D94G,-50.99999999999999,3.1,-1.2700000000000002,-58.0,3.1999999999999997,H,AlphaHelix,-58.04000000000002,-41.610000000000014,97.4,1.0,1.0,False,False,False,False,True,False,88.1550888450658,63.0,80.0,18.193077591535243,7.778978962037692,14.095745809785983,46.65999984741211,1.7333416145382428,-0.873
208,LEV,4.0,2.0,R,HIGH,gyrA,94.0,gyrA_D94G,R,0.8646496815286624,A,D94G,-50.99999999999999,3.1,-1.2700000000000002,-58.0,3.1999999999999997,H,AlphaHelix,-58.04000000000002,-41.610000000000014,97.4,1.0,1.0,False,False,False,False,True,False,88.1550888450658,63.0,80.0,18.193077591535243,7.778978962037692,14.095745809785983,46.65999984741211,1.7333416145382428,-0.873
209,LEV,4.0,2.0,R,MEDIUM,gyrA,90.0,gyrA_A90V,R,0.8690476190476191,A,A90V,51.400000000000006,2.4000000000000004,-0.8600000000000001,28.0,-0.040000000000000036,H,AlphaHelix,-61.829999999999984,-59.75999999999999,47.0,2.0,0.0,False,False,False,False,True,False,55.555815915240146,-64.0,82.0,14.254302173206394,5.504265622675344,10.310827336129869,40.439998626708984,1.6650776123582791,0.089
210,LEV,>8,4.0,R,HIGH,gyrA,89.0,gyrA_D89G,R,1.0,A,D89G,-50.99999999999999,3.1,-1.2700000000000002,-58.0,3.1999999999999997,H,AlphaHelix,-67.79000000000002,-35.15999999999997,27.1,1.0,0.0,False,False,False,False,True,False,24.84916086555452,65.0,80.0,13.151139616440242,8.990678251217595,12.761681856622465,49.52000045776367,2.2988834846000192,-1.598
211,LEV,0.5,-1.0,S,MEDIUM,gyrA,94.0,gyrA_D94G,R,0.8646496815286624,A,D94G,-50.99999999999999,3.1,-1.2700000000000002,-58.0,3.1999999999999997,H,AlphaHelix,-58.04000000000002,-41.610000000000014,97.4,1.0,1.0,False,False,False,False,True,False,88.1550888450658,63.0,80.0,18.193077591535243,7.778978962037692,14.095745809785983,46.65999984741211,1.7333416145382428,-0.873
212,LEV,>8,4.0,R,HIGH,gyrA,94.0,gyrA_D94G,R,0.8646496815286624,A,D94G,-50.99999999999999,3.1,-1.2700000000000002,-58.0,3.1999999999999997,H,AlphaHelix,-58.04000000000002,-41.610000000000014,97.4,1.0,1.0,False,False,False,False,True,False,88.1550888450658,63.0,80.0,18.193077591535243,7.778978962037692,14.095745809785983,46.65999984741211,1.7333416145382428,-0.873
213,LEV,>8,4.0,R,MEDIUM,gyrA,94.0,gyrA_D94Y,R,0.9285714285714286,A,D94Y,82.5,2.2,-2.18,48.099999999999994,2.89,H,AlphaHelix,-58.04000000000002,-41.610000000000014,97.4,1.0,1.0,False,False,False,False,True,False,88.1550888450658,81.0,91.0,18.193077591535243,7.778978962037692,14.095745809785983,46.65999984741211,1.7333416145382428,-0.376
214,LEV,8.0,3.0,R,HIGH,gyrA,94.0,gyrA_D94G,R,0.8646496815286624,A,D94G,-50.99999999999999,3.1,-1.2700000000000002,-58.0,3.1999999999999997,H,AlphaHelix,-58.04000000000002,-41.610000000000014,97.4,1.0,1.0,False,False,False,False,True,False,88.1550888450658,63.0,80.0,18.193077591535243,7.778978962037692,14.095745809785983,46.65999984741211,1.7333416145382428,-0.873
215,LEV,4.0,2.0,R,HIGH,gyrA,90.0,gyrA_A90V,R,0.8690476190476191,A,A90V,51.400000000000006,2.4000000000000004,-0.8600000000000001,28.0,-0.040000000000000036,H,AlphaHelix,-61.829999999999984,-59.75999999999999,47.0,2.0,0.0,False,False,False,False,True,False,55.555815915240146,-64.0,82.0,14.254302173206394,5.504265622675344,10.310827336129869,40.439998626708984,1.6650776123582791,0.089
216,LEV,8.0,3.0,R,HIGH,gyrA,94.0,gyrA_D94G,R,0.8646496815286624,A,D94G,-50.99999999999999,3.1,-1.2700000000000002,-58.0,3.1999999999999997,H,AlphaHelix,-58.04000000000002,-41.610000000000014,97.4,1.0,1.0,False,False,False,False,True,False,88.1550888450658,63.0,80.0,18.193077591535243,7.778978962037692,14.095745809785983,46.65999984741211,1.7333416145382428,-0.873
217,LEV,8.0,3.0,R,HIGH,gyrA,94.0,gyrA_D94G,R,0.8646496815286624,A,D94G,-50.99999999999999,3.1,-1.2700000000000002,-58.0,3.1999999999999997,H,AlphaHelix,-58.04000000000002,-41.610000000000014,97.4,1.0,1.0,False,False,False,False,True,False,88.1550888450658,63.0,80.0,18.193077591535243,7.778978962037692,14.095745809785983,46.65999984741211,1.7333416145382428,-0.873
218,LEV,4.0,2.0,R,HIGH,gyrA,94.0,gyrA_D94G,R,0.8646496815286624,A,D94G,-50.99999999999999,3.1,-1.2700000000000002,-58.0,3.1999999999999997,H,AlphaHelix,-58.04000000000002,-41.610000000000014,97.4,1.0,1.0,False,False,False,False,True,False,88.1550888450658,63.0,80.0,18.193077591535243,7.778978962037692,14.095745809785983,46.65999984741211,1.7333416145382428,-0.873
219,LEV,>8,4.0,R,HIGH,gyrA,94.0,gyrA_D94G,R,0.8646496815286624,A,D94G,-50.99999999999999,3.1,-1.2700000000000002,-58.0,3.1999999999999997,H,AlphaHelix,-58.04000000000002,-41.610000000000014,97.4,1.0,1.0,False,False,False,False,True,False,88.1550888450658,63.0,80.0,18.193077591535243,7.778978962037692,14.095745809785983,46.65999984741211,1.7333416145382428,-0.873
220,LEV,0.5,-1.0,S,HIGH,gyrA,193.0,gyrA_N193S,S,1.0,A,N193S,-25.099999999999994,2.7,-0.09999999999999998,-27.0,0.2699999999999996,C,Coil,-78.75,123.63,5.4,2.0,0.0,False,True,False,False,False,False,3.9785882839510753,-22.0,61.0,38.286532913756595,31.644021592511656,37.267766220385276,50.119998931884766,3.1142630176941593,-1.229
221,LEV,0.5,-1.0,S,HIGH,gyrA,254.0,gyrA_R254C,S,1.0,A,R254C,-64.9,7.0,-0.78,-52.999999999999986,-5.6899999999999995,E,Strand,-140.52,150.5,54.1,1.0,1.0,False,False,True,False,False,False,52.62668666740882,49.0,71.0,41.564937635794266,31.28491326821862,35.514715327551365,51.56999969482422,3.1563712888508726,-0.999
222,LEV,4.0,2.0,R,HIGH,gyrA,94.0,gyrA_D94Y,R,0.9285714285714286,A,D94Y,82.5,2.2,-2.18,48.099999999999994,2.89,H,AlphaHelix,-58.04000000000002,-41.610000000000014,97.4,1.0,1.0,False,False,False,False,True,False,88.1550888450658,81.0,91.0,18.193077591535243,7.778978962037692,14.095745809785983,46.65999984741211,1.7333416145382428,-0.376
223,LEV,4.0,2.0,R,MEDIUM,gyrA,94.0,gyrA_D94G,R,0.8646496815286624,A,D94G,-50.99999999999999,3.1,-1.2700000000000002,-58.0,3.1999999999999997,H,AlphaHelix,-58.04000000000002,-41.610000000000014,97.4,1.0,1.0,False,False,False,False,True,False,88.1550888450658,63.0,80.0,18.193077591535243,7.778978962037692,14.095745809785983,46.65999984741211,1.7333416145382428,-0.873
224,LEV,2.0,1.0,R,HIGH,gyrA,94.0,gyrA_D94A,R,0.7951807228915663,A,D94A,-22.5,5.3,-2.08,-44.0,3.23,H,AlphaHelix,-58.04000000000002,-41.610000000000014,97.4,1.0,1.0,False,False,False,False,True,False,88.1550888450658,46.0,71.0,18.193077591535243,7.778978962037692,14.095745809785983,46.65999984741211,1.7333416145382428,-0.421
225,LEV,>8,4.0,R,HIGH,gyrA,94.0,gyrA_D94G,R,0.8646496815286624,A,D94G,-50.99999999999999,3.1,-1.2700000000000002,-58.0,3.1999999999999997,H,AlphaHelix,-58.04000000000002,-41.610000000000014,97.4,1.0,1.0,False,False,False,False,True,False,88.1550888450658,63.0,80.0,18.193077591535243,7.778978962037692,14.095745809785983,46.65999984741211,1.7333416145382428,-0.873
226,LEV,4.0,2.0,R,HIGH,gyrA,90.0,gyrA_A90V,R,0.8690476190476191,A,A90V,51.400000000000006,2.4000000000000004,-0.8600000000000001,28.0,-0.040000000000000036,H,AlphaHelix,-61.829999999999984,-59.75999999999999,47.0,2.0,0.0,False,False,False,False,True,False,55.555815915240146,-64.0,82.0,14.254302173206394,5.504265622675344,10.310827336129869,40.439998626708984,1.6650776123582791,0.089
227,LEV,1.0,0.0,S,HIGH,gyrA,79.0,gyrA_E79K,S,1.0,A,E79K,30.19999999999999,-0.3999999999999999,0.19999999999999996,-0.9000000000000057,6.52,H,AlphaHelix,-66.75999999999999,-40.19,37.7,1.0,2.0,False,False,False,False,True,False,40.66014382648565,58.0,75.0,18.49907512791262,18.75866716982434,22.78323757533003,52.4900016784668,2.399369283041587,-0.407
228,LEV,0.25,-2.0,S,HIGH,gyrA,401.0,gyrA_L401V,S,1.0,A,L401V,-26.69999999999999,0.40000000000000036,0.15999999999999992,-14.099999999999994,-0.020000000000000462,H,AlphaHelix,-61.56,-42.639999999999986,13.1,1.0,1.0,False,False,False,False,True,False,11.826331860547526,-48.0,72.0,64.51563409945153,68.31029842190729,72.58436497819147,110.76000213623047,2.5649652850626627,-1.489
229,LEV,4.0,2.0,R,MEDIUM,gyrA,90.0,gyrA_A90V,R,0.8690476190476191,A,A90V,51.400000000000006,2.4000000000000004,-0.8600000000000001,28.0,-0.040000000000000036,H,AlphaHelix,-61.829999999999984,-59.75999999999999,47.0,2.0,0.0,False,False,False,False,True,False,55.555815915240146,-64.0,82.0,14.254302173206394,5.504265622675344,10.310827336129869,40.439998626708984,1.6650776123582791,0.089
230,LEV,4.0,2.0,R,MEDIUM,gyrA,94.0,gyrA_D94N,R,0.8592592592592593,A,D94N,3.0,0.0,-1.9800000000000002,-1.0,2.64,H,AlphaHelix,-58.04000000000002,-41.610000000000014,97.4,1.0,1.0,False,False,False,False,True,False,88.1550888450658,56.0,75.0,18.193077591535243,7.778978962037692,14.095745809785983,46.65999984741211,1.7333416145382428,-0.347
231,LEV,0.25,-2.0,S,HIGH,gyrA,94.0,gyrA_D94G,R,0.8646496815286624,A,D94G,-50.99999999999999,3.1,-1.2700000000000002,-58.0,3.1999999999999997,H,AlphaHelix,-58.04000000000002,-41.610000000000014,97.4,1.0,1.0,False,False,False,False,True,False,88.1550888450658,63.0,80.0,18.193077591535243,7.778978962037692,14.095745809785983,46.65999984741211,1.7333416145382428,-0.873
232,LEV,2.0,1.0,R,HIGH,gyrA,94.0,gyrA_D94G,R,0.8646496815286624,A,D94G,-50.99999999999999,3.1,-1.2700000000000002,-58.0,3.1999999999999997,H,AlphaHelix,-58.04000000000002,-41.610000000000014,97.4,1.0,1.0,False,False,False,False,True,False,88.1550888450658,63.0,80.0,18.193077591535243,7.778978962037692,14.095745809785983,46.65999984741211,1.7333416145382428,-0.873
233,LEV,0.25,-2.0,S,MEDIUM,gyrA,377.0,gyrA_T377I,S,1.0,A,T377I,50.599999999999994,5.2,-0.92,12.099999999999994,0.41999999999999993,H,AlphaHelix,-60.45999999999998,-42.18000000000001,2.0,1.0,1.0,False,False,False,False,True,False,2.296226438190095,28.0,63.0,40.883728641902685,43.493039581403174,48.202982472969985,59.95000076293945,2.4948907301929295,-0.633
234,LEV,4.0,2.0,R,HIGH,gyrA,94.0,gyrA_D94G,R,0.8646496815286624,A,D94G,-50.99999999999999,3.1,-1.2700000000000002,-58.0,3.1999999999999997,H,AlphaHelix,-58.04000000000002,-41.610000000000014,97.4,1.0,1.0,False,False,False,False,True,False,88.1550888450658,63.0,80.0,18.193077591535243,7.778978962037692,14.095745809785983,46.65999984741211,1.7333416145382428,-0.873
235,LEV,4.0,2.0,R,MEDIUM,gyrB,499.0,gyrB_N499D,R,1.0,B,N499D,-3.0,0.0,1.9800000000000002,1.0,-2.64,C,Coil,-66.65999999999997,120.5,43.0,2.0,2.0,False,True,False,False,False,False,40.44476788590575,53.0,75.0,21.56535116421654,18.549803147347646,13.333885794815926,62.86000061035156,2.0305274785868135,-0.309
236,LEV,8.0,3.0,R,MEDIUM,gyrA,94.0,gyrA_D94G,R,0.8646496815286624,A,D94G,-50.99999999999999,3.1,-1.2700000000000002,-58.0,3.1999999999999997,H,AlphaHelix,-58.04000000000002,-41.610000000000014,97.4,1.0,1.0,False,False,False,False,True,False,88.1550888450658,63.0,80.0,18.193077591535243,7.778978962037692,14.095745809785983,46.65999984741211,1.7333416145382428,-0.873
237,LEV,8.0,3.0,R,HIGH,gyrA,94.0,gyrA_D94G,R,0.8646496815286624,A,D94G,-50.99999999999999,3.1,-1.2700000000000002,-58.0,3.1999999999999997,H,AlphaHelix,-58.04000000000002,-41.610000000000014,97.4,1.0,1.0,False,False,False,False,True,False,88.1550888450658,63.0,80.0,18.193077591535243,7.778978962037692,14.095745809785983,46.65999984741211,1.7333416145382428,-0.873
238,LEV,4.0,2.0,R,HIGH,gyrA,94.0,gyrA_D94H,R,0.9714285714285714,A,D94H,42.099999999999994,0.2999999999999998,-1.04,22.099999999999994,4.82,H,AlphaHelix,-58.04000000000002,-41.610000000000014,97.4,1.0,1.0,False,False,False,False,True,False,88.1550888450658,79.0,85.0,18.193077591535243,7.778978962037692,14.095745809785983,46.65999984741211,1.7333416145382428,-0.36
239,LEV,>8,4.0,R,HIGH,gyrA,94.0,gyrA_D94G,R,0.8646496815286624,A,D94G,-50.99999999999999,3.1,-1.2700000000000002,-58.0,3.1999999999999997,H,AlphaHelix,-58.04000000000002,-41.610000000000014,97.4,1.0,1.0,False,False,False,False,True,False,88.1550888450658,63.0,80.0,18.193077591535243,7.778978962037692,14.095745809785983,46.65999984741211,1.7333416145382428,-0.873
240,LEV,0.25,-2.0,S,HIGH,gyrA,472.0,gyrA_P472S,S,1.0,A,P472S,-23.700000000000003,0.8,0.64,-10.0,-0.6200000000000001,H,AlphaHelix,-59.70999999999998,-28.170000000000016,71.0,1.0,0.0,False,False,False,False,True,False,78.73791501370572,-68.0,82.0,46.353130855468216,48.26749325282632,52.90519851328242,69.8499984741211,1.6707895195538032,-1.116
241,LEV,>8,4.0,R,HIGH,gyrA,94.0,gyrA_D94G,R,0.8646496815286624,A,D94G,-50.99999999999999,3.1,-1.2700000000000002,-58.0,3.1999999999999997,H,AlphaHelix,-58.04000000000002,-41.610000000000014,97.4,1.0,1.0,False,False,False,False,True,False,88.1550888450658,63.0,80.0,18.193077591535243,7.778978962037692,14.095745809785983,46.65999984741211,1.7333416145382428,-0.873
242,LEV,8.0,3.0,R,MEDIUM,gyrA,94.0,gyrA_D94F,R,1.0,A,D94F,78.80000000000001,6.3,-2.99,32.099999999999994,2.7100000000000004,H,AlphaHelix,-58.04000000000002,-41.610000000000014,97.4,1.0,1.0,False,False,False,False,True,False,88.1550888450658,78.0,85.0,18.193077591535243,7.778978962037692,14.095745809785983,46.65999984741211,1.7333416145382428,-0.214
243,LEV,0.5,-1.0,S,HIGH,gyrA,99.0,gyrA_M99I,S,1.0,A,M99I,3.799999999999983,2.6,-0.37000000000000005,-18.0,0.27999999999999936,H,AlphaHelix,-71.09000000000003,-4.699999999999989,4.8,2.0,2.0,False,False,False,False,True,False,5.067080027547395,36.0,66.0,24.326025132778827,16.37879673770822,22.58288267080617,38.34000015258789,3.1689512132588553,-0.955
244,LEV,0.5,-1.0,S,HIGH,gyrA,481.0,gyrA_D481A,S,1.0,A,D481A,-22.5,5.3,-2.08,-44.0,3.23,H,AlphaHelix,-68.02999999999997,-43.39999999999998,89.0,1.0,1.0,False,False,False,False,True,False,77.66519293994125,-82.0,93.0,45.07367122936,42.83213591309488,48.49897001270041,68.87000274658203,1.7758179992275929,-0.439
245,LEV,8.0,3.0,R,HIGH,gyrA,94.0,gyrA_D94N,R,0.8592592592592593,A,D94N,3.0,0.0,-1.9800000000000002,-1.0,2.64,H,AlphaHelix,-58.04000000000002,-41.610000000000014,97.4,1.0,1.0,False,False,False,False,True,False,88.1550888450658,56.0,75.0,18.193077591535243,7.778978962037692,14.095745809785983,46.65999984741211,1.7333416145382428,-0.347
246,LEV,0.5,-1.0,S,MEDIUM,gyrA,94.0,gyrA_D94G,R,0.8646496815286624,A,D94G,-50.99999999999999,3.1,-1.2700000000000002,-58.0,3.1999999999999997,H,AlphaHelix,-58.04000000000002,-41.610000000000014,97.4,1.0,1.0,False,False,False,False,True,False,88.1550888450658,63.0,80.0,18.193077591535243,7.778978962037692,14.095745809785983,46.65999984741211,1.7333416145382428,-0.873
247,LEV,0.5,-1.0,S,MEDIUM,gyrA,154.0,gyrA_P154R,S,1.0,A,P154R,60.7,-2.9,1.31,59.099999999999994,4.46,E,Strand,-63.26999999999998,149.75,74.5,0.0,0.0,False,False,True,False,False,False,79.18597057272785,41.0,71.0,19.225911095740965,27.73254660180666,30.131122559096102,57.20000076293945,1.6282709707753908,-0.523
248,LEV,>8,4.0,R,HIGH,gyrA,94.0,gyrA_D94G,R,0.8646496815286624,A,D94G,-50.99999999999999,3.1,-1.2700000000000002,-58.0,3.1999999999999997,H,AlphaHelix,-58.04000000000002,-41.610000000000014,97.4,1.0,1.0,False,False,False,False,True,False,88.1550888450658,63.0,80.0,18.193077591535243,7.778978962037692,14.095745809785983,46.65999984741211,1.7333416145382428,-0.873
249,LEV,>8,4.0,R,HIGH,gyrA,90.0,gyrA_A90V,R,0.8690476190476191,A,A90V,51.400000000000006,2.4000000000000004,-0.8600000000000001,28.0,-0.040000000000000036,H,AlphaHelix,-61.829999999999984,-59.75999999999999,47.0,2.0,0.0,False,False,False,False,True,False,55.555815915240146,-64.0,82.0,14.254302173206394,5.504265622675344,10.310827336129869,40.439998626708984,1.6650776123582791,0.089
250,LEV,2.0,1.0,R,HIGH,gyrA,90.0,gyrA_A90V,R,0.8690476190476191,A,A90V,51.400000000000006,2.4000000000000004,-0.8600000000000001,28.0,-0.040000000000000036,H,AlphaHelix,-61.829999999999984,-59.75999999999999,47.0,2.0,0.0,False,False,False,False,True,False,55.555815915240146,-64.0,82.0,14.254302173206394,5.504265622675344,10.310827336129869,40.439998626708984,1.6650776123582791,0.089
251,LEV,2.0,1.0,R,MEDIUM,gyrA,91.0,gyrA_S91P,R,0.8524590163934426,A,S91P,23.700000000000003,-0.8,-0.64,10.0,0.6200000000000001,H,AlphaHelix,-67.14999999999998,-27.149999999999977,64.8,1.0,0.0,False,False,False,False,True,False,65.22815545163408,63.0,80.0,13.370520192722235,5.421428426386811,10.72875108867804,47.63999938964844,1.5284537092505912,-0.125
252,LEV,2.0,1.0,R,MEDIUM,gyrA,90.0,gyrA_A90V,R,0.8690476190476191,A,A90V,51.400000000000006,2.4000000000000004,-0.8600000000000001,28.0,-0.040000000000000036,H,AlphaHelix,-61.829999999999984,-59.75999999999999,47.0,2.0,0.0,False,False,False,False,True,False,55.555815915240146,-64.0,82.0,14.254302173206394,5.504265622675344,10.310827336129869,40.439998626708984,1.6650776123582791,0.089
253,LEV,>8,4.0,R,HIGH,gyrA,94.0,gyrA_D94G,R,0.8646496815286624,A,D94G,-50.99999999999999,3.1,-1.2700000000000002,-58.0,3.1999999999999997,H,AlphaHelix,-58.04000000000002,-41.610000000000014,97.4,1.0,1.0,False,False,False,False,True,False,88.1550888450658,63.0,80.0,18.193077591535243,7.778978962037692,14.095745809785983,46.65999984741211,1.7333416145382428,-0.873
254,LEV,8.0,3.0,R,HIGH,gyrA,94.0,gyrA_D94G,R,0.8646496815286624,A,D94G,-50.99999999999999,3.1,-1.2700000000000002,-58.0,3.1999999999999997,H,AlphaHelix,-58.04000000000002,-41.610000000000014,97.4,1.0,1.0,False,False,False,False,True,False,88.1550888450658,63.0,80.0,18.193077591535243,7.778978962037692,14.095745809785983,46.65999984741211,1.7333416145382428,-0.873
255,LEV,2.0,1.0,R,HIGH,gyrA,91.0,gyrA_S91P,R,0.8524590163934426,A,S91P,23.700000000000003,-0.8,-0.64,10.0,0.6200000000000001,H,AlphaHelix,-67.14999999999998,-27.149999999999977,64.8,1.0,0.0,False,False,False,False,True,False,65.22815545163408,63.0,80.0,13.370520192722235,5.421428426386811,10.72875108867804,47.63999938964844,1.5284537092505912,-0.125
256,LEV,0.5,-1.0,S,HIGH,gyrB,661.0,gyrB_S661T,S,1.0,B,S661T,27.099999999999994,0.10000000000000009,-0.22000000000000003,14.0,-0.08000000000000007,H,AlphaHelix,-65.99000000000001,-33.72000000000003,64.0,1.0,1.0,False,False,False,False,True,False,61.496519316702106,-77.0,87.0,27.21668433016474,31.612028766235124,31.565627080153437,62.41999816894531,1.65126816690675,-0.388
257,LEV,0.5,-1.0,S,HIGH,gyrA,94.0,gyrA_D94G,R,0.8646496815286624,A,D94G,-50.99999999999999,3.1,-1.2700000000000002,-58.0,3.1999999999999997,H,AlphaHelix,-58.04000000000002,-41.610000000000014,97.4,1.0,1.0,False,False,False,False,True,False,88.1550888450658,63.0,80.0,18.193077591535243,7.778978962037692,14.095745809785983,46.65999984741211,1.7333416145382428,-0.873
258,LEV,8.0,3.0,R,HIGH,gyrA,94.0,gyrA_D94G,R,0.8646496815286624,A,D94G,-50.99999999999999,3.1,-1.2700000000000002,-58.0,3.1999999999999997,H,AlphaHelix,-58.04000000000002,-41.610000000000014,97.4,1.0,1.0,False,False,False,False,True,False,88.1550888450658,63.0,80.0,18.193077591535243,7.778978962037692,14.095745809785983,46.65999984741211,1.7333416145382428,-0.873
259,LEV,0.25,-2.0,S,HIGH,gyrA,267.0,gyrA_T267I,S,0.9166666666666666,A,T267I,50.599999999999994,5.2,-0.92,12.099999999999994,0.41999999999999993,E,Strand,-110.84,147.57,41.6,1.0,0.0,False,False,True,False,False,False,44.1202990107675,-63.0,82.0,57.16622537844849,43.89582496101522,47.524606108481976,101.37999725341797,1.7631484448394852,-0.037
260,LEV,4.0,2.0,R,HIGH,gyrA,90.0,gyrA_A90V,R,0.8690476190476191,A,A90V,51.400000000000006,2.4000000000000004,-0.8600000000000001,28.0,-0.040000000000000036,H,AlphaHelix,-61.829999999999984,-59.75999999999999,47.0,2.0,0.0,False,False,False,False,True,False,55.555815915240146,-64.0,82.0,14.254302173206394,5.504265622675344,10.310827336129869,40.439998626708984,1.6650776123582791,0.089
261,LEV,8.0,3.0,R,HIGH,gyrA,94.0,gyrA_D94G,R,0.8646496815286624,A,D94G,-50.99999999999999,3.1,-1.2700000000000002,-58.0,3.1999999999999997,H,AlphaHelix,-58.04000000000002,-41.610000000000014,97.4,1.0,1.0,False,False,False,False,True,False,88.1550888450658,63.0,80.0,18.193077591535243,7.778978962037692,14.095745809785983,46.65999984741211,1.7333416145382428,-0.873
262,LEV,8.0,3.0,R,MEDIUM,gyrA,94.0,gyrA_D94Y,R,0.9285714285714286,A,D94Y,82.5,2.2,-2.18,48.099999999999994,2.89,H,AlphaHelix,-58.04000000000002,-41.610000000000014,97.4,1.0,1.0,False,False,False,False,True,False,88.1550888450658,81.0,91.0,18.193077591535243,7.778978962037692,14.095745809785983,46.65999984741211,1.7333416145382428,-0.376
263,LEV,8.0,3.0,R,HIGH,gyrA,94.0,gyrA_D94G,R,0.8646496815286624,A,D94G,-50.99999999999999,3.1,-1.2700000000000002,-58.0,3.1999999999999997,H,AlphaHelix,-58.04000000000002,-41.610000000000014,97.4,1.0,1.0,False,False,False,False,True,False,88.1550888450658,63.0,80.0,18.193077591535243,7.778978962037692,14.095745809785983,46.65999984741211,1.7333416145382428,-0.873
264,LEV,8.0,3.0,R,MEDIUM,gyrA,94.0,gyrA_D94G,R,0.8646496815286624,A,D94G,-50.99999999999999,3.1,-1.2700000000000002,-58.0,3.1999999999999997,H,AlphaHelix,-58.04000000000002,-41.610000000000014,97.4,1.0,1.0,False,False,False,False,True,False,88.1550888450658,63.0,80.0,18.193077591535243,7.778978962037692,14.095745809785983,46.65999984741211,1.7333416145382428,-0.873
265,LEV,>8,4.0,R,HIGH,gyrA,88.0,gyrA_G88C,R,0.95,A,G88C,48.4,2.9,-0.9199999999999999,46.10000000000001,-0.8999999999999995,C,Coil,-77.02999999999997,152.43,8.6,0.0,0.0,False,True,False,False,False,False,9.936179450376525,50.0,75.0,9.383464096517303,8.798143905732672,11.185201845760195,57.560001373291016,1.9098223702260209,-0.725
266,LEV,<=0.12,-3.06,S,HIGH,gyrA,211.0,gyrA_D211G,S,1.0,A,D211G,-50.99999999999999,3.1,-1.2700000000000002,-58.0,3.1999999999999997,C,Coil,-72.23000000000002,178.12,94.3,1.0,0.0,False,True,False,False,False,False,89.99411981133461,-73.0,87.0,45.938405602926956,46.489223460703776,50.37822686368545,77.0999984741211,1.5733138747059296,-0.675
267,LEV,>8,4.0,R,HIGH,gyrA,94.0,gyrA_D94G,R,0.8646496815286624,A,D94G,-50.99999999999999,3.1,-1.2700000000000002,-58.0,3.1999999999999997,H,AlphaHelix,-58.04000000000002,-41.610000000000014,97.4,1.0,1.0,False,False,False,False,True,False,88.1550888450658,63.0,80.0,18.193077591535243,7.778978962037692,14.095745809785983,46.65999984741211,1.7333416145382428,-0.873
268,LEV,8.0,3.0,R,MEDIUM,gyrA,94.0,gyrA_D94G,R,0.8646496815286624,A,D94G,-50.99999999999999,3.1,-1.2700000000000002,-58.0,3.1999999999999997,H,AlphaHelix,-58.04000000000002,-41.610000000000014,97.4,1.0,1.0,False,False,False,False,True,False,88.1550888450658,63.0,80.0,18.193077591535243,7.778978962037692,14.095745809785983,46.65999984741211,1.7333416145382428,-0.873
269,LEV,0.25,-2.0,S,HIGH,gyrA,90.0,gyrA_A90V,R,0.8690476190476191,A,A90V,51.400000000000006,2.4000000000000004,-0.8600000000000001,28.0,-0.040000000000000036,H,AlphaHelix,-61.829999999999984,-59.75999999999999,47.0,2.0,0.0,False,False,False,False,True,False,55.555815915240146,-64.0,82.0,14.254302173206394,5.504265622675344,10.310827336129869,40.439998626708984,1.6650776123582791,0.089
270,LEV,>8,4.0,R,HIGH,gyrA,94.0,gyrA_D94G,R,0.8646496815286624,A,D94G,-50.99999999999999,3.1,-1.2700000000000002,-58.0,3.1999999999999997,H,AlphaHelix,-58.04000000000002,-41.610000000000014,97.4,1.0,1.0,False,False,False,False,True,False,88.1550888450658,63.0,80.0,18.193077591535243,7.778978962037692,14.095745809785983,46.65999984741211,1.7333416145382428,-0.873
271,LEV,4.0,2.0,R,HIGH,gyrA,94.0,gyrA_D94G,R,0.8646496815286624,A,D94G,-50.99999999999999,3.1,-1.2700000000000002,-58.0,3.1999999999999997,H,AlphaHelix,-58.04000000000002,-41.610000000000014,97.4,1.0,1.0,False,False,False,False,True,False,88.1550888450658,63.0,80.0,18.193077591535243,7.778978962037692,14.095745809785983,46.65999984741211,1.7333416145382428,-0.873
272,LEV,8.0,3.0,R,HIGH,gyrA,89.0,gyrA_D89N,R,0.75,A,D89N,3.0,0.0,-1.9800000000000002,-1.0,2.64,H,AlphaHelix,-67.79000000000002,-35.15999999999997,27.1,1.0,0.0,False,False,False,False,True,False,24.84916086555452,54.0,75.0,13.151139616440242,8.990678251217595,12.761681856622465,49.52000045776367,2.2988834846000192,-0.812
273,LEV,0.5,-1.0,S,HIGH,gyrB,549.0,gyrB_F549L,S,1.0,B,F549L,-23.200000000000017,1.0,-0.10999999999999999,-34.0,0.5,H,AlphaHelix,-64.74000000000001,-30.829999999999984,1.1,0.0,1.0,False,False,False,False,True,False,1.0654762184487068,61.0,80.0,23.78939337596105,30.024227301486174,25.41722286173714,67.12999725341797,3.8869302901834146,-1.534
274,LEV,0.5,-1.0,S,HIGH,gyrA,254.0,gyrA_R254C,S,1.0,A,R254C,-64.9,7.0,-0.78,-52.999999999999986,-5.6899999999999995,E,Strand,-140.52,150.5,54.1,1.0,1.0,False,False,True,False,False,False,52.62668666740882,49.0,71.0,41.564937635794266,31.28491326821862,35.514715327551365,51.56999969482422,3.1563712888508726,-0.999
275,LEV,2.0,1.0,R,HIGH,gyrA,282.0,gyrA_N282K,S,0.75,A,N282K,54.5,-0.3999999999999999,1.3800000000000001,14.099999999999994,4.33,H,AlphaHelix,-64.48000000000002,-35.73000000000002,80.0,1.0,0.0,False,False,False,False,True,False,79.79765719660747,-72.0,87.0,33.86177335120495,20.720842700256554,23.79187462782376,67.81999969482422,1.6829211647617668,-0.498
276,LEV,0.25,-2.0,S,MEDIUM,gyrA,94.0,gyrA_D94N,R,0.8592592592592593,A,D94N,3.0,0.0,-1.9800000000000002,-1.0,2.64,H,AlphaHelix,-58.04000000000002,-41.610000000000014,97.4,1.0,1.0,False,False,False,False,True,False,88.1550888450658,56.0,75.0,18.193077591535243,7.778978962037692,14.095745809785983,46.65999984741211,1.7333416145382428,-0.347
277,LEV,0.25,-2.0,S,MEDIUM,gyrA,94.0,gyrA_D94G,R,0.8646496815286624,A,D94G,-50.99999999999999,3.1,-1.2700000000000002,-58.0,3.1999999999999997,H,AlphaHelix,-58.04000000000002,-41.610000000000014,97.4,1.0,1.0,False,False,False,False,True,False,88.1550888450658,63.0,80.0,18.193077591535243,7.778978962037692,14.095745809785983,46.65999984741211,1.7333416145382428,-0.873
278,LEV,0.25,-2.0,S,HIGH,gyrA,22.0,gyrA_Q22H,S,1.0,A,Q22H,9.399999999999977,0.2999999999999998,1.1800000000000002,9.0,1.9399999999999995,H,AlphaHelix,-60.110000000000014,-48.85000000000002,62.5,1.0,1.0,False,False,False,False,True,False,67.49987667696941,-92.0,97.0,21.779666393467036,32.64349536904899,29.885657362803947,69.0199966430664,1.6177398561763245,-0.274
279,LEV,>8,4.0,R,MEDIUM,gyrA,94.0,gyrA_D94N,R,0.8592592592592593,A,D94N,3.0,0.0,-1.9800000000000002,-1.0,2.64,H,AlphaHelix,-58.04000000000002,-41.610000000000014,97.4,1.0,1.0,False,False,False,False,True,False,88.1550888450658,56.0,75.0,18.193077591535243,7.778978962037692,14.095745809785983,46.65999984741211,1.7333416145382428,-0.347
280,LEV,>8,4.0,R,HIGH,gyrA,94.0,gyrA_D94N,R,0.8592592592592593,A,D94N,3.0,0.0,-1.9800000000000002,-1.0,2.64,H,AlphaHelix,-58.04000000000002,-41.610000000000014,97.4,1.0,1.0,False,False,False,False,True,False,88.1550888450658,56.0,75.0,18.193077591535243,7.778978962037692,14.095745809785983,46.65999984741211,1.7333416145382428,-0.347
281,LEV,4.0,2.0,R,HIGH,gyrA,94.0,gyrA_D94G,R,0.8646496815286624,A,D94G,-50.99999999999999,3.1,-1.2700000000000002,-58.0,3.1999999999999997,H,AlphaHelix,-58.04000000000002,-41.610000000000014,97.4,1.0,1.0,False,False,False,False,True,False,88.1550888450658,63.0,80.0,18.193077591535243,7.778978962037692,14.095745809785983,46.65999984741211,1.7333416145382428,-0.873
282,LEV,>8,4.0,R,MEDIUM,gyrA,94.0,gyrA_D94G,R,0.8646496815286624,A,D94G,-50.99999999999999,3.1,-1.2700000000000002,-58.0,3.1999999999999997,H,AlphaHelix,-58.04000000000002,-41.610000000000014,97.4,1.0,1.0,False,False,False,False,True,False,88.1550888450658,63.0,80.0,18.193077591535243,7.778978962037692,14.095745809785983,46.65999984741211,1.7333416145382428,-0.873
283,LEV,8.0,3.0,R,HIGH,gyrA,90.0,gyrA_A90V,R,0.8690476190476191,A,A90V,51.400000000000006,2.4000000000000004,-0.8600000000000001,28.0,-0.040000000000000036,H,AlphaHelix,-61.829999999999984,-59.75999999999999,47.0,2.0,0.0,False,False,False,False,True,False,55.555815915240146,-64.0,82.0,14.254302173206394,5.504265622675344,10.310827336129869,40.439998626708984,1.6650776123582791,0.089
284,LEV,0.25,-2.0,S,MEDIUM,gyrA,94.0,gyrA_D94G,R,0.8646496815286624,A,D94G,-50.99999999999999,3.1,-1.2700000000000002,-58.0,3.1999999999999997,H,AlphaHelix,-58.04000000000002,-41.610000000000014,97.4,1.0,1.0,False,False,False,False,True,False,88.1550888450658,63.0,80.0,18.193077591535243,7.778978962037692,14.095745809785983,46.65999984741211,1.7333416145382428,-0.873
285,LEV,>8,4.0,R,MEDIUM,gyrA,94.0,gyrA_D94N,R,0.8592592592592593,A,D94N,3.0,0.0,-1.9800000000000002,-1.0,2.64,H,AlphaHelix,-58.04000000000002,-41.610000000000014,97.4,1.0,1.0,False,False,False,False,True,False,88.1550888450658,56.0,75.0,18.193077591535243,7.778978962037692,14.095745809785983,46.65999984741211,1.7333416145382428,-0.347
286,LEV,4.0,2.0,R,HIGH,gyrA,90.0,gyrA_A90V,R,0.8690476190476191,A,A90V,51.400000000000006,2.4000000000000004,-0.8600000000000001,28.0,-0.040000000000000036,H,AlphaHelix,-61.829999999999984,-59.75999999999999,47.0,2.0,0.0,False,False,False,False,True,False,55.555815915240146,-64.0,82.0,14.254302173206394,5.504265622675344,10.310827336129869,40.439998626708984,1.6650776123582791,0.089
287,LEV,4.0,2.0,R,MEDIUM,gyrA,90.0,gyrA_A90V,R,0.8690476190476191,A,A90V,51.400000000000006,2.4000000000000004,-0.8600000000000001,28.0,-0.040000000000000036,H,AlphaHelix,-61.829999999999984,-59.75999999999999,47.0,2.0,0.0,False,False,False,False,True,False,55.555815915240146,-64.0,82.0,14.254302173206394,5.504265622675344,10.310827336129869,40.439998626708984,1.6650776123582791,0.089
288,LEV,8.0,3.0,R,MEDIUM,gyrA,94.0,gyrA_D94Y,R,0.9285714285714286,A,D94Y,82.5,2.2,-2.18,48.099999999999994,2.89,H,AlphaHelix,-58.04000000000002,-41.610000000000014,97.4,1.0,1.0,False,False,False,False,True,False,88.1550888450658,81.0,91.0,18.193077591535243,7.778978962037692,14.095745809785983,46.65999984741211,1.7333416145382428,-0.376
289,LEV,>8,4.0,R,HIGH,gyrA,94.0,gyrA_D94G,R,0.8646496815286624,A,D94G,-50.99999999999999,3.1,-1.2700000000000002,-58.0,3.1999999999999997,H,AlphaHelix,-58.04000000000002,-41.610000000000014,97.4,1.0,1.0,False,False,False,False,True,False,88.1550888450658,63.0,80.0,18.193077591535243,7.778978962037692,14.095745809785983,46.65999984741211,1.7333416145382428,-0.873
290,LEV,2.0,1.0,R,HIGH,gyrA,90.0,gyrA_A90V,R,0.8690476190476191,A,A90V,51.400000000000006,2.4000000000000004,-0.8600000000000001,28.0,-0.040000000000000036,H,AlphaHelix,-61.829999999999984,-59.75999999999999,47.0,2.0,0.0,False,False,False,False,True,False,55.555815915240146,-64.0,82.0,14.254302173206394,5.504265622675344,10.310827336129869,40.439998626708984,1.6650776123582791,0.089
291,LEV,0.25,-2.0,S,HIGH,gyrB,457.0,gyrB_V457L,S,0.8,B,V457L,26.69999999999999,-0.40000000000000036,-0.15999999999999992,14.099999999999994,0.020000000000000462,E,Strand,-84.48000000000002,110.62,5.5,1.0,1.0,False,False,True,False,False,False,4.051828439596724,-24.0,61.0,14.807203990488254,22.747146856262027,17.219380732399905,47.4900016784668,6.9560192905350995,1.189
292,LEV,>8,4.0,R,HIGH,gyrA,94.0,gyrA_D94G,R,0.8646496815286624,A,D94G,-50.99999999999999,3.1,-1.2700000000000002,-58.0,3.1999999999999997,H,AlphaHelix,-58.04000000000002,-41.610000000000014,97.4,1.0,1.0,False,False,False,False,True,False,88.1550888450658,63.0,80.0,18.193077591535243,7.778978962037692,14.095745809785983,46.65999984741211,1.7333416145382428,-0.873
293,LEV,8.0,3.0,R,HIGH,gyrA,94.0,gyrA_D94G,R,0.8646496815286624,A,D94G,-50.99999999999999,3.1,-1.2700000000000002,-58.0,3.1999999999999997,H,AlphaHelix,-58.04000000000002,-41.610000000000014,97.4,1.0,1.0,False,False,False,False,True,False,88.1550888450658,63.0,80.0,18.193077591535243,7.778978962037692,14.095745809785983,46.65999984741211,1.7333416145382428,-0.873
294,LEV,0.5,-1.0,S,HIGH,gyrA,193.0,gyrA_N193S,S,1.0,A,N193S,-25.099999999999994,2.7,-0.09999999999999998,-27.0,0.2699999999999996,C,Coil,-78.75,123.63,5.4,2.0,0.0,False,True,False,False,False,False,3.9785882839510753,-22.0,61.0,38.286532913756595,31.644021592511656,37.267766220385276,50.119998931884766,3.1142630176941593,-1.229
295,LEV,0.5,-1.0,S,MEDIUM,gyrA,94.0,gyrA_D94A,R,0.7951807228915663,A,D94A,-22.5,5.3,-2.08,-44.0,3.23,H,AlphaHelix,-58.04000000000002,-41.610000000000014,97.4,1.0,1.0,False,False,False,False,True,False,88.1550888450658,46.0,71.0,18.193077591535243,7.778978962037692,14.095745809785983,46.65999984741211,1.7333416145382428,-0.421
296,LEV,2.0,1.0,R,MEDIUM,gyrA,90.0,gyrA_A90V,R,0.8690476190476191,A,A90V,51.400000000000006,2.4000000000000004,-0.8600000000000001,28.0,-0.040000000000000036,H,AlphaHelix,-61.829999999999984,-59.75999999999999,47.0,2.0,0.0,False,False,False,False,True,False,55.555815915240146,-64.0,82.0,14.254302173206394,5.504265622675344,10.310827336129869,40.439998626708984,1.6650776123582791,0.089
297,LEV,8.0,3.0,R,MEDIUM,gyrA,94.0,gyrA_D94N,R,0.8592592592592593,A,D94N,3.0,0.0,-1.9800000000000002,-1.0,2.64,H,AlphaHelix,-58.04000000000002,-41.610000000000014,97.4,1.0,1.0,False,False,False,False,True,False,88.1550888450658,56.0,75.0,18.193077591535243,7.778978962037692,14.095745809785983,46.65999984741211,1.7333416145382428,-0.347
298,LEV,0.25,-2.0,S,HIGH,gyrA,186.0,gyrA_A186T,S,1.0,A,A186T,27.5,-2.5,-0.22000000000000003,30.0,-0.40000000000000036,E,Strand,-150.55,153.54,37.5,0.0,0.0,False,False,True,False,False,False,39.92893349407319,37.0,66.0,22.617122396562564,21.1430381087594,23.40863873123095,47.470001220703125,1.7500263793316915,-0.982
299,LEV,2.0,1.0,R,HIGH,gyrA,94.0,gyrA_D94N,R,0.8592592592592593,A,D94N,3.0,0.0,-1.9800000000000002,-1.0,2.64,H,AlphaHelix,-58.04000000000002,-41.610000000000014,97.4,1.0,1.0,False,False,False,False,True,False,88.1550888450658,56.0,75.0,18.193077591535243,7.778978962037692,14.095745809785983,46.65999984741211,1.7333416145382428,-0.347
300,LEV,4.0,2.0,R,HIGH,gyrA,94.0,gyrA_D94A,R,0.7951807228915663,A,D94A,-22.5,5.3,-2.08,-44.0,3.23,H,AlphaHelix,-58.04000000000002,-41.610000000000014,97.4,1.0,1.0,False,False,False,False,True,False,88.1550888450658,46.0,71.0,18.193077591535243,7.778978962037692,14.095745809785983,46.65999984741211,1.7333416145382428,-0.421
301,LEV,>8,4.0,R,HIGH,gyrA,90.0,gyrA_A90V,R,0.8690476190476191,A,A90V,51.400000000000006,2.4000000000000004,-0.8600000000000001,28.0,-0.040000000000000036,H,AlphaHelix,-61.829999999999984,-59.75999999999999,47.0,2.0,0.0,False,False,False,False,True,False,55.555815915240146,-64.0,82.0,14.254302173206394,5.504265622675344,10.310827336129869,40.439998626708984,1.6650776123582791,0.089
302,LEV,0.5,-1.0,S,HIGH,gyrA,94.0,gyrA_D94G,R,0.8646496815286624,A,D94G,-50.99999999999999,3.1,-1.2700000000000002,-58.0,3.1999999999999997,H,AlphaHelix,-58.04000000000002,-41.610000000000014,97.4,1.0,1.0,False,False,False,False,True,False,88.1550888450658,63.0,80.0,18.193077591535243,7.778978962037692,14.095745809785983,46.65999984741211,1.7333416145382428,-0.873
303,LEV,8.0,3.0,R,MEDIUM,gyrA,94.0,gyrA_D94Y,R,0.9285714285714286,A,D94Y,82.5,2.2,-2.18,48.099999999999994,2.89,H,AlphaHelix,-58.04000000000002,-41.610000000000014,97.4,1.0,1.0,False,False,False,False,True,False,88.1550888450658,81.0,91.0,18.193077591535243,7.778978962037692,14.095745809785983,46.65999984741211,1.7333416145382428,-0.376
304,LEV,0.5,-1.0,S,MEDIUM,gyrB,500.0,gyrB_T500N,S,1.0,B,T500N,-2.0,-2.8,0.32,13.0,-0.1899999999999995,H,AlphaHelix,-57.870000000000005,-37.74000000000001,88.7,1.0,0.0,False,False,False,False,True,False,91.70815715162803,-69.0,82.0,20.95040489857099,18.31817147512385,12.440778763559315,63.970001220703125,1.5446886429143032,0.026
305,LEV,4.0,2.0,R,MEDIUM,gyrA,90.0,gyrA_A90V,R,0.8690476190476191,A,A90V,51.400000000000006,2.4000000000000004,-0.8600000000000001,28.0,-0.040000000000000036,H,AlphaHelix,-61.829999999999984,-59.75999999999999,47.0,2.0,0.0,False,False,False,False,True,False,55.555815915240146,-64.0,82.0,14.254302173206394,5.504265622675344,10.310827336129869,40.439998626708984,1.6650776123582791,0.089
306,LEV,8.0,3.0,R,HIGH,gyrA,90.0,gyrA_A90V,R,0.8690476190476191,A,A90V,51.400000000000006,2.4000000000000004,-0.8600000000000001,28.0,-0.040000000000000036,H,AlphaHelix,-61.829999999999984,-59.75999999999999,47.0,2.0,0.0,False,False,False,False,True,False,55.555815915240146,-64.0,82.0,14.254302173206394,5.504265622675344,10.310827336129869,40.439998626708984,1.6650776123582791,0.089
307,LEV,4.0,2.0,R,HIGH,gyrA,94.0,gyrA_D94G,R,0.8646496815286624,A,D94G,-50.99999999999999,3.1,-1.2700000000000002,-58.0,3.1999999999999997,H,AlphaHelix,-58.04000000000002,-41.610000000000014,97.4,1.0,1.0,False,False,False,False,True,False,88.1550888450658,63.0,80.0,18.193077591535243,7.778978962037692,14.095745809785983,46.65999984741211,1.7333416145382428,-0.873
308,LEV,8.0,3.0,R,HIGH,gyrA,94.0,gyrA_D94G,R,0.8646496815286624,A,D94G,-50.99999999999999,3.1,-1.2700000000000002,-58.0,3.1999999999999997,H,AlphaHelix,-58.04000000000002,-41.610000000000014,97.4,1.0,1.0,False,False,False,False,True,False,88.1550888450658,63.0,80.0,18.193077591535243,7.778978962037692,14.095745809785983,46.65999984741211,1.7333416145382428,-0.873
309,LEV,4.0,2.0,R,HIGH,gyrA,90.0,gyrA_A90V,R,0.8690476190476191,A,A90V,51.400000000000006,2.4000000000000004,-0.8600000000000001,28.0,-0.040000000000000036,H,AlphaHelix,-61.829999999999984,-59.75999999999999,47.0,2.0,0.0,False,False,False,False,True,False,55.555815915240146,-64.0,82.0,14.254302173206394,5.504265622675344,10.310827336129869,40.439998626708984,1.6650776123582791,0.089
310,LEV,2.0,1.0,R,HIGH,gyrA,90.0,gyrA_A90V,R,0.8690476190476191,A,A90V,51.400000000000006,2.4000000000000004,-0.8600000000000001,28.0,-0.040000000000000036,H,AlphaHelix,-61.829999999999984,-59.75999999999999,47.0,2.0,0.0,False,False,False,False,True,False,55.555815915240146,-64.0,82.0,14.254302173206394,5.504265622675344,10.310827336129869,40.439998626708984,1.6650776123582791,0.089
311,LEV,>8,4.0,R,HIGH,gyrA,94.0,gyrA_D94G,R,0.8646496815286624,A,D94G,-50.99999999999999,3.1,-1.2700000000000002,-58.0,3.1999999999999997,H,AlphaHelix,-58.04000000000002,-41.610000000000014,97.4,1.0,1.0,False,False,False,False,True,False,88.1550888450658,63.0,80.0,18.193077591535243,7.778978962037692,14.095745809785983,46.65999984741211,1.7333416145382428,-0.873
312,LEV,>8,4.0,R,HIGH,gyrA,94.0,gyrA_D94G,R,0.8646496815286624,A,D94G,-50.99999999999999,3.1,-1.2700000000000002,-58.0,3.1999999999999997,H,AlphaHelix,-58.04000000000002,-41.610000000000014,97.4,1.0,1.0,False,False,False,False,True,False,88.1550888450658,63.0,80.0,18.193077591535243,7.778978962037692,14.095745809785983,46.65999984741211,1.7333416145382428,-0.873
313,LEV,0.25,-2.0,S,HIGH,gyrA,472.0,gyrA_P472S,S,1.0,A,P472S,-23.700000000000003,0.8,0.64,-10.0,-0.6200000000000001,H,AlphaHelix,-59.70999999999998,-28.170000000000016,71.0,1.0,0.0,False,False,False,False,True,False,78.73791501370572,-68.0,82.0,46.353130855468216,48.26749325282632,52.90519851328242,69.8499984741211,1.6707895195538032,-1.116
314,LEV,4.0,2.0,R,MEDIUM,gyrA,94.0,gyrA_D94A,R,0.7951807228915663,A,D94A,-22.5,5.3,-2.08,-44.0,3.23,H,AlphaHelix,-58.04000000000002,-41.610000000000014,97.4,1.0,1.0,False,False,False,False,True,False,88.1550888450658,46.0,71.0,18.193077591535243,7.778978962037692,14.095745809785983,46.65999984741211,1.7333416145382428,-0.421
315,LEV,0.25,-2.0,S,HIGH,gyrA,91.0,gyrA_S91P,R,0.8524590163934426,A,S91P,23.700000000000003,-0.8,-0.64,10.0,0.6200000000000001,H,AlphaHelix,-67.14999999999998,-27.149999999999977,64.8,1.0,0.0,False,False,False,False,True,False,65.22815545163408,63.0,80.0,13.370520192722235,5.421428426386811,10.72875108867804,47.63999938964844,1.5284537092505912,-0.125
316,LEV,8.0,3.0,R,MEDIUM,gyrA,94.0,gyrA_D94G,R,0.8646496815286624,A,D94G,-50.99999999999999,3.1,-1.2700000000000002,-58.0,3.1999999999999997,H,AlphaHelix,-58.04000000000002,-41.610000000000014,97.4,1.0,1.0,False,False,False,False,True,False,88.1550888450658,63.0,80.0,18.193077591535243,7.778978962037692,14.095745809785983,46.65999984741211,1.7333416145382428,-0.873
317,LEV,2.0,1.0,R,MEDIUM,gyrA,94.0,gyrA_D94G,R,0.8646496815286624,A,D94G,-50.99999999999999,3.1,-1.2700000000000002,-58.0,3.1999999999999997,H,AlphaHelix,-58.04000000000002,-41.610000000000014,97.4,1.0,1.0,False,False,False,False,True,False,88.1550888450658,63.0,80.0,18.193077591535243,7.778978962037692,14.095745809785983,46.65999984741211,1.7333416145382428,-0.873
318,LEV,4.0,2.0,R,MEDIUM,gyrA,94.0,gyrA_D94G,R,0.8646496815286624,A,D94G,-50.99999999999999,3.1,-1.2700000000000002,-58.0,3.1999999999999997,H,AlphaHelix,-58.04000000000002,-41.610000000000014,97.4,1.0,1.0,False,False,False,False,True,False,88.1550888450658,63.0,80.0,18.193077591535243,7.778978962037692,14.095745809785983,46.65999984741211,1.7333416145382428,-0.873
319,LEV,0.5,-1.0,S,MEDIUM,gyrA,94.0,gyrA_D94G,R,0.8646496815286624,A,D94G,-50.99999999999999,3.1,-1.2700000000000002,-58.0,3.1999999999999997,H,AlphaHelix,-58.04000000000002,-41.610000000000014,97.4,1.0,1.0,False,False,False,False,True,False,88.1550888450658,63.0,80.0,18.193077591535243,7.778978962037692,14.095745809785983,46.65999984741211,1.7333416145382428,-0.873
320,LEV,8.0,3.0,R,HIGH,gyrA,94.0,gyrA_D94G,R,0.8646496815286624,A,D94G,-50.99999999999999,3.1,-1.2700000000000002,-58.0,3.1999999999999997,H,AlphaHelix,-58.04000000000002,-41.610000000000014,97.4,1.0,1.0,False,False,False,False,True,False,88.1550888450658,63.0,80.0,18.193077591535243,7.778978962037692,14.095745809785983,46.65999984741211,1.7333416145382428,-0.873
321,LEV,8.0,3.0,R,HIGH,gyrA,94.0,gyrA_D94G,R,0.8646496815286624,A,D94G,-50.99999999999999,3.1,-1.2700000000000002,-58.0,3.1999999999999997,H,AlphaHelix,-58.04000000000002,-41.610000000000014,97.4,1.0,1.0,False,False,False,False,True,False,88.1550888450658,63.0,80.0,18.193077591535243,7.778978962037692,14.095745809785983,46.65999984741211,1.7333416145382428,-0.873
322,LEV,8.0,3.0,R,HIGH,gyrA,94.0,gyrA_D94G,R,0.8646496815286624,A,D94G,-50.99999999999999,3.1,-1.2700000000000002,-58.0,3.1999999999999997,H,AlphaHelix,-58.04000000000002,-41.610000000000014,97.4,1.0,1.0,False,False,False,False,True,False,88.1550888450658,63.0,80.0,18.193077591535243,7.778978962037692,14.095745809785983,46.65999984741211,1.7333416145382428,-0.873
323,LEV,4.0,2.0,R,HIGH,gyrA,94.0,gyrA_D94G,R,0.8646496815286624,A,D94G,-50.99999999999999,3.1,-1.2700000000000002,-58.0,3.1999999999999997,H,AlphaHelix,-58.04000000000002,-41.610000000000014,97.4,1.0,1.0,False,False,False,False,True,False,88.1550888450658,63.0,80.0,18.193077591535243,7.778978962037692,14.095745809785983,46.65999984741211,1.7333416145382428,-0.873
324,LEV,>8,4.0,R,HIGH,gyrA,94.0,gyrA_D94G,R,0.8646496815286624,A,D94G,-50.99999999999999,3.1,-1.2700000000000002,-58.0,3.1999999999999997,H,AlphaHelix,-58.04000000000002,-41.610000000000014,97.4,1.0,1.0,False,False,False,False,True,False,88.1550888450658,63.0,80.0,18.193077591535243,7.778978962037692,14.095745809785983,46.65999984741211,1.7333416145382428,-0.873
325,LEV,0.25,-2.0,S,HIGH,gyrA,254.0,gyrA_R254C,S,1.0,A,R254C,-64.9,7.0,-0.78,-52.999999999999986,-5.6899999999999995,E,Strand,-140.52,150.5,54.1,1.0,1.0,False,False,True,False,False,False,52.62668666740882,49.0,71.0,41.564937635794266,31.28491326821862,35.514715327551365,51.56999969482422,3.1563712888508726,-0.999
326,LEV,2.0,1.0,R,HIGH,gyrA,94.0,gyrA_D94A,R,0.7951807228915663,A,D94A,-22.5,5.3,-2.08,-44.0,3.23,H,AlphaHelix,-58.04000000000002,-41.610000000000014,97.4,1.0,1.0,False,False,False,False,True,False,88.1550888450658,46.0,71.0,18.193077591535243,7.778978962037692,14.095745809785983,46.65999984741211,1.7333416145382428,-0.421
327,LEV,4.0,2.0,R,HIGH,gyrA,90.0,gyrA_A90V,R,0.8690476190476191,A,A90V,51.400000000000006,2.4000000000000004,-0.8600000000000001,28.0,-0.040000000000000036,H,AlphaHelix,-61.829999999999984,-59.75999999999999,47.0,2.0,0.0,False,False,False,False,True,False,55.555815915240146,-64.0,82.0,14.254302173206394,5.504265622675344,10.310827336129869,40.439998626708984,1.6650776123582791,0.089
328,LEV,2.0,1.0,R,HIGH,gyrA,90.0,gyrA_A90V,R,0.8690476190476191,A,A90V,51.400000000000006,2.4000000000000004,-0.8600000000000001,28.0,-0.040000000000000036,H,AlphaHelix,-61.829999999999984,-59.75999999999999,47.0,2.0,0.0,False,False,False,False,True,False,55.555815915240146,-64.0,82.0,14.254302173206394,5.504265622675344,10.310827336129869,40.439998626708984,1.6650776123582791,0.089
329,LEV,4.0,2.0,R,HIGH,gyrA,94.0,gyrA_D94Y,R,0.9285714285714286,A,D94Y,82.5,2.2,-2.18,48.099999999999994,2.89,H,AlphaHelix,-58.04000000000002,-41.610000000000014,97.4,1.0,1.0,False,False,False,False,True,False,88.1550888450658,81.0,91.0,18.193077591535243,7.778978962037692,14.095745809785983,46.65999984741211,1.7333416145382428,-0.376
330,LEV,0.25,-2.0,S,HIGH,gyrA,94.0,gyrA_D94G,R,0.8646496815286624,A,D94G,-50.99999999999999,3.1,-1.2700000000000002,-58.0,3.1999999999999997,H,AlphaHelix,-58.04000000000002,-41.610000000000014,97.4,1.0,1.0,False,False,False,False,True,False,88.1550888450658,63.0,80.0,18.193077591535243,7.778978962037692,14.095745809785983,46.65999984741211,1.7333416145382428,-0.873
331,LEV,0.25,-2.0,S,HIGH,gyrB,630.0,gyrB_V630I,S,1.0,B,V630I,26.69999999999999,0.2999999999999998,-0.28,14.099999999999994,0.05999999999999961,T,Turn,-139.96,-13.269999999999982,72.1,0.0,1.0,False,False,False,False,False,True,77.78988107783795,11.0,59.0,22.944059134156582,36.30588177830974,32.515873725278766,73.91000366210938,1.6407011428927754,0.086
332,LEV,4.0,2.0,R,HIGH,gyrA,91.0,gyrA_S91P,R,0.8524590163934426,A,S91P,23.700000000000003,-0.8,-0.64,10.0,0.6200000000000001,H,AlphaHelix,-67.14999999999998,-27.149999999999977,64.8,1.0,0.0,False,False,False,False,True,False,65.22815545163408,63.0,80.0,13.370520192722235,5.421428426386811,10.72875108867804,47.63999938964844,1.5284537092505912,-0.125
333,LEV,0.5,-1.0,S,HIGH,gyrA,488.0,gyrA_D488A,S,1.0,A,D488A,-22.5,5.3,-2.08,-44.0,3.23,H,AlphaHelix,-60.85000000000002,-36.24000000000001,137.6,0.0,1.0,False,False,False,False,True,False,124.59428249051729,-67.0,82.0,44.378240658792315,38.79464561857564,44.92328593459039,66.62000274658203,1.6772284577989571,-0.117
334,LEV,8.0,3.0,R,MEDIUM,gyrA,94.0,gyrA_D94G,R,0.8646496815286624,A,D94G,-50.99999999999999,3.1,-1.2700000000000002,-58.0,3.1999999999999997,H,AlphaHelix,-58.04000000000002,-41.610000000000014,97.4,1.0,1.0,False,False,False,False,True,False,88.1550888450658,63.0,80.0,18.193077591535243,7.778978962037692,14.095745809785983,46.65999984741211,1.7333416145382428,-0.873
335,LEV,0.5,-1.0,S,MEDIUM,gyrA,94.0,gyrA_D94G,R,0.8646496815286624,A,D94G,-50.99999999999999,3.1,-1.2700000000000002,-58.0,3.1999999999999997,H,AlphaHelix,-58.04000000000002,-41.610000000000014,97.4,1.0,1.0,False,False,False,False,True,False,88.1550888450658,63.0,80.0,18.193077591535243,7.778978962037692,14.095745809785983,46.65999984741211,1.7333416145382428,-0.873
336,LEV,8.0,3.0,R,HIGH,gyrA,94.0,gyrA_D94G,R,0.8646496815286624,A,D94G,-50.99999999999999,3.1,-1.2700000000000002,-58.0,3.1999999999999997,H,AlphaHelix,-58.04000000000002,-41.610000000000014,97.4,1.0,1.0,False,False,False,False,True,False,88.1550888450658,63.0,80.0,18.193077591535243,7.778978962037692,14.095745809785983,46.65999984741211,1.7333416145382428,-0.873
337,LEV,4.0,2.0,R,HIGH,gyrA,90.0,gyrA_A90V,R,0.8690476190476191,A,A90V,51.400000000000006,2.4000000000000004,-0.8600000000000001,28.0,-0.040000000000000036,H,AlphaHelix,-61.829999999999984,-59.75999999999999,47.0,2.0,0.0,False,False,False,False,True,False,55.555815915240146,-64.0,82.0,14.254302173206394,5.504265622675344,10.310827336129869,40.439998626708984,1.6650776123582791,0.089
338,LEV,0.25,-2.0,S,HIGH,gyrA,94.0,gyrA_D94N,R,0.8592592592592593,A,D94N,3.0,0.0,-1.9800000000000002,-1.0,2.64,H,AlphaHelix,-58.04000000000002,-41.610000000000014,97.4,1.0,1.0,False,False,False,False,True,False,88.1550888450658,56.0,75.0,18.193077591535243,7.778978962037692,14.095745809785983,46.65999984741211,1.7333416145382428,-0.347
339,LEV,2.0,1.0,R,MEDIUM,gyrA,94.0,gyrA_D94N,R,0.8592592592592593,A,D94N,3.0,0.0,-1.9800000000000002,-1.0,2.64,H,AlphaHelix,-58.04000000000002,-41.610000000000014,97.4,1.0,1.0,False,False,False,False,True,False,88.1550888450658,56.0,75.0,18.193077591535243,7.778978962037692,14.095745809785983,46.65999984741211,1.7333416145382428,-0.347
340,LEV,>8,4.0,R,MEDIUM,gyrA,94.0,gyrA_D94G,R,0.8646496815286624,A,D94G,-50.99999999999999,3.1,-1.2700000000000002,-58.0,3.1999999999999997,H,AlphaHelix,-58.04000000000002,-41.610000000000014,97.4,1.0,1.0,False,False,False,False,True,False,88.1550888450658,63.0,80.0,18.193077591535243,7.778978962037692,14.095745809785983,46.65999984741211,1.7333416145382428,-0.873
341,LEV,4.0,2.0,R,HIGH,gyrA,94.0,gyrA_D94G,R,0.8646496815286624,A,D94G,-50.99999999999999,3.1,-1.2700000000000002,-58.0,3.1999999999999997,H,AlphaHelix,-58.04000000000002,-41.610000000000014,97.4,1.0,1.0,False,False,False,False,True,False,88.1550888450658,63.0,80.0,18.193077591535243,7.778978962037692,14.095745809785983,46.65999984741211,1.7333416145382428,-0.873
342,LEV,4.0,2.0,R,MEDIUM,gyrA,90.0,gyrA_A90V,R,0.8690476190476191,A,A90V,51.400000000000006,2.4000000000000004,-0.8600000000000001,28.0,-0.040000000000000036,H,AlphaHelix,-61.829999999999984,-59.75999999999999,47.0,2.0,0.0,False,False,False,False,True,False,55.555815915240146,-64.0,82.0,14.254302173206394,5.504265622675344,10.310827336129869,40.439998626708984,1.6650776123582791,0.089
343,LEV,0.25,-2.0,S,HIGH,gyrA,267.0,gyrA_T267I,S,0.9166666666666666,A,T267I,50.599999999999994,5.2,-0.92,12.099999999999994,0.41999999999999993,E,Strand,-110.84,147.57,41.6,1.0,0.0,False,False,True,False,False,False,44.1202990107675,-63.0,82.0,57.16622537844849,43.89582496101522,47.524606108481976,101.37999725341797,1.7631484448394852,-0.037
344,LEV,>8,4.0,R,HIGH,gyrA,94.0,gyrA_D94G,R,0.8646496815286624,A,D94G,-50.99999999999999,3.1,-1.2700000000000002,-58.0,3.1999999999999997,H,AlphaHelix,-58.04000000000002,-41.610000000000014,97.4,1.0,1.0,False,False,False,False,True,False,88.1550888450658,63.0,80.0,18.193077591535243,7.778978962037692,14.095745809785983,46.65999984741211,1.7333416145382428,-0.873
345,LEV,8.0,3.0,R,HIGH,gyrA,94.0,gyrA_D94Y,R,0.9285714285714286,A,D94Y,82.5,2.2,-2.18,48.099999999999994,2.89,H,AlphaHelix,-58.04000000000002,-41.610000000000014,97.4,1.0,1.0,False,False,False,False,True,False,88.1550888450658,81.0,91.0,18.193077591535243,7.778978962037692,14.095745809785983,46.65999984741211,1.7333416145382428,-0.376
346,LEV,2.0,1.0,R,MEDIUM,gyrA,90.0,gyrA_A90V,R,0.8690476190476191,A,A90V,51.400000000000006,2.4000000000000004,-0.8600000000000001,28.0,-0.040000000000000036,H,AlphaHelix,-61.829999999999984,-59.75999999999999,47.0,2.0,0.0,False,False,False,False,True,False,55.555815915240146,-64.0,82.0,14.254302173206394,5.504265622675344,10.310827336129869,40.439998626708984,1.6650776123582791,0.089
347,LEV,2.0,1.0,R,HIGH,gyrA,90.0,gyrA_A90V,R,0.8690476190476191,A,A90V,51.400000000000006,2.4000000000000004,-0.8600000000000001,28.0,-0.040000000000000036,H,AlphaHelix,-61.829999999999984,-59.75999999999999,47.0,2.0,0.0,False,False,False,False,True,False,55.555815915240146,-64.0,82.0,14.254302173206394,5.504265622675344,10.310827336129869,40.439998626708984,1.6650776123582791,0.089
348,LEV,2.0,1.0,R,HIGH,gyrA,94.0,gyrA_D94A,R,0.7951807228915663,A,D94A,-22.5,5.3,-2.08,-44.0,3.23,H,AlphaHelix,-58.04000000000002,-41.610000000000014,97.4,1.0,1.0,False,False,False,False,True,False,88.1550888450658,46.0,71.0,18.193077591535243,7.778978962037692,14.095745809785983,46.65999984741211,1.7333416145382428,-0.421
349,LEV,4.0,2.0,R,MEDIUM,gyrA,91.0,gyrA_S91P,R,0.8524590163934426,A,S91P,23.700000000000003,-0.8,-0.64,10.0,0.6200000000000001,H,AlphaHelix,-67.14999999999998,-27.149999999999977,64.8,1.0,0.0,False,False,False,False,True,False,65.22815545163408,63.0,80.0,13.370520192722235,5.421428426386811,10.72875108867804,47.63999938964844,1.5284537092505912,-0.125
350,LEV,0.25,-2.0,S,HIGH,gyrA,94.0,gyrA_D94Y,R,0.9285714285714286,A,D94Y,82.5,2.2,-2.18,48.099999999999994,2.89,H,AlphaHelix,-58.04000000000002,-41.610000000000014,97.4,1.0,1.0,False,False,False,False,True,False,88.1550888450658,81.0,91.0,18.193077591535243,7.778978962037692,14.095745809785983,46.65999984741211,1.7333416145382428,-0.376
351,LEV,2.0,1.0,R,HIGH,gyrA,90.0,gyrA_A90V,R,0.8690476190476191,A,A90V,51.400000000000006,2.4000000000000004,-0.8600000000000001,28.0,-0.040000000000000036,H,AlphaHelix,-61.829999999999984,-59.75999999999999,47.0,2.0,0.0,False,False,False,False,True,False,55.555815915240146,-64.0,82.0,14.254302173206394,5.504265622675344,10.310827336129869,40.439998626708984,1.6650776123582791,0.089
352,LEV,4.0,2.0,R,HIGH,gyrA,94.0,gyrA_D94G,R,0.8646496815286624,A,D94G,-50.99999999999999,3.1,-1.2700000000000002,-58.0,3.1999999999999997,H,AlphaHelix,-58.04000000000002,-41.610000000000014,97.4,1.0,1.0,False,False,False,False,True,False,88.1550888450658,63.0,80.0,18.193077591535243,7.778978962037692,14.095745809785983,46.65999984741211,1.7333416145382428,-0.873
353,LEV,2.0,1.0,R,HIGH,gyrA,90.0,gyrA_A90V,R,0.8690476190476191,A,A90V,51.400000000000006,2.4000000000000004,-0.8600000000000001,28.0,-0.040000000000000036,H,AlphaHelix,-61.829999999999984,-59.75999999999999,47.0,2.0,0.0,False,False,False,False,True,False,55.555815915240146,-64.0,82.0,14.254302173206394,5.504265622675344,10.310827336129869,40.439998626708984,1.6650776123582791,0.089
354,LEV,2.0,1.0,R,MEDIUM,gyrA,91.0,gyrA_S91P,R,0.8524590163934426,A,S91P,23.700000000000003,-0.8,-0.64,10.0,0.6200000000000001,H,AlphaHelix,-67.14999999999998,-27.149999999999977,64.8,1.0,0.0,False,False,False,False,True,False,65.22815545163408,63.0,80.0,13.370520192722235,5.421428426386811,10.72875108867804,47.63999938964844,1.5284537092505912,-0.125
355,LEV,4.0,2.0,R,HIGH,gyrA,94.0,gyrA_D94H,R,0.9714285714285714,A,D94H,42.099999999999994,0.2999999999999998,-1.04,22.099999999999994,4.82,H,AlphaHelix,-58.04000000000002,-41.610000000000014,97.4,1.0,1.0,False,False,False,False,True,False,88.1550888450658,79.0,85.0,18.193077591535243,7.778978962037692,14.095745809785983,46.65999984741211,1.7333416145382428,-0.36
356,LEV,>8,4.0,R,HIGH,gyrA,94.0,gyrA_D94G,R,0.8646496815286624,A,D94G,-50.99999999999999,3.1,-1.2700000000000002,-58.0,3.1999999999999997,H,AlphaHelix,-58.04000000000002,-41.610000000000014,97.4,1.0,1.0,False,False,False,False,True,False,88.1550888450658,63.0,80.0,18.193077591535243,7.778978962037692,14.095745809785983,46.65999984741211,1.7333416145382428,-0.873
357,LEV,4.0,2.0,R,HIGH,gyrA,90.0,gyrA_A90V,R,0.8690476190476191,A,A90V,51.400000000000006,2.4000000000000004,-0.8600000000000001,28.0,-0.040000000000000036,H,AlphaHelix,-61.829999999999984,-59.75999999999999,47.0,2.0,0.0,False,False,False,False,True,False,55.555815915240146,-64.0,82.0,14.254302173206394,5.504265622675344,10.310827336129869,40.439998626708984,1.6650776123582791,0.089
358,LEV,2.0,1.0,R,HIGH,gyrA,90.0,gyrA_A90V,R,0.8690476190476191,A,A90V,51.400000000000006,2.4000000000000004,-0.8600000000000001,28.0,-0.040000000000000036,H,AlphaHelix,-61.829999999999984,-59.75999999999999,47.0,2.0,0.0,False,False,False,False,True,False,55.555815915240146,-64.0,82.0,14.254302173206394,5.504265622675344,10.310827336129869,40.439998626708984,1.6650776123582791,0.089
359,LEV,8.0,3.0,R,MEDIUM,gyrA,94.0,gyrA_D94G,R,0.8646496815286624,A,D94G,-50.99999999999999,3.1,-1.2700000000000002,-58.0,3.1999999999999997,H,AlphaHelix,-58.04000000000002,-41.610000000000014,97.4,1.0,1.0,False,False,False,False,True,False,88.1550888450658,63.0,80.0,18.193077591535243,7.778978962037692,14.095745809785983,46.65999984741211,1.7333416145382428,-0.873
360,LEV,8.0,3.0,R,HIGH,gyrA,94.0,gyrA_D94G,R,0.8646496815286624,A,D94G,-50.99999999999999,3.1,-1.2700000000000002,-58.0,3.1999999999999997,H,AlphaHelix,-58.04000000000002,-41.610000000000014,97.4,1.0,1.0,False,False,False,False,True,False,88.1550888450658,63.0,80.0,18.193077591535243,7.778978962037692,14.095745809785983,46.65999984741211,1.7333416145382428,-0.873
361,LEV,>8,4.0,R,HIGH,gyrA,94.0,gyrA_D94G,R,0.8646496815286624,A,D94G,-50.99999999999999,3.1,-1.2700000000000002,-58.0,3.1999999999999997,H,AlphaHelix,-58.04000000000002,-41.610000000000014,97.4,1.0,1.0,False,False,False,False,True,False,88.1550888450658,63.0,80.0,18.193077591535243,7.778978962037692,14.095745809785983,46.65999984741211,1.7333416145382428,-0.873
362,LEV,4.0,2.0,R,HIGH,gyrA,94.0,gyrA_D94G,R,0.8646496815286624,A,D94G,-50.99999999999999,3.1,-1.2700000000000002,-58.0,3.1999999999999997,H,AlphaHelix,-58.04000000000002,-41.610000000000014,97.4,1.0,1.0,False,False,False,False,True,False,88.1550888450658,63.0,80.0,18.193077591535243,7.778978962037692,14.095745809785983,46.65999984741211,1.7333416145382428,-0.873
363,LEV,0.5,-1.0,S,HIGH,gyrA,377.0,gyrA_T377I,S,1.0,A,T377I,50.599999999999994,5.2,-0.92,12.099999999999994,0.41999999999999993,H,AlphaHelix,-60.45999999999998,-42.18000000000001,2.0,1.0,1.0,False,False,False,False,True,False,2.296226438190095,28.0,63.0,40.883728641902685,43.493039581403174,48.202982472969985,59.95000076293945,2.4948907301929295,-0.633
364,LEV,2.0,1.0,R,MEDIUM,gyrA,90.0,gyrA_A90V,R,0.8690476190476191,A,A90V,51.400000000000006,2.4000000000000004,-0.8600000000000001,28.0,-0.040000000000000036,H,AlphaHelix,-61.829999999999984,-59.75999999999999,47.0,2.0,0.0,False,False,False,False,True,False,55.555815915240146,-64.0,82.0,14.254302173206394,5.504265622675344,10.310827336129869,40.439998626708984,1.6650776123582791,0.089
365,LEV,8.0,3.0,R,HIGH,gyrA,94.0,gyrA_D94G,R,0.8646496815286624,A,D94G,-50.99999999999999,3.1,-1.2700000000000002,-58.0,3.1999999999999997,H,AlphaHelix,-58.04000000000002,-41.610000000000014,97.4,1.0,1.0,False,False,False,False,True,False,88.1550888450658,63.0,80.0,18.193077591535243,7.778978962037692,14.095745809785983,46.65999984741211,1.7333416145382428,-0.873
366,LEV,8.0,3.0,R,HIGH,gyrA,90.0,gyrA_A90V,R,0.8690476190476191,A,A90V,51.400000000000006,2.4000000000000004,-0.8600000000000001,28.0,-0.040000000000000036,H,AlphaHelix,-61.829999999999984,-59.75999999999999,47.0,2.0,0.0,False,False,False,False,True,False,55.555815915240146,-64.0,82.0,14.254302173206394,5.504265622675344,10.310827336129869,40.439998626708984,1.6650776123582791,0.089
367,LEV,0.25,-2.0,S,HIGH,gyrA,119.0,gyrA_P119L,S,1.0,A,P119L,53.999999999999986,5.4,-0.37999999999999995,16.099999999999994,-0.3199999999999994,T,Turn,-64.10000000000002,-12.670000000000016,42.0,1.0,0.0,False,False,False,False,False,True,45.74417741276338,21.0,63.0,31.660196430701085,18.636132002656492,23.90610439981997,61.970001220703125,1.6752480855796388,-0.891
368,LEV,>8,4.0,R,MEDIUM,gyrA,94.0,gyrA_D94G,R,0.8646496815286624,A,D94G,-50.99999999999999,3.1,-1.2700000000000002,-58.0,3.1999999999999997,H,AlphaHelix,-58.04000000000002,-41.610000000000014,97.4,1.0,1.0,False,False,False,False,True,False,88.1550888450658,63.0,80.0,18.193077591535243,7.778978962037692,14.095745809785983,46.65999984741211,1.7333416145382428,-0.873
369,LEV,>8,4.0,R,MEDIUM,gyrA,94.0,gyrA_D94G,R,0.8646496815286624,A,D94G,-50.99999999999999,3.1,-1.2700000000000002,-58.0,3.1999999999999997,H,AlphaHelix,-58.04000000000002,-41.610000000000014,97.4,1.0,1.0,False,False,False,False,True,False,88.1550888450658,63.0,80.0,18.193077591535243,7.778978962037692,14.095745809785983,46.65999984741211,1.7333416145382428,-0.873
370,LEV,4.0,2.0,R,HIGH,gyrA,94.0,gyrA_D94Y,R,0.9285714285714286,A,D94Y,82.5,2.2,-2.18,48.099999999999994,2.89,H,AlphaHelix,-58.04000000000002,-41.610000000000014,97.4,1.0,1.0,False,False,False,False,True,False,88.1550888450658,81.0,91.0,18.193077591535243,7.778978962037692,14.095745809785983,46.65999984741211,1.7333416145382428,-0.376
371,LEV,4.0,2.0,R,HIGH,gyrA,94.0,gyrA_D94A,R,0.7951807228915663,A,D94A,-22.5,5.3,-2.08,-44.0,3.23,H,AlphaHelix,-58.04000000000002,-41.610000000000014,97.4,1.0,1.0,False,False,False,False,True,False,88.1550888450658,46.0,71.0,18.193077591535243,7.778978962037692,14.095745809785983,46.65999984741211,1.7333416145382428,-0.421
372,LEV,2.0,1.0,R,HIGH,gyrB,499.0,gyrB_N499T,R,0.6666666666666666,B,N499T,2.0,2.8,-0.32,-13.0,0.1899999999999995,C,Coil,-66.65999999999997,120.5,43.0,2.0,2.0,False,True,False,False,False,False,40.44476788590575,15.0,59.0,21.56535116421654,18.549803147347646,13.333885794815926,62.86000061035156,2.0305274785868135,-1.227
373,LEV,0.5,-1.0,S,HIGH,gyrA,477.0,gyrA_G477E,S,1.0,A,G477E,78.30000000000001,-3.1,0.4700000000000002,72.0,-2.7499999999999996,H,AlphaHelix,-63.920000000000016,-40.56999999999999,8.0,1.0,1.0,False,False,False,False,True,False,10.746012693489345,-89.0,93.0,46.33291464689615,45.73488224776428,51.02251471517349,59.06999969482422,1.68526150535633,0.735
374,LEV,0.5,-1.0,S,HIGH,gyrA,90.0,gyrA_A90V,R,0.8690476190476191,A,A90V,51.400000000000006,2.4000000000000004,-0.8600000000000001,28.0,-0.040000000000000036,H,AlphaHelix,-61.829999999999984,-59.75999999999999,47.0,2.0,0.0,False,False,False,False,True,False,55.555815915240146,-64.0,82.0,14.254302173206394,5.504265622675344,10.310827336129869,40.439998626708984,1.6650776123582791,0.089
375,LEV,0.5,-1.0,S,MEDIUM,gyrA,90.0,gyrA_A90V,R,0.8690476190476191,A,A90V,51.400000000000006,2.4000000000000004,-0.8600000000000001,28.0,-0.040000000000000036,H,AlphaHelix,-61.829999999999984,-59.75999999999999,47.0,2.0,0.0,False,False,False,False,True,False,55.555815915240146,-64.0,82.0,14.254302173206394,5.504265622675344,10.310827336129869,40.439998626708984,1.6650776123582791,0.089
376,LEV,8.0,3.0,R,HIGH,gyrA,94.0,gyrA_D94G,R,0.8646496815286624,A,D94G,-50.99999999999999,3.1,-1.2700000000000002,-58.0,3.1999999999999997,H,AlphaHelix,-58.04000000000002,-41.610000000000014,97.4,1.0,1.0,False,False,False,False,True,False,88.1550888450658,63.0,80.0,18.193077591535243,7.778978962037692,14.095745809785983,46.65999984741211,1.7333416145382428,-0.873
377,LEV,0.5,-1.0,S,MEDIUM,gyrA,90.0,gyrA_A90V,R,0.8690476190476191,A,A90V,51.400000000000006,2.4000000000000004,-0.8600000000000001,28.0,-0.040000000000000036,H,AlphaHelix,-61.829999999999984,-59.75999999999999,47.0,2.0,0.0,False,False,False,False,True,False,55.555815915240146,-64.0,82.0,14.254302173206394,5.504265622675344,10.310827336129869,40.439998626708984,1.6650776123582791,0.089
378,LEV,0.25,-2.0,S,HIGH,gyrA,472.0,gyrA_P472S,S,1.0,A,P472S,-23.700000000000003,0.8,0.64,-10.0,-0.6200000000000001,H,AlphaHelix,-59.70999999999998,-28.170000000000016,71.0,1.0,0.0,False,False,False,False,True,False,78.73791501370572,-68.0,82.0,46.353130855468216,48.26749325282632,52.90519851328242,69.8499984741211,1.6707895195538032,-1.116
379,LEV,0.5,-1.0,S,MEDIUM,gyrA,90.0,gyrA_A90V,R,0.8690476190476191,A,A90V,51.400000000000006,2.4000000000000004,-0.8600000000000001,28.0,-0.040000000000000036,H,AlphaHelix,-61.829999999999984,-59.75999999999999,47.0,2.0,0.0,False,False,False,False,True,False,55.555815915240146,-64.0,82.0,14.254302173206394,5.504265622675344,10.310827336129869,40.439998626708984,1.6650776123582791,0.089
380,LEV,4.0,2.0,R,HIGH,gyrA,94.0,gyrA_D94N,R,0.8592592592592593,A,D94N,3.0,0.0,-1.9800000000000002,-1.0,2.64,H,AlphaHelix,-58.04000000000002,-41.610000000000014,97.4,1.0,1.0,False,False,False,False,True,False,88.1550888450658,56.0,75.0,18.193077591535243,7.778978962037692,14.095745809785983,46.65999984741211,1.7333416145382428,-0.347
381,LEV,8.0,3.0,R,HIGH,gyrA,94.0,gyrA_D94G,R,0.8646496815286624,A,D94G,-50.99999999999999,3.1,-1.2700000000000002,-58.0,3.1999999999999997,H,AlphaHelix,-58.04000000000002,-41.610000000000014,97.4,1.0,1.0,False,False,False,False,True,False,88.1550888450658,63.0,80.0,18.193077591535243,7.778978962037692,14.095745809785983,46.65999984741211,1.7333416145382428,-0.873
382,LEV,8.0,3.0,R,HIGH,gyrA,94.0,gyrA_D94G,R,0.8646496815286624,A,D94G,-50.99999999999999,3.1,-1.2700000000000002,-58.0,3.1999999999999997,H,AlphaHelix,-58.04000000000002,-41.610000000000014,97.4,1.0,1.0,False,False,False,False,True,False,88.1550888450658,63.0,80.0,18.193077591535243,7.778978962037692,14.095745809785983,46.65999984741211,1.7333416145382428,-0.873
383,LEV,2.0,1.0,R,MEDIUM,gyrA,94.0,gyrA_D94G,R,0.8646496815286624,A,D94G,-50.99999999999999,3.1,-1.2700000000000002,-58.0,3.1999999999999997,H,AlphaHelix,-58.04000000000002,-41.610000000000014,97.4,1.0,1.0,False,False,False,False,True,False,88.1550888450658,63.0,80.0,18.193077591535243,7.778978962037692,14.095745809785983,46.65999984741211,1.7333416145382428,-0.873
384,LEV,4.0,2.0,R,MEDIUM,gyrA,94.0,gyrA_D94G,R,0.8646496815286624,A,D94G,-50.99999999999999,3.1,-1.2700000000000002,-58.0,3.1999999999999997,H,AlphaHelix,-58.04000000000002,-41.610000000000014,97.4,1.0,1.0,False,False,False,False,True,False,88.1550888450658,63.0,80.0,18.193077591535243,7.778978962037692,14.095745809785983,46.65999984741211,1.7333416145382428,-0.873
385,LEV,8.0,3.0,R,MEDIUM,gyrA,94.0,gyrA_D94G,R,0.8646496815286624,A,D94G,-50.99999999999999,3.1,-1.2700000000000002,-58.0,3.1999999999999997,H,AlphaHelix,-58.04000000000002,-41.610000000000014,97.4,1.0,1.0,False,False,False,False,True,False,88.1550888450658,63.0,80.0,18.193077591535243,7.778978962037692,14.095745809785983,46.65999984741211,1.7333416145382428,-0.873
386,LEV,4.0,2.0,R,HIGH,gyrB,643.0,gyrB_A643D,R,1.0,B,A643D,22.5,-5.3,2.08,44.0,-3.23,H,AlphaHelix,-66.98000000000002,-37.76999999999998,18.8,1.0,0.0,False,False,False,False,True,False,28.10002987448078,-45.0,72.0,29.945974373021315,37.46466137246297,34.33803053516603,66.9000015258789,1.6207888338128054,-0.75
387,LEV,8.0,3.0,R,HIGH,gyrA,94.0,gyrA_D94G,R,0.8646496815286624,A,D94G,-50.99999999999999,3.1,-1.2700000000000002,-58.0,3.1999999999999997,H,AlphaHelix,-58.04000000000002,-41.610000000000014,97.4,1.0,1.0,False,False,False,False,True,False,88.1550888450658,63.0,80.0,18.193077591535243,7.778978962037692,14.095745809785983,46.65999984741211,1.7333416145382428,-0.873
388,LEV,>8,4.0,R,HIGH,gyrA,94.0,gyrA_D94G,R,0.8646496815286624,A,D94G,-50.99999999999999,3.1,-1.2700000000000002,-58.0,3.1999999999999997,H,AlphaHelix,-58.04000000000002,-41.610000000000014,97.4,1.0,1.0,False,False,False,False,True,False,88.1550888450658,63.0,80.0,18.193077591535243,7.778978962037692,14.095745809785983,46.65999984741211,1.7333416145382428,-0.873
389,LEV,4.0,2.0,R,HIGH,gyrA,94.0,gyrA_D94G,R,0.8646496815286624,A,D94G,-50.99999999999999,3.1,-1.2700000000000002,-58.0,3.1999999999999997,H,AlphaHelix,-58.04000000000002,-41.610000000000014,97.4,1.0,1.0,False,False,False,False,True,False,88.1550888450658,63.0,80.0,18.193077591535243,7.778978962037692,14.095745809785983,46.65999984741211,1.7333416145382428,-0.873
390,LEV,>8,4.0,R,HIGH,gyrA,94.0,gyrA_D94G,R,0.8646496815286624,A,D94G,-50.99999999999999,3.1,-1.2700000000000002,-58.0,3.1999999999999997,H,AlphaHelix,-58.04000000000002,-41.610000000000014,97.4,1.0,1.0,False,False,False,False,True,False,88.1550888450658,63.0,80.0,18.193077591535243,7.778978962037692,14.095745809785983,46.65999984741211,1.7333416145382428,-0.873
391,LEV,<=0.12,-3.06,S,HIGH,gyrA,317.0,gyrA_E317G,S,1.0,A,E317G,-78.30000000000001,3.1,-0.4700000000000002,-72.0,2.7499999999999996,E,Strand,-72.92000000000002,126.97,36.7,2.0,1.0,False,False,True,False,False,False,34.618169071089426,-11.0,57.0,52.4803591947336,38.93061540470675,42.239009302305305,83.0199966430664,2.0955377099632146,-2.756
392,LEV,4.0,2.0,R,HIGH,gyrA,94.0,gyrA_D94G,R,0.8646496815286624,A,D94G,-50.99999999999999,3.1,-1.2700000000000002,-58.0,3.1999999999999997,H,AlphaHelix,-58.04000000000002,-41.610000000000014,97.4,1.0,1.0,False,False,False,False,True,False,88.1550888450658,63.0,80.0,18.193077591535243,7.778978962037692,14.095745809785983,46.65999984741211,1.7333416145382428,-0.873
393,LEV,4.0,2.0,R,HIGH,gyrA,94.0,gyrA_D94G,R,0.8646496815286624,A,D94G,-50.99999999999999,3.1,-1.2700000000000002,-58.0,3.1999999999999997,H,AlphaHelix,-58.04000000000002,-41.610000000000014,97.4,1.0,1.0,False,False,False,False,True,False,88.1550888450658,63.0,80.0,18.193077591535243,7.778978962037692,14.095745809785983,46.65999984741211,1.7333416145382428,-0.873
394,LEV,4.0,2.0,R,MEDIUM,gyrA,94.0,gyrA_D94G,R,0.8646496815286624,A,D94G,-50.99999999999999,3.1,-1.2700000000000002,-58.0,3.1999999999999997,H,AlphaHelix,-58.04000000000002,-41.610000000000014,97.4,1.0,1.0,False,False,False,False,True,False,88.1550888450658,63.0,80.0,18.193077591535243,7.778978962037692,14.095745809785983,46.65999984741211,1.7333416145382428,-0.873
395,LEV,2.0,1.0,R,HIGH,gyrA,90.0,gyrA_A90V,R,0.8690476190476191,A,A90V,51.400000000000006,2.4000000000000004,-0.8600000000000001,28.0,-0.040000000000000036,H,AlphaHelix,-61.829999999999984,-59.75999999999999,47.0,2.0,0.0,False,False,False,False,True,False,55.555815915240146,-64.0,82.0,14.254302173206394,5.504265622675344,10.310827336129869,40.439998626708984,1.6650776123582791,0.089
396,LEV,1.0,0.0,S,HIGH,gyrA,90.0,gyrA_A90V,R,0.8690476190476191,A,A90V,51.400000000000006,2.4000000000000004,-0.8600000000000001,28.0,-0.040000000000000036,H,AlphaHelix,-61.829999999999984,-59.75999999999999,47.0,2.0,0.0,False,False,False,False,True,False,55.555815915240146,-64.0,82.0,14.254302173206394,5.504265622675344,10.310827336129869,40.439998626708984,1.6650776123582791,0.089
397,LEV,4.0,2.0,R,HIGH,gyrA,94.0,gyrA_D94A,R,0.7951807228915663,A,D94A,-22.5,5.3,-2.08,-44.0,3.23,H,AlphaHelix,-58.04000000000002,-41.610000000000014,97.4,1.0,1.0,False,False,False,False,True,False,88.1550888450658,46.0,71.0,18.193077591535243,7.778978962037692,14.095745809785983,46.65999984741211,1.7333416145382428,-0.421
398,LEV,2.0,1.0,R,HIGH,gyrA,90.0,gyrA_A90V,R,0.8690476190476191,A,A90V,51.400000000000006,2.4000000000000004,-0.8600000000000001,28.0,-0.040000000000000036,H,AlphaHelix,-61.829999999999984,-59.75999999999999,47.0,2.0,0.0,False,False,False,False,True,False,55.555815915240146,-64.0,82.0,14.254302173206394,5.504265622675344,10.310827336129869,40.439998626708984,1.6650776123582791,0.089
399,LEV,1.0,0.0,S,HIGH,gyrA,392.0,gyrA_R392H,S,1.0,A,R392H,-20.200000000000017,1.2999999999999998,0.3700000000000001,-19.0,-3.17,H,AlphaHelix,-59.74000000000001,-36.639999999999986,95.2,1.0,1.0,False,False,False,False,True,False,97.37623864112679,-5.0,53.0,55.3304927582606,59.488835730233525,63.84473722913729,86.63999938964844,1.7504079168193583,-1.161
400,LEV,1.0,0.0,S,HIGH,gyrB,446.0,gyrB_R446C,S,1.0,B,R446C,-64.9,7.0,-0.78,-52.999999999999986,-5.6899999999999995,C,Coil,-102.64999999999998,-28.920000000000016,47.7,0.0,2.0,False,True,False,False,False,False,48.145590821945774,28.0,63.0,29.585668854735626,35.658436254280595,29.76362930063906,77.33999633789062,1.8834134115420547,-0.926
401,LEV,0.25,-2.0,S,HIGH,gyrB,604.0,gyrB_E604V,S,1.0,B,E604V,1.5999999999999943,7.7,-2.14,-30.0,2.7399999999999998,T,Turn,-101.40999999999997,-72.13999999999999,101.2,0.0,0.0,False,False,False,False,False,True,97.10119911205513,-22.0,61.0,24.11445980774761,33.32205101847502,34.35600687284181,107.1500015258789,1.571605053589951,0.184
402,LEV,>8,4.0,R,HIGH,gyrB,501.0,gyrB_E501D,S,0.6428571428571429,B,E501D,-27.30000000000001,0.0,0.8,-14.0,-0.4500000000000002,H,AlphaHelix,-71.87,-38.54000000000002,13.6,2.0,0.0,False,False,False,False,True,False,15.369778026626971,78.0,85.0,17.92544384842089,17.867526289070224,11.782093492314347,63.0099983215332,2.23399611625198,-2.507
403,LEV,2.0,1.0,R,HIGH,gyrA,90.0,gyrA_A90V,R,0.8690476190476191,A,A90V,51.400000000000006,2.4000000000000004,-0.8600000000000001,28.0,-0.040000000000000036,H,AlphaHelix,-61.829999999999984,-59.75999999999999,47.0,2.0,0.0,False,False,False,False,True,False,55.555815915240146,-64.0,82.0,14.254302173206394,5.504265622675344,10.310827336129869,40.439998626708984,1.6650776123582791,0.089
404,LEV,2.0,1.0,R,MEDIUM,gyrA,90.0,gyrA_A90V,R,0.8690476190476191,A,A90V,51.400000000000006,2.4000000000000004,-0.8600000000000001,28.0,-0.040000000000000036,H,AlphaHelix,-61.829999999999984,-59.75999999999999,47.0,2.0,0.0,False,False,False,False,True,False,55.555815915240146,-64.0,82.0,14.254302173206394,5.504265622675344,10.310827336129869,40.439998626708984,1.6650776123582791,0.089
405,LEV,4.0,2.0,R,MEDIUM,gyrA,90.0,gyrA_A90V,R,0.8690476190476191,A,A90V,51.400000000000006,2.4000000000000004,-0.8600000000000001,28.0,-0.040000000000000036,H,AlphaHelix,-61.829999999999984,-59.75999999999999,47.0,2.0,0.0,False,False,False,False,True,False,55.555815915240146,-64.0,82.0,14.254302173206394,5.504265622675344,10.310827336129869,40.439998626708984,1.6650776123582791,0.089
406,LEV,4.0,2.0,R,HIGH,gyrA,90.0,gyrA_A90V,R,0.8690476190476191,A,A90V,51.400000000000006,2.4000000000000004,-0.8600000000000001,28.0,-0.040000000000000036,H,AlphaHelix,-61.829999999999984,-59.75999999999999,47.0,2.0,0.0,False,False,False,False,True,False,55.555815915240146,-64.0,82.0,14.254302173206394,5.504265622675344,10.310827336129869,40.439998626708984,1.6650776123582791,0.089
407,LEV,4.0,2.0,R,MEDIUM,gyrA,94.0,gyrA_D94G,R,0.8646496815286624,A,D94G,-50.99999999999999,3.1,-1.2700000000000002,-58.0,3.1999999999999997,H,AlphaHelix,-58.04000000000002,-41.610000000000014,97.4,1.0,1.0,False,False,False,False,True,False,88.1550888450658,63.0,80.0,18.193077591535243,7.778978962037692,14.095745809785983,46.65999984741211,1.7333416145382428,-0.873
408,LEV,2.0,1.0,R,HIGH,gyrA,90.0,gyrA_A90V,R,0.8690476190476191,A,A90V,51.400000000000006,2.4000000000000004,-0.8600000000000001,28.0,-0.040000000000000036,H,AlphaHelix,-61.829999999999984,-59.75999999999999,47.0,2.0,0.0,False,False,False,False,True,False,55.555815915240146,-64.0,82.0,14.254302173206394,5.504265622675344,10.310827336129869,40.439998626708984,1.6650776123582791,0.089
409,LEV,0.5,-1.0,S,MEDIUM,gyrA,94.0,gyrA_D94G,R,0.8646496815286624,A,D94G,-50.99999999999999,3.1,-1.2700000000000002,-58.0,3.1999999999999997,H,AlphaHelix,-58.04000000000002,-41.610000000000014,97.4,1.0,1.0,False,False,False,False,True,False,88.1550888450658,63.0,80.0,18.193077591535243,7.778978962037692,14.095745809785983,46.65999984741211,1.7333416145382428,-0.873
410,LEV,4.0,2.0,R,HIGH,gyrA,94.0,gyrA_D94Y,R,0.9285714285714286,A,D94Y,82.5,2.2,-2.18,48.099999999999994,2.89,H,AlphaHelix,-58.04000000000002,-41.610000000000014,97.4,1.0,1.0,False,False,False,False,True,False,88.1550888450658,81.0,91.0,18.193077591535243,7.778978962037692,14.095745809785983,46.65999984741211,1.7333416145382428,-0.376
411,LEV,>8,4.0,R,MEDIUM,gyrA,94.0,gyrA_D94G,R,0.8646496815286624,A,D94G,-50.99999999999999,3.1,-1.2700000000000002,-58.0,3.1999999999999997,H,AlphaHelix,-58.04000000000002,-41.610000000000014,97.4,1.0,1.0,False,False,False,False,True,False,88.1550888450658,63.0,80.0,18.193077591535243,7.778978962037692,14.095745809785983,46.65999984741211,1.7333416145382428,-0.873
412,LEV,4.0,2.0,R,HIGH,gyrA,94.0,gyrA_D94G,R,0.8646496815286624,A,D94G,-50.99999999999999,3.1,-1.2700000000000002,-58.0,3.1999999999999997,H,AlphaHelix,-58.04000000000002,-41.610000000000014,97.4,1.0,1.0,False,False,False,False,True,False,88.1550888450658,63.0,80.0,18.193077591535243,7.778978962037692,14.095745809785983,46.65999984741211,1.7333416145382428,-0.873
413,LEV,4.0,2.0,R,HIGH,gyrA,94.0,gyrA_D94A,R,0.7951807228915663,A,D94A,-22.5,5.3,-2.08,-44.0,3.23,H,AlphaHelix,-58.04000000000002,-41.610000000000014,97.4,1.0,1.0,False,False,False,False,True,False,88.1550888450658,46.0,71.0,18.193077591535243,7.778978962037692,14.095745809785983,46.65999984741211,1.7333416145382428,-0.421
414,LEV,8.0,3.0,R,MEDIUM,gyrA,94.0,gyrA_D94G,R,0.8646496815286624,A,D94G,-50.99999999999999,3.1,-1.2700000000000002,-58.0,3.1999999999999997,H,AlphaHelix,-58.04000000000002,-41.610000000000014,97.4,1.0,1.0,False,False,False,False,True,False,88.1550888450658,63.0,80.0,18.193077591535243,7.778978962037692,14.095745809785983,46.65999984741211,1.7333416145382428,-0.873
415,LEV,0.5,-1.0,S,HIGH,gyrB,446.0,gyrB_R446C,S,1.0,B,R446C,-64.9,7.0,-0.78,-52.999999999999986,-5.6899999999999995,C,Coil,-102.64999999999998,-28.920000000000016,47.7,0.0,2.0,False,True,False,False,False,False,48.145590821945774,28.0,63.0,29.585668854735626,35.658436254280595,29.76362930063906,77.33999633789062,1.8834134115420547,-0.926
416,LEV,0.25,-2.0,S,MEDIUM,gyrB,447.0,gyrB_S447F,S,0.5714285714285714,B,S447F,100.9,3.5999999999999996,-0.9099999999999999,60.099999999999994,-0.1999999999999993,C,Coil,-66.01999999999998,127.78,10.3,0.0,1.0,False,True,False,False,False,False,7.650214361327759,35.0,66.0,30.986926496507703,37.926884539701504,31.95516280373057,76.79000091552734,2.2854008237144825,-0.561
417,LEV,4.0,2.0,R,MEDIUM,gyrA,94.0,gyrA_D94Y,R,0.9285714285714286,A,D94Y,82.5,2.2,-2.18,48.099999999999994,2.89,H,AlphaHelix,-58.04000000000002,-41.610000000000014,97.4,1.0,1.0,False,False,False,False,True,False,88.1550888450658,81.0,91.0,18.193077591535243,7.778978962037692,14.095745809785983,46.65999984741211,1.7333416145382428,-0.376
418,LEV,2.0,1.0,R,MEDIUM,gyrA,94.0,gyrA_D94A,R,0.7951807228915663,A,D94A,-22.5,5.3,-2.08,-44.0,3.23,H,AlphaHelix,-58.04000000000002,-41.610000000000014,97.4,1.0,1.0,False,False,False,False,True,False,88.1550888450658,46.0,71.0,18.193077591535243,7.778978962037692,14.095745809785983,46.65999984741211,1.7333416145382428,-0.421
419,LEV,4.0,2.0,R,HIGH,gyrB,501.0,gyrB_E501D,S,0.6428571428571429,B,E501D,-27.30000000000001,0.0,0.8,-14.0,-0.4500000000000002,H,AlphaHelix,-71.87,-38.54000000000002,13.6,2.0,0.0,False,False,False,False,True,False,15.369778026626971,78.0,85.0,17.92544384842089,17.867526289070224,11.782093492314347,63.0099983215332,2.23399611625198,-2.507
420,LEV,8.0,3.0,R,HIGH,gyrA,94.0,gyrA_D94H,R,0.9714285714285714,A,D94H,42.099999999999994,0.2999999999999998,-1.04,22.099999999999994,4.82,H,AlphaHelix,-58.04000000000002,-41.610000000000014,97.4,1.0,1.0,False,False,False,False,True,False,88.1550888450658,79.0,85.0,18.193077591535243,7.778978962037692,14.095745809785983,46.65999984741211,1.7333416145382428,-0.36
421,LEV,>8,4.0,R,HIGH,gyrA,94.0,gyrA_D94H,R,0.9714285714285714,A,D94H,42.099999999999994,0.2999999999999998,-1.04,22.099999999999994,4.82,H,AlphaHelix,-58.04000000000002,-41.610000000000014,97.4,1.0,1.0,False,False,False,False,True,False,88.1550888450658,79.0,85.0,18.193077591535243,7.778978962037692,14.095745809785983,46.65999984741211,1.7333416145382428,-0.36
422,LEV,0.5,-1.0,S,MEDIUM,gyrB,576.0,gyrB_S576G,S,1.0,B,S576G,-28.9,0.4,0.8099999999999998,-30.0,0.29000000000000004,T,Turn,-87.82,165.99,48.2,0.0,0.0,False,False,False,False,False,True,42.3535160540792,-47.0,72.0,29.608149723792813,41.81763007114173,40.289767046718374,79.62000274658203,1.7504695491044315,-0.072
423,LEV,8.0,3.0,R,HIGH,gyrA,94.0,gyrA_D94G,R,0.8646496815286624,A,D94G,-50.99999999999999,3.1,-1.2700000000000002,-58.0,3.1999999999999997,H,AlphaHelix,-58.04000000000002,-41.610000000000014,97.4,1.0,1.0,False,False,False,False,True,False,88.1550888450658,63.0,80.0,18.193077591535243,7.778978962037692,14.095745809785983,46.65999984741211,1.7333416145382428,-0.873
424,LEV,8.0,3.0,R,HIGH,gyrA,94.0,gyrA_D94G,R,0.8646496815286624,A,D94G,-50.99999999999999,3.1,-1.2700000000000002,-58.0,3.1999999999999997,H,AlphaHelix,-58.04000000000002,-41.610000000000014,97.4,1.0,1.0,False,False,False,False,True,False,88.1550888450658,63.0,80.0,18.193077591535243,7.778978962037692,14.095745809785983,46.65999984741211,1.7333416145382428,-0.873
425,LEV,4.0,2.0,R,HIGH,gyrA,94.0,gyrA_D94G,R,0.8646496815286624,A,D94G,-50.99999999999999,3.1,-1.2700000000000002,-58.0,3.1999999999999997,H,AlphaHelix,-58.04000000000002,-41.610000000000014,97.4,1.0,1.0,False,False,False,False,True,False,88.1550888450658,63.0,80.0,18.193077591535243,7.778978962037692,14.095745809785983,46.65999984741211,1.7333416145382428,-0.873
426,LEV,4.0,2.0,R,MEDIUM,gyrA,94.0,gyrA_D94G,R,0.8646496815286624,A,D94G,-50.99999999999999,3.1,-1.2700000000000002,-58.0,3.1999999999999997,H,AlphaHelix,-58.04000000000002,-41.610000000000014,97.4,1.0,1.0,False,False,False,False,True,False,88.1550888450658,63.0,80.0,18.193077591535243,7.778978962037692,14.095745809785983,46.65999984741211,1.7333416145382428,-0.873
427,LEV,4.0,2.0,R,HIGH,gyrA,90.0,gyrA_A90V,R,0.8690476190476191,A,A90V,51.400000000000006,2.4000000000000004,-0.8600000000000001,28.0,-0.040000000000000036,H,AlphaHelix,-61.829999999999984,-59.75999999999999,47.0,2.0,0.0,False,False,False,False,True,False,55.555815915240146,-64.0,82.0,14.254302173206394,5.504265622675344,10.310827336129869,40.439998626708984,1.6650776123582791,0.089
428,LEV,>8,4.0,R,HIGH,gyrA,94.0,gyrA_D94N,R,0.8592592592592593,A,D94N,3.0,0.0,-1.9800000000000002,-1.0,2.64,H,AlphaHelix,-58.04000000000002,-41.610000000000014,97.4,1.0,1.0,False,False,False,False,True,False,88.1550888450658,56.0,75.0,18.193077591535243,7.778978962037692,14.095745809785983,46.65999984741211,1.7333416145382428,-0.347
429,LEV,0.25,-2.0,S,HIGH,gyrA,267.0,gyrA_T267I,S,0.9166666666666666,A,T267I,50.599999999999994,5.2,-0.92,12.099999999999994,0.41999999999999993,E,Strand,-110.84,147.57,41.6,1.0,0.0,False,False,True,False,False,False,44.1202990107675,-63.0,82.0,57.16622537844849,43.89582496101522,47.524606108481976,101.37999725341797,1.7631484448394852,-0.037
430,LEV,8.0,3.0,R,HIGH,gyrA,94.0,gyrA_D94G,R,0.8646496815286624,A,D94G,-50.99999999999999,3.1,-1.2700000000000002,-58.0,3.1999999999999997,H,AlphaHelix,-58.04000000000002,-41.610000000000014,97.4,1.0,1.0,False,False,False,False,True,False,88.1550888450658,63.0,80.0,18.193077591535243,7.778978962037692,14.095745809785983,46.65999984741211,1.7333416145382428,-0.873
431,LEV,8.0,3.0,R,MEDIUM,gyrA,94.0,gyrA_D94A,R,0.7951807228915663,A,D94A,-22.5,5.3,-2.08,-44.0,3.23,H,AlphaHelix,-58.04000000000002,-41.610000000000014,97.4,1.0,1.0,False,False,False,False,True,False,88.1550888450658,46.0,71.0,18.193077591535243,7.778978962037692,14.095745809785983,46.65999984741211,1.7333416145382428,-0.421
432,LEV,1.0,0.0,S,MEDIUM,gyrB,504.0,gyrB_A504V,S,0.75,B,A504V,51.400000000000006,2.4000000000000004,-0.8600000000000001,28.0,-0.040000000000000036,H,AlphaHelix,-59.64999999999998,-42.079999999999984,10.1,1.0,2.0,False,False,False,False,True,False,11.414866074723719,5.0,53.0,21.211827405565348,22.366103894088535,16.05940631511001,54.0,2.050575642556502,-0.618
433,LEV,0.25,-2.0,S,HIGH,gyrA,215.0,gyrA_T215A,S,1.0,A,T215A,-27.5,2.5,0.22000000000000003,-30.0,0.40000000000000036,H,AlphaHelix,-64.38999999999999,-39.81999999999999,0.0,1.0,1.0,False,False,False,False,True,False,0.2932165590971182,-32.0,66.0,44.38135784093864,43.135969029964365,47.45032969425729,56.40999984741211,3.3075470381896923,-0.209
434,LEV,8.0,3.0,R,HIGH,gyrA,94.0,gyrA_D94G,R,0.8646496815286624,A,D94G,-50.99999999999999,3.1,-1.2700000000000002,-58.0,3.1999999999999997,H,AlphaHelix,-58.04000000000002,-41.610000000000014,97.4,1.0,1.0,False,False,False,False,True,False,88.1550888450658,63.0,80.0,18.193077591535243,7.778978962037692,14.095745809785983,46.65999984741211,1.7333416145382428,-0.873
435,LEV,4.0,2.0,R,HIGH,gyrA,94.0,gyrA_D94G,R,0.8646496815286624,A,D94G,-50.99999999999999,3.1,-1.2700000000000002,-58.0,3.1999999999999997,H,AlphaHelix,-58.04000000000002,-41.610000000000014,97.4,1.0,1.0,False,False,False,False,True,False,88.1550888450658,63.0,80.0,18.193077591535243,7.778978962037692,14.095745809785983,46.65999984741211,1.7333416145382428,-0.873
436,LEV,1.0,0.0,S,HIGH,gyrA,193.0,gyrA_N193S,S,1.0,A,N193S,-25.099999999999994,2.7,-0.09999999999999998,-27.0,0.2699999999999996,C,Coil,-78.75,123.63,5.4,2.0,0.0,False,True,False,False,False,False,3.9785882839510753,-22.0,61.0,38.286532913756595,31.644021592511656,37.267766220385276,50.119998931884766,3.1142630176941593,-1.229
437,LEV,4.0,2.0,R,HIGH,gyrA,90.0,gyrA_A90V,R,0.8690476190476191,A,A90V,51.400000000000006,2.4000000000000004,-0.8600000000000001,28.0,-0.040000000000000036,H,AlphaHelix,-61.829999999999984,-59.75999999999999,47.0,2.0,0.0,False,False,False,False,True,False,55.555815915240146,-64.0,82.0,14.254302173206394,5.504265622675344,10.310827336129869,40.439998626708984,1.6650776123582791,0.089
438,LEV,4.0,2.0,R,MEDIUM,gyrA,94.0,gyrA_D94G,R,0.8646496815286624,A,D94G,-50.99999999999999,3.1,-1.2700000000000002,-58.0,3.1999999999999997,H,AlphaHelix,-58.04000000000002,-41.610000000000014,97.4,1.0,1.0,False,False,False,False,True,False,88.1550888450658,63.0,80.0,18.193077591535243,7.778978962037692,14.095745809785983,46.65999984741211,1.7333416145382428,-0.873
439,LEV,4.0,2.0,R,HIGH,gyrA,94.0,gyrA_D94G,R,0.8646496815286624,A,D94G,-50.99999999999999,3.1,-1.2700000000000002,-58.0,3.1999999999999997,H,AlphaHelix,-58.04000000000002,-41.610000000000014,97.4,1.0,1.0,False,False,False,False,True,False,88.1550888450658,63.0,80.0,18.193077591535243,7.778978962037692,14.095745809785983,46.65999984741211,1.7333416145382428,-0.873
440,LEV,8.0,3.0,R,HIGH,gyrA,94.0,gyrA_D94G,R,0.8646496815286624,A,D94G,-50.99999999999999,3.1,-1.2700000000000002,-58.0,3.1999999999999997,H,AlphaHelix,-58.04000000000002,-41.610000000000014,97.4,1.0,1.0,False,False,False,False,True,False,88.1550888450658,63.0,80.0,18.193077591535243,7.778978962037692,14.095745809785983,46.65999984741211,1.7333416145382428,-0.873
441,LEV,0.5,-1.0,S,HIGH,gyrB,526.0,gyrB_K526Q,S,1.0,B,K526Q,-24.799999999999983,0.3999999999999999,-1.62,0.0,-4.09,E,Strand,-131.07,113.53,54.1,1.0,0.0,False,False,True,False,False,False,50.172912107654724,47.0,71.0,23.62352624416352,33.06479300547908,27.503444561721906,67.94999694824219,2.157108657991182,-0.445
442,LEV,4.0,2.0,R,MEDIUM,gyrA,94.0,gyrA_D94G,R,0.8646496815286624,A,D94G,-50.99999999999999,3.1,-1.2700000000000002,-58.0,3.1999999999999997,H,AlphaHelix,-58.04000000000002,-41.610000000000014,97.4,1.0,1.0,False,False,False,False,True,False,88.1550888450658,63.0,80.0,18.193077591535243,7.778978962037692,14.095745809785983,46.65999984741211,1.7333416145382428,-0.873
443,LEV,0.25,-2.0,S,HIGH,gyrB,499.0,gyrB_N499S,S,1.0,B,N499S,-25.099999999999994,2.7,-0.09999999999999998,-27.0,0.2699999999999996,C,Coil,-66.65999999999997,120.5,43.0,2.0,2.0,False,True,False,False,False,False,40.44476788590575,-33.0,66.0,21.56535116421654,18.549803147347646,13.333885794815926,62.86000061035156,2.0305274785868135,-0.746
444,LEV,0.25,-2.0,S,HIGH,gyrB,434.0,gyrB_D434H,S,1.0,B,D434H,42.099999999999994,0.2999999999999998,-1.04,22.099999999999994,4.82,,,,,,,,,,,,,,0.0,47.0,71.0,,,,,,
445,LEV,4.0,2.0,R,HIGH,gyrA,94.0,gyrA_D94G,R,0.8646496815286624,A,D94G,-50.99999999999999,3.1,-1.2700000000000002,-58.0,3.1999999999999997,H,AlphaHelix,-58.04000000000002,-41.610000000000014,97.4,1.0,1.0,False,False,False,False,True,False,88.1550888450658,63.0,80.0,18.193077591535243,7.778978962037692,14.095745809785983,46.65999984741211,1.7333416145382428,-0.873
446,LEV,>8,4.0,R,HIGH,gyrA,94.0,gyrA_D94N,R,0.8592592592592593,A,D94N,3.0,0.0,-1.9800000000000002,-1.0,2.64,H,AlphaHelix,-58.04000000000002,-41.610000000000014,97.4,1.0,1.0,False,False,False,False,True,False,88.1550888450658,56.0,75.0,18.193077591535243,7.778978962037692,14.095745809785983,46.65999984741211,1.7333416145382428,-0.347
447,LEV,0.5,-1.0,S,HIGH,gyrA,193.0,gyrA_N193S,S,1.0,A,N193S,-25.099999999999994,2.7,-0.09999999999999998,-27.0,0.2699999999999996,C,Coil,-78.75,123.63,5.4,2.0,0.0,False,True,False,False,False,False,3.9785882839510753,-22.0,61.0,38.286532913756595,31.644021592511656,37.267766220385276,50.119998931884766,3.1142630176941593,-1.229
448,LEV,1.0,0.0,S,MEDIUM,gyrA,94.0,gyrA_D94G,R,0.8646496815286624,A,D94G,-50.99999999999999,3.1,-1.2700000000000002,-58.0,3.1999999999999997,H,AlphaHelix,-58.04000000000002,-41.610000000000014,97.4,1.0,1.0,False,False,False,False,True,False,88.1550888450658,63.0,80.0,18.193077591535243,7.778978962037692,14.095745809785983,46.65999984741211,1.7333416145382428,-0.873
449,LEV,4.0,2.0,R,MEDIUM,gyrA,91.0,gyrA_S91P,R,0.8524590163934426,A,S91P,23.700000000000003,-0.8,-0.64,10.0,0.6200000000000001,H,AlphaHelix,-67.14999999999998,-27.149999999999977,64.8,1.0,0.0,False,False,False,False,True,False,65.22815545163408,63.0,80.0,13.370520192722235,5.421428426386811,10.72875108867804,47.63999938964844,1.5284537092505912,-0.125
450,LEV,1.0,0.0,S,MEDIUM,gyrA,94.0,gyrA_D94G,R,0.8646496815286624,A,D94G,-50.99999999999999,3.1,-1.2700000000000002,-58.0,3.1999999999999997,H,AlphaHelix,-58.04000000000002,-41.610000000000014,97.4,1.0,1.0,False,False,False,False,True,False,88.1550888450658,63.0,80.0,18.193077591535243,7.778978962037692,14.095745809785983,46.65999984741211,1.7333416145382428,-0.873
451,LEV,4.0,2.0,R,HIGH,gyrA,94.0,gyrA_D94Y,R,0.9285714285714286,A,D94Y,82.5,2.2,-2.18,48.099999999999994,2.89,H,AlphaHelix,-58.04000000000002,-41.610000000000014,97.4,1.0,1.0,False,False,False,False,True,False,88.1550888450658,81.0,91.0,18.193077591535243,7.778978962037692,14.095745809785983,46.65999984741211,1.7333416145382428,-0.376
452,LEV,2.0,1.0,R,MEDIUM,gyrA,90.0,gyrA_A90V,R,0.8690476190476191,A,A90V,51.400000000000006,2.4000000000000004,-0.8600000000000001,28.0,-0.040000000000000036,H,AlphaHelix,-61.829999999999984,-59.75999999999999,47.0,2.0,0.0,False,False,False,False,True,False,55.555815915240146,-64.0,82.0,14.254302173206394,5.504265622675344,10.310827336129869,40.439998626708984,1.6650776123582791,0.089
453,LEV,>8,4.0,R,HIGH,gyrA,90.0,gyrA_A90V,R,0.8690476190476191,A,A90V,51.400000000000006,2.4000000000000004,-0.8600000000000001,28.0,-0.040000000000000036,H,AlphaHelix,-61.829999999999984,-59.75999999999999,47.0,2.0,0.0,False,False,False,False,True,False,55.555815915240146,-64.0,82.0,14.254302173206394,5.504265622675344,10.310827336129869,40.439998626708984,1.6650776123582791,0.089
454,LEV,1.0,0.0,S,HIGH,gyrB,501.0,gyrB_E501D,S,0.6428571428571429,B,E501D,-27.30000000000001,0.0,0.8,-14.0,-0.4500000000000002,H,AlphaHelix,-71.87,-38.54000000000002,13.6,2.0,0.0,False,False,False,False,True,False,15.369778026626971,78.0,85.0,17.92544384842089,17.867526289070224,11.782093492314347,63.0099983215332,2.23399611625198,-2.507
455,LEV,<=0.12,-3.06,S,HIGH,gyrB,586.0,gyrB_E586K,S,1.0,B,E586K,30.19999999999999,-0.3999999999999999,0.19999999999999996,-0.9000000000000057,6.52,H,AlphaHelix,-61.870000000000005,-38.22000000000003,74.7,2.0,0.0,False,False,False,False,True,False,66.62538256846523,40.0,71.0,21.359904674930203,35.84498143348062,34.4256934690941,65.0199966430664,1.7430206785365188,-0.909
456,LEV,4.0,2.0,R,MEDIUM,gyrA,94.0,gyrA_D94G,R,0.8646496815286624,A,D94G,-50.99999999999999,3.1,-1.2700000000000002,-58.0,3.1999999999999997,H,AlphaHelix,-58.04000000000002,-41.610000000000014,97.4,1.0,1.0,False,False,False,False,True,False,88.1550888450658,63.0,80.0,18.193077591535243,7.778978962037692,14.095745809785983,46.65999984741211,1.7333416145382428,-0.873
457,LEV,2.0,1.0,R,HIGH,gyrA,90.0,gyrA_A90V,R,0.8690476190476191,A,A90V,51.400000000000006,2.4000000000000004,-0.8600000000000001,28.0,-0.040000000000000036,H,AlphaHelix,-61.829999999999984,-59.75999999999999,47.0,2.0,0.0,False,False,False,False,True,False,55.555815915240146,-64.0,82.0,14.254302173206394,5.504265622675344,10.310827336129869,40.439998626708984,1.6650776123582791,0.089
458,LEV,>8,4.0,R,HIGH,gyrA,94.0,gyrA_D94A,R,0.7951807228915663,A,D94A,-22.5,5.3,-2.08,-44.0,3.23,H,AlphaHelix,-58.04000000000002,-41.610000000000014,97.4,1.0,1.0,False,False,False,False,True,False,88.1550888450658,46.0,71.0,18.193077591535243,7.778978962037692,14.095745809785983,46.65999984741211,1.7333416145382428,-0.421
459,LEV,8.0,3.0,R,HIGH,gyrA,94.0,gyrA_D94G,R,0.8646496815286624,A,D94G,-50.99999999999999,3.1,-1.2700000000000002,-58.0,3.1999999999999997,H,AlphaHelix,-58.04000000000002,-41.610000000000014,97.4,1.0,1.0,False,False,False,False,True,False,88.1550888450658,63.0,80.0,18.193077591535243,7.778978962037692,14.095745809785983,46.65999984741211,1.7333416145382428,-0.873
460,LEV,>8,4.0,R,MEDIUM,gyrA,90.0,gyrA_A90V,R,0.8690476190476191,A,A90V,51.400000000000006,2.4000000000000004,-0.8600000000000001,28.0,-0.040000000000000036,H,AlphaHelix,-61.829999999999984,-59.75999999999999,47.0,2.0,0.0,False,False,False,False,True,False,55.555815915240146,-64.0,82.0,14.254302173206394,5.504265622675344,10.310827336129869,40.439998626708984,1.6650776123582791,0.089
461,LEV,>8,4.0,R,HIGH,gyrA,94.0,gyrA_D94N,R,0.8592592592592593,A,D94N,3.0,0.0,-1.9800000000000002,-1.0,2.64,H,AlphaHelix,-58.04000000000002,-41.610000000000014,97.4,1.0,1.0,False,False,False,False,True,False,88.1550888450658,56.0,75.0,18.193077591535243,7.778978962037692,14.095745809785983,46.65999984741211,1.7333416145382428,-0.347
462,LEV,8.0,3.0,R,MEDIUM,gyrA,94.0,gyrA_D94G,R,0.8646496815286624,A,D94G,-50.99999999999999,3.1,-1.2700000000000002,-58.0,3.1999999999999997,H,AlphaHelix,-58.04000000000002,-41.610000000000014,97.4,1.0,1.0,False,False,False,False,True,False,88.1550888450658,63.0,80.0,18.193077591535243,7.778978962037692,14.095745809785983,46.65999984741211,1.7333416145382428,-0.873
463,LEV,0.5,-1.0,S,HIGH,gyrA,406.0,gyrA_A406T,S,1.0,A,A406T,27.5,-2.5,-0.22000000000000003,30.0,-0.40000000000000036,H,AlphaHelix,-53.73000000000002,-36.620000000000005,65.1,0.0,0.0,False,False,False,False,True,False,66.03920305408036,-89.0,93.0,66.21664440906743,71.08781958132117,74.83502924522215,116.52999877929688,1.5008010163522503,-0.654
464,LEV,>8,4.0,R,MEDIUM,gyrA,90.0,gyrA_A90V,R,0.8690476190476191,A,A90V,51.400000000000006,2.4000000000000004,-0.8600000000000001,28.0,-0.040000000000000036,H,AlphaHelix,-61.829999999999984,-59.75999999999999,47.0,2.0,0.0,False,False,False,False,True,False,55.555815915240146,-64.0,82.0,14.254302173206394,5.504265622675344,10.310827336129869,40.439998626708984,1.6650776123582791,0.089
465,LEV,1.0,0.0,S,HIGH,gyrA,91.0,gyrA_S91P,R,0.8524590163934426,A,S91P,23.700000000000003,-0.8,-0.64,10.0,0.6200000000000001,H,AlphaHelix,-67.14999999999998,-27.149999999999977,64.8,1.0,0.0,False,False,False,False,True,False,65.22815545163408,63.0,80.0,13.370520192722235,5.421428426386811,10.72875108867804,47.63999938964844,1.5284537092505912,-0.125
466,LEV,0.5,-1.0,S,MEDIUM,gyrA,94.0,gyrA_D94Y,R,0.9285714285714286,A,D94Y,82.5,2.2,-2.18,48.099999999999994,2.89,H,AlphaHelix,-58.04000000000002,-41.610000000000014,97.4,1.0,1.0,False,False,False,False,True,False,88.1550888450658,81.0,91.0,18.193077591535243,7.778978962037692,14.095745809785983,46.65999984741211,1.7333416145382428,-0.376
467,LEV,0.25,-2.0,S,HIGH,gyrA,89.0,gyrA_D89N,R,0.75,A,D89N,3.0,0.0,-1.9800000000000002,-1.0,2.64,H,AlphaHelix,-67.79000000000002,-35.15999999999997,27.1,1.0,0.0,False,False,False,False,True,False,24.84916086555452,54.0,75.0,13.151139616440242,8.990678251217595,12.761681856622465,49.52000045776367,2.2988834846000192,-0.812
468,LEV,8.0,3.0,R,HIGH,gyrA,94.0,gyrA_D94N,R,0.8592592592592593,A,D94N,3.0,0.0,-1.9800000000000002,-1.0,2.64,H,AlphaHelix,-58.04000000000002,-41.610000000000014,97.4,1.0,1.0,False,False,False,False,True,False,88.1550888450658,56.0,75.0,18.193077591535243,7.778978962037692,14.095745809785983,46.65999984741211,1.7333416145382428,-0.347
469,LEV,8.0,3.0,R,HIGH,gyrA,94.0,gyrA_D94G,R,0.8646496815286624,A,D94G,-50.99999999999999,3.1,-1.2700000000000002,-58.0,3.1999999999999997,H,AlphaHelix,-58.04000000000002,-41.610000000000014,97.4,1.0,1.0,False,False,False,False,True,False,88.1550888450658,63.0,80.0,18.193077591535243,7.778978962037692,14.095745809785983,46.65999984741211,1.7333416145382428,-0.873
470,LEV,8.0,3.0,R,HIGH,gyrA,94.0,gyrA_D94A,R,0.7951807228915663,A,D94A,-22.5,5.3,-2.08,-44.0,3.23,H,AlphaHelix,-58.04000000000002,-41.610000000000014,97.4,1.0,1.0,False,False,False,False,True,False,88.1550888450658,46.0,71.0,18.193077591535243,7.778978962037692,14.095745809785983,46.65999984741211,1.7333416145382428,-0.421
471,LEV,8.0,3.0,R,MEDIUM,gyrA,94.0,gyrA_D94G,R,0.8646496815286624,A,D94G,-50.99999999999999,3.1,-1.2700000000000002,-58.0,3.1999999999999997,H,AlphaHelix,-58.04000000000002,-41.610000000000014,97.4,1.0,1.0,False,False,False,False,True,False,88.1550888450658,63.0,80.0,18.193077591535243,7.778978962037692,14.095745809785983,46.65999984741211,1.7333416145382428,-0.873
472,LEV,4.0,2.0,R,MEDIUM,gyrA,90.0,gyrA_A90V,R,0.8690476190476191,A,A90V,51.400000000000006,2.4000000000000004,-0.8600000000000001,28.0,-0.040000000000000036,H,AlphaHelix,-61.829999999999984,-59.75999999999999,47.0,2.0,0.0,False,False,False,False,True,False,55.555815915240146,-64.0,82.0,14.254302173206394,5.504265622675344,10.310827336129869,40.439998626708984,1.6650776123582791,0.089
473,LEV,2.0,1.0,R,HIGH,gyrA,90.0,gyrA_A90V,R,0.8690476190476191,A,A90V,51.400000000000006,2.4000000000000004,-0.8600000000000001,28.0,-0.040000000000000036,H,AlphaHelix,-61.829999999999984,-59.75999999999999,47.0,2.0,0.0,False,False,False,False,True,False,55.555815915240146,-64.0,82.0,14.254302173206394,5.504265622675344,10.310827336129869,40.439998626708984,1.6650776123582791,0.089
474,LEV,4.0,2.0,R,HIGH,gyrA,94.0,gyrA_D94G,R,0.8646496815286624,A,D94G,-50.99999999999999,3.1,-1.2700000000000002,-58.0,3.1999999999999997,H,AlphaHelix,-58.04000000000002,-41.610000000000014,97.4,1.0,1.0,False,False,False,False,True,False,88.1550888450658,63.0,80.0,18.193077591535243,7.778978962037692,14.095745809785983,46.65999984741211,1.7333416145382428,-0.873
475,LEV,4.0,2.0,R,HIGH,gyrA,90.0,gyrA_A90V,R,0.8690476190476191,A,A90V,51.400000000000006,2.4000000000000004,-0.8600000000000001,28.0,-0.040000000000000036,H,AlphaHelix,-61.829999999999984,-59.75999999999999,47.0,2.0,0.0,False,False,False,False,True,False,55.555815915240146,-64.0,82.0,14.254302173206394,5.504265622675344,10.310827336129869,40.439998626708984,1.6650776123582791,0.089
476,LEV,4.0,2.0,R,MEDIUM,gyrA,94.0,gyrA_D94G,R,0.8646496815286624,A,D94G,-50.99999999999999,3.1,-1.2700000000000002,-58.0,3.1999999999999997,H,AlphaHelix,-58.04000000000002,-41.610000000000014,97.4,1.0,1.0,False,False,False,False,True,False,88.1550888450658,63.0,80.0,18.193077591535243,7.778978962037692,14.095745809785983,46.65999984741211,1.7333416145382428,-0.873
477,LEV,8.0,3.0,R,MEDIUM,gyrA,90.0,gyrA_A90V,R,0.8690476190476191,A,A90V,51.400000000000006,2.4000000000000004,-0.8600000000000001,28.0,-0.040000000000000036,H,AlphaHelix,-61.829999999999984,-59.75999999999999,47.0,2.0,0.0,False,False,False,False,True,False,55.555815915240146,-64.0,82.0,14.254302173206394,5.504265622675344,10.310827336129869,40.439998626708984,1.6650776123582791,0.089
478,LEV,0.5,-1.0,S,HIGH,gyrB,575.0,gyrB_R575H,S,1.0,B,R575H,-20.200000000000017,1.2999999999999998,0.3700000000000001,-19.0,-3.17,T,Turn,-120.16,-30.30000000000001,242.0,0.0,0.0,False,False,False,False,False,True,239.63741200348562,16.0,59.0,31.19364865408664,42.65293806989109,41.54880517191064,96.72000122070312,1.5111154341675028,-0.183
479,LEV,4.0,2.0,R,HIGH,gyrA,94.0,gyrA_D94G,R,0.8646496815286624,A,D94G,-50.99999999999999,3.1,-1.2700000000000002,-58.0,3.1999999999999997,H,AlphaHelix,-58.04000000000002,-41.610000000000014,97.4,1.0,1.0,False,False,False,False,True,False,88.1550888450658,63.0,80.0,18.193077591535243,7.778978962037692,14.095745809785983,46.65999984741211,1.7333416145382428,-0.873
480,LEV,4.0,2.0,R,MEDIUM,gyrA,94.0,gyrA_D94G,R,0.8646496815286624,A,D94G,-50.99999999999999,3.1,-1.2700000000000002,-58.0,3.1999999999999997,H,AlphaHelix,-58.04000000000002,-41.610000000000014,97.4,1.0,1.0,False,False,False,False,True,False,88.1550888450658,63.0,80.0,18.193077591535243,7.778978962037692,14.095745809785983,46.65999984741211,1.7333416145382428,-0.873
481,LEV,>8,4.0,R,MEDIUM,gyrA,94.0,gyrA_D94G,R,0.8646496815286624,A,D94G,-50.99999999999999,3.1,-1.2700000000000002,-58.0,3.1999999999999997,H,AlphaHelix,-58.04000000000002,-41.610000000000014,97.4,1.0,1.0,False,False,False,False,True,False,88.1550888450658,63.0,80.0,18.193077591535243,7.778978962037692,14.095745809785983,46.65999984741211,1.7333416145382428,-0.873
482,LEV,2.0,1.0,R,MEDIUM,gyrA,90.0,gyrA_A90V,R,0.8690476190476191,A,A90V,51.400000000000006,2.4000000000000004,-0.8600000000000001,28.0,-0.040000000000000036,H,AlphaHelix,-61.829999999999984,-59.75999999999999,47.0,2.0,0.0,False,False,False,False,True,False,55.555815915240146,-64.0,82.0,14.254302173206394,5.504265622675344,10.310827336129869,40.439998626708984,1.6650776123582791,0.089
483,LEV,>8,4.0,R,HIGH,gyrA,94.0,gyrA_D94N,R,0.8592592592592593,A,D94N,3.0,0.0,-1.9800000000000002,-1.0,2.64,H,AlphaHelix,-58.04000000000002,-41.610000000000014,97.4,1.0,1.0,False,False,False,False,True,False,88.1550888450658,56.0,75.0,18.193077591535243,7.778978962037692,14.095745809785983,46.65999984741211,1.7333416145382428,-0.347
484,LEV,8.0,3.0,R,HIGH,gyrA,94.0,gyrA_D94N,R,0.8592592592592593,A,D94N,3.0,0.0,-1.9800000000000002,-1.0,2.64,H,AlphaHelix,-58.04000000000002,-41.610000000000014,97.4,1.0,1.0,False,False,False,False,True,False,88.1550888450658,56.0,75.0,18.193077591535243,7.778978962037692,14.095745809785983,46.65999984741211,1.7333416145382428,-0.347
485,LEV,0.25,-2.0,S,HIGH,gyrA,296.0,gyrA_L296P,S,1.0,A,L296P,-53.999999999999986,-5.4,0.37999999999999995,-16.099999999999994,0.3199999999999994,T,Turn,-125.38,61.34,3.1,1.0,1.0,False,False,False,False,False,True,2.3395371508822462,29.0,63.0,48.23060301784194,36.23009584701891,38.23731371192572,88.44000244140625,3.103329357635494,-5.471
486,LEV,8.0,3.0,R,HIGH,gyrA,94.0,gyrA_D94G,R,0.8646496815286624,A,D94G,-50.99999999999999,3.1,-1.2700000000000002,-58.0,3.1999999999999997,H,AlphaHelix,-58.04000000000002,-41.610000000000014,97.4,1.0,1.0,False,False,False,False,True,False,88.1550888450658,63.0,80.0,18.193077591535243,7.778978962037692,14.095745809785983,46.65999984741211,1.7333416145382428,-0.873
487,LEV,0.5,-1.0,S,MEDIUM,gyrA,94.0,gyrA_D94G,R,0.8646496815286624,A,D94G,-50.99999999999999,3.1,-1.2700000000000002,-58.0,3.1999999999999997,H,AlphaHelix,-58.04000000000002,-41.610000000000014,97.4,1.0,1.0,False,False,False,False,True,False,88.1550888450658,63.0,80.0,18.193077591535243,7.778978962037692,14.095745809785983,46.65999984741211,1.7333416145382428,-0.873
488,LEV,2.0,1.0,R,HIGH,gyrA,90.0,gyrA_A90V,R,0.8690476190476191,A,A90V,51.400000000000006,2.4000000000000004,-0.8600000000000001,28.0,-0.040000000000000036,H,AlphaHelix,-61.829999999999984,-59.75999999999999,47.0,2.0,0.0,False,False,False,False,True,False,55.555815915240146,-64.0,82.0,14.254302173206394,5.504265622675344,10.310827336129869,40.439998626708984,1.6650776123582791,0.089
489,LEV,2.0,1.0,R,HIGH,gyrA,94.0,gyrA_D94A,R,0.7951807228915663,A,D94A,-22.5,5.3,-2.08,-44.0,3.23,H,AlphaHelix,-58.04000000000002,-41.610000000000014,97.4,1.0,1.0,False,False,False,False,True,False,88.1550888450658,46.0,71.0,18.193077591535243,7.778978962037692,14.095745809785983,46.65999984741211,1.7333416145382428,-0.421
490,LEV,4.0,2.0,R,HIGH,gyrA,91.0,gyrA_S91P,R,0.8524590163934426,A,S91P,23.700000000000003,-0.8,-0.64,10.0,0.6200000000000001,H,AlphaHelix,-67.14999999999998,-27.149999999999977,64.8,1.0,0.0,False,False,False,False,True,False,65.22815545163408,63.0,80.0,13.370520192722235,5.421428426386811,10.72875108867804,47.63999938964844,1.5284537092505912,-0.125
491,LEV,1.0,0.0,S,HIGH,gyrA,489.0,gyrA_R489S,S,1.0,A,R489S,-84.4,3.7,-0.6699999999999999,-69.1,-5.08,H,AlphaHelix,-82.97000000000003,-45.35000000000002,183.0,0.0,2.0,False,False,False,False,True,False,182.5990899325483,-26.0,61.0,42.46526327845019,36.554890400507524,42.778755277782004,76.72000122070312,1.5552796223693524,-0.201
492,LEV,0.5,-1.0,S,HIGH,gyrA,267.0,gyrA_T267I,S,0.9166666666666666,A,T267I,50.599999999999994,5.2,-0.92,12.099999999999994,0.41999999999999993,E,Strand,-110.84,147.57,41.6,1.0,0.0,False,False,True,False,False,False,44.1202990107675,-63.0,82.0,57.16622537844849,43.89582496101522,47.524606108481976,101.37999725341797,1.7631484448394852,-0.037
493,LEV,0.25,-2.0,S,HIGH,gyrA,94.0,gyrA_D94N,R,0.8592592592592593,A,D94N,3.0,0.0,-1.9800000000000002,-1.0,2.64,H,AlphaHelix,-58.04000000000002,-41.610000000000014,97.4,1.0,1.0,False,False,False,False,True,False,88.1550888450658,56.0,75.0,18.193077591535243,7.778978962037692,14.095745809785983,46.65999984741211,1.7333416145382428,-0.347
494,LEV,2.0,1.0,R,HIGH,gyrA,90.0,gyrA_A90V,R,0.8690476190476191,A,A90V,51.400000000000006,2.4000000000000004,-0.8600000000000001,28.0,-0.040000000000000036,H,AlphaHelix,-61.829999999999984,-59.75999999999999,47.0,2.0,0.0,False,False,False,False,True,False,55.555815915240146,-64.0,82.0,14.254302173206394,5.504265622675344,10.310827336129869,40.439998626708984,1.6650776123582791,0.089
495,LEV,0.25,-2.0,S,HIGH,gyrA,267.0,gyrA_T267I,S,0.9166666666666666,A,T267I,50.599999999999994,5.2,-0.92,12.099999999999994,0.41999999999999993,E,Strand,-110.84,147.57,41.6,1.0,0.0,False,False,True,False,False,False,44.1202990107675,-63.0,82.0,57.16622537844849,43.89582496101522,47.524606108481976,101.37999725341797,1.7631484448394852,-0.037
496,LEV,4.0,2.0,R,MEDIUM,gyrA,94.0,gyrA_D94Y,R,0.9285714285714286,A,D94Y,82.5,2.2,-2.18,48.099999999999994,2.89,H,AlphaHelix,-58.04000000000002,-41.610000000000014,97.4,1.0,1.0,False,False,False,False,True,False,88.1550888450658,81.0,91.0,18.193077591535243,7.778978962037692,14.095745809785983,46.65999984741211,1.7333416145382428,-0.376
497,LEV,>8,4.0,R,HIGH,gyrA,94.0,gyrA_D94G,R,0.8646496815286624,A,D94G,-50.99999999999999,3.1,-1.2700000000000002,-58.0,3.1999999999999997,H,AlphaHelix,-58.04000000000002,-41.610000000000014,97.4,1.0,1.0,False,False,False,False,True,False,88.1550888450658,63.0,80.0,18.193077591535243,7.778978962037692,14.095745809785983,46.65999984741211,1.7333416145382428,-0.873
498,LEV,4.0,2.0,R,HIGH,gyrA,90.0,gyrA_A90V,R,0.8690476190476191,A,A90V,51.400000000000006,2.4000000000000004,-0.8600000000000001,28.0,-0.040000000000000036,H,AlphaHelix,-61.829999999999984,-59.75999999999999,47.0,2.0,0.0,False,False,False,False,True,False,55.555815915240146,-64.0,82.0,14.254302173206394,5.504265622675344,10.310827336129869,40.439998626708984,1.6650776123582791,0.089
499,LEV,2.0,1.0,R,HIGH,gyrA,94.0,gyrA_D94A,R,0.7951807228915663,A,D94A,-22.5,5.3,-2.08,-44.0,3.23,H,AlphaHelix,-58.04000000000002,-41.610000000000014,97.4,1.0,1.0,False,False,False,False,True,False,88.1550888450658,46.0,71.0,18.193077591535243,7.778978962037692,14.095745809785983,46.65999984741211,1.7333416145382428,-0.421
500,LEV,8.0,3.0,R,HIGH,gyrA,94.0,gyrA_D94G,R,0.8646496815286624,A,D94G,-50.99999999999999,3.1,-1.2700000000000002,-58.0,3.1999999999999997,H,AlphaHelix,-58.04000000000002,-41.610000000000014,97.4,1.0,1.0,False,False,False,False,True,False,88.1550888450658,63.0,80.0,18.193077591535243,7.778978962037692,14.095745809785983,46.65999984741211,1.7333416145382428,-0.873
501,LEV,0.25,-2.0,S,MEDIUM,gyrA,91.0,gyrA_S91P,R,0.8524590163934426,A,S91P,23.700000000000003,-0.8,-0.64,10.0,0.6200000000000001,H,AlphaHelix,-67.14999999999998,-27.149999999999977,64.8,1.0,0.0,False,False,False,False,True,False,65.22815545163408,63.0,80.0,13.370520192722235,5.421428426386811,10.72875108867804,47.63999938964844,1.5284537092505912,-0.125
502,LEV,8.0,3.0,R,MEDIUM,gyrA,90.0,gyrA_A90V,R,0.8690476190476191,A,A90V,51.400000000000006,2.4000000000000004,-0.8600000000000001,28.0,-0.040000000000000036,H,AlphaHelix,-61.829999999999984,-59.75999999999999,47.0,2.0,0.0,False,False,False,False,True,False,55.555815915240146,-64.0,82.0,14.254302173206394,5.504265622675344,10.310827336129869,40.439998626708984,1.6650776123582791,0.089
503,LEV,2.0,1.0,R,HIGH,gyrA,90.0,gyrA_A90V,R,0.8690476190476191,A,A90V,51.400000000000006,2.4000000000000004,-0.8600000000000001,28.0,-0.040000000000000036,H,AlphaHelix,-61.829999999999984,-59.75999999999999,47.0,2.0,0.0,False,False,False,False,True,False,55.555815915240146,-64.0,82.0,14.254302173206394,5.504265622675344,10.310827336129869,40.439998626708984,1.6650776123582791,0.089
504,LEV,2.0,1.0,R,HIGH,gyrA,90.0,gyrA_A90V,R,0.8690476190476191,A,A90V,51.400000000000006,2.4000000000000004,-0.8600000000000001,28.0,-0.040000000000000036,H,AlphaHelix,-61.829999999999984,-59.75999999999999,47.0,2.0,0.0,False,False,False,False,True,False,55.555815915240146,-64.0,82.0,14.254302173206394,5.504265622675344,10.310827336129869,40.439998626708984,1.6650776123582791,0.089
505,LEV,0.5,-1.0,S,MEDIUM,gyrB,526.0,gyrB_K526N,S,1.0,B,K526N,-54.5,0.3999999999999999,-1.3800000000000001,-14.099999999999994,-4.33,E,Strand,-131.07,113.53,54.1,1.0,0.0,False,False,True,False,False,False,50.172912107654724,45.0,71.0,23.62352624416352,33.06479300547908,27.503444561721906,67.94999694824219,2.157108657991182,-1.419
506,LEV,8.0,3.0,R,HIGH,gyrA,94.0,gyrA_D94G,R,0.8646496815286624,A,D94G,-50.99999999999999,3.1,-1.2700000000000002,-58.0,3.1999999999999997,H,AlphaHelix,-58.04000000000002,-41.610000000000014,97.4,1.0,1.0,False,False,False,False,True,False,88.1550888450658,63.0,80.0,18.193077591535243,7.778978962037692,14.095745809785983,46.65999984741211,1.7333416145382428,-0.873
507,LEV,8.0,3.0,R,MEDIUM,gyrA,94.0,gyrA_D94G,R,0.8646496815286624,A,D94G,-50.99999999999999,3.1,-1.2700000000000002,-58.0,3.1999999999999997,H,AlphaHelix,-58.04000000000002,-41.610000000000014,97.4,1.0,1.0,False,False,False,False,True,False,88.1550888450658,63.0,80.0,18.193077591535243,7.778978962037692,14.095745809785983,46.65999984741211,1.7333416145382428,-0.873
508,LEV,4.0,2.0,R,HIGH,gyrA,90.0,gyrA_A90V,R,0.8690476190476191,A,A90V,51.400000000000006,2.4000000000000004,-0.8600000000000001,28.0,-0.040000000000000036,H,AlphaHelix,-61.829999999999984,-59.75999999999999,47.0,2.0,0.0,False,False,False,False,True,False,55.555815915240146,-64.0,82.0,14.254302173206394,5.504265622675344,10.310827336129869,40.439998626708984,1.6650776123582791,0.089
509,LEV,0.25,-2.0,S,HIGH,gyrB,634.0,gyrB_R634L,S,1.0,B,R634L,-6.700000000000017,8.3,-1.69,-43.0,-4.779999999999999,E,Strand,-119.94,120.48,42.9,1.0,1.0,False,False,True,False,False,False,46.77655313800065,-54.0,78.0,19.855182362508575,32.62392330939877,28.593026921033726,65.76000213623047,2.4922351928142827,1.142
510,LEV,8.0,3.0,R,HIGH,gyrA,94.0,gyrA_D94G,R,0.8646496815286624,A,D94G,-50.99999999999999,3.1,-1.2700000000000002,-58.0,3.1999999999999997,H,AlphaHelix,-58.04000000000002,-41.610000000000014,97.4,1.0,1.0,False,False,False,False,True,False,88.1550888450658,63.0,80.0,18.193077591535243,7.778978962037692,14.095745809785983,46.65999984741211,1.7333416145382428,-0.873
511,LEV,4.0,2.0,R,HIGH,gyrA,94.0,gyrA_D94N,R,0.8592592592592593,A,D94N,3.0,0.0,-1.9800000000000002,-1.0,2.64,H,AlphaHelix,-58.04000000000002,-41.610000000000014,97.4,1.0,1.0,False,False,False,False,True,False,88.1550888450658,56.0,75.0,18.193077591535243,7.778978962037692,14.095745809785983,46.65999984741211,1.7333416145382428,-0.347
512,LEV,8.0,3.0,R,HIGH,gyrA,94.0,gyrA_D94G,R,0.8646496815286624,A,D94G,-50.99999999999999,3.1,-1.2700000000000002,-58.0,3.1999999999999997,H,AlphaHelix,-58.04000000000002,-41.610000000000014,97.4,1.0,1.0,False,False,False,False,True,False,88.1550888450658,63.0,80.0,18.193077591535243,7.778978962037692,14.095745809785983,46.65999984741211,1.7333416145382428,-0.873
513,LEV,4.0,2.0,R,HIGH,gyrA,94.0,gyrA_D94G,R,0.8646496815286624,A,D94G,-50.99999999999999,3.1,-1.2700000000000002,-58.0,3.1999999999999997,H,AlphaHelix,-58.04000000000002,-41.610000000000014,97.4,1.0,1.0,False,False,False,False,True,False,88.1550888450658,63.0,80.0,18.193077591535243,7.778978962037692,14.095745809785983,46.65999984741211,1.7333416145382428,-0.873
514,LEV,1.0,0.0,S,HIGH,gyrA,326.0,gyrA_V326G,S,1.0,A,V326G,-79.9,-4.6000000000000005,1.67,-42.0,0.009999999999999787,H,AlphaHelix,-63.59000000000003,-47.30000000000001,74.6,1.0,1.0,False,False,False,False,True,False,78.5587327383391,30.0,66.0,53.619790071045095,42.1957856197609,45.139198151246134,81.12000274658203,1.6892764672667644,-1.475
515,LEV,8.0,3.0,R,MEDIUM,gyrA,94.0,gyrA_D94N,R,0.8592592592592593,A,D94N,3.0,0.0,-1.9800000000000002,-1.0,2.64,H,AlphaHelix,-58.04000000000002,-41.610000000000014,97.4,1.0,1.0,False,False,False,False,True,False,88.1550888450658,56.0,75.0,18.193077591535243,7.778978962037692,14.095745809785983,46.65999984741211,1.7333416145382428,-0.347
516,LEV,8.0,3.0,R,HIGH,gyrA,94.0,gyrA_D94G,R,0.8646496815286624,A,D94G,-50.99999999999999,3.1,-1.2700000000000002,-58.0,3.1999999999999997,H,AlphaHelix,-58.04000000000002,-41.610000000000014,97.4,1.0,1.0,False,False,False,False,True,False,88.1550888450658,63.0,80.0,18.193077591535243,7.778978962037692,14.095745809785983,46.65999984741211,1.7333416145382428,-0.873
517,LEV,0.25,-2.0,S,HIGH,gyrA,472.0,gyrA_P472S,S,1.0,A,P472S,-23.700000000000003,0.8,0.64,-10.0,-0.6200000000000001,H,AlphaHelix,-59.70999999999998,-28.170000000000016,71.0,1.0,0.0,False,False,False,False,True,False,78.73791501370572,-68.0,82.0,46.353130855468216,48.26749325282632,52.90519851328242,69.8499984741211,1.6707895195538032,-1.116
518,LEV,0.5,-1.0,S,HIGH,gyrA,472.0,gyrA_P472S,S,1.0,A,P472S,-23.700000000000003,0.8,0.64,-10.0,-0.6200000000000001,H,AlphaHelix,-59.70999999999998,-28.170000000000016,71.0,1.0,0.0,False,False,False,False,True,False,78.73791501370572,-68.0,82.0,46.353130855468216,48.26749325282632,52.90519851328242,69.8499984741211,1.6707895195538032,-1.116
519,LEV,2.0,1.0,R,MEDIUM,gyrA,90.0,gyrA_A90V,R,0.8690476190476191,A,A90V,51.400000000000006,2.4000000000000004,-0.8600000000000001,28.0,-0.040000000000000036,H,AlphaHelix,-61.829999999999984,-59.75999999999999,47.0,2.0,0.0,False,False,False,False,True,False,55.555815915240146,-64.0,82.0,14.254302173206394,5.504265622675344,10.310827336129869,40.439998626708984,1.6650776123582791,0.089
520,LEV,4.0,2.0,R,HIGH,gyrA,91.0,gyrA_S91P,R,0.8524590163934426,A,S91P,23.700000000000003,-0.8,-0.64,10.0,0.6200000000000001,H,AlphaHelix,-67.14999999999998,-27.149999999999977,64.8,1.0,0.0,False,False,False,False,True,False,65.22815545163408,63.0,80.0,13.370520192722235,5.421428426386811,10.72875108867804,47.63999938964844,1.5284537092505912,-0.125
521,LEV,<=0.12,-3.06,S,HIGH,gyrA,282.0,gyrA_N282K,S,0.75,A,N282K,54.5,-0.3999999999999999,1.3800000000000001,14.099999999999994,4.33,H,AlphaHelix,-64.48000000000002,-35.73000000000002,80.0,1.0,0.0,False,False,False,False,True,False,79.79765719660747,-72.0,87.0,33.86177335120495,20.720842700256554,23.79187462782376,67.81999969482422,1.6829211647617668,-0.498
522,LEV,2.0,1.0,R,MEDIUM,gyrA,90.0,gyrA_A90V,R,0.8690476190476191,A,A90V,51.400000000000006,2.4000000000000004,-0.8600000000000001,28.0,-0.040000000000000036,H,AlphaHelix,-61.829999999999984,-59.75999999999999,47.0,2.0,0.0,False,False,False,False,True,False,55.555815915240146,-64.0,82.0,14.254302173206394,5.504265622675344,10.310827336129869,40.439998626708984,1.6650776123582791,0.089
523,LEV,4.0,2.0,R,MEDIUM,gyrA,94.0,gyrA_D94G,R,0.8646496815286624,A,D94G,-50.99999999999999,3.1,-1.2700000000000002,-58.0,3.1999999999999997,H,AlphaHelix,-58.04000000000002,-41.610000000000014,97.4,1.0,1.0,False,False,False,False,True,False,88.1550888450658,63.0,80.0,18.193077591535243,7.778978962037692,14.095745809785983,46.65999984741211,1.7333416145382428,-0.873
524,LEV,4.0,2.0,R,HIGH,gyrA,94.0,gyrA_D94G,R,0.8646496815286624,A,D94G,-50.99999999999999,3.1,-1.2700000000000002,-58.0,3.1999999999999997,H,AlphaHelix,-58.04000000000002,-41.610000000000014,97.4,1.0,1.0,False,False,False,False,True,False,88.1550888450658,63.0,80.0,18.193077591535243,7.778978962037692,14.095745809785983,46.65999984741211,1.7333416145382428,-0.873
525,LEV,1.0,0.0,S,HIGH,gyrB,526.0,gyrB_K526Q,S,1.0,B,K526Q,-24.799999999999983,0.3999999999999999,-1.62,0.0,-4.09,E,Strand,-131.07,113.53,54.1,1.0,0.0,False,False,True,False,False,False,50.172912107654724,47.0,71.0,23.62352624416352,33.06479300547908,27.503444561721906,67.94999694824219,2.157108657991182,-0.445
526,LEV,>8,4.0,R,HIGH,gyrA,94.0,gyrA_D94G,R,0.8646496815286624,A,D94G,-50.99999999999999,3.1,-1.2700000000000002,-58.0,3.1999999999999997,H,AlphaHelix,-58.04000000000002,-41.610000000000014,97.4,1.0,1.0,False,False,False,False,True,False,88.1550888450658,63.0,80.0,18.193077591535243,7.778978962037692,14.095745809785983,46.65999984741211,1.7333416145382428,-0.873
527,LEV,8.0,3.0,R,HIGH,gyrA,90.0,gyrA_A90V,R,0.8690476190476191,A,A90V,51.400000000000006,2.4000000000000004,-0.8600000000000001,28.0,-0.040000000000000036,H,AlphaHelix,-61.829999999999984,-59.75999999999999,47.0,2.0,0.0,False,False,False,False,True,False,55.555815915240146,-64.0,82.0,14.254302173206394,5.504265622675344,10.310827336129869,40.439998626708984,1.6650776123582791,0.089
528,LEV,2.0,1.0,R,HIGH,gyrA,90.0,gyrA_A90V,R,0.8690476190476191,A,A90V,51.400000000000006,2.4000000000000004,-0.8600000000000001,28.0,-0.040000000000000036,H,AlphaHelix,-61.829999999999984,-59.75999999999999,47.0,2.0,0.0,False,False,False,False,True,False,55.555815915240146,-64.0,82.0,14.254302173206394,5.504265622675344,10.310827336129869,40.439998626708984,1.6650776123582791,0.089
529,LEV,8.0,3.0,R,HIGH,gyrA,94.0,gyrA_D94G,R,0.8646496815286624,A,D94G,-50.99999999999999,3.1,-1.2700000000000002,-58.0,3.1999999999999997,H,AlphaHelix,-58.04000000000002,-41.610000000000014,97.4,1.0,1.0,False,False,False,False,True,False,88.1550888450658,63.0,80.0,18.193077591535243,7.778978962037692,14.095745809785983,46.65999984741211,1.7333416145382428,-0.873
530,LEV,0.5,-1.0,S,HIGH,gyrA,346.0,gyrA_L346V,S,1.0,A,L346V,-26.69999999999999,0.40000000000000036,0.15999999999999992,-14.099999999999994,-0.020000000000000462,E,Strand,-105.4,125.94,8.8,0.0,1.0,False,False,True,False,False,False,10.348432794704593,-89.0,93.0,26.70320591248761,25.95552473284318,29.162763186671064,52.459999084472656,2.9672121812905234,-0.753
531,LEV,0.5,-1.0,S,HIGH,gyrA,198.0,gyrA_A198G,S,1.0,A,A198G,-28.499999999999993,-2.2,0.8099999999999998,-14.0,-0.03000000000000025,H,AlphaHelix,-58.920000000000016,-42.93000000000001,1.0,1.0,1.0,False,False,False,False,True,False,1.2618412040822578,-11.0,57.0,40.79205659793138,36.89706532616265,42.41819615018169,52.36000061035156,2.7977851430723732,-1.974
532,LEV,2.0,1.0,R,HIGH,gyrA,91.0,gyrA_S91P,R,0.8524590163934426,A,S91P,23.700000000000003,-0.8,-0.64,10.0,0.6200000000000001,H,AlphaHelix,-67.14999999999998,-27.149999999999977,64.8,1.0,0.0,False,False,False,False,True,False,65.22815545163408,63.0,80.0,13.370520192722235,5.421428426386811,10.72875108867804,47.63999938964844,1.5284537092505912,-0.125
533,LEV,8.0,3.0,R,MEDIUM,gyrA,94.0,gyrA_D94A,R,0.7951807228915663,A,D94A,-22.5,5.3,-2.08,-44.0,3.23,H,AlphaHelix,-58.04000000000002,-41.610000000000014,97.4,1.0,1.0,False,False,False,False,True,False,88.1550888450658,46.0,71.0,18.193077591535243,7.778978962037692,14.095745809785983,46.65999984741211,1.7333416145382428,-0.421
534,LEV,0.5,-1.0,S,HIGH,gyrA,319.0,gyrA_K319N,S,1.0,A,K319N,-54.5,0.3999999999999999,-1.3800000000000001,-14.099999999999994,-4.33,T,Turn,-65.74000000000001,160.42,94.3,1.0,1.0,False,False,False,False,False,True,95.1545785165288,35.0,66.0,57.00917661309837,43.85696531608302,46.563100873637964,94.86000061035156,1.7456780647078958,-0.833
535,LEV,0.25,-2.0,S,HIGH,gyrA,267.0,gyrA_T267I,S,0.9166666666666666,A,T267I,50.599999999999994,5.2,-0.92,12.099999999999994,0.41999999999999993,E,Strand,-110.84,147.57,41.6,1.0,0.0,False,False,True,False,False,False,44.1202990107675,-63.0,82.0,57.16622537844849,43.89582496101522,47.524606108481976,101.37999725341797,1.7631484448394852,-0.037
536,LEV,0.5,-1.0,S,HIGH,gyrA,415.0,gyrA_D415N,S,1.0,A,D415N,3.0,0.0,-1.9800000000000002,-1.0,2.64,H,AlphaHelix,-70.63999999999999,-40.110000000000014,80.1,1.0,0.0,False,False,False,False,True,False,71.26121063195744,-67.0,82.0,54.67265544045161,61.70785755002115,64.62412100330528,125.5,1.7078075659260559,-0.317
537,LEV,8.0,3.0,R,HIGH,gyrA,94.0,gyrA_D94G,R,0.8646496815286624,A,D94G,-50.99999999999999,3.1,-1.2700000000000002,-58.0,3.1999999999999997,H,AlphaHelix,-58.04000000000002,-41.610000000000014,97.4,1.0,1.0,False,False,False,False,True,False,88.1550888450658,63.0,80.0,18.193077591535243,7.778978962037692,14.095745809785983,46.65999984741211,1.7333416145382428,-0.873
538,LEV,0.25,-2.0,S,HIGH,gyrA,94.0,gyrA_D94G,R,0.8646496815286624,A,D94G,-50.99999999999999,3.1,-1.2700000000000002,-58.0,3.1999999999999997,H,AlphaHelix,-58.04000000000002,-41.610000000000014,97.4,1.0,1.0,False,False,False,False,True,False,88.1550888450658,63.0,80.0,18.193077591535243,7.778978962037692,14.095745809785983,46.65999984741211,1.7333416145382428,-0.873
539,LEV,4.0,2.0,R,MEDIUM,gyrA,90.0,gyrA_A90V,R,0.8690476190476191,A,A90V,51.400000000000006,2.4000000000000004,-0.8600000000000001,28.0,-0.040000000000000036,H,AlphaHelix,-61.829999999999984,-59.75999999999999,47.0,2.0,0.0,False,False,False,False,True,False,55.555815915240146,-64.0,82.0,14.254302173206394,5.504265622675344,10.310827336129869,40.439998626708984,1.6650776123582791,0.089
540,LEV,4.0,2.0,R,HIGH,gyrA,90.0,gyrA_A90V,R,0.8690476190476191,A,A90V,51.400000000000006,2.4000000000000004,-0.8600000000000001,28.0,-0.040000000000000036,H,AlphaHelix,-61.829999999999984,-59.75999999999999,47.0,2.0,0.0,False,False,False,False,True,False,55.555815915240146,-64.0,82.0,14.254302173206394,5.504265622675344,10.310827336129869,40.439998626708984,1.6650776123582791,0.089
541,LEV,<=0.12,-3.06,S,HIGH,gyrB,500.0,gyrB_T500A,S,1.0,B,T500A,-27.5,2.5,0.22000000000000003,-30.0,0.40000000000000036,H,AlphaHelix,-57.870000000000005,-37.74000000000001,88.7,1.0,0.0,False,False,False,False,True,False,91.70815715162803,-42.0,72.0,20.95040489857099,18.31817147512385,12.440778763559315,63.970001220703125,1.5446886429143032,0.024
542,LEV,8.0,3.0,R,MEDIUM,gyrA,90.0,gyrA_A90V,R,0.8690476190476191,A,A90V,51.400000000000006,2.4000000000000004,-0.8600000000000001,28.0,-0.040000000000000036,H,AlphaHelix,-61.829999999999984,-59.75999999999999,47.0,2.0,0.0,False,False,False,False,True,False,55.555815915240146,-64.0,82.0,14.254302173206394,5.504265622675344,10.310827336129869,40.439998626708984,1.6650776123582791,0.089
543,LEV,2.0,1.0,R,HIGH,gyrA,90.0,gyrA_A90V,R,0.8690476190476191,A,A90V,51.400000000000006,2.4000000000000004,-0.8600000000000001,28.0,-0.040000000000000036,H,AlphaHelix,-61.829999999999984,-59.75999999999999,47.0,2.0,0.0,False,False,False,False,True,False,55.555815915240146,-64.0,82.0,14.254302173206394,5.504265622675344,10.310827336129869,40.439998626708984,1.6650776123582791,0.089
544,LEV,4.0,2.0,R,MEDIUM,gyrB,499.0,gyrB_N499D,R,1.0,B,N499D,-3.0,0.0,1.9800000000000002,1.0,-2.64,C,Coil,-66.65999999999997,120.5,43.0,2.0,2.0,False,True,False,False,False,False,40.44476788590575,53.0,75.0,21.56535116421654,18.549803147347646,13.333885794815926,62.86000061035156,2.0305274785868135,-0.309
545,LEV,8.0,3.0,R,HIGH,gyrA,94.0,gyrA_D94N,R,0.8592592592592593,A,D94N,3.0,0.0,-1.9800000000000002,-1.0,2.64,H,AlphaHelix,-58.04000000000002,-41.610000000000014,97.4,1.0,1.0,False,False,False,False,True,False,88.1550888450658,56.0,75.0,18.193077591535243,7.778978962037692,14.095745809785983,46.65999984741211,1.7333416145382428,-0.347
546,LEV,>8,4.0,R,MEDIUM,gyrA,94.0,gyrA_D94N,R,0.8592592592592593,A,D94N,3.0,0.0,-1.9800000000000002,-1.0,2.64,H,AlphaHelix,-58.04000000000002,-41.610000000000014,97.4,1.0,1.0,False,False,False,False,True,False,88.1550888450658,56.0,75.0,18.193077591535243,7.778978962037692,14.095745809785983,46.65999984741211,1.7333416145382428,-0.347
547,LEV,8.0,3.0,R,MEDIUM,gyrA,94.0,gyrA_D94N,R,0.8592592592592593,A,D94N,3.0,0.0,-1.9800000000000002,-1.0,2.64,H,AlphaHelix,-58.04000000000002,-41.610000000000014,97.4,1.0,1.0,False,False,False,False,True,False,88.1550888450658,56.0,75.0,18.193077591535243,7.778978962037692,14.095745809785983,46.65999984741211,1.7333416145382428,-0.347
548,LEV,4.0,2.0,R,HIGH,gyrA,90.0,gyrA_A90V,R,0.8690476190476191,A,A90V,51.400000000000006,2.4000000000000004,-0.8600000000000001,28.0,-0.040000000000000036,H,AlphaHelix,-61.829999999999984,-59.75999999999999,47.0,2.0,0.0,False,False,False,False,True,False,55.555815915240146,-64.0,82.0,14.254302173206394,5.504265622675344,10.310827336129869,40.439998626708984,1.6650776123582791,0.089
549,LEV,8.0,3.0,R,HIGH,gyrA,94.0,gyrA_D94G,R,0.8646496815286624,A,D94G,-50.99999999999999,3.1,-1.2700000000000002,-58.0,3.1999999999999997,H,AlphaHelix,-58.04000000000002,-41.610000000000014,97.4,1.0,1.0,False,False,False,False,True,False,88.1550888450658,63.0,80.0,18.193077591535243,7.778978962037692,14.095745809785983,46.65999984741211,1.7333416145382428,-0.873
550,LEV,2.0,1.0,R,HIGH,gyrA,90.0,gyrA_A90V,R,0.8690476190476191,A,A90V,51.400000000000006,2.4000000000000004,-0.8600000000000001,28.0,-0.040000000000000036,H,AlphaHelix,-61.829999999999984,-59.75999999999999,47.0,2.0,0.0,False,False,False,False,True,False,55.555815915240146,-64.0,82.0,14.254302173206394,5.504265622675344,10.310827336129869,40.439998626708984,1.6650776123582791,0.089
551,LEV,2.0,1.0,R,HIGH,gyrB,512.0,gyrB_G512R,S,0.7142857142857143,B,G512R,113.30000000000001,-4.1,-0.1399999999999999,99.1,4.79,C,Coil,-78.40999999999997,-153.43,22.3,0.0,0.0,False,True,False,False,False,False,21.149837177377734,56.0,75.0,30.22847232612234,32.992962074498614,27.088620046626986,69.91000366210938,1.8566162191748528,-1.498
552,LEV,0.25,-2.0,S,HIGH,gyrA,94.0,gyrA_D94G,R,0.8646496815286624,A,D94G,-50.99999999999999,3.1,-1.2700000000000002,-58.0,3.1999999999999997,H,AlphaHelix,-58.04000000000002,-41.610000000000014,97.4,1.0,1.0,False,False,False,False,True,False,88.1550888450658,63.0,80.0,18.193077591535243,7.778978962037692,14.095745809785983,46.65999984741211,1.7333416145382428,-0.873
553,LEV,4.0,2.0,R,HIGH,gyrA,94.0,gyrA_D94A,R,0.7951807228915663,A,D94A,-22.5,5.3,-2.08,-44.0,3.23,H,AlphaHelix,-58.04000000000002,-41.610000000000014,97.4,1.0,1.0,False,False,False,False,True,False,88.1550888450658,46.0,71.0,18.193077591535243,7.778978962037692,14.095745809785983,46.65999984741211,1.7333416145382428,-0.421
554,LEV,0.5,-1.0,S,HIGH,gyrA,90.0,gyrA_A90V,R,0.8690476190476191,A,A90V,51.400000000000006,2.4000000000000004,-0.8600000000000001,28.0,-0.040000000000000036,H,AlphaHelix,-61.829999999999984,-59.75999999999999,47.0,2.0,0.0,False,False,False,False,True,False,55.555815915240146,-64.0,82.0,14.254302173206394,5.504265622675344,10.310827336129869,40.439998626708984,1.6650776123582791,0.089
555,LEV,8.0,3.0,R,HIGH,gyrA,94.0,gyrA_D94G,R,0.8646496815286624,A,D94G,-50.99999999999999,3.1,-1.2700000000000002,-58.0,3.1999999999999997,H,AlphaHelix,-58.04000000000002,-41.610000000000014,97.4,1.0,1.0,False,False,False,False,True,False,88.1550888450658,63.0,80.0,18.193077591535243,7.778978962037692,14.095745809785983,46.65999984741211,1.7333416145382428,-0.873
556,LEV,2.0,1.0,R,HIGH,gyrA,94.0,gyrA_D94H,R,0.9714285714285714,A,D94H,42.099999999999994,0.2999999999999998,-1.04,22.099999999999994,4.82,H,AlphaHelix,-58.04000000000002,-41.610000000000014,97.4,1.0,1.0,False,False,False,False,True,False,88.1550888450658,79.0,85.0,18.193077591535243,7.778978962037692,14.095745809785983,46.65999984741211,1.7333416145382428,-0.36
557,LEV,8.0,3.0,R,HIGH,gyrA,94.0,gyrA_D94N,R,0.8592592592592593,A,D94N,3.0,0.0,-1.9800000000000002,-1.0,2.64,H,AlphaHelix,-58.04000000000002,-41.610000000000014,97.4,1.0,1.0,False,False,False,False,True,False,88.1550888450658,56.0,75.0,18.193077591535243,7.778978962037692,14.095745809785983,46.65999984741211,1.7333416145382428,-0.347
558,LEV,0.5,-1.0,S,HIGH,gyrB,575.0,gyrB_R575H,S,1.0,B,R575H,-20.200000000000017,1.2999999999999998,0.3700000000000001,-19.0,-3.17,T,Turn,-120.16,-30.30000000000001,242.0,0.0,0.0,False,False,False,False,False,True,239.63741200348562,16.0,59.0,31.19364865408664,42.65293806989109,41.54880517191064,96.72000122070312,1.5111154341675028,-0.183
559,LEV,4.0,2.0,R,MEDIUM,gyrA,94.0,gyrA_D94Y,R,0.9285714285714286,A,D94Y,82.5,2.2,-2.18,48.099999999999994,2.89,H,AlphaHelix,-58.04000000000002,-41.610000000000014,97.4,1.0,1.0,False,False,False,False,True,False,88.1550888450658,81.0,91.0,18.193077591535243,7.778978962037692,14.095745809785983,46.65999984741211,1.7333416145382428,-0.376
560,LEV,0.25,-2.0,S,HIGH,gyrA,277.0,gyrA_Q277R,S,1.0,A,Q277R,29.599999999999994,-1.0,0.81,28.0,5.109999999999999,T,Turn,62.25,39.14,116.9,0.0,0.0,False,False,False,False,False,True,119.92243252837673,19.0,59.0,30.4609426523087,19.79660073730683,24.467972351481972,59.40999984741211,1.5502807568387325,-0.231
561,LEV,0.25,-2.0,S,MEDIUM,gyrA,90.0,gyrA_A90V,R,0.8690476190476191,A,A90V,51.400000000000006,2.4000000000000004,-0.8600000000000001,28.0,-0.040000000000000036,H,AlphaHelix,-61.829999999999984,-59.75999999999999,47.0,2.0,0.0,False,False,False,False,True,False,55.555815915240146,-64.0,82.0,14.254302173206394,5.504265622675344,10.310827336129869,40.439998626708984,1.6650776123582791,0.089
562,LEV,4.0,2.0,R,HIGH,gyrA,94.0,gyrA_D94G,R,0.8646496815286624,A,D94G,-50.99999999999999,3.1,-1.2700000000000002,-58.0,3.1999999999999997,H,AlphaHelix,-58.04000000000002,-41.610000000000014,97.4,1.0,1.0,False,False,False,False,True,False,88.1550888450658,63.0,80.0,18.193077591535243,7.778978962037692,14.095745809785983,46.65999984741211,1.7333416145382428,-0.873
563,LEV,0.25,-2.0,S,HIGH,gyrA,90.0,gyrA_A90V,R,0.8690476190476191,A,A90V,51.400000000000006,2.4000000000000004,-0.8600000000000001,28.0,-0.040000000000000036,H,AlphaHelix,-61.829999999999984,-59.75999999999999,47.0,2.0,0.0,False,False,False,False,True,False,55.555815915240146,-64.0,82.0,14.254302173206394,5.504265622675344,10.310827336129869,40.439998626708984,1.6650776123582791,0.089
564,LEV,0.25,-2.0,S,HIGH,gyrB,494.0,gyrB_D494G,S,1.0,B,D494G,-50.99999999999999,3.1,-1.2700000000000002,-58.0,3.1999999999999997,H,AlphaHelix,-59.95999999999998,-34.629999999999995,105.9,2.0,0.0,False,False,False,False,True,False,95.06488356132519,39.0,66.0,29.121682295177965,25.924055121042255,21.701077879965208,93.16999816894531,1.5610368156152548,-0.852
565,LEV,4.0,2.0,R,HIGH,gyrA,90.0,gyrA_A90V,R,0.8690476190476191,A,A90V,51.400000000000006,2.4000000000000004,-0.8600000000000001,28.0,-0.040000000000000036,H,AlphaHelix,-61.829999999999984,-59.75999999999999,47.0,2.0,0.0,False,False,False,False,True,False,55.555815915240146,-64.0,82.0,14.254302173206394,5.504265622675344,10.310827336129869,40.439998626708984,1.6650776123582791,0.089
566,LEV,2.0,1.0,R,HIGH,gyrA,94.0,gyrA_D94N,R,0.8592592592592593,A,D94N,3.0,0.0,-1.9800000000000002,-1.0,2.64,H,AlphaHelix,-58.04000000000002,-41.610000000000014,97.4,1.0,1.0,False,False,False,False,True,False,88.1550888450658,56.0,75.0,18.193077591535243,7.778978962037692,14.095745809785983,46.65999984741211,1.7333416145382428,-0.347
567,LEV,2.0,1.0,R,HIGH,gyrA,90.0,gyrA_A90V,R,0.8690476190476191,A,A90V,51.400000000000006,2.4000000000000004,-0.8600000000000001,28.0,-0.040000000000000036,H,AlphaHelix,-61.829999999999984,-59.75999999999999,47.0,2.0,0.0,False,False,False,False,True,False,55.555815915240146,-64.0,82.0,14.254302173206394,5.504265622675344,10.310827336129869,40.439998626708984,1.6650776123582791,0.089
568,LEV,8.0,3.0,R,HIGH,gyrA,94.0,gyrA_D94G,R,0.8646496815286624,A,D94G,-50.99999999999999,3.1,-1.2700000000000002,-58.0,3.1999999999999997,H,AlphaHelix,-58.04000000000002,-41.610000000000014,97.4,1.0,1.0,False,False,False,False,True,False,88.1550888450658,63.0,80.0,18.193077591535243,7.778978962037692,14.095745809785983,46.65999984741211,1.7333416145382428,-0.873
569,LEV,4.0,2.0,R,HIGH,gyrA,94.0,gyrA_D94G,R,0.8646496815286624,A,D94G,-50.99999999999999,3.1,-1.2700000000000002,-58.0,3.1999999999999997,H,AlphaHelix,-58.04000000000002,-41.610000000000014,97.4,1.0,1.0,False,False,False,False,True,False,88.1550888450658,63.0,80.0,18.193077591535243,7.778978962037692,14.095745809785983,46.65999984741211,1.7333416145382428,-0.873
570,LEV,<=0.12,-3.06,S,HIGH,gyrA,282.0,gyrA_N282K,S,0.75,A,N282K,54.5,-0.3999999999999999,1.3800000000000001,14.099999999999994,4.33,H,AlphaHelix,-64.48000000000002,-35.73000000000002,80.0,1.0,0.0,False,False,False,False,True,False,79.79765719660747,-72.0,87.0,33.86177335120495,20.720842700256554,23.79187462782376,67.81999969482422,1.6829211647617668,-0.498
571,LEV,0.5,-1.0,S,MEDIUM,gyrA,154.0,gyrA_P154R,S,1.0,A,P154R,60.7,-2.9,1.31,59.099999999999994,4.46,E,Strand,-63.26999999999998,149.75,74.5,0.0,0.0,False,False,True,False,False,False,79.18597057272785,41.0,71.0,19.225911095740965,27.73254660180666,30.131122559096102,57.20000076293945,1.6282709707753908,-0.523
572,LEV,4.0,2.0,R,HIGH,gyrA,94.0,gyrA_D94G,R,0.8646496815286624,A,D94G,-50.99999999999999,3.1,-1.2700000000000002,-58.0,3.1999999999999997,H,AlphaHelix,-58.04000000000002,-41.610000000000014,97.4,1.0,1.0,False,False,False,False,True,False,88.1550888450658,63.0,80.0,18.193077591535243,7.778978962037692,14.095745809785983,46.65999984741211,1.7333416145382428,-0.873
573,LEV,8.0,3.0,R,HIGH,gyrA,94.0,gyrA_D94G,R,0.8646496815286624,A,D94G,-50.99999999999999,3.1,-1.2700000000000002,-58.0,3.1999999999999997,H,AlphaHelix,-58.04000000000002,-41.610000000000014,97.4,1.0,1.0,False,False,False,False,True,False,88.1550888450658,63.0,80.0,18.193077591535243,7.778978962037692,14.095745809785983,46.65999984741211,1.7333416145382428,-0.873
574,LEV,1.0,0.0,S,MEDIUM,gyrA,90.0,gyrA_A90V,R,0.8690476190476191,A,A90V,51.400000000000006,2.4000000000000004,-0.8600000000000001,28.0,-0.040000000000000036,H,AlphaHelix,-61.829999999999984,-59.75999999999999,47.0,2.0,0.0,False,False,False,False,True,False,55.555815915240146,-64.0,82.0,14.254302173206394,5.504265622675344,10.310827336129869,40.439998626708984,1.6650776123582791,0.089
575,LEV,0.5,-1.0,S,HIGH,gyrA,214.0,gyrA_E214D,S,1.0,A,E214D,-27.30000000000001,0.0,0.8,-14.0,-0.4500000000000002,H,AlphaHelix,-63.23000000000002,-43.329999999999984,91.0,1.0,0.0,False,False,False,False,True,False,82.85605534362828,-82.0,93.0,47.56425243125744,46.37690632804204,50.53655539174964,71.18000030517578,1.677528436735948,-0.413
576,LEV,2.0,1.0,R,HIGH,gyrA,90.0,gyrA_A90V,R,0.8690476190476191,A,A90V,51.400000000000006,2.4000000000000004,-0.8600000000000001,28.0,-0.040000000000000036,H,AlphaHelix,-61.829999999999984,-59.75999999999999,47.0,2.0,0.0,False,False,False,False,True,False,55.555815915240146,-64.0,82.0,14.254302173206394,5.504265622675344,10.310827336129869,40.439998626708984,1.6650776123582791,0.089
577,LEV,4.0,2.0,R,HIGH,gyrA,90.0,gyrA_A90V,R,0.8690476190476191,A,A90V,51.400000000000006,2.4000000000000004,-0.8600000000000001,28.0,-0.040000000000000036,H,AlphaHelix,-61.829999999999984,-59.75999999999999,47.0,2.0,0.0,False,False,False,False,True,False,55.555815915240146,-64.0,82.0,14.254302173206394,5.504265622675344,10.310827336129869,40.439998626708984,1.6650776123582791,0.089
578,LEV,8.0,3.0,R,HIGH,gyrA,94.0,gyrA_D94G,R,0.8646496815286624,A,D94G,-50.99999999999999,3.1,-1.2700000000000002,-58.0,3.1999999999999997,H,AlphaHelix,-58.04000000000002,-41.610000000000014,97.4,1.0,1.0,False,False,False,False,True,False,88.1550888450658,63.0,80.0,18.193077591535243,7.778978962037692,14.095745809785983,46.65999984741211,1.7333416145382428,-0.873
579,LEV,0.5,-1.0,S,MEDIUM,gyrA,472.0,gyrA_P472S,S,1.0,A,P472S,-23.700000000000003,0.8,0.64,-10.0,-0.6200000000000001,H,AlphaHelix,-59.70999999999998,-28.170000000000016,71.0,1.0,0.0,False,False,False,False,True,False,78.73791501370572,-68.0,82.0,46.353130855468216,48.26749325282632,52.90519851328242,69.8499984741211,1.6707895195538032,-1.116
580,LEV,0.25,-2.0,S,HIGH,gyrA,205.0,gyrA_L205V,S,1.0,A,L205V,-26.69999999999999,0.40000000000000036,0.15999999999999992,-14.099999999999994,-0.020000000000000462,H,AlphaHelix,-71.44,-45.70999999999998,6.6,0.0,2.0,False,False,False,False,True,False,5.724711931593553,-58.0,78.0,44.12770159542755,43.38505468400451,48.329341632798204,61.79999923706055,2.223224331610429,-2.379
581,LEV,4.0,2.0,R,HIGH,gyrA,90.0,gyrA_A90V,R,0.8690476190476191,A,A90V,51.400000000000006,2.4000000000000004,-0.8600000000000001,28.0,-0.040000000000000036,H,AlphaHelix,-61.829999999999984,-59.75999999999999,47.0,2.0,0.0,False,False,False,False,True,False,55.555815915240146,-64.0,82.0,14.254302173206394,5.504265622675344,10.310827336129869,40.439998626708984,1.6650776123582791,0.089
582,LEV,0.5,-1.0,S,HIGH,gyrA,94.0,gyrA_D94G,R,0.8646496815286624,A,D94G,-50.99999999999999,3.1,-1.2700000000000002,-58.0,3.1999999999999997,H,AlphaHelix,-58.04000000000002,-41.610000000000014,97.4,1.0,1.0,False,False,False,False,True,False,88.1550888450658,63.0,80.0,18.193077591535243,7.778978962037692,14.095745809785983,46.65999984741211,1.7333416145382428,-0.873
583,LEV,0.5,-1.0,S,HIGH,gyrB,575.0,gyrB_R575H,S,1.0,B,R575H,-20.200000000000017,1.2999999999999998,0.3700000000000001,-19.0,-3.17,T,Turn,-120.16,-30.30000000000001,242.0,0.0,0.0,False,False,False,False,False,True,239.63741200348562,16.0,59.0,31.19364865408664,42.65293806989109,41.54880517191064,96.72000122070312,1.5111154341675028,-0.183
584,LEV,8.0,3.0,R,HIGH,gyrA,94.0,gyrA_D94G,R,0.8646496815286624,A,D94G,-50.99999999999999,3.1,-1.2700000000000002,-58.0,3.1999999999999997,H,AlphaHelix,-58.04000000000002,-41.610000000000014,97.4,1.0,1.0,False,False,False,False,True,False,88.1550888450658,63.0,80.0,18.193077591535243,7.778978962037692,14.095745809785983,46.65999984741211,1.7333416145382428,-0.873
585,LEV,1.0,0.0,S,HIGH,gyrB,630.0,gyrB_V630I,S,1.0,B,V630I,26.69999999999999,0.2999999999999998,-0.28,14.099999999999994,0.05999999999999961,T,Turn,-139.96,-13.269999999999982,72.1,0.0,1.0,False,False,False,False,False,True,77.78988107783795,11.0,59.0,22.944059134156582,36.30588177830974,32.515873725278766,73.91000366210938,1.6407011428927754,0.086
586,LEV,8.0,3.0,R,HIGH,gyrA,94.0,gyrA_D94G,R,0.8646496815286624,A,D94G,-50.99999999999999,3.1,-1.2700000000000002,-58.0,3.1999999999999997,H,AlphaHelix,-58.04000000000002,-41.610000000000014,97.4,1.0,1.0,False,False,False,False,True,False,88.1550888450658,63.0,80.0,18.193077591535243,7.778978962037692,14.095745809785983,46.65999984741211,1.7333416145382428,-0.873
587,LEV,4.0,2.0,R,HIGH,gyrA,90.0,gyrA_A90V,R,0.8690476190476191,A,A90V,51.400000000000006,2.4000000000000004,-0.8600000000000001,28.0,-0.040000000000000036,H,AlphaHelix,-61.829999999999984,-59.75999999999999,47.0,2.0,0.0,False,False,False,False,True,False,55.555815915240146,-64.0,82.0,14.254302173206394,5.504265622675344,10.310827336129869,40.439998626708984,1.6650776123582791,0.089
588,LEV,1.0,0.0,S,MEDIUM,gyrA,94.0,gyrA_D94Y,R,0.9285714285714286,A,D94Y,82.5,2.2,-2.18,48.099999999999994,2.89,H,AlphaHelix,-58.04000000000002,-41.610000000000014,97.4,1.0,1.0,False,False,False,False,True,False,88.1550888450658,81.0,91.0,18.193077591535243,7.778978962037692,14.095745809785983,46.65999984741211,1.7333416145382428,-0.376
589,LEV,8.0,3.0,R,HIGH,gyrA,94.0,gyrA_D94G,R,0.8646496815286624,A,D94G,-50.99999999999999,3.1,-1.2700000000000002,-58.0,3.1999999999999997,H,AlphaHelix,-58.04000000000002,-41.610000000000014,97.4,1.0,1.0,False,False,False,False,True,False,88.1550888450658,63.0,80.0,18.193077591535243,7.778978962037692,14.095745809785983,46.65999984741211,1.7333416145382428,-0.873
590,LEV,2.0,1.0,R,HIGH,gyrA,90.0,gyrA_A90V,R,0.8690476190476191,A,A90V,51.400000000000006,2.4000000000000004,-0.8600000000000001,28.0,-0.040000000000000036,H,AlphaHelix,-61.829999999999984,-59.75999999999999,47.0,2.0,0.0,False,False,False,False,True,False,55.555815915240146,-64.0,82.0,14.254302173206394,5.504265622675344,10.310827336129869,40.439998626708984,1.6650776123582791,0.089
591,LEV,0.25,-2.0,S,HIGH,gyrA,94.0,gyrA_D94G,R,0.8646496815286624,A,D94G,-50.99999999999999,3.1,-1.2700000000000002,-58.0,3.1999999999999997,H,AlphaHelix,-58.04000000000002,-41.610000000000014,97.4,1.0,1.0,False,False,False,False,True,False,88.1550888450658,63.0,80.0,18.193077591535243,7.778978962037692,14.095745809785983,46.65999984741211,1.7333416145382428,-0.873
592,LEV,4.0,2.0,R,HIGH,gyrA,94.0,gyrA_D94G,R,0.8646496815286624,A,D94G,-50.99999999999999,3.1,-1.2700000000000002,-58.0,3.1999999999999997,H,AlphaHelix,-58.04000000000002,-41.610000000000014,97.4,1.0,1.0,False,False,False,False,True,False,88.1550888450658,63.0,80.0,18.193077591535243,7.778978962037692,14.095745809785983,46.65999984741211,1.7333416145382428,-0.873
593,LEV,>8,4.0,R,HIGH,gyrA,88.0,gyrA_G88C,R,0.95,A,G88C,48.4,2.9,-0.9199999999999999,46.10000000000001,-0.8999999999999995,C,Coil,-77.02999999999997,152.43,8.6,0.0,0.0,False,True,False,False,False,False,9.936179450376525,50.0,75.0,9.383464096517303,8.798143905732672,11.185201845760195,57.560001373291016,1.9098223702260209,-0.725
594,LEV,0.5,-1.0,S,HIGH,gyrA,365.0,gyrA_Y365H,S,1.0,A,Y365H,-40.400000000000006,-1.9000000000000001,1.1400000000000001,-26.0,1.9299999999999997,H,AlphaHelix,-69.56,-44.55000000000001,7.8,2.0,2.0,False,False,False,False,True,False,6.750362950560967,45.0,71.0,33.28588839144804,33.1906146980515,37.808533585690014,50.81999969482422,6.127977906817749,-0.497
595,LEV,4.0,2.0,R,HIGH,gyrA,94.0,gyrA_D94G,R,0.8646496815286624,A,D94G,-50.99999999999999,3.1,-1.2700000000000002,-58.0,3.1999999999999997,H,AlphaHelix,-58.04000000000002,-41.610000000000014,97.4,1.0,1.0,False,False,False,False,True,False,88.1550888450658,63.0,80.0,18.193077591535243,7.778978962037692,14.095745809785983,46.65999984741211,1.7333416145382428,-0.873
596,LEV,4.0,2.0,R,MEDIUM,gyrA,94.0,gyrA_D94G,R,0.8646496815286624,A,D94G,-50.99999999999999,3.1,-1.2700000000000002,-58.0,3.1999999999999997,H,AlphaHelix,-58.04000000000002,-41.610000000000014,97.4,1.0,1.0,False,False,False,False,True,False,88.1550888450658,63.0,80.0,18.193077591535243,7.778978962037692,14.095745809785983,46.65999984741211,1.7333416145382428,-0.873
597,LEV,8.0,3.0,R,MEDIUM,gyrA,94.0,gyrA_D94G,R,0.8646496815286624,A,D94G,-50.99999999999999,3.1,-1.2700000000000002,-58.0,3.1999999999999997,H,AlphaHelix,-58.04000000000002,-41.610000000000014,97.4,1.0,1.0,False,False,False,False,True,False,88.1550888450658,63.0,80.0,18.193077591535243,7.778978962037692,14.095745809785983,46.65999984741211,1.7333416145382428,-0.873
598,LEV,8.0,3.0,R,HIGH,gyrA,94.0,gyrA_D94G,R,0.8646496815286624,A,D94G,-50.99999999999999,3.1,-1.2700000000000002,-58.0,3.1999999999999997,H,AlphaHelix,-58.04000000000002,-41.610000000000014,97.4,1.0,1.0,False,False,False,False,True,False,88.1550888450658,63.0,80.0,18.193077591535243,7.778978962037692,14.095745809785983,46.65999984741211,1.7333416145382428,-0.873
599,LEV,2.0,1.0,R,HIGH,gyrA,90.0,gyrA_A90V,R,0.8690476190476191,A,A90V,51.400000000000006,2.4000000000000004,-0.8600000000000001,28.0,-0.040000000000000036,H,AlphaHelix,-61.829999999999984,-59.75999999999999,47.0,2.0,0.0,False,False,False,False,True,False,55.555815915240146,-64.0,82.0,14.254302173206394,5.504265622675344,10.310827336129869,40.439998626708984,1.6650776123582791,0.089
600,LEV,1.0,0.0,S,HIGH,gyrB,446.0,gyrB_R446C,S,1.0,B,R446C,-64.9,7.0,-0.78,-52.999999999999986,-5.6899999999999995,C,Coil,-102.64999999999998,-28.920000000000016,47.7,0.0,2.0,False,True,False,False,False,False,48.145590821945774,28.0,63.0,29.585668854735626,35.658436254280595,29.76362930063906,77.33999633789062,1.8834134115420547,-0.926
601,LEV,2.0,1.0,R,HIGH,gyrA,90.0,gyrA_A90V,R,0.8690476190476191,A,A90V,51.400000000000006,2.4000000000000004,-0.8600000000000001,28.0,-0.040000000000000036,H,AlphaHelix,-61.829999999999984,-59.75999999999999,47.0,2.0,0.0,False,False,False,False,True,False,55.555815915240146,-64.0,82.0,14.254302173206394,5.504265622675344,10.310827336129869,40.439998626708984,1.6650776123582791,0.089
602,LEV,2.0,1.0,R,MEDIUM,gyrA,90.0,gyrA_A90V,R,0.8690476190476191,A,A90V,51.400000000000006,2.4000000000000004,-0.8600000000000001,28.0,-0.040000000000000036,H,AlphaHelix,-61.829999999999984,-59.75999999999999,47.0,2.0,0.0,False,False,False,False,True,False,55.555815915240146,-64.0,82.0,14.254302173206394,5.504265622675344,10.310827336129869,40.439998626708984,1.6650776123582791,0.089
603,LEV,>8,4.0,R,MEDIUM,gyrA,94.0,gyrA_D94G,R,0.8646496815286624,A,D94G,-50.99999999999999,3.1,-1.2700000000000002,-58.0,3.1999999999999997,H,AlphaHelix,-58.04000000000002,-41.610000000000014,97.4,1.0,1.0,False,False,False,False,True,False,88.1550888450658,63.0,80.0,18.193077591535243,7.778978962037692,14.095745809785983,46.65999984741211,1.7333416145382428,-0.873
604,LEV,>8,4.0,R,HIGH,gyrA,94.0,gyrA_D94G,R,0.8646496815286624,A,D94G,-50.99999999999999,3.1,-1.2700000000000002,-58.0,3.1999999999999997,H,AlphaHelix,-58.04000000000002,-41.610000000000014,97.4,1.0,1.0,False,False,False,False,True,False,88.1550888450658,63.0,80.0,18.193077591535243,7.778978962037692,14.095745809785983,46.65999984741211,1.7333416145382428,-0.873
605,LEV,4.0,2.0,R,MEDIUM,gyrA,90.0,gyrA_A90V,R,0.8690476190476191,A,A90V,51.400000000000006,2.4000000000000004,-0.8600000000000001,28.0,-0.040000000000000036,H,AlphaHelix,-61.829999999999984,-59.75999999999999,47.0,2.0,0.0,False,False,False,False,True,False,55.555815915240146,-64.0,82.0,14.254302173206394,5.504265622675344,10.310827336129869,40.439998626708984,1.6650776123582791,0.089
606,LEV,0.25,-2.0,S,MEDIUM,gyrA,237.0,gyrA_S237P,S,1.0,A,S237P,23.700000000000003,-0.8,-0.64,10.0,0.6200000000000001,H,AlphaHelix,-132.83,-15.470000000000027,93.4,2.0,0.0,False,False,False,False,True,False,84.98805596902513,-56.0,78.0,44.841211264498185,38.37262411906353,42.46336624443429,64.45999908447266,1.5215639229475377,-0.596
607,LEV,0.25,-2.0,S,MEDIUM,gyrA,472.0,gyrA_P472S,S,1.0,A,P472S,-23.700000000000003,0.8,0.64,-10.0,-0.6200000000000001,H,AlphaHelix,-59.70999999999998,-28.170000000000016,71.0,1.0,0.0,False,False,False,False,True,False,78.73791501370572,-68.0,82.0,46.353130855468216,48.26749325282632,52.90519851328242,69.8499984741211,1.6707895195538032,-1.116
608,LEV,>8,4.0,R,HIGH,gyrA,94.0,gyrA_D94G,R,0.8646496815286624,A,D94G,-50.99999999999999,3.1,-1.2700000000000002,-58.0,3.1999999999999997,H,AlphaHelix,-58.04000000000002,-41.610000000000014,97.4,1.0,1.0,False,False,False,False,True,False,88.1550888450658,63.0,80.0,18.193077591535243,7.778978962037692,14.095745809785983,46.65999984741211,1.7333416145382428,-0.873
609,LEV,8.0,3.0,R,HIGH,gyrA,94.0,gyrA_D94G,R,0.8646496815286624,A,D94G,-50.99999999999999,3.1,-1.2700000000000002,-58.0,3.1999999999999997,H,AlphaHelix,-58.04000000000002,-41.610000000000014,97.4,1.0,1.0,False,False,False,False,True,False,88.1550888450658,63.0,80.0,18.193077591535243,7.778978962037692,14.095745809785983,46.65999984741211,1.7333416145382428,-0.873
610,LEV,0.25,-2.0,S,MEDIUM,gyrB,668.0,gyrB_K668E,S,1.0,B,K668E,-30.19999999999999,0.3999999999999999,-0.19999999999999996,0.9000000000000057,-6.52,G,310Helix,-58.01999999999998,-23.889999999999986,163.3,0.0,0.0,False,False,False,True,False,False,167.7401654703288,7.0,53.0,24.48438315338606,33.32582181596847,33.41696474240433,73.08999633789062,1.5099538354745605,-0.467
611,LEV,2.0,1.0,R,HIGH,gyrA,90.0,gyrA_A90V,R,0.8690476190476191,A,A90V,51.400000000000006,2.4000000000000004,-0.8600000000000001,28.0,-0.040000000000000036,H,AlphaHelix,-61.829999999999984,-59.75999999999999,47.0,2.0,0.0,False,False,False,False,True,False,55.555815915240146,-64.0,82.0,14.254302173206394,5.504265622675344,10.310827336129869,40.439998626708984,1.6650776123582791,0.089
612,LEV,8.0,3.0,R,HIGH,gyrA,94.0,gyrA_D94N,R,0.8592592592592593,A,D94N,3.0,0.0,-1.9800000000000002,-1.0,2.64,H,AlphaHelix,-58.04000000000002,-41.610000000000014,97.4,1.0,1.0,False,False,False,False,True,False,88.1550888450658,56.0,75.0,18.193077591535243,7.778978962037692,14.095745809785983,46.65999984741211,1.7333416145382428,-0.347
613,LEV,4.0,2.0,R,MEDIUM,gyrA,90.0,gyrA_A90V,R,0.8690476190476191,A,A90V,51.400000000000006,2.4000000000000004,-0.8600000000000001,28.0,-0.040000000000000036,H,AlphaHelix,-61.829999999999984,-59.75999999999999,47.0,2.0,0.0,False,False,False,False,True,False,55.555815915240146,-64.0,82.0,14.254302173206394,5.504265622675344,10.310827336129869,40.439998626708984,1.6650776123582791,0.089
614,LEV,1.0,0.0,S,MEDIUM,gyrA,94.0,gyrA_D94A,R,0.7951807228915663,A,D94A,-22.5,5.3,-2.08,-44.0,3.23,H,AlphaHelix,-58.04000000000002,-41.610000000000014,97.4,1.0,1.0,False,False,False,False,True,False,88.1550888450658,46.0,71.0,18.193077591535243,7.778978962037692,14.095745809785983,46.65999984741211,1.7333416145382428,-0.421
615,LEV,8.0,3.0,R,HIGH,gyrA,94.0,gyrA_D94G,R,0.8646496815286624,A,D94G,-50.99999999999999,3.1,-1.2700000000000002,-58.0,3.1999999999999997,H,AlphaHelix,-58.04000000000002,-41.610000000000014,97.4,1.0,1.0,False,False,False,False,True,False,88.1550888450658,63.0,80.0,18.193077591535243,7.778978962037692,14.095745809785983,46.65999984741211,1.7333416145382428,-0.873
616,LEV,2.0,1.0,R,HIGH,gyrA,90.0,gyrA_A90V,R,0.8690476190476191,A,A90V,51.400000000000006,2.4000000000000004,-0.8600000000000001,28.0,-0.040000000000000036,H,AlphaHelix,-61.829999999999984,-59.75999999999999,47.0,2.0,0.0,False,False,False,False,True,False,55.555815915240146,-64.0,82.0,14.254302173206394,5.504265622675344,10.310827336129869,40.439998626708984,1.6650776123582791,0.089
617,LEV,2.0,1.0,R,HIGH,gyrA,90.0,gyrA_A90V,R,0.8690476190476191,A,A90V,51.400000000000006,2.4000000000000004,-0.8600000000000001,28.0,-0.040000000000000036,H,AlphaHelix,-61.829999999999984,-59.75999999999999,47.0,2.0,0.0,False,False,False,False,True,False,55.555815915240146,-64.0,82.0,14.254302173206394,5.504265622675344,10.310827336129869,40.439998626708984,1.6650776123582791,0.089
618,LEV,8.0,3.0,R,HIGH,gyrA,94.0,gyrA_D94G,R,0.8646496815286624,A,D94G,-50.99999999999999,3.1,-1.2700000000000002,-58.0,3.1999999999999997,H,AlphaHelix,-58.04000000000002,-41.610000000000014,97.4,1.0,1.0,False,False,False,False,True,False,88.1550888450658,63.0,80.0,18.193077591535243,7.778978962037692,14.095745809785983,46.65999984741211,1.7333416145382428,-0.873
619,LEV,4.0,2.0,R,MEDIUM,gyrA,94.0,gyrA_D94G,R,0.8646496815286624,A,D94G,-50.99999999999999,3.1,-1.2700000000000002,-58.0,3.1999999999999997,H,AlphaHelix,-58.04000000000002,-41.610000000000014,97.4,1.0,1.0,False,False,False,False,True,False,88.1550888450658,63.0,80.0,18.193077591535243,7.778978962037692,14.095745809785983,46.65999984741211,1.7333416145382428,-0.873
620,LEV,4.0,2.0,R,HIGH,gyrA,94.0,gyrA_D94G,R,0.8646496815286624,A,D94G,-50.99999999999999,3.1,-1.2700000000000002,-58.0,3.1999999999999997,H,AlphaHelix,-58.04000000000002,-41.610000000000014,97.4,1.0,1.0,False,False,False,False,True,False,88.1550888450658,63.0,80.0,18.193077591535243,7.778978962037692,14.095745809785983,46.65999984741211,1.7333416145382428,-0.873
621,LEV,8.0,3.0,R,HIGH,gyrA,94.0,gyrA_D94A,R,0.7951807228915663,A,D94A,-22.5,5.3,-2.08,-44.0,3.23,H,AlphaHelix,-58.04000000000002,-41.610000000000014,97.4,1.0,1.0,False,False,False,False,True,False,88.1550888450658,46.0,71.0,18.193077591535243,7.778978962037692,14.095745809785983,46.65999984741211,1.7333416145382428,-0.421
622,LEV,4.0,2.0,R,HIGH,gyrA,94.0,gyrA_D94G,R,0.8646496815286624,A,D94G,-50.99999999999999,3.1,-1.2700000000000002,-58.0,3.1999999999999997,H,AlphaHelix,-58.04000000000002,-41.610000000000014,97.4,1.0,1.0,False,False,False,False,True,False,88.1550888450658,63.0,80.0,18.193077591535243,7.778978962037692,14.095745809785983,46.65999984741211,1.7333416145382428,-0.873
623,LEV,>8,4.0,R,HIGH,gyrA,88.0,gyrA_G88C,R,0.95,A,G88C,48.4,2.9,-0.9199999999999999,46.10000000000001,-0.8999999999999995,C,Coil,-77.02999999999997,152.43,8.6,0.0,0.0,False,True,False,False,False,False,9.936179450376525,50.0,75.0,9.383464096517303,8.798143905732672,11.185201845760195,57.560001373291016,1.9098223702260209,-0.725
624,LEV,>8,4.0,R,HIGH,gyrA,94.0,gyrA_D94N,R,0.8592592592592593,A,D94N,3.0,0.0,-1.9800000000000002,-1.0,2.64,H,AlphaHelix,-58.04000000000002,-41.610000000000014,97.4,1.0,1.0,False,False,False,False,True,False,88.1550888450658,56.0,75.0,18.193077591535243,7.778978962037692,14.095745809785983,46.65999984741211,1.7333416145382428,-0.347
625,LEV,8.0,3.0,R,MEDIUM,gyrA,94.0,gyrA_D94N,R,0.8592592592592593,A,D94N,3.0,0.0,-1.9800000000000002,-1.0,2.64,H,AlphaHelix,-58.04000000000002,-41.610000000000014,97.4,1.0,1.0,False,False,False,False,True,False,88.1550888450658,56.0,75.0,18.193077591535243,7.778978962037692,14.095745809785983,46.65999984741211,1.7333416145382428,-0.347
626,LEV,>8,4.0,R,HIGH,gyrA,94.0,gyrA_D94G,R,0.8646496815286624,A,D94G,-50.99999999999999,3.1,-1.2700000000000002,-58.0,3.1999999999999997,H,AlphaHelix,-58.04000000000002,-41.610000000000014,97.4,1.0,1.0,False,False,False,False,True,False,88.1550888450658,63.0,80.0,18.193077591535243,7.778978962037692,14.095745809785983,46.65999984741211,1.7333416145382428,-0.873
627,LEV,4.0,2.0,R,HIGH,gyrB,512.0,gyrB_G512R,S,0.7142857142857143,B,G512R,113.30000000000001,-4.1,-0.1399999999999999,99.1,4.79,C,Coil,-78.40999999999997,-153.43,22.3,0.0,0.0,False,True,False,False,False,False,21.149837177377734,56.0,75.0,30.22847232612234,32.992962074498614,27.088620046626986,69.91000366210938,1.8566162191748528,-1.498
628,LEV,1.0,0.0,S,MEDIUM,gyrA,90.0,gyrA_A90V,R,0.8690476190476191,A,A90V,51.400000000000006,2.4000000000000004,-0.8600000000000001,28.0,-0.040000000000000036,H,AlphaHelix,-61.829999999999984,-59.75999999999999,47.0,2.0,0.0,False,False,False,False,True,False,55.555815915240146,-64.0,82.0,14.254302173206394,5.504265622675344,10.310827336129869,40.439998626708984,1.6650776123582791,0.089
629,LEV,4.0,2.0,R,HIGH,gyrB,461.0,gyrB_D461N,R,1.0,B,D461N,3.0,0.0,-1.9800000000000002,-1.0,2.64,H,AlphaHelix,-71.88999999999999,-39.93000000000001,81.7,1.0,0.0,False,False,False,False,True,False,75.64790414237022,36.0,66.0,11.69428626742857,15.223706008416038,10.457794239999561,64.79000091552734,1.5661131135005826,-0.266
630,LEV,0.25,-2.0,S,HIGH,gyrA,94.0,gyrA_D94G,R,0.8646496815286624,A,D94G,-50.99999999999999,3.1,-1.2700000000000002,-58.0,3.1999999999999997,H,AlphaHelix,-58.04000000000002,-41.610000000000014,97.4,1.0,1.0,False,False,False,False,True,False,88.1550888450658,63.0,80.0,18.193077591535243,7.778978962037692,14.095745809785983,46.65999984741211,1.7333416145382428,-0.873
631,LEV,0.5,-1.0,S,MEDIUM,gyrB,527.0,gyrB_I527V,S,1.0,B,I527V,-26.69999999999999,-0.2999999999999998,0.28,-14.099999999999994,-0.05999999999999961,E,Strand,-111.82999999999998,99.06,2.2,1.0,1.0,False,False,True,False,False,False,1.6493294988361777,-38.0,66.0,20.527259515331036,29.49648388520069,23.970545453655763,66.41999816894531,6.739530383584288,-1.582
632,LEV,4.0,2.0,R,HIGH,gyrA,90.0,gyrA_A90V,R,0.8690476190476191,A,A90V,51.400000000000006,2.4000000000000004,-0.8600000000000001,28.0,-0.040000000000000036,H,AlphaHelix,-61.829999999999984,-59.75999999999999,47.0,2.0,0.0,False,False,False,False,True,False,55.555815915240146,-64.0,82.0,14.254302173206394,5.504265622675344,10.310827336129869,40.439998626708984,1.6650776123582791,0.089
633,LEV,8.0,3.0,R,HIGH,gyrA,94.0,gyrA_D94G,R,0.8646496815286624,A,D94G,-50.99999999999999,3.1,-1.2700000000000002,-58.0,3.1999999999999997,H,AlphaHelix,-58.04000000000002,-41.610000000000014,97.4,1.0,1.0,False,False,False,False,True,False,88.1550888450658,63.0,80.0,18.193077591535243,7.778978962037692,14.095745809785983,46.65999984741211,1.7333416145382428,-0.873
634,LEV,8.0,3.0,R,MEDIUM,gyrA,94.0,gyrA_D94G,R,0.8646496815286624,A,D94G,-50.99999999999999,3.1,-1.2700000000000002,-58.0,3.1999999999999997,H,AlphaHelix,-58.04000000000002,-41.610000000000014,97.4,1.0,1.0,False,False,False,False,True,False,88.1550888450658,63.0,80.0,18.193077591535243,7.778978962037692,14.095745809785983,46.65999984741211,1.7333416145382428,-0.873
635,LEV,1.0,0.0,S,HIGH,gyrA,193.0,gyrA_N193S,S,1.0,A,N193S,-25.099999999999994,2.7,-0.09999999999999998,-27.0,0.2699999999999996,C,Coil,-78.75,123.63,5.4,2.0,0.0,False,True,False,False,False,False,3.9785882839510753,-22.0,61.0,38.286532913756595,31.644021592511656,37.267766220385276,50.119998931884766,3.1142630176941593,-1.229
636,LEV,2.0,1.0,R,MEDIUM,gyrA,94.0,gyrA_D94H,R,0.9714285714285714,A,D94H,42.099999999999994,0.2999999999999998,-1.04,22.099999999999994,4.82,H,AlphaHelix,-58.04000000000002,-41.610000000000014,97.4,1.0,1.0,False,False,False,False,True,False,88.1550888450658,79.0,85.0,18.193077591535243,7.778978962037692,14.095745809785983,46.65999984741211,1.7333416145382428,-0.36
637,LEV,4.0,2.0,R,MEDIUM,gyrA,91.0,gyrA_S91P,R,0.8524590163934426,A,S91P,23.700000000000003,-0.8,-0.64,10.0,0.6200000000000001,H,AlphaHelix,-67.14999999999998,-27.149999999999977,64.8,1.0,0.0,False,False,False,False,True,False,65.22815545163408,63.0,80.0,13.370520192722235,5.421428426386811,10.72875108867804,47.63999938964844,1.5284537092505912,-0.125
638,LEV,>8,4.0,R,MEDIUM,gyrA,94.0,gyrA_D94N,R,0.8592592592592593,A,D94N,3.0,0.0,-1.9800000000000002,-1.0,2.64,H,AlphaHelix,-58.04000000000002,-41.610000000000014,97.4,1.0,1.0,False,False,False,False,True,False,88.1550888450658,56.0,75.0,18.193077591535243,7.778978962037692,14.095745809785983,46.65999984741211,1.7333416145382428,-0.347
639,LEV,2.0,1.0,R,HIGH,gyrA,90.0,gyrA_A90V,R,0.8690476190476191,A,A90V,51.400000000000006,2.4000000000000004,-0.8600000000000001,28.0,-0.040000000000000036,H,AlphaHelix,-61.829999999999984,-59.75999999999999,47.0,2.0,0.0,False,False,False,False,True,False,55.555815915240146,-64.0,82.0,14.254302173206394,5.504265622675344,10.310827336129869,40.439998626708984,1.6650776123582791,0.089
640,LEV,8.0,3.0,R,HIGH,gyrA,90.0,gyrA_A90V,R,0.8690476190476191,A,A90V,51.400000000000006,2.4000000000000004,-0.8600000000000001,28.0,-0.040000000000000036,H,AlphaHelix,-61.829999999999984,-59.75999999999999,47.0,2.0,0.0,False,False,False,False,True,False,55.555815915240146,-64.0,82.0,14.254302173206394,5.504265622675344,10.310827336129869,40.439998626708984,1.6650776123582791,0.089
641,LEV,2.0,1.0,R,HIGH,gyrA,94.0,gyrA_D94G,R,0.8646496815286624,A,D94G,-50.99999999999999,3.1,-1.2700000000000002,-58.0,3.1999999999999997,H,AlphaHelix,-58.04000000000002,-41.610000000000014,97.4,1.0,1.0,False,False,False,False,True,False,88.1550888450658,63.0,80.0,18.193077591535243,7.778978962037692,14.095745809785983,46.65999984741211,1.7333416145382428,-0.873
642,LEV,4.0,2.0,R,HIGH,gyrA,94.0,gyrA_D94G,R,0.8646496815286624,A,D94G,-50.99999999999999,3.1,-1.2700000000000002,-58.0,3.1999999999999997,H,AlphaHelix,-58.04000000000002,-41.610000000000014,97.4,1.0,1.0,False,False,False,False,True,False,88.1550888450658,63.0,80.0,18.193077591535243,7.778978962037692,14.095745809785983,46.65999984741211,1.7333416145382428,-0.873
643,LEV,2.0,1.0,R,HIGH,gyrA,105.0,gyrA_L105R,R,1.0,A,L105R,6.700000000000017,-8.3,1.69,43.0,4.779999999999999,T,Turn,-96.65999999999997,129.45,8.4,0.0,1.0,False,False,False,False,False,True,8.473817427497078,67.0,80.0,28.81807675612706,20.37500507988344,26.329621035941255,47.790000915527344,2.719683482946903,-1.786
644,LEV,0.25,-2.0,S,HIGH,gyrA,17.0,gyrA_P17L,S,1.0,A,P17L,53.999999999999986,5.4,-0.37999999999999995,16.099999999999994,-0.3199999999999994,E,Strand,-91.65999999999997,143.37,97.0,0.0,0.0,False,False,True,False,False,False,100.4932656203218,-65.0,82.0,24.559423263149817,37.09686291023906,33.156400340153255,82.81999969482422,1.5653954006488104,-0.265
645,LEV,>8,4.0,R,HIGH,gyrA,94.0,gyrA_D94G,R,0.8646496815286624,A,D94G,-50.99999999999999,3.1,-1.2700000000000002,-58.0,3.1999999999999997,H,AlphaHelix,-58.04000000000002,-41.610000000000014,97.4,1.0,1.0,False,False,False,False,True,False,88.1550888450658,63.0,80.0,18.193077591535243,7.778978962037692,14.095745809785983,46.65999984741211,1.7333416145382428,-0.873
646,LEV,2.0,1.0,R,MEDIUM,gyrA,94.0,gyrA_D94G,R,0.8646496815286624,A,D94G,-50.99999999999999,3.1,-1.2700000000000002,-58.0,3.1999999999999997,H,AlphaHelix,-58.04000000000002,-41.610000000000014,97.4,1.0,1.0,False,False,False,False,True,False,88.1550888450658,63.0,80.0,18.193077591535243,7.778978962037692,14.095745809785983,46.65999984741211,1.7333416145382428,-0.873
647,LEV,4.0,2.0,R,HIGH,gyrA,94.0,gyrA_D94G,R,0.8646496815286624,A,D94G,-50.99999999999999,3.1,-1.2700000000000002,-58.0,3.1999999999999997,H,AlphaHelix,-58.04000000000002,-41.610000000000014,97.4,1.0,1.0,False,False,False,False,True,False,88.1550888450658,63.0,80.0,18.193077591535243,7.778978962037692,14.095745809785983,46.65999984741211,1.7333416145382428,-0.873
648,LEV,4.0,2.0,R,HIGH,gyrA,94.0,gyrA_D94Y,R,0.9285714285714286,A,D94Y,82.5,2.2,-2.18,48.099999999999994,2.89,H,AlphaHelix,-58.04000000000002,-41.610000000000014,97.4,1.0,1.0,False,False,False,False,True,False,88.1550888450658,81.0,91.0,18.193077591535243,7.778978962037692,14.095745809785983,46.65999984741211,1.7333416145382428,-0.376
649,LEV,4.0,2.0,R,MEDIUM,gyrA,90.0,gyrA_A90V,R,0.8690476190476191,A,A90V,51.400000000000006,2.4000000000000004,-0.8600000000000001,28.0,-0.040000000000000036,H,AlphaHelix,-61.829999999999984,-59.75999999999999,47.0,2.0,0.0,False,False,False,False,True,False,55.555815915240146,-64.0,82.0,14.254302173206394,5.504265622675344,10.310827336129869,40.439998626708984,1.6650776123582791,0.089
650,LEV,0.5,-1.0,S,MEDIUM,gyrA,90.0,gyrA_A90V,R,0.8690476190476191,A,A90V,51.400000000000006,2.4000000000000004,-0.8600000000000001,28.0,-0.040000000000000036,H,AlphaHelix,-61.829999999999984,-59.75999999999999,47.0,2.0,0.0,False,False,False,False,True,False,55.555815915240146,-64.0,82.0,14.254302173206394,5.504265622675344,10.310827336129869,40.439998626708984,1.6650776123582791,0.089
651,LEV,4.0,2.0,R,HIGH,gyrA,94.0,gyrA_D94G,R,0.8646496815286624,A,D94G,-50.99999999999999,3.1,-1.2700000000000002,-58.0,3.1999999999999997,H,AlphaHelix,-58.04000000000002,-41.610000000000014,97.4,1.0,1.0,False,False,False,False,True,False,88.1550888450658,63.0,80.0,18.193077591535243,7.778978962037692,14.095745809785983,46.65999984741211,1.7333416145382428,-0.873
652,LEV,4.0,2.0,R,HIGH,gyrA,94.0,gyrA_D94G,R,0.8646496815286624,A,D94G,-50.99999999999999,3.1,-1.2700000000000002,-58.0,3.1999999999999997,H,AlphaHelix,-58.04000000000002,-41.610000000000014,97.4,1.0,1.0,False,False,False,False,True,False,88.1550888450658,63.0,80.0,18.193077591535243,7.778978962037692,14.095745809785983,46.65999984741211,1.7333416145382428,-0.873
653,LEV,0.25,-2.0,S,HIGH,gyrA,108.0,gyrA_P108S,S,1.0,A,P108S,-23.700000000000003,0.8,0.64,-10.0,-0.6200000000000001,T,Turn,-50.85000000000002,138.42,37.4,0.0,0.0,False,False,False,False,False,True,38.846676548645014,26.0,63.0,29.65114740893153,21.910217608647645,28.149039775968802,40.81999969482422,1.9146083700236658,-1.514
654,LEV,0.5,-1.0,S,MEDIUM,gyrA,94.0,gyrA_D94A,R,0.7951807228915663,A,D94A,-22.5,5.3,-2.08,-44.0,3.23,H,AlphaHelix,-58.04000000000002,-41.610000000000014,97.4,1.0,1.0,False,False,False,False,True,False,88.1550888450658,46.0,71.0,18.193077591535243,7.778978962037692,14.095745809785983,46.65999984741211,1.7333416145382428,-0.421
655,LEV,8.0,3.0,R,MEDIUM,gyrA,88.0,gyrA_G88C,R,0.95,A,G88C,48.4,2.9,-0.9199999999999999,46.10000000000001,-0.8999999999999995,C,Coil,-77.02999999999997,152.43,8.6,0.0,0.0,False,True,False,False,False,False,9.936179450376525,50.0,75.0,9.383464096517303,8.798143905732672,11.185201845760195,57.560001373291016,1.9098223702260209,-0.725
656,LEV,>8,4.0,R,HIGH,gyrA,94.0,gyrA_D94G,R,0.8646496815286624,A,D94G,-50.99999999999999,3.1,-1.2700000000000002,-58.0,3.1999999999999997,H,AlphaHelix,-58.04000000000002,-41.610000000000014,97.4,1.0,1.0,False,False,False,False,True,False,88.1550888450658,63.0,80.0,18.193077591535243,7.778978962037692,14.095745809785983,46.65999984741211,1.7333416145382428,-0.873
657,LEV,8.0,3.0,R,MEDIUM,gyrA,94.0,gyrA_D94N,R,0.8592592592592593,A,D94N,3.0,0.0,-1.9800000000000002,-1.0,2.64,H,AlphaHelix,-58.04000000000002,-41.610000000000014,97.4,1.0,1.0,False,False,False,False,True,False,88.1550888450658,56.0,75.0,18.193077591535243,7.778978962037692,14.095745809785983,46.65999984741211,1.7333416145382428,-0.347
658,LEV,2.0,1.0,R,HIGH,gyrA,91.0,gyrA_S91P,R,0.8524590163934426,A,S91P,23.700000000000003,-0.8,-0.64,10.0,0.6200000000000001,H,AlphaHelix,-67.14999999999998,-27.149999999999977,64.8,1.0,0.0,False,False,False,False,True,False,65.22815545163408,63.0,80.0,13.370520192722235,5.421428426386811,10.72875108867804,47.63999938964844,1.5284537092505912,-0.125
659,LEV,2.0,1.0,R,MEDIUM,gyrA,90.0,gyrA_A90V,R,0.8690476190476191,A,A90V,51.400000000000006,2.4000000000000004,-0.8600000000000001,28.0,-0.040000000000000036,H,AlphaHelix,-61.829999999999984,-59.75999999999999,47.0,2.0,0.0,False,False,False,False,True,False,55.555815915240146,-64.0,82.0,14.254302173206394,5.504265622675344,10.310827336129869,40.439998626708984,1.6650776123582791,0.089
660,LEV,>8,4.0,R,HIGH,gyrA,94.0,gyrA_D94G,R,0.8646496815286624,A,D94G,-50.99999999999999,3.1,-1.2700000000000002,-58.0,3.1999999999999997,H,AlphaHelix,-58.04000000000002,-41.610000000000014,97.4,1.0,1.0,False,False,False,False,True,False,88.1550888450658,63.0,80.0,18.193077591535243,7.778978962037692,14.095745809785983,46.65999984741211,1.7333416145382428,-0.873
661,LEV,>8,4.0,R,HIGH,gyrA,94.0,gyrA_D94G,R,0.8646496815286624,A,D94G,-50.99999999999999,3.1,-1.2700000000000002,-58.0,3.1999999999999997,H,AlphaHelix,-58.04000000000002,-41.610000000000014,97.4,1.0,1.0,False,False,False,False,True,False,88.1550888450658,63.0,80.0,18.193077591535243,7.778978962037692,14.095745809785983,46.65999984741211,1.7333416145382428,-0.873
662,LEV,0.5,-1.0,S,HIGH,gyrB,434.0,gyrB_D434G,S,1.0,B,D434G,-50.99999999999999,3.1,-1.2700000000000002,-58.0,3.1999999999999997,,,,,,,,,,,,,,0.0,-3.0,53.0,,,,,,
663,LEV,2.0,1.0,R,MEDIUM,gyrA,94.0,gyrA_D94G,R,0.8646496815286624,A,D94G,-50.99999999999999,3.1,-1.2700000000000002,-58.0,3.1999999999999997,H,AlphaHelix,-58.04000000000002,-41.610000000000014,97.4,1.0,1.0,False,False,False,False,True,False,88.1550888450658,63.0,80.0,18.193077591535243,7.778978962037692,14.095745809785983,46.65999984741211,1.7333416145382428,-0.873
664,LEV,>8,4.0,R,HIGH,gyrA,94.0,gyrA_D94G,R,0.8646496815286624,A,D94G,-50.99999999999999,3.1,-1.2700000000000002,-58.0,3.1999999999999997,H,AlphaHelix,-58.04000000000002,-41.610000000000014,97.4,1.0,1.0,False,False,False,False,True,False,88.1550888450658,63.0,80.0,18.193077591535243,7.778978962037692,14.095745809785983,46.65999984741211,1.7333416145382428,-0.873
665,LEV,8.0,3.0,R,HIGH,gyrA,94.0,gyrA_D94G,R,0.8646496815286624,A,D94G,-50.99999999999999,3.1,-1.2700000000000002,-58.0,3.1999999999999997,H,AlphaHelix,-58.04000000000002,-41.610000000000014,97.4,1.0,1.0,False,False,False,False,True,False,88.1550888450658,63.0,80.0,18.193077591535243,7.778978962037692,14.095745809785983,46.65999984741211,1.7333416145382428,-0.873
666,LEV,4.0,2.0,R,HIGH,gyrA,90.0,gyrA_A90V,R,0.8690476190476191,A,A90V,51.400000000000006,2.4000000000000004,-0.8600000000000001,28.0,-0.040000000000000036,H,AlphaHelix,-61.829999999999984,-59.75999999999999,47.0,2.0,0.0,False,False,False,False,True,False,55.555815915240146,-64.0,82.0,14.254302173206394,5.504265622675344,10.310827336129869,40.439998626708984,1.6650776123582791,0.089
667,LEV,0.5,-1.0,S,MEDIUM,gyrA,94.0,gyrA_D94G,R,0.8646496815286624,A,D94G,-50.99999999999999,3.1,-1.2700000000000002,-58.0,3.1999999999999997,H,AlphaHelix,-58.04000000000002,-41.610000000000014,97.4,1.0,1.0,False,False,False,False,True,False,88.1550888450658,63.0,80.0,18.193077591535243,7.778978962037692,14.095745809785983,46.65999984741211,1.7333416145382428,-0.873
668,LEV,>8,4.0,R,HIGH,gyrA,94.0,gyrA_D94G,R,0.8646496815286624,A,D94G,-50.99999999999999,3.1,-1.2700000000000002,-58.0,3.1999999999999997,H,AlphaHelix,-58.04000000000002,-41.610000000000014,97.4,1.0,1.0,False,False,False,False,True,False,88.1550888450658,63.0,80.0,18.193077591535243,7.778978962037692,14.095745809785983,46.65999984741211,1.7333416145382428,-0.873
669,LEV,1.0,0.0,S,HIGH,gyrB,447.0,gyrB_S447Y,R,0.6666666666666666,B,S447Y,104.6,-0.5,-0.1,76.1,-0.019999999999999574,C,Coil,-66.01999999999998,127.78,10.3,0.0,1.0,False,True,False,False,False,False,7.650214361327759,43.0,71.0,30.986926496507703,37.926884539701504,31.95516280373057,76.79000091552734,2.2854008237144825,-0.51
670,LEV,2.0,1.0,R,HIGH,gyrA,90.0,gyrA_A90V,R,0.8690476190476191,A,A90V,51.400000000000006,2.4000000000000004,-0.8600000000000001,28.0,-0.040000000000000036,H,AlphaHelix,-61.829999999999984,-59.75999999999999,47.0,2.0,0.0,False,False,False,False,True,False,55.555815915240146,-64.0,82.0,14.254302173206394,5.504265622675344,10.310827336129869,40.439998626708984,1.6650776123582791,0.089
671,LEV,4.0,2.0,R,HIGH,gyrA,90.0,gyrA_A90V,R,0.8690476190476191,A,A90V,51.400000000000006,2.4000000000000004,-0.8600000000000001,28.0,-0.040000000000000036,H,AlphaHelix,-61.829999999999984,-59.75999999999999,47.0,2.0,0.0,False,False,False,False,True,False,55.555815915240146,-64.0,82.0,14.254302173206394,5.504265622675344,10.310827336129869,40.439998626708984,1.6650776123582791,0.089
672,LEV,4.0,2.0,R,MEDIUM,gyrA,94.0,gyrA_D94G,R,0.8646496815286624,A,D94G,-50.99999999999999,3.1,-1.2700000000000002,-58.0,3.1999999999999997,H,AlphaHelix,-58.04000000000002,-41.610000000000014,97.4,1.0,1.0,False,False,False,False,True,False,88.1550888450658,63.0,80.0,18.193077591535243,7.778978962037692,14.095745809785983,46.65999984741211,1.7333416145382428,-0.873
673,LEV,0.25,-2.0,S,HIGH,gyrA,91.0,gyrA_S91P,R,0.8524590163934426,A,S91P,23.700000000000003,-0.8,-0.64,10.0,0.6200000000000001,H,AlphaHelix,-67.14999999999998,-27.149999999999977,64.8,1.0,0.0,False,False,False,False,True,False,65.22815545163408,63.0,80.0,13.370520192722235,5.421428426386811,10.72875108867804,47.63999938964844,1.5284537092505912,-0.125
674,LEV,8.0,3.0,R,HIGH,gyrA,94.0,gyrA_D94Y,R,0.9285714285714286,A,D94Y,82.5,2.2,-2.18,48.099999999999994,2.89,H,AlphaHelix,-58.04000000000002,-41.610000000000014,97.4,1.0,1.0,False,False,False,False,True,False,88.1550888450658,81.0,91.0,18.193077591535243,7.778978962037692,14.095745809785983,46.65999984741211,1.7333416145382428,-0.376
675,LEV,>8,4.0,R,HIGH,gyrA,94.0,gyrA_D94A,R,0.7951807228915663,A,D94A,-22.5,5.3,-2.08,-44.0,3.23,H,AlphaHelix,-58.04000000000002,-41.610000000000014,97.4,1.0,1.0,False,False,False,False,True,False,88.1550888450658,46.0,71.0,18.193077591535243,7.778978962037692,14.095745809785983,46.65999984741211,1.7333416145382428,-0.421
676,LEV,8.0,3.0,R,HIGH,gyrA,88.0,gyrA_G88C,R,0.95,A,G88C,48.4,2.9,-0.9199999999999999,46.10000000000001,-0.8999999999999995,C,Coil,-77.02999999999997,152.43,8.6,0.0,0.0,False,True,False,False,False,False,9.936179450376525,50.0,75.0,9.383464096517303,8.798143905732672,11.185201845760195,57.560001373291016,1.9098223702260209,-0.725
677,LEV,8.0,3.0,R,HIGH,gyrA,94.0,gyrA_D94N,R,0.8592592592592593,A,D94N,3.0,0.0,-1.9800000000000002,-1.0,2.64,H,AlphaHelix,-58.04000000000002,-41.610000000000014,97.4,1.0,1.0,False,False,False,False,True,False,88.1550888450658,56.0,75.0,18.193077591535243,7.778978962037692,14.095745809785983,46.65999984741211,1.7333416145382428,-0.347
678,LEV,>8,4.0,R,HIGH,gyrA,94.0,gyrA_D94N,R,0.8592592592592593,A,D94N,3.0,0.0,-1.9800000000000002,-1.0,2.64,H,AlphaHelix,-58.04000000000002,-41.610000000000014,97.4,1.0,1.0,False,False,False,False,True,False,88.1550888450658,56.0,75.0,18.193077591535243,7.778978962037692,14.095745809785983,46.65999984741211,1.7333416145382428,-0.347
679,LEV,4.0,2.0,R,HIGH,gyrA,94.0,gyrA_D94G,R,0.8646496815286624,A,D94G,-50.99999999999999,3.1,-1.2700000000000002,-58.0,3.1999999999999997,H,AlphaHelix,-58.04000000000002,-41.610000000000014,97.4,1.0,1.0,False,False,False,False,True,False,88.1550888450658,63.0,80.0,18.193077591535243,7.778978962037692,14.095745809785983,46.65999984741211,1.7333416145382428,-0.873
680,LEV,0.25,-2.0,S,HIGH,gyrB,457.0,gyrB_V457L,S,0.8,B,V457L,26.69999999999999,-0.40000000000000036,-0.15999999999999992,14.099999999999994,0.020000000000000462,E,Strand,-84.48000000000002,110.62,5.5,1.0,1.0,False,False,True,False,False,False,4.051828439596724,-24.0,61.0,14.807203990488254,22.747146856262027,17.219380732399905,47.4900016784668,6.9560192905350995,1.189
681,LEV,8.0,3.0,R,HIGH,gyrA,94.0,gyrA_D94Y,R,0.9285714285714286,A,D94Y,82.5,2.2,-2.18,48.099999999999994,2.89,H,AlphaHelix,-58.04000000000002,-41.610000000000014,97.4,1.0,1.0,False,False,False,False,True,False,88.1550888450658,81.0,91.0,18.193077591535243,7.778978962037692,14.095745809785983,46.65999984741211,1.7333416145382428,-0.376
682,LEV,4.0,2.0,R,MEDIUM,gyrA,94.0,gyrA_D94G,R,0.8646496815286624,A,D94G,-50.99999999999999,3.1,-1.2700000000000002,-58.0,3.1999999999999997,H,AlphaHelix,-58.04000000000002,-41.610000000000014,97.4,1.0,1.0,False,False,False,False,True,False,88.1550888450658,63.0,80.0,18.193077591535243,7.778978962037692,14.095745809785983,46.65999984741211,1.7333416145382428,-0.873
683,LEV,8.0,3.0,R,MEDIUM,gyrA,94.0,gyrA_D94G,R,0.8646496815286624,A,D94G,-50.99999999999999,3.1,-1.2700000000000002,-58.0,3.1999999999999997,H,AlphaHelix,-58.04000000000002,-41.610000000000014,97.4,1.0,1.0,False,False,False,False,True,False,88.1550888450658,63.0,80.0,18.193077591535243,7.778978962037692,14.095745809785983,46.65999984741211,1.7333416145382428,-0.873
684,LEV,0.5,-1.0,S,HIGH,gyrA,322.0,gyrA_A322S,S,1.0,A,A322S,0.4000000000000057,-2.6,0.0,16.0,-0.3200000000000003,T,Turn,-136.04,139.32,24.4,0.0,1.0,False,False,False,False,False,True,25.50589572549015,-84.0,93.0,57.84274461012678,45.4008264416916,48.13748332045493,91.58000183105469,1.675020300704687,-1.187
685,LEV,>8,4.0,R,HIGH,gyrA,94.0,gyrA_D94G,R,0.8646496815286624,A,D94G,-50.99999999999999,3.1,-1.2700000000000002,-58.0,3.1999999999999997,H,AlphaHelix,-58.04000000000002,-41.610000000000014,97.4,1.0,1.0,False,False,False,False,True,False,88.1550888450658,63.0,80.0,18.193077591535243,7.778978962037692,14.095745809785983,46.65999984741211,1.7333416145382428,-0.873
686,LEV,1.0,0.0,S,HIGH,gyrB,501.0,gyrB_E501D,S,0.6428571428571429,B,E501D,-27.30000000000001,0.0,0.8,-14.0,-0.4500000000000002,H,AlphaHelix,-71.87,-38.54000000000002,13.6,2.0,0.0,False,False,False,False,True,False,15.369778026626971,78.0,85.0,17.92544384842089,17.867526289070224,11.782093492314347,63.0099983215332,2.23399611625198,-2.507
687,LEV,<=0.12,-3.06,S,MEDIUM,gyrA,94.0,gyrA_D94G,R,0.8646496815286624,A,D94G,-50.99999999999999,3.1,-1.2700000000000002,-58.0,3.1999999999999997,H,AlphaHelix,-58.04000000000002,-41.610000000000014,97.4,1.0,1.0,False,False,False,False,True,False,88.1550888450658,63.0,80.0,18.193077591535243,7.778978962037692,14.095745809785983,46.65999984741211,1.7333416145382428,-0.873
688,LEV,4.0,2.0,R,HIGH,gyrA,91.0,gyrA_S91P,R,0.8524590163934426,A,S91P,23.700000000000003,-0.8,-0.64,10.0,0.6200000000000001,H,AlphaHelix,-67.14999999999998,-27.149999999999977,64.8,1.0,0.0,False,False,False,False,True,False,65.22815545163408,63.0,80.0,13.370520192722235,5.421428426386811,10.72875108867804,47.63999938964844,1.5284537092505912,-0.125
689,LEV,4.0,2.0,R,HIGH,gyrB,457.0,gyrB_V457L,S,0.8,B,V457L,26.69999999999999,-0.40000000000000036,-0.15999999999999992,14.099999999999994,0.020000000000000462,E,Strand,-84.48000000000002,110.62,5.5,1.0,1.0,False,False,True,False,False,False,4.051828439596724,-24.0,61.0,14.807203990488254,22.747146856262027,17.219380732399905,47.4900016784668,6.9560192905350995,1.189
690,LEV,0.5,-1.0,S,HIGH,gyrA,193.0,gyrA_N193S,S,1.0,A,N193S,-25.099999999999994,2.7,-0.09999999999999998,-27.0,0.2699999999999996,C,Coil,-78.75,123.63,5.4,2.0,0.0,False,True,False,False,False,False,3.9785882839510753,-22.0,61.0,38.286532913756595,31.644021592511656,37.267766220385276,50.119998931884766,3.1142630176941593,-1.229
691,LEV,8.0,3.0,R,HIGH,gyrA,90.0,gyrA_A90V,R,0.8690476190476191,A,A90V,51.400000000000006,2.4000000000000004,-0.8600000000000001,28.0,-0.040000000000000036,H,AlphaHelix,-61.829999999999984,-59.75999999999999,47.0,2.0,0.0,False,False,False,False,True,False,55.555815915240146,-64.0,82.0,14.254302173206394,5.504265622675344,10.310827336129869,40.439998626708984,1.6650776123582791,0.089
692,LEV,0.25,-2.0,S,HIGH,gyrA,94.0,gyrA_D94G,R,0.8646496815286624,A,D94G,-50.99999999999999,3.1,-1.2700000000000002,-58.0,3.1999999999999997,H,AlphaHelix,-58.04000000000002,-41.610000000000014,97.4,1.0,1.0,False,False,False,False,True,False,88.1550888450658,63.0,80.0,18.193077591535243,7.778978962037692,14.095745809785983,46.65999984741211,1.7333416145382428,-0.873
693,LEV,2.0,1.0,R,HIGH,gyrA,94.0,gyrA_D94A,R,0.7951807228915663,A,D94A,-22.5,5.3,-2.08,-44.0,3.23,H,AlphaHelix,-58.04000000000002,-41.610000000000014,97.4,1.0,1.0,False,False,False,False,True,False,88.1550888450658,46.0,71.0,18.193077591535243,7.778978962037692,14.095745809785983,46.65999984741211,1.7333416145382428,-0.421
694,LEV,8.0,3.0,R,HIGH,gyrA,94.0,gyrA_D94G,R,0.8646496815286624,A,D94G,-50.99999999999999,3.1,-1.2700000000000002,-58.0,3.1999999999999997,H,AlphaHelix,-58.04000000000002,-41.610000000000014,97.4,1.0,1.0,False,False,False,False,True,False,88.1550888450658,63.0,80.0,18.193077591535243,7.778978962037692,14.095745809785983,46.65999984741211,1.7333416145382428,-0.873
695,LEV,8.0,3.0,R,HIGH,gyrA,94.0,gyrA_D94G,R,0.8646496815286624,A,D94G,-50.99999999999999,3.1,-1.2700000000000002,-58.0,3.1999999999999997,H,AlphaHelix,-58.04000000000002,-41.610000000000014,97.4,1.0,1.0,False,False,False,False,True,False,88.1550888450658,63.0,80.0,18.193077591535243,7.778978962037692,14.095745809785983,46.65999984741211,1.7333416145382428,-0.873
696,LEV,2.0,1.0,R,MEDIUM,gyrA,94.0,gyrA_D94G,R,0.8646496815286624,A,D94G,-50.99999999999999,3.1,-1.2700000000000002,-58.0,3.1999999999999997,H,AlphaHelix,-58.04000000000002,-41.610000000000014,97.4,1.0,1.0,False,False,False,False,True,False,88.1550888450658,63.0,80.0,18.193077591535243,7.778978962037692,14.095745809785983,46.65999984741211,1.7333416145382428,-0.873
697,LEV,2.0,1.0,R,HIGH,gyrA,74.0,gyrA_A74S,R,1.0,A,A74S,0.4000000000000057,-2.6,0.0,16.0,-0.3200000000000003,H,AlphaHelix,-59.18000000000001,-32.73000000000002,3.5,1.0,0.0,False,False,False,False,True,False,3.1065089450806322,-68.0,82.0,21.168685207897035,15.38381395515152,20.116023014327347,43.470001220703125,3.9830685494597495,-0.009
698,LEV,0.25,-2.0,S,MEDIUM,gyrA,94.0,gyrA_D94G,R,0.8646496815286624,A,D94G,-50.99999999999999,3.1,-1.2700000000000002,-58.0,3.1999999999999997,H,AlphaHelix,-58.04000000000002,-41.610000000000014,97.4,1.0,1.0,False,False,False,False,True,False,88.1550888450658,63.0,80.0,18.193077591535243,7.778978962037692,14.095745809785983,46.65999984741211,1.7333416145382428,-0.873
699,LEV,0.5,-1.0,S,HIGH,gyrA,362.0,gyrA_I362M,S,1.0,A,I362M,-3.799999999999983,-2.6,0.37000000000000005,18.0,-0.27999999999999936,H,AlphaHelix,-62.45999999999998,-53.74000000000001,0.2,2.0,1.0,False,False,False,False,True,False,0.06670203677323285,-79.0,87.0,36.212872345354334,34.913853489593976,39.51592283756429,48.84000015258789,6.30232925399375,-1.527
700,LEV,2.0,1.0,R,HIGH,gyrA,94.0,gyrA_D94A,R,0.7951807228915663,A,D94A,-22.5,5.3,-2.08,-44.0,3.23,H,AlphaHelix,-58.04000000000002,-41.610000000000014,97.4,1.0,1.0,False,False,False,False,True,False,88.1550888450658,46.0,71.0,18.193077591535243,7.778978962037692,14.095745809785983,46.65999984741211,1.7333416145382428,-0.421
701,LEV,4.0,2.0,R,HIGH,gyrA,94.0,gyrA_D94G,R,0.8646496815286624,A,D94G,-50.99999999999999,3.1,-1.2700000000000002,-58.0,3.1999999999999997,H,AlphaHelix,-58.04000000000002,-41.610000000000014,97.4,1.0,1.0,False,False,False,False,True,False,88.1550888450658,63.0,80.0,18.193077591535243,7.778978962037692,14.095745809785983,46.65999984741211,1.7333416145382428,-0.873
702,LEV,>8,4.0,R,HIGH,gyrA,94.0,gyrA_D94N,R,0.8592592592592593,A,D94N,3.0,0.0,-1.9800000000000002,-1.0,2.64,H,AlphaHelix,-58.04000000000002,-41.610000000000014,97.4,1.0,1.0,False,False,False,False,True,False,88.1550888450658,56.0,75.0,18.193077591535243,7.778978962037692,14.095745809785983,46.65999984741211,1.7333416145382428,-0.347
703,LEV,>8,4.0,R,HIGH,gyrA,90.0,gyrA_A90V,R,0.8690476190476191,A,A90V,51.400000000000006,2.4000000000000004,-0.8600000000000001,28.0,-0.040000000000000036,H,AlphaHelix,-61.829999999999984,-59.75999999999999,47.0,2.0,0.0,False,False,False,False,True,False,55.555815915240146,-64.0,82.0,14.254302173206394,5.504265622675344,10.310827336129869,40.439998626708984,1.6650776123582791,0.089
704,LEV,4.0,2.0,R,HIGH,gyrA,94.0,gyrA_D94G,R,0.8646496815286624,A,D94G,-50.99999999999999,3.1,-1.2700000000000002,-58.0,3.1999999999999997,H,AlphaHelix,-58.04000000000002,-41.610000000000014,97.4,1.0,1.0,False,False,False,False,True,False,88.1550888450658,63.0,80.0,18.193077591535243,7.778978962037692,14.095745809785983,46.65999984741211,1.7333416145382428,-0.873
705,LEV,8.0,3.0,R,HIGH,gyrA,94.0,gyrA_D94Y,R,0.9285714285714286,A,D94Y,82.5,2.2,-2.18,48.099999999999994,2.89,H,AlphaHelix,-58.04000000000002,-41.610000000000014,97.4,1.0,1.0,False,False,False,False,True,False,88.1550888450658,81.0,91.0,18.193077591535243,7.778978962037692,14.095745809785983,46.65999984741211,1.7333416145382428,-0.376
706,LEV,0.5,-1.0,S,MEDIUM,gyrA,154.0,gyrA_P154R,S,1.0,A,P154R,60.7,-2.9,1.31,59.099999999999994,4.46,E,Strand,-63.26999999999998,149.75,74.5,0.0,0.0,False,False,True,False,False,False,79.18597057272785,41.0,71.0,19.225911095740965,27.73254660180666,30.131122559096102,57.20000076293945,1.6282709707753908,-0.523
707,LEV,>8,4.0,R,HIGH,gyrA,88.0,gyrA_G88C,R,0.95,A,G88C,48.4,2.9,-0.9199999999999999,46.10000000000001,-0.8999999999999995,C,Coil,-77.02999999999997,152.43,8.6,0.0,0.0,False,True,False,False,False,False,9.936179450376525,50.0,75.0,9.383464096517303,8.798143905732672,11.185201845760195,57.560001373291016,1.9098223702260209,-0.725
708,LEV,2.0,1.0,R,HIGH,gyrA,94.0,gyrA_D94A,R,0.7951807228915663,A,D94A,-22.5,5.3,-2.08,-44.0,3.23,H,AlphaHelix,-58.04000000000002,-41.610000000000014,97.4,1.0,1.0,False,False,False,False,True,False,88.1550888450658,46.0,71.0,18.193077591535243,7.778978962037692,14.095745809785983,46.65999984741211,1.7333416145382428,-0.421
709,LEV,0.5,-1.0,S,HIGH,gyrA,288.0,gyrA_A288V,S,1.0,A,A288V,51.400000000000006,2.4000000000000004,-0.8600000000000001,28.0,-0.040000000000000036,H,AlphaHelix,-55.73000000000002,-52.079999999999984,11.3,2.0,1.0,False,False,False,False,True,False,11.676533963816869,-66.0,82.0,42.723997531718645,29.51063733150099,31.64294234039218,85.9800033569336,1.9848467404953554,-0.718
710,LEV,4.0,2.0,R,MEDIUM,gyrA,90.0,gyrA_A90V,R,0.8690476190476191,A,A90V,51.400000000000006,2.4000000000000004,-0.8600000000000001,28.0,-0.040000000000000036,H,AlphaHelix,-61.829999999999984,-59.75999999999999,47.0,2.0,0.0,False,False,False,False,True,False,55.555815915240146,-64.0,82.0,14.254302173206394,5.504265622675344,10.310827336129869,40.439998626708984,1.6650776123582791,0.089
711,LEV,2.0,1.0,R,MEDIUM,gyrA,91.0,gyrA_S91P,R,0.8524590163934426,A,S91P,23.700000000000003,-0.8,-0.64,10.0,0.6200000000000001,H,AlphaHelix,-67.14999999999998,-27.149999999999977,64.8,1.0,0.0,False,False,False,False,True,False,65.22815545163408,63.0,80.0,13.370520192722235,5.421428426386811,10.72875108867804,47.63999938964844,1.5284537092505912,-0.125
712,LEV,2.0,1.0,R,HIGH,gyrA,94.0,gyrA_D94A,R,0.7951807228915663,A,D94A,-22.5,5.3,-2.08,-44.0,3.23,H,AlphaHelix,-58.04000000000002,-41.610000000000014,97.4,1.0,1.0,False,False,False,False,True,False,88.1550888450658,46.0,71.0,18.193077591535243,7.778978962037692,14.095745809785983,46.65999984741211,1.7333416145382428,-0.421
713,LEV,2.0,1.0,R,MEDIUM,gyrA,90.0,gyrA_A90V,R,0.8690476190476191,A,A90V,51.400000000000006,2.4000000000000004,-0.8600000000000001,28.0,-0.040000000000000036,H,AlphaHelix,-61.829999999999984,-59.75999999999999,47.0,2.0,0.0,False,False,False,False,True,False,55.555815915240146,-64.0,82.0,14.254302173206394,5.504265622675344,10.310827336129869,40.439998626708984,1.6650776123582791,0.089
714,LEV,>8,4.0,R,MEDIUM,gyrA,94.0,gyrA_D94G,R,0.8646496815286624,A,D94G,-50.99999999999999,3.1,-1.2700000000000002,-58.0,3.1999999999999997,H,AlphaHelix,-58.04000000000002,-41.610000000000014,97.4,1.0,1.0,False,False,False,False,True,False,88.1550888450658,63.0,80.0,18.193077591535243,7.778978962037692,14.095745809785983,46.65999984741211,1.7333416145382428,-0.873
715,LEV,>8,4.0,R,HIGH,gyrA,94.0,gyrA_D94A,R,0.7951807228915663,A,D94A,-22.5,5.3,-2.08,-44.0,3.23,H,AlphaHelix,-58.04000000000002,-41.610000000000014,97.4,1.0,1.0,False,False,False,False,True,False,88.1550888450658,46.0,71.0,18.193077591535243,7.778978962037692,14.095745809785983,46.65999984741211,1.7333416145382428,-0.421
716,LEV,8.0,3.0,R,MEDIUM,gyrA,94.0,gyrA_D94G,R,0.8646496815286624,A,D94G,-50.99999999999999,3.1,-1.2700000000000002,-58.0,3.1999999999999997,H,AlphaHelix,-58.04000000000002,-41.610000000000014,97.4,1.0,1.0,False,False,False,False,True,False,88.1550888450658,63.0,80.0,18.193077591535243,7.778978962037692,14.095745809785983,46.65999984741211,1.7333416145382428,-0.873
717,LEV,0.25,-2.0,S,HIGH,gyrA,94.0,gyrA_D94G,R,0.8646496815286624,A,D94G,-50.99999999999999,3.1,-1.2700000000000002,-58.0,3.1999999999999997,H,AlphaHelix,-58.04000000000002,-41.610000000000014,97.4,1.0,1.0,False,False,False,False,True,False,88.1550888450658,63.0,80.0,18.193077591535243,7.778978962037692,14.095745809785983,46.65999984741211,1.7333416145382428,-0.873
718,LEV,8.0,3.0,R,HIGH,gyrA,94.0,gyrA_D94G,R,0.8646496815286624,A,D94G,-50.99999999999999,3.1,-1.2700000000000002,-58.0,3.1999999999999997,H,AlphaHelix,-58.04000000000002,-41.610000000000014,97.4,1.0,1.0,False,False,False,False,True,False,88.1550888450658,63.0,80.0,18.193077591535243,7.778978962037692,14.095745809785983,46.65999984741211,1.7333416145382428,-0.873
719,LEV,0.5,-1.0,S,HIGH,gyrA,242.0,gyrA_D242N,S,1.0,A,D242N,3.0,0.0,-1.9800000000000002,-1.0,2.64,H,AlphaHelix,-58.60000000000002,-45.670000000000016,54.7,3.0,1.0,False,False,False,False,True,False,50.56521966219834,-77.0,87.0,39.81556262150983,35.934042493693156,39.36668000849763,59.22999954223633,2.1153999584545593,-0.593
720,LEV,2.0,1.0,R,MEDIUM,gyrA,94.0,gyrA_D94G,R,0.8646496815286624,A,D94G,-50.99999999999999,3.1,-1.2700000000000002,-58.0,3.1999999999999997,H,AlphaHelix,-58.04000000000002,-41.610000000000014,97.4,1.0,1.0,False,False,False,False,True,False,88.1550888450658,63.0,80.0,18.193077591535243,7.778978962037692,14.095745809785983,46.65999984741211,1.7333416145382428,-0.873
721,LEV,8.0,3.0,R,HIGH,gyrA,94.0,gyrA_D94G,R,0.8646496815286624,A,D94G,-50.99999999999999,3.1,-1.2700000000000002,-58.0,3.1999999999999997,H,AlphaHelix,-58.04000000000002,-41.610000000000014,97.4,1.0,1.0,False,False,False,False,True,False,88.1550888450658,63.0,80.0,18.193077591535243,7.778978962037692,14.095745809785983,46.65999984741211,1.7333416145382428,-0.873
722,LEV,4.0,2.0,R,HIGH,gyrA,94.0,gyrA_D94G,R,0.8646496815286624,A,D94G,-50.99999999999999,3.1,-1.2700000000000002,-58.0,3.1999999999999997,H,AlphaHelix,-58.04000000000002,-41.610000000000014,97.4,1.0,1.0,False,False,False,False,True,False,88.1550888450658,63.0,80.0,18.193077591535243,7.778978962037692,14.095745809785983,46.65999984741211,1.7333416145382428,-0.873
723,LEV,2.0,1.0,R,MEDIUM,gyrA,90.0,gyrA_A90V,R,0.8690476190476191,A,A90V,51.400000000000006,2.4000000000000004,-0.8600000000000001,28.0,-0.040000000000000036,H,AlphaHelix,-61.829999999999984,-59.75999999999999,47.0,2.0,0.0,False,False,False,False,True,False,55.555815915240146,-64.0,82.0,14.254302173206394,5.504265622675344,10.310827336129869,40.439998626708984,1.6650776123582791,0.089
724,LEV,0.5,-1.0,S,MEDIUM,gyrA,193.0,gyrA_N193S,S,1.0,A,N193S,-25.099999999999994,2.7,-0.09999999999999998,-27.0,0.2699999999999996,C,Coil,-78.75,123.63,5.4,2.0,0.0,False,True,False,False,False,False,3.9785882839510753,-22.0,61.0,38.286532913756595,31.644021592511656,37.267766220385276,50.119998931884766,3.1142630176941593,-1.229
725,LEV,8.0,3.0,R,MEDIUM,gyrA,94.0,gyrA_D94H,R,0.9714285714285714,A,D94H,42.099999999999994,0.2999999999999998,-1.04,22.099999999999994,4.82,H,AlphaHelix,-58.04000000000002,-41.610000000000014,97.4,1.0,1.0,False,False,False,False,True,False,88.1550888450658,79.0,85.0,18.193077591535243,7.778978962037692,14.095745809785983,46.65999984741211,1.7333416145382428,-0.36
726,LEV,2.0,1.0,R,HIGH,gyrA,94.0,gyrA_D94A,R,0.7951807228915663,A,D94A,-22.5,5.3,-2.08,-44.0,3.23,H,AlphaHelix,-58.04000000000002,-41.610000000000014,97.4,1.0,1.0,False,False,False,False,True,False,88.1550888450658,46.0,71.0,18.193077591535243,7.778978962037692,14.095745809785983,46.65999984741211,1.7333416145382428,-0.421
727,LEV,4.0,2.0,R,HIGH,gyrA,91.0,gyrA_S91P,R,0.8524590163934426,A,S91P,23.700000000000003,-0.8,-0.64,10.0,0.6200000000000001,H,AlphaHelix,-67.14999999999998,-27.149999999999977,64.8,1.0,0.0,False,False,False,False,True,False,65.22815545163408,63.0,80.0,13.370520192722235,5.421428426386811,10.72875108867804,47.63999938964844,1.5284537092505912,-0.125
728,LEV,0.5,-1.0,S,HIGH,gyrB,434.0,gyrB_D434G,S,1.0,B,D434G,-50.99999999999999,3.1,-1.2700000000000002,-58.0,3.1999999999999997,,,,,,,,,,,,,,0.0,-3.0,53.0,,,,,,
729,LEV,,,,MEDIUM,gyrA,488.0,gyrA_D488E,S,1.0,A,D488E,27.30000000000001,0.0,-0.8,14.0,0.4500000000000002,H,AlphaHelix,-60.85000000000002,-36.24000000000001,137.6,0.0,1.0,False,False,False,False,True,False,124.59428249051729,-96.0,97.0,44.378240658792315,38.79464561857564,44.92328593459039,66.62000274658203,1.6772284577989571,0.011
730,LEV,>8,4.0,R,HIGH,gyrA,94.0,gyrA_D94G,R,0.8646496815286624,A,D94G,-50.99999999999999,3.1,-1.2700000000000002,-58.0,3.1999999999999997,H,AlphaHelix,-58.04000000000002,-41.610000000000014,97.4,1.0,1.0,False,False,False,False,True,False,88.1550888450658,63.0,80.0,18.193077591535243,7.778978962037692,14.095745809785983,46.65999984741211,1.7333416145382428,-0.873
731,LEV,>8,4.0,R,HIGH,gyrA,94.0,gyrA_D94G,R,0.8646496815286624,A,D94G,-50.99999999999999,3.1,-1.2700000000000002,-58.0,3.1999999999999997,H,AlphaHelix,-58.04000000000002,-41.610000000000014,97.4,1.0,1.0,False,False,False,False,True,False,88.1550888450658,63.0,80.0,18.193077591535243,7.778978962037692,14.095745809785983,46.65999984741211,1.7333416145382428,-0.873
732,LEV,0.5,-1.0,S,HIGH,gyrB,526.0,gyrB_K526Q,S,1.0,B,K526Q,-24.799999999999983,0.3999999999999999,-1.62,0.0,-4.09,E,Strand,-131.07,113.53,54.1,1.0,0.0,False,False,True,False,False,False,50.172912107654724,47.0,71.0,23.62352624416352,33.06479300547908,27.503444561721906,67.94999694824219,2.157108657991182,-0.445
733,LEV,0.5,-1.0,S,HIGH,gyrA,26.0,gyrA_R26H,S,1.0,A,R26H,-20.200000000000017,1.2999999999999998,0.3700000000000001,-19.0,-3.17,H,AlphaHelix,-64.12,-50.379999999999995,75.0,1.0,1.0,False,False,False,False,True,False,76.87898926249196,-71.0,87.0,17.47064760403604,28.259090489463965,26.437421702189553,65.6500015258789,2.0091621581057915,-1.218
734,LEV,4.0,2.0,R,HIGH,gyrB,499.0,gyrB_N499D,R,1.0,B,N499D,-3.0,0.0,1.9800000000000002,1.0,-2.64,C,Coil,-66.65999999999997,120.5,43.0,2.0,2.0,False,True,False,False,False,False,40.44476788590575,53.0,75.0,21.56535116421654,18.549803147347646,13.333885794815926,62.86000061035156,2.0305274785868135,-0.309
735,LEV,4.0,2.0,R,MEDIUM,gyrA,94.0,gyrA_D94G,R,0.8646496815286624,A,D94G,-50.99999999999999,3.1,-1.2700000000000002,-58.0,3.1999999999999997,H,AlphaHelix,-58.04000000000002,-41.610000000000014,97.4,1.0,1.0,False,False,False,False,True,False,88.1550888450658,63.0,80.0,18.193077591535243,7.778978962037692,14.095745809785983,46.65999984741211,1.7333416145382428,-0.873
736,LEV,4.0,2.0,R,HIGH,gyrA,94.0,gyrA_D94A,R,0.7951807228915663,A,D94A,-22.5,5.3,-2.08,-44.0,3.23,H,AlphaHelix,-58.04000000000002,-41.610000000000014,97.4,1.0,1.0,False,False,False,False,True,False,88.1550888450658,46.0,71.0,18.193077591535243,7.778978962037692,14.095745809785983,46.65999984741211,1.7333416145382428,-0.421
737,LEV,0.25,-2.0,S,HIGH,gyrA,94.0,gyrA_D94G,R,0.8646496815286624,A,D94G,-50.99999999999999,3.1,-1.2700000000000002,-58.0,3.1999999999999997,H,AlphaHelix,-58.04000000000002,-41.610000000000014,97.4,1.0,1.0,False,False,False,False,True,False,88.1550888450658,63.0,80.0,18.193077591535243,7.778978962037692,14.095745809785983,46.65999984741211,1.7333416145382428,-0.873
738,LEV,8.0,3.0,R,MEDIUM,gyrA,94.0,gyrA_D94G,R,0.8646496815286624,A,D94G,-50.99999999999999,3.1,-1.2700000000000002,-58.0,3.1999999999999997,H,AlphaHelix,-58.04000000000002,-41.610000000000014,97.4,1.0,1.0,False,False,False,False,True,False,88.1550888450658,63.0,80.0,18.193077591535243,7.778978962037692,14.095745809785983,46.65999984741211,1.7333416145382428,-0.873
739,LEV,8.0,3.0,R,HIGH,gyrA,94.0,gyrA_D94G,R,0.8646496815286624,A,D94G,-50.99999999999999,3.1,-1.2700000000000002,-58.0,3.1999999999999997,H,AlphaHelix,-58.04000000000002,-41.610000000000014,97.4,1.0,1.0,False,False,False,False,True,False,88.1550888450658,63.0,80.0,18.193077591535243,7.778978962037692,14.095745809785983,46.65999984741211,1.7333416145382428,-0.873
740,LEV,4.0,2.0,R,MEDIUM,gyrA,90.0,gyrA_A90V,R,0.8690476190476191,A,A90V,51.400000000000006,2.4000000000000004,-0.8600000000000001,28.0,-0.040000000000000036,H,AlphaHelix,-61.829999999999984,-59.75999999999999,47.0,2.0,0.0,False,False,False,False,True,False,55.555815915240146,-64.0,82.0,14.254302173206394,5.504265622675344,10.310827336129869,40.439998626708984,1.6650776123582791,0.089
741,LEV,0.5,-1.0,S,HIGH,gyrA,193.0,gyrA_N193S,S,1.0,A,N193S,-25.099999999999994,2.7,-0.09999999999999998,-27.0,0.2699999999999996,C,Coil,-78.75,123.63,5.4,2.0,0.0,False,True,False,False,False,False,3.9785882839510753,-22.0,61.0,38.286532913756595,31.644021592511656,37.267766220385276,50.119998931884766,3.1142630176941593,-1.229
742,LEV,0.5,-1.0,S,MEDIUM,gyrA,90.0,gyrA_A90V,R,0.8690476190476191,A,A90V,51.400000000000006,2.4000000000000004,-0.8600000000000001,28.0,-0.040000000000000036,H,AlphaHelix,-61.829999999999984,-59.75999999999999,47.0,2.0,0.0,False,False,False,False,True,False,55.555815915240146,-64.0,82.0,14.254302173206394,5.504265622675344,10.310827336129869,40.439998626708984,1.6650776123582791,0.089
743,LEV,0.25,-2.0,S,HIGH,gyrA,472.0,gyrA_P472S,S,1.0,A,P472S,-23.700000000000003,0.8,0.64,-10.0,-0.6200000000000001,H,AlphaHelix,-59.70999999999998,-28.170000000000016,71.0,1.0,0.0,False,False,False,False,True,False,78.73791501370572,-68.0,82.0,46.353130855468216,48.26749325282632,52.90519851328242,69.8499984741211,1.6707895195538032,-1.116
744,LEV,8.0,3.0,R,HIGH,gyrA,94.0,gyrA_D94N,R,0.8592592592592593,A,D94N,3.0,0.0,-1.9800000000000002,-1.0,2.64,H,AlphaHelix,-58.04000000000002,-41.610000000000014,97.4,1.0,1.0,False,False,False,False,True,False,88.1550888450658,56.0,75.0,18.193077591535243,7.778978962037692,14.095745809785983,46.65999984741211,1.7333416145382428,-0.347
745,LEV,8.0,3.0,R,HIGH,gyrA,94.0,gyrA_D94N,R,0.8592592592592593,A,D94N,3.0,0.0,-1.9800000000000002,-1.0,2.64,H,AlphaHelix,-58.04000000000002,-41.610000000000014,97.4,1.0,1.0,False,False,False,False,True,False,88.1550888450658,56.0,75.0,18.193077591535243,7.778978962037692,14.095745809785983,46.65999984741211,1.7333416145382428,-0.347
746,LEV,4.0,2.0,R,HIGH,gyrA,94.0,gyrA_D94N,R,0.8592592592592593,A,D94N,3.0,0.0,-1.9800000000000002,-1.0,2.64,H,AlphaHelix,-58.04000000000002,-41.610000000000014,97.4,1.0,1.0,False,False,False,False,True,False,88.1550888450658,56.0,75.0,18.193077591535243,7.778978962037692,14.095745809785983,46.65999984741211,1.7333416145382428,-0.347
747,LEV,0.25,-2.0,S,HIGH,gyrA,94.0,gyrA_D94G,R,0.8646496815286624,A,D94G,-50.99999999999999,3.1,-1.2700000000000002,-58.0,3.1999999999999997,H,AlphaHelix,-58.04000000000002,-41.610000000000014,97.4,1.0,1.0,False,False,False,False,True,False,88.1550888450658,63.0,80.0,18.193077591535243,7.778978962037692,14.095745809785983,46.65999984741211,1.7333416145382428,-0.873
748,LEV,4.0,2.0,R,HIGH,gyrA,89.0,gyrA_D89N,R,0.75,A,D89N,3.0,0.0,-1.9800000000000002,-1.0,2.64,H,AlphaHelix,-67.79000000000002,-35.15999999999997,27.1,1.0,0.0,False,False,False,False,True,False,24.84916086555452,54.0,75.0,13.151139616440242,8.990678251217595,12.761681856622465,49.52000045776367,2.2988834846000192,-0.812
749,LEV,0.5,-1.0,S,HIGH,gyrB,607.0,gyrB_I607V,S,1.0,B,I607V,-26.69999999999999,-0.2999999999999998,0.28,-14.099999999999994,-0.05999999999999961,E,Strand,-95.25,108.88,53.5,0.0,0.0,False,False,True,False,False,False,53.47240965214093,-48.0,72.0,19.21758885907024,31.31762308893964,31.126111370559293,72.44999694824219,1.8968927134660403,-0.628
750,LEV,,,,HIGH,gyrA,292.0,gyrA_R292G,,1.0,A,R292G,-113.30000000000001,4.1,0.1399999999999999,-99.1,-4.79,H,AlphaHelix,-51.139999999999986,-41.43000000000001,158.4,0.0,1.0,False,False,False,False,True,False,159.67999243347458,-10.0,53.0,46.50430299771037,33.798899993374775,34.96345950584148,158.02000427246094,1.5565641759409352,-0.767
751,LEV,4.0,2.0,R,HIGH,gyrA,94.0,gyrA_D94G,R,0.8646496815286624,A,D94G,-50.99999999999999,3.1,-1.2700000000000002,-58.0,3.1999999999999997,H,AlphaHelix,-58.04000000000002,-41.610000000000014,97.4,1.0,1.0,False,False,False,False,True,False,88.1550888450658,63.0,80.0,18.193077591535243,7.778978962037692,14.095745809785983,46.65999984741211,1.7333416145382428,-0.873
752,LEV,0.5,-1.0,S,MEDIUM,gyrA,15.0,gyrA_I15V,S,1.0,A,I15V,-26.69999999999999,-0.2999999999999998,0.28,-14.099999999999994,-0.05999999999999961,C,Coil,0.0,130.14,127.7,0.0,0.0,False,True,False,False,False,False,130.29233985435172,-88.0,93.0,24.70620597581433,37.8497335655227,33.67053339978081,96.58999633789062,1.6308228913090288,-0.274
753,LEV,4.0,2.0,R,HIGH,gyrA,94.0,gyrA_D94G,R,0.8646496815286624,A,D94G,-50.99999999999999,3.1,-1.2700000000000002,-58.0,3.1999999999999997,H,AlphaHelix,-58.04000000000002,-41.610000000000014,97.4,1.0,1.0,False,False,False,False,True,False,88.1550888450658,63.0,80.0,18.193077591535243,7.778978962037692,14.095745809785983,46.65999984741211,1.7333416145382428,-0.873
754,LEV,4.0,2.0,R,HIGH,gyrA,94.0,gyrA_D94G,R,0.8646496815286624,A,D94G,-50.99999999999999,3.1,-1.2700000000000002,-58.0,3.1999999999999997,H,AlphaHelix,-58.04000000000002,-41.610000000000014,97.4,1.0,1.0,False,False,False,False,True,False,88.1550888450658,63.0,80.0,18.193077591535243,7.778978962037692,14.095745809785983,46.65999984741211,1.7333416145382428,-0.873
755,LEV,0.25,-2.0,S,MEDIUM,gyrA,90.0,gyrA_A90V,R,0.8690476190476191,A,A90V,51.400000000000006,2.4000000000000004,-0.8600000000000001,28.0,-0.040000000000000036,H,AlphaHelix,-61.829999999999984,-59.75999999999999,47.0,2.0,0.0,False,False,False,False,True,False,55.555815915240146,-64.0,82.0,14.254302173206394,5.504265622675344,10.310827336129869,40.439998626708984,1.6650776123582791,0.089
756,LEV,4.0,2.0,R,HIGH,gyrA,94.0,gyrA_D94N,R,0.8592592592592593,A,D94N,3.0,0.0,-1.9800000000000002,-1.0,2.64,H,AlphaHelix,-58.04000000000002,-41.610000000000014,97.4,1.0,1.0,False,False,False,False,True,False,88.1550888450658,56.0,75.0,18.193077591535243,7.778978962037692,14.095745809785983,46.65999984741211,1.7333416145382428,-0.347
757,LEV,4.0,2.0,R,HIGH,gyrA,94.0,gyrA_D94G,R,0.8646496815286624,A,D94G,-50.99999999999999,3.1,-1.2700000000000002,-58.0,3.1999999999999997,H,AlphaHelix,-58.04000000000002,-41.610000000000014,97.4,1.0,1.0,False,False,False,False,True,False,88.1550888450658,63.0,80.0,18.193077591535243,7.778978962037692,14.095745809785983,46.65999984741211,1.7333416145382428,-0.873
758,LEV,4.0,2.0,R,HIGH,gyrA,90.0,gyrA_A90V,R,0.8690476190476191,A,A90V,51.400000000000006,2.4000000000000004,-0.8600000000000001,28.0,-0.040000000000000036,H,AlphaHelix,-61.829999999999984,-59.75999999999999,47.0,2.0,0.0,False,False,False,False,True,False,55.555815915240146,-64.0,82.0,14.254302173206394,5.504265622675344,10.310827336129869,40.439998626708984,1.6650776123582791,0.089
759,LEV,2.0,1.0,R,HIGH,gyrA,91.0,gyrA_S91P,R,0.8524590163934426,A,S91P,23.700000000000003,-0.8,-0.64,10.0,0.6200000000000001,H,AlphaHelix,-67.14999999999998,-27.149999999999977,64.8,1.0,0.0,False,False,False,False,True,False,65.22815545163408,63.0,80.0,13.370520192722235,5.421428426386811,10.72875108867804,47.63999938964844,1.5284537092505912,-0.125
760,LEV,0.5,-1.0,S,HIGH,gyrA,288.0,gyrA_A288V,S,1.0,A,A288V,51.400000000000006,2.4000000000000004,-0.8600000000000001,28.0,-0.040000000000000036,H,AlphaHelix,-55.73000000000002,-52.079999999999984,11.3,2.0,1.0,False,False,False,False,True,False,11.676533963816869,-66.0,82.0,42.723997531718645,29.51063733150099,31.64294234039218,85.9800033569336,1.9848467404953554,-0.718
761,LEV,0.25,-2.0,S,MEDIUM,gyrB,500.0,gyrB_T500N,S,1.0,B,T500N,-2.0,-2.8,0.32,13.0,-0.1899999999999995,H,AlphaHelix,-57.870000000000005,-37.74000000000001,88.7,1.0,0.0,False,False,False,False,True,False,91.70815715162803,-69.0,82.0,20.95040489857099,18.31817147512385,12.440778763559315,63.970001220703125,1.5446886429143032,0.026
762,LEV,0.5,-1.0,S,MEDIUM,gyrB,578.0,gyrB_P578A,S,1.0,B,P578A,-24.10000000000001,3.4000000000000004,0.64,-26.0,-0.2999999999999998,C,Coil,-71.84000000000003,148.13,51.5,0.0,0.0,False,True,False,False,False,False,58.820950348148,-48.0,72.0,23.372724573796784,35.9165331398847,34.16197648368456,74.37000274658203,1.6960195799458653,-0.713
763,LEV,4.0,2.0,R,HIGH,gyrA,90.0,gyrA_A90V,R,0.8690476190476191,A,A90V,51.400000000000006,2.4000000000000004,-0.8600000000000001,28.0,-0.040000000000000036,H,AlphaHelix,-61.829999999999984,-59.75999999999999,47.0,2.0,0.0,False,False,False,False,True,False,55.555815915240146,-64.0,82.0,14.254302173206394,5.504265622675344,10.310827336129869,40.439998626708984,1.6650776123582791,0.089
764,LEV,>8,4.0,R,HIGH,gyrA,94.0,gyrA_D94N,R,0.8592592592592593,A,D94N,3.0,0.0,-1.9800000000000002,-1.0,2.64,H,AlphaHelix,-58.04000000000002,-41.610000000000014,97.4,1.0,1.0,False,False,False,False,True,False,88.1550888450658,56.0,75.0,18.193077591535243,7.778978962037692,14.095745809785983,46.65999984741211,1.7333416145382428,-0.347
765,LEV,>8,4.0,R,HIGH,gyrA,94.0,gyrA_D94N,R,0.8592592592592593,A,D94N,3.0,0.0,-1.9800000000000002,-1.0,2.64,H,AlphaHelix,-58.04000000000002,-41.610000000000014,97.4,1.0,1.0,False,False,False,False,True,False,88.1550888450658,56.0,75.0,18.193077591535243,7.778978962037692,14.095745809785983,46.65999984741211,1.7333416145382428,-0.347
766,LEV,8.0,3.0,R,MEDIUM,gyrA,94.0,gyrA_D94G,R,0.8646496815286624,A,D94G,-50.99999999999999,3.1,-1.2700000000000002,-58.0,3.1999999999999997,H,AlphaHelix,-58.04000000000002,-41.610000000000014,97.4,1.0,1.0,False,False,False,False,True,False,88.1550888450658,63.0,80.0,18.193077591535243,7.778978962037692,14.095745809785983,46.65999984741211,1.7333416145382428,-0.873
767,LEV,0.25,-2.0,S,MEDIUM,gyrA,94.0,gyrA_D94H,R,0.9714285714285714,A,D94H,42.099999999999994,0.2999999999999998,-1.04,22.099999999999994,4.82,H,AlphaHelix,-58.04000000000002,-41.610000000000014,97.4,1.0,1.0,False,False,False,False,True,False,88.1550888450658,79.0,85.0,18.193077591535243,7.778978962037692,14.095745809785983,46.65999984741211,1.7333416145382428,-0.36
768,LEV,0.25,-2.0,S,HIGH,gyrB,523.0,gyrB_R523S,S,1.0,B,R523S,-84.4,3.7,-0.6699999999999999,-69.1,-5.08,T,Turn,-88.64999999999998,-12.490000000000009,16.4,0.0,1.0,False,False,False,False,False,True,16.275337427440387,55.0,75.0,28.20473164919629,34.021924595421375,27.789509761856856,75.41999816894531,2.755643542746645,-1.521
769,LEV,0.25,-2.0,S,MEDIUM,gyrA,452.0,gyrA_I452T,S,1.0,A,I452T,-50.599999999999994,-5.2,0.92,-12.099999999999994,-0.41999999999999993,H,AlphaHelix,-58.06999999999999,-55.24000000000001,62.4,2.0,1.0,False,False,False,False,True,False,66.94676334680496,-87.0,93.0,58.74243125655113,60.841626816745645,65.76122637658048,96.13999938964844,1.9375597686195396,-0.959
770,LEV,8.0,3.0,R,MEDIUM,gyrA,94.0,gyrA_D94G,R,0.8646496815286624,A,D94G,-50.99999999999999,3.1,-1.2700000000000002,-58.0,3.1999999999999997,H,AlphaHelix,-58.04000000000002,-41.610000000000014,97.4,1.0,1.0,False,False,False,False,True,False,88.1550888450658,63.0,80.0,18.193077591535243,7.778978962037692,14.095745809785983,46.65999984741211,1.7333416145382428,-0.873
771,LEV,0.5,-1.0,S,HIGH,gyrA,472.0,gyrA_P472S,S,1.0,A,P472S,-23.700000000000003,0.8,0.64,-10.0,-0.6200000000000001,H,AlphaHelix,-59.70999999999998,-28.170000000000016,71.0,1.0,0.0,False,False,False,False,True,False,78.73791501370572,-68.0,82.0,46.353130855468216,48.26749325282632,52.90519851328242,69.8499984741211,1.6707895195538032,-1.116
772,LEV,0.25,-2.0,S,HIGH,gyrB,439.0,gyrB_P439R,S,1.0,B,P439R,60.7,-2.9,1.31,59.099999999999994,4.46,T,Turn,-55.93000000000001,141.63,19.2,1.0,0.0,False,False,False,False,False,True,19.37997495166946,76.0,85.0,23.723578725331738,24.14945872143743,17.829297600933423,90.58000183105469,2.070872824242787,-2.506
773,LEV,8.0,3.0,R,HIGH,gyrA,90.0,gyrA_A90V,R,0.8690476190476191,A,A90V,51.400000000000006,2.4000000000000004,-0.8600000000000001,28.0,-0.040000000000000036,H,AlphaHelix,-61.829999999999984,-59.75999999999999,47.0,2.0,0.0,False,False,False,False,True,False,55.555815915240146,-64.0,82.0,14.254302173206394,5.504265622675344,10.310827336129869,40.439998626708984,1.6650776123582791,0.089
774,LEV,1.0,0.0,S,HIGH,gyrA,94.0,gyrA_D94A,R,0.7951807228915663,A,D94A,-22.5,5.3,-2.08,-44.0,3.23,H,AlphaHelix,-58.04000000000002,-41.610000000000014,97.4,1.0,1.0,False,False,False,False,True,False,88.1550888450658,46.0,71.0,18.193077591535243,7.778978962037692,14.095745809785983,46.65999984741211,1.7333416145382428,-0.421
775,LEV,4.0,2.0,R,HIGH,gyrA,94.0,gyrA_D94G,R,0.8646496815286624,A,D94G,-50.99999999999999,3.1,-1.2700000000000002,-58.0,3.1999999999999997,H,AlphaHelix,-58.04000000000002,-41.610000000000014,97.4,1.0,1.0,False,False,False,False,True,False,88.1550888450658,63.0,80.0,18.193077591535243,7.778978962037692,14.095745809785983,46.65999984741211,1.7333416145382428,-0.873
776,LEV,8.0,3.0,R,HIGH,gyrA,94.0,gyrA_D94G,R,0.8646496815286624,A,D94G,-50.99999999999999,3.1,-1.2700000000000002,-58.0,3.1999999999999997,H,AlphaHelix,-58.04000000000002,-41.610000000000014,97.4,1.0,1.0,False,False,False,False,True,False,88.1550888450658,63.0,80.0,18.193077591535243,7.778978962037692,14.095745809785983,46.65999984741211,1.7333416145382428,-0.873
777,LEV,0.5,-1.0,S,HIGH,gyrA,90.0,gyrA_A90V,R,0.8690476190476191,A,A90V,51.400000000000006,2.4000000000000004,-0.8600000000000001,28.0,-0.040000000000000036,H,AlphaHelix,-61.829999999999984,-59.75999999999999,47.0,2.0,0.0,False,False,False,False,True,False,55.555815915240146,-64.0,82.0,14.254302173206394,5.504265622675344,10.310827336129869,40.439998626708984,1.6650776123582791,0.089
778,LEV,8.0,3.0,R,HIGH,gyrA,94.0,gyrA_D94G,R,0.8646496815286624,A,D94G,-50.99999999999999,3.1,-1.2700000000000002,-58.0,3.1999999999999997,H,AlphaHelix,-58.04000000000002,-41.610000000000014,97.4,1.0,1.0,False,False,False,False,True,False,88.1550888450658,63.0,80.0,18.193077591535243,7.778978962037692,14.095745809785983,46.65999984741211,1.7333416145382428,-0.873
779,LEV,1.0,0.0,S,HIGH,gyrB,500.0,gyrB_T500N,S,1.0,B,T500N,-2.0,-2.8,0.32,13.0,-0.1899999999999995,H,AlphaHelix,-57.870000000000005,-37.74000000000001,88.7,1.0,0.0,False,False,False,False,True,False,91.70815715162803,-69.0,82.0,20.95040489857099,18.31817147512385,12.440778763559315,63.970001220703125,1.5446886429143032,0.026
780,LEV,8.0,3.0,R,HIGH,gyrA,94.0,gyrA_D94G,R,0.8646496815286624,A,D94G,-50.99999999999999,3.1,-1.2700000000000002,-58.0,3.1999999999999997,H,AlphaHelix,-58.04000000000002,-41.610000000000014,97.4,1.0,1.0,False,False,False,False,True,False,88.1550888450658,63.0,80.0,18.193077591535243,7.778978962037692,14.095745809785983,46.65999984741211,1.7333416145382428,-0.873
781,LEV,8.0,3.0,R,MEDIUM,gyrA,94.0,gyrA_D94G,R,0.8646496815286624,A,D94G,-50.99999999999999,3.1,-1.2700000000000002,-58.0,3.1999999999999997,H,AlphaHelix,-58.04000000000002,-41.610000000000014,97.4,1.0,1.0,False,False,False,False,True,False,88.1550888450658,63.0,80.0,18.193077591535243,7.778978962037692,14.095745809785983,46.65999984741211,1.7333416145382428,-0.873
782,LEV,8.0,3.0,R,HIGH,gyrA,94.0,gyrA_D94G,R,0.8646496815286624,A,D94G,-50.99999999999999,3.1,-1.2700000000000002,-58.0,3.1999999999999997,H,AlphaHelix,-58.04000000000002,-41.610000000000014,97.4,1.0,1.0,False,False,False,False,True,False,88.1550888450658,63.0,80.0,18.193077591535243,7.778978962037692,14.095745809785983,46.65999984741211,1.7333416145382428,-0.873
783,LEV,4.0,2.0,R,MEDIUM,gyrA,94.0,gyrA_D94N,R,0.8592592592592593,A,D94N,3.0,0.0,-1.9800000000000002,-1.0,2.64,H,AlphaHelix,-58.04000000000002,-41.610000000000014,97.4,1.0,1.0,False,False,False,False,True,False,88.1550888450658,56.0,75.0,18.193077591535243,7.778978962037692,14.095745809785983,46.65999984741211,1.7333416145382428,-0.347
784,LEV,0.5,-1.0,S,HIGH,gyrB,661.0,gyrB_S661T,S,1.0,B,S661T,27.099999999999994,0.10000000000000009,-0.22000000000000003,14.0,-0.08000000000000007,H,AlphaHelix,-65.99000000000001,-33.72000000000003,64.0,1.0,1.0,False,False,False,False,True,False,61.496519316702106,-77.0,87.0,27.21668433016474,31.612028766235124,31.565627080153437,62.41999816894531,1.65126816690675,-0.388
785,LEV,2.0,1.0,R,HIGH,gyrA,94.0,gyrA_D94A,R,0.7951807228915663,A,D94A,-22.5,5.3,-2.08,-44.0,3.23,H,AlphaHelix,-58.04000000000002,-41.610000000000014,97.4,1.0,1.0,False,False,False,False,True,False,88.1550888450658,46.0,71.0,18.193077591535243,7.778978962037692,14.095745809785983,46.65999984741211,1.7333416145382428,-0.421
786,LEV,4.0,2.0,R,MEDIUM,gyrA,90.0,gyrA_A90V,R,0.8690476190476191,A,A90V,51.400000000000006,2.4000000000000004,-0.8600000000000001,28.0,-0.040000000000000036,H,AlphaHelix,-61.829999999999984,-59.75999999999999,47.0,2.0,0.0,False,False,False,False,True,False,55.555815915240146,-64.0,82.0,14.254302173206394,5.504265622675344,10.310827336129869,40.439998626708984,1.6650776123582791,0.089
787,LEV,2.0,1.0,R,MEDIUM,gyrA,90.0,gyrA_A90V,R,0.8690476190476191,A,A90V,51.400000000000006,2.4000000000000004,-0.8600000000000001,28.0,-0.040000000000000036,H,AlphaHelix,-61.829999999999984,-59.75999999999999,47.0,2.0,0.0,False,False,False,False,True,False,55.555815915240146,-64.0,82.0,14.254302173206394,5.504265622675344,10.310827336129869,40.439998626708984,1.6650776123582791,0.089
788,LEV,0.5,-1.0,S,HIGH,gyrA,296.0,gyrA_L296P,S,1.0,A,L296P,-53.999999999999986,-5.4,0.37999999999999995,-16.099999999999994,0.3199999999999994,T,Turn,-125.38,61.34,3.1,1.0,1.0,False,False,False,False,False,True,2.3395371508822462,29.0,63.0,48.23060301784194,36.23009584701891,38.23731371192572,88.44000244140625,3.103329357635494,-5.471
789,LEV,0.5,-1.0,S,MEDIUM,gyrA,94.0,gyrA_D94A,R,0.7951807228915663,A,D94A,-22.5,5.3,-2.08,-44.0,3.23,H,AlphaHelix,-58.04000000000002,-41.610000000000014,97.4,1.0,1.0,False,False,False,False,True,False,88.1550888450658,46.0,71.0,18.193077591535243,7.778978962037692,14.095745809785983,46.65999984741211,1.7333416145382428,-0.421
790,LEV,4.0,2.0,R,MEDIUM,gyrA,94.0,gyrA_D94G,R,0.8646496815286624,A,D94G,-50.99999999999999,3.1,-1.2700000000000002,-58.0,3.1999999999999997,H,AlphaHelix,-58.04000000000002,-41.610000000000014,97.4,1.0,1.0,False,False,False,False,True,False,88.1550888450658,63.0,80.0,18.193077591535243,7.778978962037692,14.095745809785983,46.65999984741211,1.7333416145382428,-0.873
791,LEV,4.0,2.0,R,HIGH,gyrA,90.0,gyrA_A90V,R,0.8690476190476191,A,A90V,51.400000000000006,2.4000000000000004,-0.8600000000000001,28.0,-0.040000000000000036,H,AlphaHelix,-61.829999999999984,-59.75999999999999,47.0,2.0,0.0,False,False,False,False,True,False,55.555815915240146,-64.0,82.0,14.254302173206394,5.504265622675344,10.310827336129869,40.439998626708984,1.6650776123582791,0.089
792,LEV,>8,4.0,R,HIGH,gyrA,94.0,gyrA_D94G,R,0.8646496815286624,A,D94G,-50.99999999999999,3.1,-1.2700000000000002,-58.0,3.1999999999999997,H,AlphaHelix,-58.04000000000002,-41.610000000000014,97.4,1.0,1.0,False,False,False,False,True,False,88.1550888450658,63.0,80.0,18.193077591535243,7.778978962037692,14.095745809785983,46.65999984741211,1.7333416145382428,-0.873
793,LEV,8.0,3.0,R,HIGH,gyrA,94.0,gyrA_D94G,R,0.8646496815286624,A,D94G,-50.99999999999999,3.1,-1.2700000000000002,-58.0,3.1999999999999997,H,AlphaHelix,-58.04000000000002,-41.610000000000014,97.4,1.0,1.0,False,False,False,False,True,False,88.1550888450658,63.0,80.0,18.193077591535243,7.778978962037692,14.095745809785983,46.65999984741211,1.7333416145382428,-0.873
794,LEV,1.0,0.0,S,HIGH,gyrB,665.0,gyrB_R665C,S,1.0,B,R665C,-64.9,7.0,-0.78,-52.999999999999986,-5.6899999999999995,H,AlphaHelix,-81.44999999999999,-38.65999999999997,154.6,0.0,2.0,False,False,False,False,True,False,157.20769212554842,25.0,63.0,27.127912955382516,34.00656071279934,33.79924312019708,69.58000183105469,1.5971755613634084,-0.818
795,LEV,8.0,3.0,R,MEDIUM,gyrA,94.0,gyrA_D94G,R,0.8646496815286624,A,D94G,-50.99999999999999,3.1,-1.2700000000000002,-58.0,3.1999999999999997,H,AlphaHelix,-58.04000000000002,-41.610000000000014,97.4,1.0,1.0,False,False,False,False,True,False,88.1550888450658,63.0,80.0,18.193077591535243,7.778978962037692,14.095745809785983,46.65999984741211,1.7333416145382428,-0.873
796,LEV,8.0,3.0,R,HIGH,gyrA,94.0,gyrA_D94Y,R,0.9285714285714286,A,D94Y,82.5,2.2,-2.18,48.099999999999994,2.89,H,AlphaHelix,-58.04000000000002,-41.610000000000014,97.4,1.0,1.0,False,False,False,False,True,False,88.1550888450658,81.0,91.0,18.193077591535243,7.778978962037692,14.095745809785983,46.65999984741211,1.7333416145382428,-0.376
797,LEV,>8,4.0,R,MEDIUM,gyrA,91.0,gyrA_S91P,R,0.8524590163934426,A,S91P,23.700000000000003,-0.8,-0.64,10.0,0.6200000000000001,H,AlphaHelix,-67.14999999999998,-27.149999999999977,64.8,1.0,0.0,False,False,False,False,True,False,65.22815545163408,63.0,80.0,13.370520192722235,5.421428426386811,10.72875108867804,47.63999938964844,1.5284537092505912,-0.125
798,LEV,0.25,-2.0,S,HIGH,gyrB,494.0,gyrB_D494A,S,1.0,B,D494A,-22.5,5.3,-2.08,-44.0,3.23,H,AlphaHelix,-59.95999999999998,-34.629999999999995,105.9,2.0,0.0,False,False,False,False,True,False,95.06488356132519,-5.0,53.0,29.121682295177965,25.924055121042255,21.701077879965208,93.16999816894531,1.5610368156152548,-0.379
799,LEV,4.0,2.0,R,HIGH,gyrA,90.0,gyrA_A90V,R,0.8690476190476191,A,A90V,51.400000000000006,2.4000000000000004,-0.8600000000000001,28.0,-0.040000000000000036,H,AlphaHelix,-61.829999999999984,-59.75999999999999,47.0,2.0,0.0,False,False,False,False,True,False,55.555815915240146,-64.0,82.0,14.254302173206394,5.504265622675344,10.310827336129869,40.439998626708984,1.6650776123582791,0.089
800,LEV,4.0,2.0,R,HIGH,gyrA,90.0,gyrA_A90V,R,0.8690476190476191,A,A90V,51.400000000000006,2.4000000000000004,-0.8600000000000001,28.0,-0.040000000000000036,H,AlphaHelix,-61.829999999999984,-59.75999999999999,47.0,2.0,0.0,False,False,False,False,True,False,55.555815915240146,-64.0,82.0,14.254302173206394,5.504265622675344,10.310827336129869,40.439998626708984,1.6650776123582791,0.089
801,LEV,8.0,3.0,R,HIGH,gyrA,94.0,gyrA_D94G,R,0.8646496815286624,A,D94G,-50.99999999999999,3.1,-1.2700000000000002,-58.0,3.1999999999999997,H,AlphaHelix,-58.04000000000002,-41.610000000000014,97.4,1.0,1.0,False,False,False,False,True,False,88.1550888450658,63.0,80.0,18.193077591535243,7.778978962037692,14.095745809785983,46.65999984741211,1.7333416145382428,-0.873
802,LEV,8.0,3.0,R,MEDIUM,gyrA,94.0,gyrA_D94N,R,0.8592592592592593,A,D94N,3.0,0.0,-1.9800000000000002,-1.0,2.64,H,AlphaHelix,-58.04000000000002,-41.610000000000014,97.4,1.0,1.0,False,False,False,False,True,False,88.1550888450658,56.0,75.0,18.193077591535243,7.778978962037692,14.095745809785983,46.65999984741211,1.7333416145382428,-0.347
803,LEV,4.0,2.0,R,HIGH,gyrA,94.0,gyrA_D94Y,R,0.9285714285714286,A,D94Y,82.5,2.2,-2.18,48.099999999999994,2.89,H,AlphaHelix,-58.04000000000002,-41.610000000000014,97.4,1.0,1.0,False,False,False,False,True,False,88.1550888450658,81.0,91.0,18.193077591535243,7.778978962037692,14.095745809785983,46.65999984741211,1.7333416145382428,-0.376
804,LEV,4.0,2.0,R,HIGH,gyrA,91.0,gyrA_S91P,R,0.8524590163934426,A,S91P,23.700000000000003,-0.8,-0.64,10.0,0.6200000000000001,H,AlphaHelix,-67.14999999999998,-27.149999999999977,64.8,1.0,0.0,False,False,False,False,True,False,65.22815545163408,63.0,80.0,13.370520192722235,5.421428426386811,10.72875108867804,47.63999938964844,1.5284537092505912,-0.125
805,LEV,0.5,-1.0,S,HIGH,gyrA,94.0,gyrA_D94N,R,0.8592592592592593,A,D94N,3.0,0.0,-1.9800000000000002,-1.0,2.64,H,AlphaHelix,-58.04000000000002,-41.610000000000014,97.4,1.0,1.0,False,False,False,False,True,False,88.1550888450658,56.0,75.0,18.193077591535243,7.778978962037692,14.095745809785983,46.65999984741211,1.7333416145382428,-0.347
806,LEV,2.0,1.0,R,HIGH,gyrA,90.0,gyrA_A90V,R,0.8690476190476191,A,A90V,51.400000000000006,2.4000000000000004,-0.8600000000000001,28.0,-0.040000000000000036,H,AlphaHelix,-61.829999999999984,-59.75999999999999,47.0,2.0,0.0,False,False,False,False,True,False,55.555815915240146,-64.0,82.0,14.254302173206394,5.504265622675344,10.310827336129869,40.439998626708984,1.6650776123582791,0.089
807,LEV,0.25,-2.0,S,MEDIUM,gyrA,94.0,gyrA_D94G,R,0.8646496815286624,A,D94G,-50.99999999999999,3.1,-1.2700000000000002,-58.0,3.1999999999999997,H,AlphaHelix,-58.04000000000002,-41.610000000000014,97.4,1.0,1.0,False,False,False,False,True,False,88.1550888450658,63.0,80.0,18.193077591535243,7.778978962037692,14.095745809785983,46.65999984741211,1.7333416145382428,-0.873
808,LEV,4.0,2.0,R,HIGH,gyrA,90.0,gyrA_A90V,R,0.8690476190476191,A,A90V,51.400000000000006,2.4000000000000004,-0.8600000000000001,28.0,-0.040000000000000036,H,AlphaHelix,-61.829999999999984,-59.75999999999999,47.0,2.0,0.0,False,False,False,False,True,False,55.555815915240146,-64.0,82.0,14.254302173206394,5.504265622675344,10.310827336129869,40.439998626708984,1.6650776123582791,0.089
809,LEV,8.0,3.0,R,HIGH,gyrA,94.0,gyrA_D94H,R,0.9714285714285714,A,D94H,42.099999999999994,0.2999999999999998,-1.04,22.099999999999994,4.82,H,AlphaHelix,-58.04000000000002,-41.610000000000014,97.4,1.0,1.0,False,False,False,False,True,False,88.1550888450658,79.0,85.0,18.193077591535243,7.778978962037692,14.095745809785983,46.65999984741211,1.7333416145382428,-0.36
810,LEV,0.25,-2.0,S,HIGH,gyrA,94.0,gyrA_D94N,R,0.8592592592592593,A,D94N,3.0,0.0,-1.9800000000000002,-1.0,2.64,H,AlphaHelix,-58.04000000000002,-41.610000000000014,97.4,1.0,1.0,False,False,False,False,True,False,88.1550888450658,56.0,75.0,18.193077591535243,7.778978962037692,14.095745809785983,46.65999984741211,1.7333416145382428,-0.347
811,LEV,>8,4.0,R,HIGH,gyrB,499.0,gyrB_N499T,R,0.6666666666666666,B,N499T,2.0,2.8,-0.32,-13.0,0.1899999999999995,C,Coil,-66.65999999999997,120.5,43.0,2.0,2.0,False,True,False,False,False,False,40.44476788590575,15.0,59.0,21.56535116421654,18.549803147347646,13.333885794815926,62.86000061035156,2.0305274785868135,-1.227
812,LEV,1.0,0.0,S,HIGH,gyrA,94.0,gyrA_D94A,R,0.7951807228915663,A,D94A,-22.5,5.3,-2.08,-44.0,3.23,H,AlphaHelix,-58.04000000000002,-41.610000000000014,97.4,1.0,1.0,False,False,False,False,True,False,88.1550888450658,46.0,71.0,18.193077591535243,7.778978962037692,14.095745809785983,46.65999984741211,1.7333416145382428,-0.421
813,LEV,2.0,1.0,R,HIGH,gyrA,91.0,gyrA_S91P,R,0.8524590163934426,A,S91P,23.700000000000003,-0.8,-0.64,10.0,0.6200000000000001,H,AlphaHelix,-67.14999999999998,-27.149999999999977,64.8,1.0,0.0,False,False,False,False,True,False,65.22815545163408,63.0,80.0,13.370520192722235,5.421428426386811,10.72875108867804,47.63999938964844,1.5284537092505912,-0.125
814,LEV,4.0,2.0,R,HIGH,gyrB,628.0,gyrB_P628A,R,1.0,B,P628A,-24.10000000000001,3.4000000000000004,0.64,-26.0,-0.2999999999999998,T,Turn,-62.18000000000001,-13.529999999999973,72.2,0.0,0.0,False,False,False,False,False,True,79.24326151147483,17.0,59.0,23.805522843197767,35.9206509211015,31.344825472370086,74.02999877929688,1.7136659559512508,-0.787
815,LEV,8.0,3.0,R,HIGH,gyrA,94.0,gyrA_D94N,R,0.8592592592592593,A,D94N,3.0,0.0,-1.9800000000000002,-1.0,2.64,H,AlphaHelix,-58.04000000000002,-41.610000000000014,97.4,1.0,1.0,False,False,False,False,True,False,88.1550888450658,56.0,75.0,18.193077591535243,7.778978962037692,14.095745809785983,46.65999984741211,1.7333416145382428,-0.347
816,LEV,8.0,3.0,R,HIGH,gyrA,94.0,gyrA_D94G,R,0.8646496815286624,A,D94G,-50.99999999999999,3.1,-1.2700000000000002,-58.0,3.1999999999999997,H,AlphaHelix,-58.04000000000002,-41.610000000000014,97.4,1.0,1.0,False,False,False,False,True,False,88.1550888450658,63.0,80.0,18.193077591535243,7.778978962037692,14.095745809785983,46.65999984741211,1.7333416145382428,-0.873
817,LEV,4.0,2.0,R,HIGH,gyrA,94.0,gyrA_D94N,R,0.8592592592592593,A,D94N,3.0,0.0,-1.9800000000000002,-1.0,2.64,H,AlphaHelix,-58.04000000000002,-41.610000000000014,97.4,1.0,1.0,False,False,False,False,True,False,88.1550888450658,56.0,75.0,18.193077591535243,7.778978962037692,14.095745809785983,46.65999984741211,1.7333416145382428,-0.347
818,LEV,2.0,1.0,R,HIGH,gyrA,90.0,gyrA_A90V,R,0.8690476190476191,A,A90V,51.400000000000006,2.4000000000000004,-0.8600000000000001,28.0,-0.040000000000000036,H,AlphaHelix,-61.829999999999984,-59.75999999999999,47.0,2.0,0.0,False,False,False,False,True,False,55.555815915240146,-64.0,82.0,14.254302173206394,5.504265622675344,10.310827336129869,40.439998626708984,1.6650776123582791,0.089
819,LEV,8.0,3.0,R,MEDIUM,gyrA,94.0,gyrA_D94G,R,0.8646496815286624,A,D94G,-50.99999999999999,3.1,-1.2700000000000002,-58.0,3.1999999999999997,H,AlphaHelix,-58.04000000000002,-41.610000000000014,97.4,1.0,1.0,False,False,False,False,True,False,88.1550888450658,63.0,80.0,18.193077591535243,7.778978962037692,14.095745809785983,46.65999984741211,1.7333416145382428,-0.873
820,LEV,0.25,-2.0,S,HIGH,gyrA,94.0,gyrA_D94G,R,0.8646496815286624,A,D94G,-50.99999999999999,3.1,-1.2700000000000002,-58.0,3.1999999999999997,H,AlphaHelix,-58.04000000000002,-41.610000000000014,97.4,1.0,1.0,False,False,False,False,True,False,88.1550888450658,63.0,80.0,18.193077591535243,7.778978962037692,14.095745809785983,46.65999984741211,1.7333416145382428,-0.873
821,LEV,2.0,1.0,R,HIGH,gyrA,90.0,gyrA_A90V,R,0.8690476190476191,A,A90V,51.400000000000006,2.4000000000000004,-0.8600000000000001,28.0,-0.040000000000000036,H,AlphaHelix,-61.829999999999984,-59.75999999999999,47.0,2.0,0.0,False,False,False,False,True,False,55.555815915240146,-64.0,82.0,14.254302173206394,5.504265622675344,10.310827336129869,40.439998626708984,1.6650776123582791,0.089
822,LEV,4.0,2.0,R,MEDIUM,gyrA,90.0,gyrA_A90V,R,0.8690476190476191,A,A90V,51.400000000000006,2.4000000000000004,-0.8600000000000001,28.0,-0.040000000000000036,H,AlphaHelix,-61.829999999999984,-59.75999999999999,47.0,2.0,0.0,False,False,False,False,True,False,55.555815915240146,-64.0,82.0,14.254302173206394,5.504265622675344,10.310827336129869,40.439998626708984,1.6650776123582791,0.089
823,LEV,4.0,2.0,R,HIGH,gyrA,94.0,gyrA_D94N,R,0.8592592592592593,A,D94N,3.0,0.0,-1.9800000000000002,-1.0,2.64,H,AlphaHelix,-58.04000000000002,-41.610000000000014,97.4,1.0,1.0,False,False,False,False,True,False,88.1550888450658,56.0,75.0,18.193077591535243,7.778978962037692,14.095745809785983,46.65999984741211,1.7333416145382428,-0.347
824,LEV,,,,MEDIUM,gyrB,461.0,gyrB_D461N,R,1.0,B,D461N,3.0,0.0,-1.9800000000000002,-1.0,2.64,H,AlphaHelix,-71.88999999999999,-39.93000000000001,81.7,1.0,0.0,False,False,False,False,True,False,75.64790414237022,36.0,66.0,11.69428626742857,15.223706008416038,10.457794239999561,64.79000091552734,1.5661131135005826,-0.266
825,LEV,0.5,-1.0,S,HIGH,gyrA,164.0,gyrA_T164M,S,1.0,A,T164M,46.80000000000001,2.5999999999999996,-0.55,30.099999999999994,0.14000000000000057,T,Turn,-75.26999999999998,-29.370000000000005,44.0,0.0,1.0,False,False,False,False,False,True,46.33827810647013,-43.0,72.0,21.602759041353426,26.253333439510154,29.887721028953397,52.7599983215332,1.879886362841082,0.018
826,LEV,8.0,3.0,R,HIGH,gyrA,94.0,gyrA_D94G,R,0.8646496815286624,A,D94G,-50.99999999999999,3.1,-1.2700000000000002,-58.0,3.1999999999999997,H,AlphaHelix,-58.04000000000002,-41.610000000000014,97.4,1.0,1.0,False,False,False,False,True,False,88.1550888450658,63.0,80.0,18.193077591535243,7.778978962037692,14.095745809785983,46.65999984741211,1.7333416145382428,-0.873
827,LEV,0.25,-2.0,S,HIGH,gyrA,379.0,gyrA_Y379C,S,1.0,A,Y379C,-85.1,3.8,-0.010000000000000009,-59.999999999999986,-0.5899999999999999,H,AlphaHelix,-60.84000000000003,-44.59000000000003,48.3,1.0,1.0,False,False,False,False,True,False,43.71692051282171,7.0,53.0,38.32570143892701,42.18349698611084,46.552176323259935,64.86000061035156,2.0114500283716055,-1.312
828,LEV,4.0,2.0,R,MEDIUM,gyrA,94.0,gyrA_D94Y,R,0.9285714285714286,A,D94Y,82.5,2.2,-2.18,48.099999999999994,2.89,H,AlphaHelix,-58.04000000000002,-41.610000000000014,97.4,1.0,1.0,False,False,False,False,True,False,88.1550888450658,81.0,91.0,18.193077591535243,7.778978962037692,14.095745809785983,46.65999984741211,1.7333416145382428,-0.376
829,LEV,>8,4.0,R,HIGH,gyrA,94.0,gyrA_D94G,R,0.8646496815286624,A,D94G,-50.99999999999999,3.1,-1.2700000000000002,-58.0,3.1999999999999997,H,AlphaHelix,-58.04000000000002,-41.610000000000014,97.4,1.0,1.0,False,False,False,False,True,False,88.1550888450658,63.0,80.0,18.193077591535243,7.778978962037692,14.095745809785983,46.65999984741211,1.7333416145382428,-0.873
830,LEV,2.0,1.0,R,HIGH,gyrA,94.0,gyrA_D94A,R,0.7951807228915663,A,D94A,-22.5,5.3,-2.08,-44.0,3.23,H,AlphaHelix,-58.04000000000002,-41.610000000000014,97.4,1.0,1.0,False,False,False,False,True,False,88.1550888450658,46.0,71.0,18.193077591535243,7.778978962037692,14.095745809785983,46.65999984741211,1.7333416145382428,-0.421
831,LEV,1.0,0.0,S,HIGH,gyrB,501.0,gyrB_E501D,S,0.6428571428571429,B,E501D,-27.30000000000001,0.0,0.8,-14.0,-0.4500000000000002,H,AlphaHelix,-71.87,-38.54000000000002,13.6,2.0,0.0,False,False,False,False,True,False,15.369778026626971,78.0,85.0,17.92544384842089,17.867526289070224,11.782093492314347,63.0099983215332,2.23399611625198,-2.507
832,LEV,0.5,-1.0,S,MEDIUM,gyrA,94.0,gyrA_D94G,R,0.8646496815286624,A,D94G,-50.99999999999999,3.1,-1.2700000000000002,-58.0,3.1999999999999997,H,AlphaHelix,-58.04000000000002,-41.610000000000014,97.4,1.0,1.0,False,False,False,False,True,False,88.1550888450658,63.0,80.0,18.193077591535243,7.778978962037692,14.095745809785983,46.65999984741211,1.7333416145382428,-0.873
833,LEV,0.25,-2.0,S,HIGH,gyrA,94.0,gyrA_D94N,R,0.8592592592592593,A,D94N,3.0,0.0,-1.9800000000000002,-1.0,2.64,H,AlphaHelix,-58.04000000000002,-41.610000000000014,97.4,1.0,1.0,False,False,False,False,True,False,88.1550888450658,56.0,75.0,18.193077591535243,7.778978962037692,14.095745809785983,46.65999984741211,1.7333416145382428,-0.347
834,LEV,1.0,0.0,S,MEDIUM,gyrA,94.0,gyrA_D94G,R,0.8646496815286624,A,D94G,-50.99999999999999,3.1,-1.2700000000000002,-58.0,3.1999999999999997,H,AlphaHelix,-58.04000000000002,-41.610000000000014,97.4,1.0,1.0,False,False,False,False,True,False,88.1550888450658,63.0,80.0,18.193077591535243,7.778978962037692,14.095745809785983,46.65999984741211,1.7333416145382428,-0.873
835,LEV,>8,4.0,R,HIGH,gyrA,94.0,gyrA_D94Y,R,0.9285714285714286,A,D94Y,82.5,2.2,-2.18,48.099999999999994,2.89,H,AlphaHelix,-58.04000000000002,-41.610000000000014,97.4,1.0,1.0,False,False,False,False,True,False,88.1550888450658,81.0,91.0,18.193077591535243,7.778978962037692,14.095745809785983,46.65999984741211,1.7333416145382428,-0.376
836,LEV,4.0,2.0,R,HIGH,gyrA,94.0,gyrA_D94G,R,0.8646496815286624,A,D94G,-50.99999999999999,3.1,-1.2700000000000002,-58.0,3.1999999999999997,H,AlphaHelix,-58.04000000000002,-41.610000000000014,97.4,1.0,1.0,False,False,False,False,True,False,88.1550888450658,63.0,80.0,18.193077591535243,7.778978962037692,14.095745809785983,46.65999984741211,1.7333416145382428,-0.873
837,LEV,4.0,2.0,R,HIGH,gyrA,90.0,gyrA_A90V,R,0.8690476190476191,A,A90V,51.400000000000006,2.4000000000000004,-0.8600000000000001,28.0,-0.040000000000000036,H,AlphaHelix,-61.829999999999984,-59.75999999999999,47.0,2.0,0.0,False,False,False,False,True,False,55.555815915240146,-64.0,82.0,14.254302173206394,5.504265622675344,10.310827336129869,40.439998626708984,1.6650776123582791,0.089
838,LEV,8.0,3.0,R,MEDIUM,gyrA,94.0,gyrA_D94Y,R,0.9285714285714286,A,D94Y,82.5,2.2,-2.18,48.099999999999994,2.89,H,AlphaHelix,-58.04000000000002,-41.610000000000014,97.4,1.0,1.0,False,False,False,False,True,False,88.1550888450658,81.0,91.0,18.193077591535243,7.778978962037692,14.095745809785983,46.65999984741211,1.7333416145382428,-0.376
839,LEV,4.0,2.0,R,HIGH,gyrA,90.0,gyrA_A90V,R,0.8690476190476191,A,A90V,51.400000000000006,2.4000000000000004,-0.8600000000000001,28.0,-0.040000000000000036,H,AlphaHelix,-61.829999999999984,-59.75999999999999,47.0,2.0,0.0,False,False,False,False,True,False,55.555815915240146,-64.0,82.0,14.254302173206394,5.504265622675344,10.310827336129869,40.439998626708984,1.6650776123582791,0.089
840,LEV,8.0,3.0,R,HIGH,gyrA,94.0,gyrA_D94N,R,0.8592592592592593,A,D94N,3.0,0.0,-1.9800000000000002,-1.0,2.64,H,AlphaHelix,-58.04000000000002,-41.610000000000014,97.4,1.0,1.0,False,False,False,False,True,False,88.1550888450658,56.0,75.0,18.193077591535243,7.778978962037692,14.095745809785983,46.65999984741211,1.7333416145382428,-0.347
841,LEV,8.0,3.0,R,HIGH,gyrA,90.0,gyrA_A90V,R,0.8690476190476191,A,A90V,51.400000000000006,2.4000000000000004,-0.8600000000000001,28.0,-0.040000000000000036,H,AlphaHelix,-61.829999999999984,-59.75999999999999,47.0,2.0,0.0,False,False,False,False,True,False,55.555815915240146,-64.0,82.0,14.254302173206394,5.504265622675344,10.310827336129869,40.439998626708984,1.6650776123582791,0.089
842,LEV,8.0,3.0,R,HIGH,gyrA,94.0,gyrA_D94G,R,0.8646496815286624,A,D94G,-50.99999999999999,3.1,-1.2700000000000002,-58.0,3.1999999999999997,H,AlphaHelix,-58.04000000000002,-41.610000000000014,97.4,1.0,1.0,False,False,False,False,True,False,88.1550888450658,63.0,80.0,18.193077591535243,7.778978962037692,14.095745809785983,46.65999984741211,1.7333416145382428,-0.873
843,LEV,4.0,2.0,R,HIGH,gyrA,94.0,gyrA_D94G,R,0.8646496815286624,A,D94G,-50.99999999999999,3.1,-1.2700000000000002,-58.0,3.1999999999999997,H,AlphaHelix,-58.04000000000002,-41.610000000000014,97.4,1.0,1.0,False,False,False,False,True,False,88.1550888450658,63.0,80.0,18.193077591535243,7.778978962037692,14.095745809785983,46.65999984741211,1.7333416145382428,-0.873
844,LEV,,,,HIGH,gyrB,501.0,gyrB_E501D,S,0.6428571428571429,B,E501D,-27.30000000000001,0.0,0.8,-14.0,-0.4500000000000002,H,AlphaHelix,-71.87,-38.54000000000002,13.6,2.0,0.0,False,False,False,False,True,False,15.369778026626971,78.0,85.0,17.92544384842089,17.867526289070224,11.782093492314347,63.0099983215332,2.23399611625198,-2.507
845,LEV,8.0,3.0,R,MEDIUM,gyrA,94.0,gyrA_D94H,R,0.9714285714285714,A,D94H,42.099999999999994,0.2999999999999998,-1.04,22.099999999999994,4.82,H,AlphaHelix,-58.04000000000002,-41.610000000000014,97.4,1.0,1.0,False,False,False,False,True,False,88.1550888450658,79.0,85.0,18.193077591535243,7.778978962037692,14.095745809785983,46.65999984741211,1.7333416145382428,-0.36
846,LEV,8.0,3.0,R,HIGH,gyrA,94.0,gyrA_D94G,R,0.8646496815286624,A,D94G,-50.99999999999999,3.1,-1.2700000000000002,-58.0,3.1999999999999997,H,AlphaHelix,-58.04000000000002,-41.610000000000014,97.4,1.0,1.0,False,False,False,False,True,False,88.1550888450658,63.0,80.0,18.193077591535243,7.778978962037692,14.095745809785983,46.65999984741211,1.7333416145382428,-0.873
847,LEV,2.0,1.0,R,HIGH,gyrB,447.0,gyrB_S447F,S,0.5714285714285714,B,S447F,100.9,3.5999999999999996,-0.9099999999999999,60.099999999999994,-0.1999999999999993,C,Coil,-66.01999999999998,127.78,10.3,0.0,1.0,False,True,False,False,False,False,7.650214361327759,35.0,66.0,30.986926496507703,37.926884539701504,31.95516280373057,76.79000091552734,2.2854008237144825,-0.561
848,LEV,8.0,3.0,R,HIGH,gyrA,94.0,gyrA_D94G,R,0.8646496815286624,A,D94G,-50.99999999999999,3.1,-1.2700000000000002,-58.0,3.1999999999999997,H,AlphaHelix,-58.04000000000002,-41.610000000000014,97.4,1.0,1.0,False,False,False,False,True,False,88.1550888450658,63.0,80.0,18.193077591535243,7.778978962037692,14.095745809785983,46.65999984741211,1.7333416145382428,-0.873
849,LEV,>8,4.0,R,HIGH,gyrA,94.0,gyrA_D94G,R,0.8646496815286624,A,D94G,-50.99999999999999,3.1,-1.2700000000000002,-58.0,3.1999999999999997,H,AlphaHelix,-58.04000000000002,-41.610000000000014,97.4,1.0,1.0,False,False,False,False,True,False,88.1550888450658,63.0,80.0,18.193077591535243,7.778978962037692,14.095745809785983,46.65999984741211,1.7333416145382428,-0.873
850,LEV,4.0,2.0,R,MEDIUM,gyrA,90.0,gyrA_A90V,R,0.8690476190476191,A,A90V,51.400000000000006,2.4000000000000004,-0.8600000000000001,28.0,-0.040000000000000036,H,AlphaHelix,-61.829999999999984,-59.75999999999999,47.0,2.0,0.0,False,False,False,False,True,False,55.555815915240146,-64.0,82.0,14.254302173206394,5.504265622675344,10.310827336129869,40.439998626708984,1.6650776123582791,0.089
851,LEV,0.5,-1.0,S,MEDIUM,gyrA,94.0,gyrA_D94N,R,0.8592592592592593,A,D94N,3.0,0.0,-1.9800000000000002,-1.0,2.64,H,AlphaHelix,-58.04000000000002,-41.610000000000014,97.4,1.0,1.0,False,False,False,False,True,False,88.1550888450658,56.0,75.0,18.193077591535243,7.778978962037692,14.095745809785983,46.65999984741211,1.7333416145382428,-0.347
852,LEV,2.0,1.0,R,HIGH,gyrA,90.0,gyrA_A90V,R,0.8690476190476191,A,A90V,51.400000000000006,2.4000000000000004,-0.8600000000000001,28.0,-0.040000000000000036,H,AlphaHelix,-61.829999999999984,-59.75999999999999,47.0,2.0,0.0,False,False,False,False,True,False,55.555815915240146,-64.0,82.0,14.254302173206394,5.504265622675344,10.310827336129869,40.439998626708984,1.6650776123582791,0.089
853,LEV,4.0,2.0,R,HIGH,gyrA,94.0,gyrA_D94N,R,0.8592592592592593,A,D94N,3.0,0.0,-1.9800000000000002,-1.0,2.64,H,AlphaHelix,-58.04000000000002,-41.610000000000014,97.4,1.0,1.0,False,False,False,False,True,False,88.1550888450658,56.0,75.0,18.193077591535243,7.778978962037692,14.095745809785983,46.65999984741211,1.7333416145382428,-0.347
854,LEV,8.0,3.0,R,MEDIUM,gyrA,94.0,gyrA_D94G,R,0.8646496815286624,A,D94G,-50.99999999999999,3.1,-1.2700000000000002,-58.0,3.1999999999999997,H,AlphaHelix,-58.04000000000002,-41.610000000000014,97.4,1.0,1.0,False,False,False,False,True,False,88.1550888450658,63.0,80.0,18.193077591535243,7.778978962037692,14.095745809785983,46.65999984741211,1.7333416145382428,-0.873
855,LEV,0.5,-1.0,S,MEDIUM,gyrA,94.0,gyrA_D94G,R,0.8646496815286624,A,D94G,-50.99999999999999,3.1,-1.2700000000000002,-58.0,3.1999999999999997,H,AlphaHelix,-58.04000000000002,-41.610000000000014,97.4,1.0,1.0,False,False,False,False,True,False,88.1550888450658,63.0,80.0,18.193077591535243,7.778978962037692,14.095745809785983,46.65999984741211,1.7333416145382428,-0.873
856,LEV,8.0,3.0,R,HIGH,gyrA,94.0,gyrA_D94G,R,0.8646496815286624,A,D94G,-50.99999999999999,3.1,-1.2700000000000002,-58.0,3.1999999999999997,H,AlphaHelix,-58.04000000000002,-41.610000000000014,97.4,1.0,1.0,False,False,False,False,True,False,88.1550888450658,63.0,80.0,18.193077591535243,7.778978962037692,14.095745809785983,46.65999984741211,1.7333416145382428,-0.873
857,LEV,>8,4.0,R,HIGH,gyrA,94.0,gyrA_D94N,R,0.8592592592592593,A,D94N,3.0,0.0,-1.9800000000000002,-1.0,2.64,H,AlphaHelix,-58.04000000000002,-41.610000000000014,97.4,1.0,1.0,False,False,False,False,True,False,88.1550888450658,56.0,75.0,18.193077591535243,7.778978962037692,14.095745809785983,46.65999984741211,1.7333416145382428,-0.347
858,LEV,>8,4.0,R,MEDIUM,gyrA,94.0,gyrA_D94G,R,0.8646496815286624,A,D94G,-50.99999999999999,3.1,-1.2700000000000002,-58.0,3.1999999999999997,H,AlphaHelix,-58.04000000000002,-41.610000000000014,97.4,1.0,1.0,False,False,False,False,True,False,88.1550888450658,63.0,80.0,18.193077591535243,7.778978962037692,14.095745809785983,46.65999984741211,1.7333416145382428,-0.873
859,LEV,>8,4.0,R,HIGH,gyrA,94.0,gyrA_D94G,R,0.8646496815286624,A,D94G,-50.99999999999999,3.1,-1.2700000000000002,-58.0,3.1999999999999997,H,AlphaHelix,-58.04000000000002,-41.610000000000014,97.4,1.0,1.0,False,False,False,False,True,False,88.1550888450658,63.0,80.0,18.193077591535243,7.778978962037692,14.095745809785983,46.65999984741211,1.7333416145382428,-0.873
860,LEV,0.5,-1.0,S,HIGH,gyrA,94.0,gyrA_D94G,R,0.8646496815286624,A,D94G,-50.99999999999999,3.1,-1.2700000000000002,-58.0,3.1999999999999997,H,AlphaHelix,-58.04000000000002,-41.610000000000014,97.4,1.0,1.0,False,False,False,False,True,False,88.1550888450658,63.0,80.0,18.193077591535243,7.778978962037692,14.095745809785983,46.65999984741211,1.7333416145382428,-0.873
861,LEV,2.0,1.0,R,HIGH,gyrB,589.0,gyrB_G589V,R,1.0,B,G589V,79.9,4.6000000000000005,-1.67,42.0,-0.009999999999999787,H,AlphaHelix,-67.63,-50.360000000000014,39.0,1.0,2.0,False,False,False,False,True,False,38.86903966954134,-19.0,57.0,25.546893353792033,39.745315488903934,38.69036251042736,56.93000030517578,1.5585565714455512,0.621
862,LEV,2.0,1.0,R,HIGH,gyrA,90.0,gyrA_A90V,R,0.8690476190476191,A,A90V,51.400000000000006,2.4000000000000004,-0.8600000000000001,28.0,-0.040000000000000036,H,AlphaHelix,-61.829999999999984,-59.75999999999999,47.0,2.0,0.0,False,False,False,False,True,False,55.555815915240146,-64.0,82.0,14.254302173206394,5.504265622675344,10.310827336129869,40.439998626708984,1.6650776123582791,0.089
863,LEV,0.5,-1.0,S,MEDIUM,gyrA,153.0,gyrA_I153M,S,1.0,A,I153M,-3.799999999999983,-2.6,0.37000000000000005,18.0,-0.27999999999999936,E,Strand,-133.23,161.63,79.0,1.0,1.0,False,False,True,False,False,False,83.52544000190358,-94.0,97.0,21.1187087332734,28.6689952989867,31.48573940464571,56.2400016784668,1.9815635690826923,-0.219
864,LEV,4.0,2.0,R,HIGH,gyrA,90.0,gyrA_A90V,R,0.8690476190476191,A,A90V,51.400000000000006,2.4000000000000004,-0.8600000000000001,28.0,-0.040000000000000036,H,AlphaHelix,-61.829999999999984,-59.75999999999999,47.0,2.0,0.0,False,False,False,False,True,False,55.555815915240146,-64.0,82.0,14.254302173206394,5.504265622675344,10.310827336129869,40.439998626708984,1.6650776123582791,0.089
865,LEV,>8,4.0,R,HIGH,gyrA,90.0,gyrA_A90V,R,0.8690476190476191,A,A90V,51.400000000000006,2.4000000000000004,-0.8600000000000001,28.0,-0.040000000000000036,H,AlphaHelix,-61.829999999999984,-59.75999999999999,47.0,2.0,0.0,False,False,False,False,True,False,55.555815915240146,-64.0,82.0,14.254302173206394,5.504265622675344,10.310827336129869,40.439998626708984,1.6650776123582791,0.089
866,LEV,8.0,3.0,R,MEDIUM,gyrA,94.0,gyrA_D94G,R,0.8646496815286624,A,D94G,-50.99999999999999,3.1,-1.2700000000000002,-58.0,3.1999999999999997,H,AlphaHelix,-58.04000000000002,-41.610000000000014,97.4,1.0,1.0,False,False,False,False,True,False,88.1550888450658,63.0,80.0,18.193077591535243,7.778978962037692,14.095745809785983,46.65999984741211,1.7333416145382428,-0.873
867,LEV,2.0,1.0,R,MEDIUM,gyrA,91.0,gyrA_S91P,R,0.8524590163934426,A,S91P,23.700000000000003,-0.8,-0.64,10.0,0.6200000000000001,H,AlphaHelix,-67.14999999999998,-27.149999999999977,64.8,1.0,0.0,False,False,False,False,True,False,65.22815545163408,63.0,80.0,13.370520192722235,5.421428426386811,10.72875108867804,47.63999938964844,1.5284537092505912,-0.125
868,LEV,4.0,2.0,R,HIGH,gyrA,94.0,gyrA_D94N,R,0.8592592592592593,A,D94N,3.0,0.0,-1.9800000000000002,-1.0,2.64,H,AlphaHelix,-58.04000000000002,-41.610000000000014,97.4,1.0,1.0,False,False,False,False,True,False,88.1550888450658,56.0,75.0,18.193077591535243,7.778978962037692,14.095745809785983,46.65999984741211,1.7333416145382428,-0.347
869,LEV,4.0,2.0,R,MEDIUM,gyrA,94.0,gyrA_D94G,R,0.8646496815286624,A,D94G,-50.99999999999999,3.1,-1.2700000000000002,-58.0,3.1999999999999997,H,AlphaHelix,-58.04000000000002,-41.610000000000014,97.4,1.0,1.0,False,False,False,False,True,False,88.1550888450658,63.0,80.0,18.193077591535243,7.778978962037692,14.095745809785983,46.65999984741211,1.7333416145382428,-0.873
870,LEV,0.5,-1.0,S,MEDIUM,gyrA,154.0,gyrA_P154R,S,1.0,A,P154R,60.7,-2.9,1.31,59.099999999999994,4.46,E,Strand,-63.26999999999998,149.75,74.5,0.0,0.0,False,False,True,False,False,False,79.18597057272785,41.0,71.0,19.225911095740965,27.73254660180666,30.131122559096102,57.20000076293945,1.6282709707753908,-0.523
871,LEV,2.0,1.0,R,HIGH,gyrA,91.0,gyrA_S91P,R,0.8524590163934426,A,S91P,23.700000000000003,-0.8,-0.64,10.0,0.6200000000000001,H,AlphaHelix,-67.14999999999998,-27.149999999999977,64.8,1.0,0.0,False,False,False,False,True,False,65.22815545163408,63.0,80.0,13.370520192722235,5.421428426386811,10.72875108867804,47.63999938964844,1.5284537092505912,-0.125
872,LEV,0.25,-2.0,S,HIGH,gyrB,594.0,gyrB_G594R,S,1.0,B,G594R,113.30000000000001,-4.1,-0.1399999999999999,99.1,4.79,H,AlphaHelix,-61.79000000000002,-46.23000000000002,2.4,3.0,1.0,False,False,False,False,True,False,2.5513483377247033,33.0,66.0,29.619803314349348,43.094677689615885,42.04815769954745,59.869998931884766,2.110741957012361,-1.929
873,LEV,8.0,3.0,R,MEDIUM,gyrA,94.0,gyrA_D94H,R,0.9714285714285714,A,D94H,42.099999999999994,0.2999999999999998,-1.04,22.099999999999994,4.82,H,AlphaHelix,-58.04000000000002,-41.610000000000014,97.4,1.0,1.0,False,False,False,False,True,False,88.1550888450658,79.0,85.0,18.193077591535243,7.778978962037692,14.095745809785983,46.65999984741211,1.7333416145382428,-0.36
874,LEV,2.0,1.0,R,HIGH,gyrA,90.0,gyrA_A90V,R,0.8690476190476191,A,A90V,51.400000000000006,2.4000000000000004,-0.8600000000000001,28.0,-0.040000000000000036,H,AlphaHelix,-61.829999999999984,-59.75999999999999,47.0,2.0,0.0,False,False,False,False,True,False,55.555815915240146,-64.0,82.0,14.254302173206394,5.504265622675344,10.310827336129869,40.439998626708984,1.6650776123582791,0.089
875,LEV,1.0,0.0,S,MEDIUM,gyrA,88.0,gyrA_G88A,S,0.6666666666666666,A,G88A,28.499999999999993,2.2,-0.8099999999999998,14.0,0.03000000000000025,C,Coil,-77.02999999999997,152.43,8.6,0.0,0.0,False,True,False,False,False,False,9.936179450376525,47.0,71.0,9.383464096517303,8.798143905732672,11.185201845760195,57.560001373291016,1.9098223702260209,-1.185
876,LEV,4.0,2.0,R,HIGH,gyrA,90.0,gyrA_A90V,R,0.8690476190476191,A,A90V,51.400000000000006,2.4000000000000004,-0.8600000000000001,28.0,-0.040000000000000036,H,AlphaHelix,-61.829999999999984,-59.75999999999999,47.0,2.0,0.0,False,False,False,False,True,False,55.555815915240146,-64.0,82.0,14.254302173206394,5.504265622675344,10.310827336129869,40.439998626708984,1.6650776123582791,0.089
877,LEV,4.0,2.0,R,HIGH,gyrA,89.0,gyrA_D89N,R,0.75,A,D89N,3.0,0.0,-1.9800000000000002,-1.0,2.64,H,AlphaHelix,-67.79000000000002,-35.15999999999997,27.1,1.0,0.0,False,False,False,False,True,False,24.84916086555452,54.0,75.0,13.151139616440242,8.990678251217595,12.761681856622465,49.52000045776367,2.2988834846000192,-0.812
878,LEV,8.0,3.0,R,MEDIUM,gyrA,94.0,gyrA_D94G,R,0.8646496815286624,A,D94G,-50.99999999999999,3.1,-1.2700000000000002,-58.0,3.1999999999999997,H,AlphaHelix,-58.04000000000002,-41.610000000000014,97.4,1.0,1.0,False,False,False,False,True,False,88.1550888450658,63.0,80.0,18.193077591535243,7.778978962037692,14.095745809785983,46.65999984741211,1.7333416145382428,-0.873
879,LEV,0.25,-2.0,S,HIGH,gyrA,189.0,gyrA_I189M,S,1.0,A,I189M,-3.799999999999983,-2.6,0.37000000000000005,18.0,-0.27999999999999936,E,Strand,-95.94999999999999,123.29,3.2,1.0,1.0,False,False,True,False,False,False,3.572202098050284,-92.0,97.0,28.833378741693483,24.348253109340494,28.628388201759854,40.88999938964844,4.2557927904474955,-1.6
880,LEV,0.5,-1.0,S,HIGH,gyrA,477.0,gyrA_G477E,S,1.0,A,G477E,78.30000000000001,-3.1,0.4700000000000002,72.0,-2.7499999999999996,H,AlphaHelix,-63.920000000000016,-40.56999999999999,8.0,1.0,1.0,False,False,False,False,True,False,10.746012693489345,-89.0,93.0,46.33291464689615,45.73488224776428,51.02251471517349,59.06999969482422,1.68526150535633,0.735
881,LEV,>8,4.0,R,HIGH,gyrA,94.0,gyrA_D94G,R,0.8646496815286624,A,D94G,-50.99999999999999,3.1,-1.2700000000000002,-58.0,3.1999999999999997,H,AlphaHelix,-58.04000000000002,-41.610000000000014,97.4,1.0,1.0,False,False,False,False,True,False,88.1550888450658,63.0,80.0,18.193077591535243,7.778978962037692,14.095745809785983,46.65999984741211,1.7333416145382428,-0.873
882,LEV,2.0,1.0,R,HIGH,gyrA,90.0,gyrA_A90V,R,0.8690476190476191,A,A90V,51.400000000000006,2.4000000000000004,-0.8600000000000001,28.0,-0.040000000000000036,H,AlphaHelix,-61.829999999999984,-59.75999999999999,47.0,2.0,0.0,False,False,False,False,True,False,55.555815915240146,-64.0,82.0,14.254302173206394,5.504265622675344,10.310827336129869,40.439998626708984,1.6650776123582791,0.089
883,LEV,0.5,-1.0,S,HIGH,gyrA,472.0,gyrA_P472S,S,1.0,A,P472S,-23.700000000000003,0.8,0.64,-10.0,-0.6200000000000001,H,AlphaHelix,-59.70999999999998,-28.170000000000016,71.0,1.0,0.0,False,False,False,False,True,False,78.73791501370572,-68.0,82.0,46.353130855468216,48.26749325282632,52.90519851328242,69.8499984741211,1.6707895195538032,-1.116
884,LEV,0.25,-2.0,S,MEDIUM,gyrA,94.0,gyrA_D94G,R,0.8646496815286624,A,D94G,-50.99999999999999,3.1,-1.2700000000000002,-58.0,3.1999999999999997,H,AlphaHelix,-58.04000000000002,-41.610000000000014,97.4,1.0,1.0,False,False,False,False,True,False,88.1550888450658,63.0,80.0,18.193077591535243,7.778978962037692,14.095745809785983,46.65999984741211,1.7333416145382428,-0.873
885,LEV,4.0,2.0,R,HIGH,gyrA,90.0,gyrA_A90V,R,0.8690476190476191,A,A90V,51.400000000000006,2.4000000000000004,-0.8600000000000001,28.0,-0.040000000000000036,H,AlphaHelix,-61.829999999999984,-59.75999999999999,47.0,2.0,0.0,False,False,False,False,True,False,55.555815915240146,-64.0,82.0,14.254302173206394,5.504265622675344,10.310827336129869,40.439998626708984,1.6650776123582791,0.089
886,LEV,1.0,0.0,S,MEDIUM,gyrA,94.0,gyrA_D94G,R,0.8646496815286624,A,D94G,-50.99999999999999,3.1,-1.2700000000000002,-58.0,3.1999999999999997,H,AlphaHelix,-58.04000000000002,-41.610000000000014,97.4,1.0,1.0,False,False,False,False,True,False,88.1550888450658,63.0,80.0,18.193077591535243,7.778978962037692,14.095745809785983,46.65999984741211,1.7333416145382428,-0.873
887,LEV,8.0,3.0,R,MEDIUM,gyrA,94.0,gyrA_D94G,R,0.8646496815286624,A,D94G,-50.99999999999999,3.1,-1.2700000000000002,-58.0,3.1999999999999997,H,AlphaHelix,-58.04000000000002,-41.610000000000014,97.4,1.0,1.0,False,False,False,False,True,False,88.1550888450658,63.0,80.0,18.193077591535243,7.778978962037692,14.095745809785983,46.65999984741211,1.7333416145382428,-0.873
888,LEV,0.25,-2.0,S,HIGH,gyrA,94.0,gyrA_D94G,R,0.8646496815286624,A,D94G,-50.99999999999999,3.1,-1.2700000000000002,-58.0,3.1999999999999997,H,AlphaHelix,-58.04000000000002,-41.610000000000014,97.4,1.0,1.0,False,False,False,False,True,False,88.1550888450658,63.0,80.0,18.193077591535243,7.778978962037692,14.095745809785983,46.65999984741211,1.7333416145382428,-0.873
889,LEV,4.0,2.0,R,MEDIUM,gyrA,90.0,gyrA_A90V,R,0.8690476190476191,A,A90V,51.400000000000006,2.4000000000000004,-0.8600000000000001,28.0,-0.040000000000000036,H,AlphaHelix,-61.829999999999984,-59.75999999999999,47.0,2.0,0.0,False,False,False,False,True,False,55.555815915240146,-64.0,82.0,14.254302173206394,5.504265622675344,10.310827336129869,40.439998626708984,1.6650776123582791,0.089
890,LEV,>8,4.0,R,HIGH,gyrA,94.0,gyrA_D94Y,R,0.9285714285714286,A,D94Y,82.5,2.2,-2.18,48.099999999999994,2.89,H,AlphaHelix,-58.04000000000002,-41.610000000000014,97.4,1.0,1.0,False,False,False,False,True,False,88.1550888450658,81.0,91.0,18.193077591535243,7.778978962037692,14.095745809785983,46.65999984741211,1.7333416145382428,-0.376
891,LEV,>8,4.0,R,HIGH,gyrA,94.0,gyrA_D94G,R,0.8646496815286624,A,D94G,-50.99999999999999,3.1,-1.2700000000000002,-58.0,3.1999999999999997,H,AlphaHelix,-58.04000000000002,-41.610000000000014,97.4,1.0,1.0,False,False,False,False,True,False,88.1550888450658,63.0,80.0,18.193077591535243,7.778978962037692,14.095745809785983,46.65999984741211,1.7333416145382428,-0.873
892,LEV,4.0,2.0,R,HIGH,gyrA,90.0,gyrA_A90V,R,0.8690476190476191,A,A90V,51.400000000000006,2.4000000000000004,-0.8600000000000001,28.0,-0.040000000000000036,H,AlphaHelix,-61.829999999999984,-59.75999999999999,47.0,2.0,0.0,False,False,False,False,True,False,55.555815915240146,-64.0,82.0,14.254302173206394,5.504265622675344,10.310827336129869,40.439998626708984,1.6650776123582791,0.089
893,LEV,4.0,2.0,R,HIGH,gyrA,94.0,gyrA_D94H,R,0.9714285714285714,A,D94H,42.099999999999994,0.2999999999999998,-1.04,22.099999999999994,4.82,H,AlphaHelix,-58.04000000000002,-41.610000000000014,97.4,1.0,1.0,False,False,False,False,True,False,88.1550888450658,79.0,85.0,18.193077591535243,7.778978962037692,14.095745809785983,46.65999984741211,1.7333416145382428,-0.36
894,LEV,4.0,2.0,R,HIGH,gyrA,90.0,gyrA_A90V,R,0.8690476190476191,A,A90V,51.400000000000006,2.4000000000000004,-0.8600000000000001,28.0,-0.040000000000000036,H,AlphaHelix,-61.829999999999984,-59.75999999999999,47.0,2.0,0.0,False,False,False,False,True,False,55.555815915240146,-64.0,82.0,14.254302173206394,5.504265622675344,10.310827336129869,40.439998626708984,1.6650776123582791,0.089
895,LEV,4.0,2.0,R,MEDIUM,gyrA,94.0,gyrA_D94N,R,0.8592592592592593,A,D94N,3.0,0.0,-1.9800000000000002,-1.0,2.64,H,AlphaHelix,-58.04000000000002,-41.610000000000014,97.4,1.0,1.0,False,False,False,False,True,False,88.1550888450658,56.0,75.0,18.193077591535243,7.778978962037692,14.095745809785983,46.65999984741211,1.7333416145382428,-0.347
896,LEV,,,,MEDIUM,gyrA,277.0,gyrA_Q277R,S,1.0,A,Q277R,29.599999999999994,-1.0,0.81,28.0,5.109999999999999,T,Turn,62.25,39.14,116.9,0.0,0.0,False,False,False,False,False,True,119.92243252837673,19.0,59.0,30.4609426523087,19.79660073730683,24.467972351481972,59.40999984741211,1.5502807568387325,-0.231
897,LEV,1.0,0.0,S,MEDIUM,gyrA,94.0,gyrA_D94G,R,0.8646496815286624,A,D94G,-50.99999999999999,3.1,-1.2700000000000002,-58.0,3.1999999999999997,H,AlphaHelix,-58.04000000000002,-41.610000000000014,97.4,1.0,1.0,False,False,False,False,True,False,88.1550888450658,63.0,80.0,18.193077591535243,7.778978962037692,14.095745809785983,46.65999984741211,1.7333416145382428,-0.873
898,LEV,0.25,-2.0,S,HIGH,gyrA,472.0,gyrA_P472S,S,1.0,A,P472S,-23.700000000000003,0.8,0.64,-10.0,-0.6200000000000001,H,AlphaHelix,-59.70999999999998,-28.170000000000016,71.0,1.0,0.0,False,False,False,False,True,False,78.73791501370572,-68.0,82.0,46.353130855468216,48.26749325282632,52.90519851328242,69.8499984741211,1.6707895195538032,-1.116
899,LEV,2.0,1.0,R,MEDIUM,gyrB,461.0,gyrB_D461N,R,1.0,B,D461N,3.0,0.0,-1.9800000000000002,-1.0,2.64,H,AlphaHelix,-71.88999999999999,-39.93000000000001,81.7,1.0,0.0,False,False,False,False,True,False,75.64790414237022,36.0,66.0,11.69428626742857,15.223706008416038,10.457794239999561,64.79000091552734,1.5661131135005826,-0.266
900,LEV,0.5,-1.0,S,MEDIUM,gyrA,94.0,gyrA_D94G,R,0.8646496815286624,A,D94G,-50.99999999999999,3.1,-1.2700000000000002,-58.0,3.1999999999999997,H,AlphaHelix,-58.04000000000002,-41.610000000000014,97.4,1.0,1.0,False,False,False,False,True,False,88.1550888450658,63.0,80.0,18.193077591535243,7.778978962037692,14.095745809785983,46.65999984741211,1.7333416145382428,-0.873
901,LEV,4.0,2.0,R,HIGH,gyrA,94.0,gyrA_D94Y,R,0.9285714285714286,A,D94Y,82.5,2.2,-2.18,48.099999999999994,2.89,H,AlphaHelix,-58.04000000000002,-41.610000000000014,97.4,1.0,1.0,False,False,False,False,True,False,88.1550888450658,81.0,91.0,18.193077591535243,7.778978962037692,14.095745809785983,46.65999984741211,1.7333416145382428,-0.376
902,LEV,4.0,2.0,R,HIGH,gyrA,94.0,gyrA_D94G,R,0.8646496815286624,A,D94G,-50.99999999999999,3.1,-1.2700000000000002,-58.0,3.1999999999999997,H,AlphaHelix,-58.04000000000002,-41.610000000000014,97.4,1.0,1.0,False,False,False,False,True,False,88.1550888450658,63.0,80.0,18.193077591535243,7.778978962037692,14.095745809785983,46.65999984741211,1.7333416145382428,-0.873
903,LEV,8.0,3.0,R,HIGH,gyrA,94.0,gyrA_D94G,R,0.8646496815286624,A,D94G,-50.99999999999999,3.1,-1.2700000000000002,-58.0,3.1999999999999997,H,AlphaHelix,-58.04000000000002,-41.610000000000014,97.4,1.0,1.0,False,False,False,False,True,False,88.1550888450658,63.0,80.0,18.193077591535243,7.778978962037692,14.095745809785983,46.65999984741211,1.7333416145382428,-0.873
904,LEV,2.0,1.0,R,MEDIUM,gyrA,90.0,gyrA_A90V,R,0.8690476190476191,A,A90V,51.400000000000006,2.4000000000000004,-0.8600000000000001,28.0,-0.040000000000000036,H,AlphaHelix,-61.829999999999984,-59.75999999999999,47.0,2.0,0.0,False,False,False,False,True,False,55.555815915240146,-64.0,82.0,14.254302173206394,5.504265622675344,10.310827336129869,40.439998626708984,1.6650776123582791,0.089
905,LEV,4.0,2.0,R,HIGH,gyrB,461.0,gyrB_D461N,R,1.0,B,D461N,3.0,0.0,-1.9800000000000002,-1.0,2.64,H,AlphaHelix,-71.88999999999999,-39.93000000000001,81.7,1.0,0.0,False,False,False,False,True,False,75.64790414237022,36.0,66.0,11.69428626742857,15.223706008416038,10.457794239999561,64.79000091552734,1.5661131135005826,-0.266
906,LEV,4.0,2.0,R,MEDIUM,gyrA,94.0,gyrA_D94G,R,0.8646496815286624,A,D94G,-50.99999999999999,3.1,-1.2700000000000002,-58.0,3.1999999999999997,H,AlphaHelix,-58.04000000000002,-41.610000000000014,97.4,1.0,1.0,False,False,False,False,True,False,88.1550888450658,63.0,80.0,18.193077591535243,7.778978962037692,14.095745809785983,46.65999984741211,1.7333416145382428,-0.873
907,LEV,4.0,2.0,R,HIGH,gyrA,94.0,gyrA_D94G,R,0.8646496815286624,A,D94G,-50.99999999999999,3.1,-1.2700000000000002,-58.0,3.1999999999999997,H,AlphaHelix,-58.04000000000002,-41.610000000000014,97.4,1.0,1.0,False,False,False,False,True,False,88.1550888450658,63.0,80.0,18.193077591535243,7.778978962037692,14.095745809785983,46.65999984741211,1.7333416145382428,-0.873
908,LEV,8.0,3.0,R,HIGH,gyrA,90.0,gyrA_A90V,R,0.8690476190476191,A,A90V,51.400000000000006,2.4000000000000004,-0.8600000000000001,28.0,-0.040000000000000036,H,AlphaHelix,-61.829999999999984,-59.75999999999999,47.0,2.0,0.0,False,False,False,False,True,False,55.555815915240146,-64.0,82.0,14.254302173206394,5.504265622675344,10.310827336129869,40.439998626708984,1.6650776123582791,0.089
909,LEV,0.5,-1.0,S,HIGH,gyrA,193.0,gyrA_N193S,S,1.0,A,N193S,-25.099999999999994,2.7,-0.09999999999999998,-27.0,0.2699999999999996,C,Coil,-78.75,123.63,5.4,2.0,0.0,False,True,False,False,False,False,3.9785882839510753,-22.0,61.0,38.286532913756595,31.644021592511656,37.267766220385276,50.119998931884766,3.1142630176941593,-1.229
910,LEV,0.25,-2.0,S,HIGH,gyrA,94.0,gyrA_D94G,R,0.8646496815286624,A,D94G,-50.99999999999999,3.1,-1.2700000000000002,-58.0,3.1999999999999997,H,AlphaHelix,-58.04000000000002,-41.610000000000014,97.4,1.0,1.0,False,False,False,False,True,False,88.1550888450658,63.0,80.0,18.193077591535243,7.778978962037692,14.095745809785983,46.65999984741211,1.7333416145382428,-0.873
911,LEV,0.25,-2.0,S,MEDIUM,gyrA,91.0,gyrA_S91P,R,0.8524590163934426,A,S91P,23.700000000000003,-0.8,-0.64,10.0,0.6200000000000001,H,AlphaHelix,-67.14999999999998,-27.149999999999977,64.8,1.0,0.0,False,False,False,False,True,False,65.22815545163408,63.0,80.0,13.370520192722235,5.421428426386811,10.72875108867804,47.63999938964844,1.5284537092505912,-0.125
912,LEV,0.25,-2.0,S,HIGH,gyrA,94.0,gyrA_D94G,R,0.8646496815286624,A,D94G,-50.99999999999999,3.1,-1.2700000000000002,-58.0,3.1999999999999997,H,AlphaHelix,-58.04000000000002,-41.610000000000014,97.4,1.0,1.0,False,False,False,False,True,False,88.1550888450658,63.0,80.0,18.193077591535243,7.778978962037692,14.095745809785983,46.65999984741211,1.7333416145382428,-0.873
913,LEV,4.0,2.0,R,HIGH,gyrA,90.0,gyrA_A90V,R,0.8690476190476191,A,A90V,51.400000000000006,2.4000000000000004,-0.8600000000000001,28.0,-0.040000000000000036,H,AlphaHelix,-61.829999999999984,-59.75999999999999,47.0,2.0,0.0,False,False,False,False,True,False,55.555815915240146,-64.0,82.0,14.254302173206394,5.504265622675344,10.310827336129869,40.439998626708984,1.6650776123582791,0.089
914,LEV,8.0,3.0,R,HIGH,gyrA,90.0,gyrA_A90V,R,0.8690476190476191,A,A90V,51.400000000000006,2.4000000000000004,-0.8600000000000001,28.0,-0.040000000000000036,H,AlphaHelix,-61.829999999999984,-59.75999999999999,47.0,2.0,0.0,False,False,False,False,True,False,55.555815915240146,-64.0,82.0,14.254302173206394,5.504265622675344,10.310827336129869,40.439998626708984,1.6650776123582791,0.089
915,LEV,4.0,2.0,R,HIGH,gyrA,90.0,gyrA_A90V,R,0.8690476190476191,A,A90V,51.400000000000006,2.4000000000000004,-0.8600000000000001,28.0,-0.040000000000000036,H,AlphaHelix,-61.829999999999984,-59.75999999999999,47.0,2.0,0.0,False,False,False,False,True,False,55.555815915240146,-64.0,82.0,14.254302173206394,5.504265622675344,10.310827336129869,40.439998626708984,1.6650776123582791,0.089
916,LEV,8.0,3.0,R,MEDIUM,gyrA,94.0,gyrA_D94H,R,0.9714285714285714,A,D94H,42.099999999999994,0.2999999999999998,-1.04,22.099999999999994,4.82,H,AlphaHelix,-58.04000000000002,-41.610000000000014,97.4,1.0,1.0,False,False,False,False,True,False,88.1550888450658,79.0,85.0,18.193077591535243,7.778978962037692,14.095745809785983,46.65999984741211,1.7333416145382428,-0.36
917,LEV,0.25,-2.0,S,MEDIUM,gyrA,276.0,gyrA_Y276H,S,1.0,A,Y276H,-40.400000000000006,-1.9000000000000001,1.1400000000000001,-26.0,1.9299999999999997,T,Turn,-59.95999999999998,133.4,13.9,0.0,0.0,False,False,False,False,False,True,14.234250314638729,59.0,75.0,33.41284978781094,23.340521537225687,28.148892230714626,49.18000030517578,2.4470119615186485,-1.463
918,LEV,8.0,3.0,R,HIGH,gyrA,94.0,gyrA_D94N,R,0.8592592592592593,A,D94N,3.0,0.0,-1.9800000000000002,-1.0,2.64,H,AlphaHelix,-58.04000000000002,-41.610000000000014,97.4,1.0,1.0,False,False,False,False,True,False,88.1550888450658,56.0,75.0,18.193077591535243,7.778978962037692,14.095745809785983,46.65999984741211,1.7333416145382428,-0.347
919,LEV,2.0,1.0,R,HIGH,gyrA,89.0,gyrA_D89N,R,0.75,A,D89N,3.0,0.0,-1.9800000000000002,-1.0,2.64,H,AlphaHelix,-67.79000000000002,-35.15999999999997,27.1,1.0,0.0,False,False,False,False,True,False,24.84916086555452,54.0,75.0,13.151139616440242,8.990678251217595,12.761681856622465,49.52000045776367,2.2988834846000192,-0.812
920,LEV,0.5,-1.0,S,HIGH,gyrA,501.0,gyrA_A501V,S,1.0,A,A501V,51.400000000000006,2.4000000000000004,-0.8600000000000001,28.0,-0.040000000000000036,,,,,,,,,,,,,,0.0,-93.0,97.0,,,,,1.5259983655328606,
921,LEV,4.0,2.0,R,HIGH,gyrA,91.0,gyrA_S91P,R,0.8524590163934426,A,S91P,23.700000000000003,-0.8,-0.64,10.0,0.6200000000000001,H,AlphaHelix,-67.14999999999998,-27.149999999999977,64.8,1.0,0.0,False,False,False,False,True,False,65.22815545163408,63.0,80.0,13.370520192722235,5.421428426386811,10.72875108867804,47.63999938964844,1.5284537092505912,-0.125
922,LEV,>8,4.0,R,HIGH,gyrA,94.0,gyrA_D94G,R,0.8646496815286624,A,D94G,-50.99999999999999,3.1,-1.2700000000000002,-58.0,3.1999999999999997,H,AlphaHelix,-58.04000000000002,-41.610000000000014,97.4,1.0,1.0,False,False,False,False,True,False,88.1550888450658,63.0,80.0,18.193077591535243,7.778978962037692,14.095745809785983,46.65999984741211,1.7333416145382428,-0.873
923,LEV,8.0,3.0,R,HIGH,gyrA,94.0,gyrA_D94Y,R,0.9285714285714286,A,D94Y,82.5,2.2,-2.18,48.099999999999994,2.89,H,AlphaHelix,-58.04000000000002,-41.610000000000014,97.4,1.0,1.0,False,False,False,False,True,False,88.1550888450658,81.0,91.0,18.193077591535243,7.778978962037692,14.095745809785983,46.65999984741211,1.7333416145382428,-0.376
924,LEV,8.0,3.0,R,HIGH,gyrA,94.0,gyrA_D94G,R,0.8646496815286624,A,D94G,-50.99999999999999,3.1,-1.2700000000000002,-58.0,3.1999999999999997,H,AlphaHelix,-58.04000000000002,-41.610000000000014,97.4,1.0,1.0,False,False,False,False,True,False,88.1550888450658,63.0,80.0,18.193077591535243,7.778978962037692,14.095745809785983,46.65999984741211,1.7333416145382428,-0.873
925,LEV,4.0,2.0,R,HIGH,gyrA,90.0,gyrA_A90V,R,0.8690476190476191,A,A90V,51.400000000000006,2.4000000000000004,-0.8600000000000001,28.0,-0.040000000000000036,H,AlphaHelix,-61.829999999999984,-59.75999999999999,47.0,2.0,0.0,False,False,False,False,True,False,55.555815915240146,-64.0,82.0,14.254302173206394,5.504265622675344,10.310827336129869,40.439998626708984,1.6650776123582791,0.089
926,LEV,2.0,1.0,R,HIGH,gyrA,90.0,gyrA_A90V,R,0.8690476190476191,A,A90V,51.400000000000006,2.4000000000000004,-0.8600000000000001,28.0,-0.040000000000000036,H,AlphaHelix,-61.829999999999984,-59.75999999999999,47.0,2.0,0.0,False,False,False,False,True,False,55.555815915240146,-64.0,82.0,14.254302173206394,5.504265622675344,10.310827336129869,40.439998626708984,1.6650776123582791,0.089
927,LEV,0.5,-1.0,S,HIGH,gyrA,91.0,gyrA_S91P,R,0.8524590163934426,A,S91P,23.700000000000003,-0.8,-0.64,10.0,0.6200000000000001,H,AlphaHelix,-67.14999999999998,-27.149999999999977,64.8,1.0,0.0,False,False,False,False,True,False,65.22815545163408,63.0,80.0,13.370520192722235,5.421428426386811,10.72875108867804,47.63999938964844,1.5284537092505912,-0.125
928,LEV,0.25,-2.0,S,HIGH,gyrB,501.0,gyrB_E501D,S,0.6428571428571429,B,E501D,-27.30000000000001,0.0,0.8,-14.0,-0.4500000000000002,H,AlphaHelix,-71.87,-38.54000000000002,13.6,2.0,0.0,False,False,False,False,True,False,15.369778026626971,78.0,85.0,17.92544384842089,17.867526289070224,11.782093492314347,63.0099983215332,2.23399611625198,-2.507
929,LEV,2.0,1.0,R,HIGH,gyrA,94.0,gyrA_D94A,R,0.7951807228915663,A,D94A,-22.5,5.3,-2.08,-44.0,3.23,H,AlphaHelix,-58.04000000000002,-41.610000000000014,97.4,1.0,1.0,False,False,False,False,True,False,88.1550888450658,46.0,71.0,18.193077591535243,7.778978962037692,14.095745809785983,46.65999984741211,1.7333416145382428,-0.421
930,LEV,>8,4.0,R,MEDIUM,gyrA,94.0,gyrA_D94N,R,0.8592592592592593,A,D94N,3.0,0.0,-1.9800000000000002,-1.0,2.64,H,AlphaHelix,-58.04000000000002,-41.610000000000014,97.4,1.0,1.0,False,False,False,False,True,False,88.1550888450658,56.0,75.0,18.193077591535243,7.778978962037692,14.095745809785983,46.65999984741211,1.7333416145382428,-0.347
931,LEV,4.0,2.0,R,HIGH,gyrA,94.0,gyrA_D94G,R,0.8646496815286624,A,D94G,-50.99999999999999,3.1,-1.2700000000000002,-58.0,3.1999999999999997,H,AlphaHelix,-58.04000000000002,-41.610000000000014,97.4,1.0,1.0,False,False,False,False,True,False,88.1550888450658,63.0,80.0,18.193077591535243,7.778978962037692,14.095745809785983,46.65999984741211,1.7333416145382428,-0.873
932,LEV,4.0,2.0,R,HIGH,gyrA,94.0,gyrA_D94G,R,0.8646496815286624,A,D94G,-50.99999999999999,3.1,-1.2700000000000002,-58.0,3.1999999999999997,H,AlphaHelix,-58.04000000000002,-41.610000000000014,97.4,1.0,1.0,False,False,False,False,True,False,88.1550888450658,63.0,80.0,18.193077591535243,7.778978962037692,14.095745809785983,46.65999984741211,1.7333416145382428,-0.873
933,LEV,1.0,0.0,S,HIGH,gyrA,94.0,gyrA_D94G,R,0.8646496815286624,A,D94G,-50.99999999999999,3.1,-1.2700000000000002,-58.0,3.1999999999999997,H,AlphaHelix,-58.04000000000002,-41.610000000000014,97.4,1.0,1.0,False,False,False,False,True,False,88.1550888450658,63.0,80.0,18.193077591535243,7.778978962037692,14.095745809785983,46.65999984741211,1.7333416145382428,-0.873
934,LEV,0.5,-1.0,S,HIGH,gyrA,94.0,gyrA_D94G,R,0.8646496815286624,A,D94G,-50.99999999999999,3.1,-1.2700000000000002,-58.0,3.1999999999999997,H,AlphaHelix,-58.04000000000002,-41.610000000000014,97.4,1.0,1.0,False,False,False,False,True,False,88.1550888450658,63.0,80.0,18.193077591535243,7.778978962037692,14.095745809785983,46.65999984741211,1.7333416145382428,-0.873
935,LEV,>8,4.0,R,HIGH,gyrA,94.0,gyrA_D94N,R,0.8592592592592593,A,D94N,3.0,0.0,-1.9800000000000002,-1.0,2.64,H,AlphaHelix,-58.04000000000002,-41.610000000000014,97.4,1.0,1.0,False,False,False,False,True,False,88.1550888450658,56.0,75.0,18.193077591535243,7.778978962037692,14.095745809785983,46.65999984741211,1.7333416145382428,-0.347
936,LEV,4.0,2.0,R,HIGH,gyrA,94.0,gyrA_D94G,R,0.8646496815286624,A,D94G,-50.99999999999999,3.1,-1.2700000000000002,-58.0,3.1999999999999997,H,AlphaHelix,-58.04000000000002,-41.610000000000014,97.4,1.0,1.0,False,False,False,False,True,False,88.1550888450658,63.0,80.0,18.193077591535243,7.778978962037692,14.095745809785983,46.65999984741211,1.7333416145382428,-0.873
937,LEV,>8,4.0,R,HIGH,gyrA,94.0,gyrA_D94G,R,0.8646496815286624,A,D94G,-50.99999999999999,3.1,-1.2700000000000002,-58.0,3.1999999999999997,H,AlphaHelix,-58.04000000000002,-41.610000000000014,97.4,1.0,1.0,False,False,False,False,True,False,88.1550888450658,63.0,80.0,18.193077591535243,7.778978962037692,14.095745809785983,46.65999984741211,1.7333416145382428,-0.873
938,LEV,4.0,2.0,R,MEDIUM,gyrA,91.0,gyrA_S91P,R,0.8524590163934426,A,S91P,23.700000000000003,-0.8,-0.64,10.0,0.6200000000000001,H,AlphaHelix,-67.14999999999998,-27.149999999999977,64.8,1.0,0.0,False,False,False,False,True,False,65.22815545163408,63.0,80.0,13.370520192722235,5.421428426386811,10.72875108867804,47.63999938964844,1.5284537092505912,-0.125
939,LEV,>8,4.0,R,MEDIUM,gyrA,94.0,gyrA_D94G,R,0.8646496815286624,A,D94G,-50.99999999999999,3.1,-1.2700000000000002,-58.0,3.1999999999999997,H,AlphaHelix,-58.04000000000002,-41.610000000000014,97.4,1.0,1.0,False,False,False,False,True,False,88.1550888450658,63.0,80.0,18.193077591535243,7.778978962037692,14.095745809785983,46.65999984741211,1.7333416145382428,-0.873
940,LEV,8.0,3.0,R,HIGH,gyrA,94.0,gyrA_D94N,R,0.8592592592592593,A,D94N,3.0,0.0,-1.9800000000000002,-1.0,2.64,H,AlphaHelix,-58.04000000000002,-41.610000000000014,97.4,1.0,1.0,False,False,False,False,True,False,88.1550888450658,56.0,75.0,18.193077591535243,7.778978962037692,14.095745809785983,46.65999984741211,1.7333416145382428,-0.347
941,LEV,8.0,3.0,R,HIGH,gyrA,90.0,gyrA_A90V,R,0.8690476190476191,A,A90V,51.400000000000006,2.4000000000000004,-0.8600000000000001,28.0,-0.040000000000000036,H,AlphaHelix,-61.829999999999984,-59.75999999999999,47.0,2.0,0.0,False,False,False,False,True,False,55.555815915240146,-64.0,82.0,14.254302173206394,5.504265622675344,10.310827336129869,40.439998626708984,1.6650776123582791,0.089
942,LEV,0.5,-1.0,S,MEDIUM,gyrA,154.0,gyrA_P154R,S,1.0,A,P154R,60.7,-2.9,1.31,59.099999999999994,4.46,E,Strand,-63.26999999999998,149.75,74.5,0.0,0.0,False,False,True,False,False,False,79.18597057272785,41.0,71.0,19.225911095740965,27.73254660180666,30.131122559096102,57.20000076293945,1.6282709707753908,-0.523
943,LEV,8.0,3.0,R,HIGH,gyrA,94.0,gyrA_D94G,R,0.8646496815286624,A,D94G,-50.99999999999999,3.1,-1.2700000000000002,-58.0,3.1999999999999997,H,AlphaHelix,-58.04000000000002,-41.610000000000014,97.4,1.0,1.0,False,False,False,False,True,False,88.1550888450658,63.0,80.0,18.193077591535243,7.778978962037692,14.095745809785983,46.65999984741211,1.7333416145382428,-0.873
944,LEV,8.0,3.0,R,HIGH,gyrA,94.0,gyrA_D94G,R,0.8646496815286624,A,D94G,-50.99999999999999,3.1,-1.2700000000000002,-58.0,3.1999999999999997,H,AlphaHelix,-58.04000000000002,-41.610000000000014,97.4,1.0,1.0,False,False,False,False,True,False,88.1550888450658,63.0,80.0,18.193077591535243,7.778978962037692,14.095745809785983,46.65999984741211,1.7333416145382428,-0.873
945,LEV,4.0,2.0,R,HIGH,gyrA,90.0,gyrA_A90V,R,0.8690476190476191,A,A90V,51.400000000000006,2.4000000000000004,-0.8600000000000001,28.0,-0.040000000000000036,H,AlphaHelix,-61.829999999999984,-59.75999999999999,47.0,2.0,0.0,False,False,False,False,True,False,55.555815915240146,-64.0,82.0,14.254302173206394,5.504265622675344,10.310827336129869,40.439998626708984,1.6650776123582791,0.089
946,LEV,0.5,-1.0,S,HIGH,gyrA,193.0,gyrA_N193S,S,1.0,A,N193S,-25.099999999999994,2.7,-0.09999999999999998,-27.0,0.2699999999999996,C,Coil,-78.75,123.63,5.4,2.0,0.0,False,True,False,False,False,False,3.9785882839510753,-22.0,61.0,38.286532913756595,31.644021592511656,37.267766220385276,50.119998931884766,3.1142630176941593,-1.229
947,LEV,8.0,3.0,R,HIGH,gyrA,94.0,gyrA_D94Y,R,0.9285714285714286,A,D94Y,82.5,2.2,-2.18,48.099999999999994,2.89,H,AlphaHelix,-58.04000000000002,-41.610000000000014,97.4,1.0,1.0,False,False,False,False,True,False,88.1550888450658,81.0,91.0,18.193077591535243,7.778978962037692,14.095745809785983,46.65999984741211,1.7333416145382428,-0.376
948,LEV,8.0,3.0,R,HIGH,gyrA,94.0,gyrA_D94G,R,0.8646496815286624,A,D94G,-50.99999999999999,3.1,-1.2700000000000002,-58.0,3.1999999999999997,H,AlphaHelix,-58.04000000000002,-41.610000000000014,97.4,1.0,1.0,False,False,False,False,True,False,88.1550888450658,63.0,80.0,18.193077591535243,7.778978962037692,14.095745809785983,46.65999984741211,1.7333416145382428,-0.873
949,LEV,4.0,2.0,R,HIGH,gyrA,94.0,gyrA_D94G,R,0.8646496815286624,A,D94G,-50.99999999999999,3.1,-1.2700000000000002,-58.0,3.1999999999999997,H,AlphaHelix,-58.04000000000002,-41.610000000000014,97.4,1.0,1.0,False,False,False,False,True,False,88.1550888450658,63.0,80.0,18.193077591535243,7.778978962037692,14.095745809785983,46.65999984741211,1.7333416145382428,-0.873
950,LEV,2.0,1.0,R,HIGH,gyrA,94.0,gyrA_D94A,R,0.7951807228915663,A,D94A,-22.5,5.3,-2.08,-44.0,3.23,H,AlphaHelix,-58.04000000000002,-41.610000000000014,97.4,1.0,1.0,False,False,False,False,True,False,88.1550888450658,46.0,71.0,18.193077591535243,7.778978962037692,14.095745809785983,46.65999984741211,1.7333416145382428,-0.421
951,LEV,8.0,3.0,R,HIGH,gyrA,94.0,gyrA_D94G,R,0.8646496815286624,A,D94G,-50.99999999999999,3.1,-1.2700000000000002,-58.0,3.1999999999999997,H,AlphaHelix,-58.04000000000002,-41.610000000000014,97.4,1.0,1.0,False,False,False,False,True,False,88.1550888450658,63.0,80.0,18.193077591535243,7.778978962037692,14.095745809785983,46.65999984741211,1.7333416145382428,-0.873
952,LEV,4.0,2.0,R,MEDIUM,gyrA,94.0,gyrA_D94G,R,0.8646496815286624,A,D94G,-50.99999999999999,3.1,-1.2700000000000002,-58.0,3.1999999999999997,H,AlphaHelix,-58.04000000000002,-41.610000000000014,97.4,1.0,1.0,False,False,False,False,True,False,88.1550888450658,63.0,80.0,18.193077591535243,7.778978962037692,14.095745809785983,46.65999984741211,1.7333416145382428,-0.873
953,LEV,8.0,3.0,R,HIGH,gyrA,94.0,gyrA_D94N,R,0.8592592592592593,A,D94N,3.0,0.0,-1.9800000000000002,-1.0,2.64,H,AlphaHelix,-58.04000000000002,-41.610000000000014,97.4,1.0,1.0,False,False,False,False,True,False,88.1550888450658,56.0,75.0,18.193077591535243,7.778978962037692,14.095745809785983,46.65999984741211,1.7333416145382428,-0.347
954,LEV,2.0,1.0,R,MEDIUM,gyrA,94.0,gyrA_D94N,R,0.8592592592592593,A,D94N,3.0,0.0,-1.9800000000000002,-1.0,2.64,H,AlphaHelix,-58.04000000000002,-41.610000000000014,97.4,1.0,1.0,False,False,False,False,True,False,88.1550888450658,56.0,75.0,18.193077591535243,7.778978962037692,14.095745809785983,46.65999984741211,1.7333416145382428,-0.347
955,LEV,>8,4.0,R,HIGH,gyrA,94.0,gyrA_D94G,R,0.8646496815286624,A,D94G,-50.99999999999999,3.1,-1.2700000000000002,-58.0,3.1999999999999997,H,AlphaHelix,-58.04000000000002,-41.610000000000014,97.4,1.0,1.0,False,False,False,False,True,False,88.1550888450658,63.0,80.0,18.193077591535243,7.778978962037692,14.095745809785983,46.65999984741211,1.7333416145382428,-0.873
956,LEV,2.0,1.0,R,HIGH,gyrA,90.0,gyrA_A90V,R,0.8690476190476191,A,A90V,51.400000000000006,2.4000000000000004,-0.8600000000000001,28.0,-0.040000000000000036,H,AlphaHelix,-61.829999999999984,-59.75999999999999,47.0,2.0,0.0,False,False,False,False,True,False,55.555815915240146,-64.0,82.0,14.254302173206394,5.504265622675344,10.310827336129869,40.439998626708984,1.6650776123582791,0.089
957,LEV,8.0,3.0,R,HIGH,gyrA,94.0,gyrA_D94G,R,0.8646496815286624,A,D94G,-50.99999999999999,3.1,-1.2700000000000002,-58.0,3.1999999999999997,H,AlphaHelix,-58.04000000000002,-41.610000000000014,97.4,1.0,1.0,False,False,False,False,True,False,88.1550888450658,63.0,80.0,18.193077591535243,7.778978962037692,14.095745809785983,46.65999984741211,1.7333416145382428,-0.873
958,LEV,1.0,0.0,S,HIGH,gyrB,512.0,gyrB_G512R,S,0.7142857142857143,B,G512R,113.30000000000001,-4.1,-0.1399999999999999,99.1,4.79,C,Coil,-78.40999999999997,-153.43,22.3,0.0,0.0,False,True,False,False,False,False,21.149837177377734,56.0,75.0,30.22847232612234,32.992962074498614,27.088620046626986,69.91000366210938,1.8566162191748528,-1.498
959,LEV,8.0,3.0,R,HIGH,gyrA,94.0,gyrA_D94G,R,0.8646496815286624,A,D94G,-50.99999999999999,3.1,-1.2700000000000002,-58.0,3.1999999999999997,H,AlphaHelix,-58.04000000000002,-41.610000000000014,97.4,1.0,1.0,False,False,False,False,True,False,88.1550888450658,63.0,80.0,18.193077591535243,7.778978962037692,14.095745809785983,46.65999984741211,1.7333416145382428,-0.873
960,LEV,4.0,2.0,R,MEDIUM,gyrA,94.0,gyrA_D94G,R,0.8646496815286624,A,D94G,-50.99999999999999,3.1,-1.2700000000000002,-58.0,3.1999999999999997,H,AlphaHelix,-58.04000000000002,-41.610000000000014,97.4,1.0,1.0,False,False,False,False,True,False,88.1550888450658,63.0,80.0,18.193077591535243,7.778978962037692,14.095745809785983,46.65999984741211,1.7333416145382428,-0.873
961,LEV,8.0,3.0,R,HIGH,gyrA,94.0,gyrA_D94G,R,0.8646496815286624,A,D94G,-50.99999999999999,3.1,-1.2700000000000002,-58.0,3.1999999999999997,H,AlphaHelix,-58.04000000000002,-41.610000000000014,97.4,1.0,1.0,False,False,False,False,True,False,88.1550888450658,63.0,80.0,18.193077591535243,7.778978962037692,14.095745809785983,46.65999984741211,1.7333416145382428,-0.873
962,LEV,0.5,-1.0,S,HIGH,gyrB,512.0,gyrB_G512R,S,0.7142857142857143,B,G512R,113.30000000000001,-4.1,-0.1399999999999999,99.1,4.79,C,Coil,-78.40999999999997,-153.43,22.3,0.0,0.0,False,True,False,False,False,False,21.149837177377734,56.0,75.0,30.22847232612234,32.992962074498614,27.088620046626986,69.91000366210938,1.8566162191748528,-1.498
963,LEV,8.0,3.0,R,MEDIUM,gyrA,94.0,gyrA_D94G,R,0.8646496815286624,A,D94G,-50.99999999999999,3.1,-1.2700000000000002,-58.0,3.1999999999999997,H,AlphaHelix,-58.04000000000002,-41.610000000000014,97.4,1.0,1.0,False,False,False,False,True,False,88.1550888450658,63.0,80.0,18.193077591535243,7.778978962037692,14.095745809785983,46.65999984741211,1.7333416145382428,-0.873
964,LEV,>8,4.0,R,HIGH,gyrA,94.0,gyrA_D94N,R,0.8592592592592593,A,D94N,3.0,0.0,-1.9800000000000002,-1.0,2.64,H,AlphaHelix,-58.04000000000002,-41.610000000000014,97.4,1.0,1.0,False,False,False,False,True,False,88.1550888450658,56.0,75.0,18.193077591535243,7.778978962037692,14.095745809785983,46.65999984741211,1.7333416145382428,-0.347
965,LEV,0.5,-1.0,S,HIGH,gyrB,549.0,gyrB_F549L,S,1.0,B,F549L,-23.200000000000017,1.0,-0.10999999999999999,-34.0,0.5,H,AlphaHelix,-64.74000000000001,-30.829999999999984,1.1,0.0,1.0,False,False,False,False,True,False,1.0654762184487068,61.0,80.0,23.78939337596105,30.024227301486174,25.41722286173714,67.12999725341797,3.8869302901834146,-1.534
966,LEV,8.0,3.0,R,HIGH,gyrA,94.0,gyrA_D94G,R,0.8646496815286624,A,D94G,-50.99999999999999,3.1,-1.2700000000000002,-58.0,3.1999999999999997,H,AlphaHelix,-58.04000000000002,-41.610000000000014,97.4,1.0,1.0,False,False,False,False,True,False,88.1550888450658,63.0,80.0,18.193077591535243,7.778978962037692,14.095745809785983,46.65999984741211,1.7333416145382428,-0.873
967,LEV,8.0,3.0,R,HIGH,gyrA,94.0,gyrA_D94A,R,0.7951807228915663,A,D94A,-22.5,5.3,-2.08,-44.0,3.23,H,AlphaHelix,-58.04000000000002,-41.610000000000014,97.4,1.0,1.0,False,False,False,False,True,False,88.1550888450658,46.0,71.0,18.193077591535243,7.778978962037692,14.095745809785983,46.65999984741211,1.7333416145382428,-0.421
968,LEV,4.0,2.0,R,HIGH,gyrA,94.0,gyrA_D94G,R,0.8646496815286624,A,D94G,-50.99999999999999,3.1,-1.2700000000000002,-58.0,3.1999999999999997,H,AlphaHelix,-58.04000000000002,-41.610000000000014,97.4,1.0,1.0,False,False,False,False,True,False,88.1550888450658,63.0,80.0,18.193077591535243,7.778978962037692,14.095745809785983,46.65999984741211,1.7333416145382428,-0.873
969,LEV,8.0,3.0,R,HIGH,gyrA,94.0,gyrA_D94G,R,0.8646496815286624,A,D94G,-50.99999999999999,3.1,-1.2700000000000002,-58.0,3.1999999999999997,H,AlphaHelix,-58.04000000000002,-41.610000000000014,97.4,1.0,1.0,False,False,False,False,True,False,88.1550888450658,63.0,80.0,18.193077591535243,7.778978962037692,14.095745809785983,46.65999984741211,1.7333416145382428,-0.873
970,LEV,8.0,3.0,R,HIGH,gyrA,94.0,gyrA_D94G,R,0.8646496815286624,A,D94G,-50.99999999999999,3.1,-1.2700000000000002,-58.0,3.1999999999999997,H,AlphaHelix,-58.04000000000002,-41.610000000000014,97.4,1.0,1.0,False,False,False,False,True,False,88.1550888450658,63.0,80.0,18.193077591535243,7.778978962037692,14.095745809785983,46.65999984741211,1.7333416145382428,-0.873
971,LEV,4.0,2.0,R,HIGH,gyrA,90.0,gyrA_A90V,R,0.8690476190476191,A,A90V,51.400000000000006,2.4000000000000004,-0.8600000000000001,28.0,-0.040000000000000036,H,AlphaHelix,-61.829999999999984,-59.75999999999999,47.0,2.0,0.0,False,False,False,False,True,False,55.555815915240146,-64.0,82.0,14.254302173206394,5.504265622675344,10.310827336129869,40.439998626708984,1.6650776123582791,0.089
972,LEV,8.0,3.0,R,MEDIUM,gyrA,94.0,gyrA_D94G,R,0.8646496815286624,A,D94G,-50.99999999999999,3.1,-1.2700000000000002,-58.0,3.1999999999999997,H,AlphaHelix,-58.04000000000002,-41.610000000000014,97.4,1.0,1.0,False,False,False,False,True,False,88.1550888450658,63.0,80.0,18.193077591535243,7.778978962037692,14.095745809785983,46.65999984741211,1.7333416145382428,-0.873
973,LEV,2.0,1.0,R,HIGH,gyrA,90.0,gyrA_A90V,R,0.8690476190476191,A,A90V,51.400000000000006,2.4000000000000004,-0.8600000000000001,28.0,-0.040000000000000036,H,AlphaHelix,-61.829999999999984,-59.75999999999999,47.0,2.0,0.0,False,False,False,False,True,False,55.555815915240146,-64.0,82.0,14.254302173206394,5.504265622675344,10.310827336129869,40.439998626708984,1.6650776123582791,0.089
974,LEV,4.0,2.0,R,HIGH,gyrA,90.0,gyrA_A90V,R,0.8690476190476191,A,A90V,51.400000000000006,2.4000000000000004,-0.8600000000000001,28.0,-0.040000000000000036,H,AlphaHelix,-61.829999999999984,-59.75999999999999,47.0,2.0,0.0,False,False,False,False,True,False,55.555815915240146,-64.0,82.0,14.254302173206394,5.504265622675344,10.310827336129869,40.439998626708984,1.6650776123582791,0.089
975,LEV,4.0,2.0,R,HIGH,gyrA,94.0,gyrA_D94A,R,0.7951807228915663,A,D94A,-22.5,5.3,-2.08,-44.0,3.23,H,AlphaHelix,-58.04000000000002,-41.610000000000014,97.4,1.0,1.0,False,False,False,False,True,False,88.1550888450658,46.0,71.0,18.193077591535243,7.778978962037692,14.095745809785983,46.65999984741211,1.7333416145382428,-0.421
976,LEV,>8,4.0,R,HIGH,gyrA,94.0,gyrA_D94G,R,0.8646496815286624,A,D94G,-50.99999999999999,3.1,-1.2700000000000002,-58.0,3.1999999999999997,H,AlphaHelix,-58.04000000000002,-41.610000000000014,97.4,1.0,1.0,False,False,False,False,True,False,88.1550888450658,63.0,80.0,18.193077591535243,7.778978962037692,14.095745809785983,46.65999984741211,1.7333416145382428,-0.873
977,LEV,8.0,3.0,R,HIGH,gyrA,94.0,gyrA_D94G,R,0.8646496815286624,A,D94G,-50.99999999999999,3.1,-1.2700000000000002,-58.0,3.1999999999999997,H,AlphaHelix,-58.04000000000002,-41.610000000000014,97.4,1.0,1.0,False,False,False,False,True,False,88.1550888450658,63.0,80.0,18.193077591535243,7.778978962037692,14.095745809785983,46.65999984741211,1.7333416145382428,-0.873
978,LEV,8.0,3.0,R,MEDIUM,gyrA,94.0,gyrA_D94G,R,0.8646496815286624,A,D94G,-50.99999999999999,3.1,-1.2700000000000002,-58.0,3.1999999999999997,H,AlphaHelix,-58.04000000000002,-41.610000000000014,97.4,1.0,1.0,False,False,False,False,True,False,88.1550888450658,63.0,80.0,18.193077591535243,7.778978962037692,14.095745809785983,46.65999984741211,1.7333416145382428,-0.873
979,LEV,0.5,-1.0,S,MEDIUM,gyrA,94.0,gyrA_D94A,R,0.7951807228915663,A,D94A,-22.5,5.3,-2.08,-44.0,3.23,H,AlphaHelix,-58.04000000000002,-41.610000000000014,97.4,1.0,1.0,False,False,False,False,True,False,88.1550888450658,46.0,71.0,18.193077591535243,7.778978962037692,14.095745809785983,46.65999984741211,1.7333416145382428,-0.421
980,LEV,4.0,2.0,R,HIGH,gyrA,90.0,gyrA_A90V,R,0.8690476190476191,A,A90V,51.400000000000006,2.4000000000000004,-0.8600000000000001,28.0,-0.040000000000000036,H,AlphaHelix,-61.829999999999984,-59.75999999999999,47.0,2.0,0.0,False,False,False,False,True,False,55.555815915240146,-64.0,82.0,14.254302173206394,5.504265622675344,10.310827336129869,40.439998626708984,1.6650776123582791,0.089
981,LEV,4.0,2.0,R,MEDIUM,gyrA,90.0,gyrA_A90V,R,0.8690476190476191,A,A90V,51.400000000000006,2.4000000000000004,-0.8600000000000001,28.0,-0.040000000000000036,H,AlphaHelix,-61.829999999999984,-59.75999999999999,47.0,2.0,0.0,False,False,False,False,True,False,55.555815915240146,-64.0,82.0,14.254302173206394,5.504265622675344,10.310827336129869,40.439998626708984,1.6650776123582791,0.089
982,LEV,8.0,3.0,R,HIGH,gyrA,94.0,gyrA_D94G,R,0.8646496815286624,A,D94G,-50.99999999999999,3.1,-1.2700000000000002,-58.0,3.1999999999999997,H,AlphaHelix,-58.04000000000002,-41.610000000000014,97.4,1.0,1.0,False,False,False,False,True,False,88.1550888450658,63.0,80.0,18.193077591535243,7.778978962037692,14.095745809785983,46.65999984741211,1.7333416145382428,-0.873
983,LEV,2.0,1.0,R,HIGH,gyrA,90.0,gyrA_A90V,R,0.8690476190476191,A,A90V,51.400000000000006,2.4000000000000004,-0.8600000000000001,28.0,-0.040000000000000036,H,AlphaHelix,-61.829999999999984,-59.75999999999999,47.0,2.0,0.0,False,False,False,False,True,False,55.555815915240146,-64.0,82.0,14.254302173206394,5.504265622675344,10.310827336129869,40.439998626708984,1.6650776123582791,0.089
984,LEV,0.5,-1.0,S,HIGH,gyrA,235.0,gyrA_V235A,S,1.0,A,V235A,-51.400000000000006,-2.4000000000000004,0.8600000000000001,-28.0,0.040000000000000036,E,Strand,-100.01999999999998,119.78,17.2,0.0,1.0,False,False,True,False,False,False,17.542937645313977,-13.0,57.0,44.591977763693315,36.0542420087975,40.215514380947624,49.0,2.3580077907095567,-1.417
985,LEV,4.0,2.0,R,HIGH,gyrA,90.0,gyrA_A90V,R,0.8690476190476191,A,A90V,51.400000000000006,2.4000000000000004,-0.8600000000000001,28.0,-0.040000000000000036,H,AlphaHelix,-61.829999999999984,-59.75999999999999,47.0,2.0,0.0,False,False,False,False,True,False,55.555815915240146,-64.0,82.0,14.254302173206394,5.504265622675344,10.310827336129869,40.439998626708984,1.6650776123582791,0.089
986,LEV,2.0,1.0,R,MEDIUM,gyrA,90.0,gyrA_A90V,R,0.8690476190476191,A,A90V,51.400000000000006,2.4000000000000004,-0.8600000000000001,28.0,-0.040000000000000036,H,AlphaHelix,-61.829999999999984,-59.75999999999999,47.0,2.0,0.0,False,False,False,False,True,False,55.555815915240146,-64.0,82.0,14.254302173206394,5.504265622675344,10.310827336129869,40.439998626708984,1.6650776123582791,0.089
987,LEV,8.0,3.0,R,HIGH,gyrA,94.0,gyrA_D94N,R,0.8592592592592593,A,D94N,3.0,0.0,-1.9800000000000002,-1.0,2.64,H,AlphaHelix,-58.04000000000002,-41.610000000000014,97.4,1.0,1.0,False,False,False,False,True,False,88.1550888450658,56.0,75.0,18.193077591535243,7.778978962037692,14.095745809785983,46.65999984741211,1.7333416145382428,-0.347
988,LEV,8.0,3.0,R,HIGH,gyrA,94.0,gyrA_D94G,R,0.8646496815286624,A,D94G,-50.99999999999999,3.1,-1.2700000000000002,-58.0,3.1999999999999997,H,AlphaHelix,-58.04000000000002,-41.610000000000014,97.4,1.0,1.0,False,False,False,False,True,False,88.1550888450658,63.0,80.0,18.193077591535243,7.778978962037692,14.095745809785983,46.65999984741211,1.7333416145382428,-0.873
989,LEV,>8,4.0,R,MEDIUM,gyrA,94.0,gyrA_D94N,R,0.8592592592592593,A,D94N,3.0,0.0,-1.9800000000000002,-1.0,2.64,H,AlphaHelix,-58.04000000000002,-41.610000000000014,97.4,1.0,1.0,False,False,False,False,True,False,88.1550888450658,56.0,75.0,18.193077591535243,7.778978962037692,14.095745809785983,46.65999984741211,1.7333416145382428,-0.347
990,LEV,0.25,-2.0,S,HIGH,gyrA,94.0,gyrA_D94G,R,0.8646496815286624,A,D94G,-50.99999999999999,3.1,-1.2700000000000002,-58.0,3.1999999999999997,H,AlphaHelix,-58.04000000000002,-41.610000000000014,97.4,1.0,1.0,False,False,False,False,True,False,88.1550888450658,63.0,80.0,18.193077591535243,7.778978962037692,14.095745809785983,46.65999984741211,1.7333416145382428,-0.873
991,LEV,8.0,3.0,R,HIGH,gyrA,94.0,gyrA_D94G,R,0.8646496815286624,A,D94G,-50.99999999999999,3.1,-1.2700000000000002,-58.0,3.1999999999999997,H,AlphaHelix,-58.04000000000002,-41.610000000000014,97.4,1.0,1.0,False,False,False,False,True,False,88.1550888450658,63.0,80.0,18.193077591535243,7.778978962037692,14.095745809785983,46.65999984741211,1.7333416145382428,-0.873
992,LEV,8.0,3.0,R,HIGH,gyrA,94.0,gyrA_D94H,R,0.9714285714285714,A,D94H,42.099999999999994,0.2999999999999998,-1.04,22.099999999999994,4.82,H,AlphaHelix,-58.04000000000002,-41.610000000000014,97.4,1.0,1.0,False,False,False,False,True,False,88.1550888450658,79.0,85.0,18.193077591535243,7.778978962037692,14.095745809785983,46.65999984741211,1.7333416145382428,-0.36
993,LEV,2.0,1.0,R,HIGH,gyrA,90.0,gyrA_A90V,R,0.8690476190476191,A,A90V,51.400000000000006,2.4000000000000004,-0.8600000000000001,28.0,-0.040000000000000036,H,AlphaHelix,-61.829999999999984,-59.75999999999999,47.0,2.0,0.0,False,False,False,False,True,False,55.555815915240146,-64.0,82.0,14.254302173206394,5.504265622675344,10.310827336129869,40.439998626708984,1.6650776123582791,0.089
994,LEV,2.0,1.0,R,HIGH,gyrA,90.0,gyrA_A90V,R,0.8690476190476191,A,A90V,51.400000000000006,2.4000000000000004,-0.8600000000000001,28.0,-0.040000000000000036,H,AlphaHelix,-61.829999999999984,-59.75999999999999,47.0,2.0,0.0,False,False,False,False,True,False,55.555815915240146,-64.0,82.0,14.254302173206394,5.504265622675344,10.310827336129869,40.439998626708984,1.6650776123582791,0.089
995,LEV,8.0,3.0,R,HIGH,gyrA,94.0,gyrA_D94G,R,0.8646496815286624,A,D94G,-50.99999999999999,3.1,-1.2700000000000002,-58.0,3.1999999999999997,H,AlphaHelix,-58.04000000000002,-41.610000000000014,97.4,1.0,1.0,False,False,False,False,True,False,88.1550888450658,63.0,80.0,18.193077591535243,7.778978962037692,14.095745809785983,46.65999984741211,1.7333416145382428,-0.873
996,LEV,4.0,2.0,R,MEDIUM,gyrA,90.0,gyrA_A90V,R,0.8690476190476191,A,A90V,51.400000000000006,2.4000000000000004,-0.8600000000000001,28.0,-0.040000000000000036,H,AlphaHelix,-61.829999999999984,-59.75999999999999,47.0,2.0,0.0,False,False,False,False,True,False,55.555815915240146,-64.0,82.0,14.254302173206394,5.504265622675344,10.310827336129869,40.439998626708984,1.6650776123582791,0.089
997,LEV,2.0,1.0,R,MEDIUM,gyrA,91.0,gyrA_S91P,R,0.8524590163934426,A,S91P,23.700000000000003,-0.8,-0.64,10.0,0.6200000000000001,H,AlphaHelix,-67.14999999999998,-27.149999999999977,64.8,1.0,0.0,False,False,False,False,True,False,65.22815545163408,63.0,80.0,13.370520192722235,5.421428426386811,10.72875108867804,47.63999938964844,1.5284537092505912,-0.125
998,LEV,0.25,-2.0,S,HIGH,gyrA,91.0,gyrA_S91P,R,0.8524590163934426,A,S91P,23.700000000000003,-0.8,-0.64,10.0,0.6200000000000001,H,AlphaHelix,-67.14999999999998,-27.149999999999977,64.8,1.0,0.0,False,False,False,False,True,False,65.22815545163408,63.0,80.0,13.370520192722235,5.421428426386811,10.72875108867804,47.63999938964844,1.5284537092505912,-0.125
999,LEV,4.0,2.0,R,HIGH,gyrA,94.0,gyrA_D94G,R,0.8646496815286624,A,D94G,-50.99999999999999,3.1,-1.2700000000000002,-58.0,3.1999999999999997,H,AlphaHelix,-58.04000000000002,-41.610000000000014,97.4,1.0,1.0,False,False,False,False,True,False,88.1550888450658,63.0,80.0,18.193077591535243,7.778978962037692,14.095745809785983,46.65999984741211,1.7333416145382428,-0.873
1000,LEV,4.0,2.0,R,HIGH,gyrA,90.0,gyrA_A90V,R,0.8690476190476191,A,A90V,51.400000000000006,2.4000000000000004,-0.8600000000000001,28.0,-0.040000000000000036,H,AlphaHelix,-61.829999999999984,-59.75999999999999,47.0,2.0,0.0,False,False,False,False,True,False,55.555815915240146,-64.0,82.0,14.254302173206394,5.504265622675344,10.310827336129869,40.439998626708984,1.6650776123582791,0.089
1001,LEV,4.0,2.0,R,HIGH,gyrA,94.0,gyrA_D94G,R,0.8646496815286624,A,D94G,-50.99999999999999,3.1,-1.2700000000000002,-58.0,3.1999999999999997,H,AlphaHelix,-58.04000000000002,-41.610000000000014,97.4,1.0,1.0,False,False,False,False,True,False,88.1550888450658,63.0,80.0,18.193077591535243,7.778978962037692,14.095745809785983,46.65999984741211,1.7333416145382428,-0.873
1002,LEV,>8,4.0,R,MEDIUM,gyrA,88.0,gyrA_G88C,R,0.95,A,G88C,48.4,2.9,-0.9199999999999999,46.10000000000001,-0.8999999999999995,C,Coil,-77.02999999999997,152.43,8.6,0.0,0.0,False,True,False,False,False,False,9.936179450376525,50.0,75.0,9.383464096517303,8.798143905732672,11.185201845760195,57.560001373291016,1.9098223702260209,-0.725
1003,LEV,0.5,-1.0,S,HIGH,gyrA,477.0,gyrA_G477E,S,1.0,A,G477E,78.30000000000001,-3.1,0.4700000000000002,72.0,-2.7499999999999996,H,AlphaHelix,-63.920000000000016,-40.56999999999999,8.0,1.0,1.0,False,False,False,False,True,False,10.746012693489345,-89.0,93.0,46.33291464689615,45.73488224776428,51.02251471517349,59.06999969482422,1.68526150535633,0.735
1004,LEV,<=0.12,-3.06,S,HIGH,gyrB,526.0,gyrB_K526Q,S,1.0,B,K526Q,-24.799999999999983,0.3999999999999999,-1.62,0.0,-4.09,E,Strand,-131.07,113.53,54.1,1.0,0.0,False,False,True,False,False,False,50.172912107654724,47.0,71.0,23.62352624416352,33.06479300547908,27.503444561721906,67.94999694824219,2.157108657991182,-0.445
1005,LEV,0.25,-2.0,S,HIGH,gyrB,500.0,gyrB_T500I,S,1.0,B,T500I,50.599999999999994,5.2,-0.92,12.099999999999994,0.41999999999999993,H,AlphaHelix,-57.870000000000005,-37.74000000000001,88.7,1.0,0.0,False,False,False,False,True,False,91.70815715162803,16.0,59.0,20.95040489857099,18.31817147512385,12.440778763559315,63.970001220703125,1.5446886429143032,0.167
1006,LEV,2.0,1.0,R,MEDIUM,gyrA,90.0,gyrA_A90V,R,0.8690476190476191,A,A90V,51.400000000000006,2.4000000000000004,-0.8600000000000001,28.0,-0.040000000000000036,H,AlphaHelix,-61.829999999999984,-59.75999999999999,47.0,2.0,0.0,False,False,False,False,True,False,55.555815915240146,-64.0,82.0,14.254302173206394,5.504265622675344,10.310827336129869,40.439998626708984,1.6650776123582791,0.089
1007,LEV,1.0,0.0,S,MEDIUM,gyrA,94.0,gyrA_D94N,R,0.8592592592592593,A,D94N,3.0,0.0,-1.9800000000000002,-1.0,2.64,H,AlphaHelix,-58.04000000000002,-41.610000000000014,97.4,1.0,1.0,False,False,False,False,True,False,88.1550888450658,56.0,75.0,18.193077591535243,7.778978962037692,14.095745809785983,46.65999984741211,1.7333416145382428,-0.347
1008,LEV,8.0,3.0,R,HIGH,gyrA,94.0,gyrA_D94G,R,0.8646496815286624,A,D94G,-50.99999999999999,3.1,-1.2700000000000002,-58.0,3.1999999999999997,H,AlphaHelix,-58.04000000000002,-41.610000000000014,97.4,1.0,1.0,False,False,False,False,True,False,88.1550888450658,63.0,80.0,18.193077591535243,7.778978962037692,14.095745809785983,46.65999984741211,1.7333416145382428,-0.873
1009,LEV,8.0,3.0,R,HIGH,gyrA,94.0,gyrA_D94G,R,0.8646496815286624,A,D94G,-50.99999999999999,3.1,-1.2700000000000002,-58.0,3.1999999999999997,H,AlphaHelix,-58.04000000000002,-41.610000000000014,97.4,1.0,1.0,False,False,False,False,True,False,88.1550888450658,63.0,80.0,18.193077591535243,7.778978962037692,14.095745809785983,46.65999984741211,1.7333416145382428,-0.873
1010,LEV,1.0,0.0,S,HIGH,gyrA,94.0,gyrA_D94N,R,0.8592592592592593,A,D94N,3.0,0.0,-1.9800000000000002,-1.0,2.64,H,AlphaHelix,-58.04000000000002,-41.610000000000014,97.4,1.0,1.0,False,False,False,False,True,False,88.1550888450658,56.0,75.0,18.193077591535243,7.778978962037692,14.095745809785983,46.65999984741211,1.7333416145382428,-0.347
1011,LEV,8.0,3.0,R,HIGH,gyrA,94.0,gyrA_D94G,R,0.8646496815286624,A,D94G,-50.99999999999999,3.1,-1.2700000000000002,-58.0,3.1999999999999997,H,AlphaHelix,-58.04000000000002,-41.610000000000014,97.4,1.0,1.0,False,False,False,False,True,False,88.1550888450658,63.0,80.0,18.193077591535243,7.778978962037692,14.095745809785983,46.65999984741211,1.7333416145382428,-0.873
1012,LEV,>8,4.0,R,MEDIUM,gyrA,94.0,gyrA_D94G,R,0.8646496815286624,A,D94G,-50.99999999999999,3.1,-1.2700000000000002,-58.0,3.1999999999999997,H,AlphaHelix,-58.04000000000002,-41.610000000000014,97.4,1.0,1.0,False,False,False,False,True,False,88.1550888450658,63.0,80.0,18.193077591535243,7.778978962037692,14.095745809785983,46.65999984741211,1.7333416145382428,-0.873
1013,LEV,>8,4.0,R,HIGH,gyrA,94.0,gyrA_D94G,R,0.8646496815286624,A,D94G,-50.99999999999999,3.1,-1.2700000000000002,-58.0,3.1999999999999997,H,AlphaHelix,-58.04000000000002,-41.610000000000014,97.4,1.0,1.0,False,False,False,False,True,False,88.1550888450658,63.0,80.0,18.193077591535243,7.778978962037692,14.095745809785983,46.65999984741211,1.7333416145382428,-0.873
1014,LEV,8.0,3.0,R,MEDIUM,gyrA,90.0,gyrA_A90V,R,0.8690476190476191,A,A90V,51.400000000000006,2.4000000000000004,-0.8600000000000001,28.0,-0.040000000000000036,H,AlphaHelix,-61.829999999999984,-59.75999999999999,47.0,2.0,0.0,False,False,False,False,True,False,55.555815915240146,-64.0,82.0,14.254302173206394,5.504265622675344,10.310827336129869,40.439998626708984,1.6650776123582791,0.089
1015,LEV,8.0,3.0,R,HIGH,gyrA,94.0,gyrA_D94G,R,0.8646496815286624,A,D94G,-50.99999999999999,3.1,-1.2700000000000002,-58.0,3.1999999999999997,H,AlphaHelix,-58.04000000000002,-41.610000000000014,97.4,1.0,1.0,False,False,False,False,True,False,88.1550888450658,63.0,80.0,18.193077591535243,7.778978962037692,14.095745809785983,46.65999984741211,1.7333416145382428,-0.873
1016,LEV,1.0,0.0,S,MEDIUM,gyrB,560.0,gyrB_H560R,S,1.0,B,H560R,20.200000000000017,-1.2999999999999998,-0.3700000000000001,19.0,3.17,C,Coil,-95.88,-6.5,23.7,1.0,1.0,False,True,False,False,False,False,21.977383433750045,8.0,53.0,24.89945555506356,34.22684535124129,28.84389494535529,62.630001068115234,2.4894051754579,-0.505
1017,LEV,8.0,3.0,R,MEDIUM,gyrA,94.0,gyrA_D94G,R,0.8646496815286624,A,D94G,-50.99999999999999,3.1,-1.2700000000000002,-58.0,3.1999999999999997,H,AlphaHelix,-58.04000000000002,-41.610000000000014,97.4,1.0,1.0,False,False,False,False,True,False,88.1550888450658,63.0,80.0,18.193077591535243,7.778978962037692,14.095745809785983,46.65999984741211,1.7333416145382428,-0.873
1018,LEV,4.0,2.0,R,HIGH,gyrA,90.0,gyrA_A90V,R,0.8690476190476191,A,A90V,51.400000000000006,2.4000000000000004,-0.8600000000000001,28.0,-0.040000000000000036,H,AlphaHelix,-61.829999999999984,-59.75999999999999,47.0,2.0,0.0,False,False,False,False,True,False,55.555815915240146,-64.0,82.0,14.254302173206394,5.504265622675344,10.310827336129869,40.439998626708984,1.6650776123582791,0.089
1019,LEV,<=0.12,-3.06,S,HIGH,gyrB,644.0,gyrB_A644D,S,1.0,B,A644D,22.5,-5.3,2.08,44.0,-3.23,H,AlphaHelix,-66.07,-43.06,0.2,1.0,1.0,False,False,False,False,True,False,0.11435196113664067,80.0,91.0,26.748532928461433,34.290186971141175,30.88214063885922,58.33000183105469,4.108890367089769,-3.442
1020,LEV,8.0,3.0,R,HIGH,gyrA,94.0,gyrA_D94G,R,0.8646496815286624,A,D94G,-50.99999999999999,3.1,-1.2700000000000002,-58.0,3.1999999999999997,H,AlphaHelix,-58.04000000000002,-41.610000000000014,97.4,1.0,1.0,False,False,False,False,True,False,88.1550888450658,63.0,80.0,18.193077591535243,7.778978962037692,14.095745809785983,46.65999984741211,1.7333416145382428,-0.873
1021,LEV,8.0,3.0,R,HIGH,gyrA,94.0,gyrA_D94G,R,0.8646496815286624,A,D94G,-50.99999999999999,3.1,-1.2700000000000002,-58.0,3.1999999999999997,H,AlphaHelix,-58.04000000000002,-41.610000000000014,97.4,1.0,1.0,False,False,False,False,True,False,88.1550888450658,63.0,80.0,18.193077591535243,7.778978962037692,14.095745809785983,46.65999984741211,1.7333416145382428,-0.873
1022,LEV,>8,4.0,R,HIGH,gyrA,94.0,gyrA_D94G,R,0.8646496815286624,A,D94G,-50.99999999999999,3.1,-1.2700000000000002,-58.0,3.1999999999999997,H,AlphaHelix,-58.04000000000002,-41.610000000000014,97.4,1.0,1.0,False,False,False,False,True,False,88.1550888450658,63.0,80.0,18.193077591535243,7.778978962037692,14.095745809785983,46.65999984741211,1.7333416145382428,-0.873
1023,LEV,4.0,2.0,R,HIGH,gyrA,94.0,gyrA_D94G,R,0.8646496815286624,A,D94G,-50.99999999999999,3.1,-1.2700000000000002,-58.0,3.1999999999999997,H,AlphaHelix,-58.04000000000002,-41.610000000000014,97.4,1.0,1.0,False,False,False,False,True,False,88.1550888450658,63.0,80.0,18.193077591535243,7.778978962037692,14.095745809785983,46.65999984741211,1.7333416145382428,-0.873
1024,LEV,8.0,3.0,R,HIGH,gyrA,94.0,gyrA_D94G,R,0.8646496815286624,A,D94G,-50.99999999999999,3.1,-1.2700000000000002,-58.0,3.1999999999999997,H,AlphaHelix,-58.04000000000002,-41.610000000000014,97.4,1.0,1.0,False,False,False,False,True,False,88.1550888450658,63.0,80.0,18.193077591535243,7.778978962037692,14.095745809785983,46.65999984741211,1.7333416145382428,-0.873
1025,LEV,4.0,2.0,R,HIGH,gyrA,94.0,gyrA_D94G,R,0.8646496815286624,A,D94G,-50.99999999999999,3.1,-1.2700000000000002,-58.0,3.1999999999999997,H,AlphaHelix,-58.04000000000002,-41.610000000000014,97.4,1.0,1.0,False,False,False,False,True,False,88.1550888450658,63.0,80.0,18.193077591535243,7.778978962037692,14.095745809785983,46.65999984741211,1.7333416145382428,-0.873
1026,LEV,8.0,3.0,R,HIGH,gyrA,94.0,gyrA_D94G,R,0.8646496815286624,A,D94G,-50.99999999999999,3.1,-1.2700000000000002,-58.0,3.1999999999999997,H,AlphaHelix,-58.04000000000002,-41.610000000000014,97.4,1.0,1.0,False,False,False,False,True,False,88.1550888450658,63.0,80.0,18.193077591535243,7.778978962037692,14.095745809785983,46.65999984741211,1.7333416145382428,-0.873
1027,LEV,0.5,-1.0,S,HIGH,gyrA,193.0,gyrA_N193S,S,1.0,A,N193S,-25.099999999999994,2.7,-0.09999999999999998,-27.0,0.2699999999999996,C,Coil,-78.75,123.63,5.4,2.0,0.0,False,True,False,False,False,False,3.9785882839510753,-22.0,61.0,38.286532913756595,31.644021592511656,37.267766220385276,50.119998931884766,3.1142630176941593,-1.229
1028,LEV,4.0,2.0,R,HIGH,gyrA,94.0,gyrA_D94G,R,0.8646496815286624,A,D94G,-50.99999999999999,3.1,-1.2700000000000002,-58.0,3.1999999999999997,H,AlphaHelix,-58.04000000000002,-41.610000000000014,97.4,1.0,1.0,False,False,False,False,True,False,88.1550888450658,63.0,80.0,18.193077591535243,7.778978962037692,14.095745809785983,46.65999984741211,1.7333416145382428,-0.873
1029,LEV,1.0,0.0,S,HIGH,gyrA,94.0,gyrA_D94G,R,0.8646496815286624,A,D94G,-50.99999999999999,3.1,-1.2700000000000002,-58.0,3.1999999999999997,H,AlphaHelix,-58.04000000000002,-41.610000000000014,97.4,1.0,1.0,False,False,False,False,True,False,88.1550888450658,63.0,80.0,18.193077591535243,7.778978962037692,14.095745809785983,46.65999984741211,1.7333416145382428,-0.873
1030,LEV,4.0,2.0,R,MEDIUM,gyrA,91.0,gyrA_S91P,R,0.8524590163934426,A,S91P,23.700000000000003,-0.8,-0.64,10.0,0.6200000000000001,H,AlphaHelix,-67.14999999999998,-27.149999999999977,64.8,1.0,0.0,False,False,False,False,True,False,65.22815545163408,63.0,80.0,13.370520192722235,5.421428426386811,10.72875108867804,47.63999938964844,1.5284537092505912,-0.125
1031,LEV,0.25,-2.0,S,MEDIUM,gyrA,90.0,gyrA_A90V,R,0.8690476190476191,A,A90V,51.400000000000006,2.4000000000000004,-0.8600000000000001,28.0,-0.040000000000000036,H,AlphaHelix,-61.829999999999984,-59.75999999999999,47.0,2.0,0.0,False,False,False,False,True,False,55.555815915240146,-64.0,82.0,14.254302173206394,5.504265622675344,10.310827336129869,40.439998626708984,1.6650776123582791,0.089
1032,LEV,8.0,3.0,R,HIGH,gyrA,94.0,gyrA_D94G,R,0.8646496815286624,A,D94G,-50.99999999999999,3.1,-1.2700000000000002,-58.0,3.1999999999999997,H,AlphaHelix,-58.04000000000002,-41.610000000000014,97.4,1.0,1.0,False,False,False,False,True,False,88.1550888450658,63.0,80.0,18.193077591535243,7.778978962037692,14.095745809785983,46.65999984741211,1.7333416145382428,-0.873
1033,LEV,>8,4.0,R,MEDIUM,gyrA,94.0,gyrA_D94N,R,0.8592592592592593,A,D94N,3.0,0.0,-1.9800000000000002,-1.0,2.64,H,AlphaHelix,-58.04000000000002,-41.610000000000014,97.4,1.0,1.0,False,False,False,False,True,False,88.1550888450658,56.0,75.0,18.193077591535243,7.778978962037692,14.095745809785983,46.65999984741211,1.7333416145382428,-0.347
1034,LEV,0.5,-1.0,S,HIGH,gyrA,210.0,gyrA_A210V,S,1.0,A,A210V,51.400000000000006,2.4000000000000004,-0.8600000000000001,28.0,-0.040000000000000036,T,Turn,-59.75,137.42,17.3,0.0,1.0,False,False,False,False,False,True,21.890134117638297,-66.0,82.0,47.32602944489352,47.46711375509501,51.70135784268797,69.98999786376953,1.7880208742571901,-0.875
1035,LEV,8.0,3.0,R,HIGH,gyrA,94.0,gyrA_D94N,R,0.8592592592592593,A,D94N,3.0,0.0,-1.9800000000000002,-1.0,2.64,H,AlphaHelix,-58.04000000000002,-41.610000000000014,97.4,1.0,1.0,False,False,False,False,True,False,88.1550888450658,56.0,75.0,18.193077591535243,7.778978962037692,14.095745809785983,46.65999984741211,1.7333416145382428,-0.347
1036,LEV,0.25,-2.0,S,HIGH,gyrA,90.0,gyrA_A90V,R,0.8690476190476191,A,A90V,51.400000000000006,2.4000000000000004,-0.8600000000000001,28.0,-0.040000000000000036,H,AlphaHelix,-61.829999999999984,-59.75999999999999,47.0,2.0,0.0,False,False,False,False,True,False,55.555815915240146,-64.0,82.0,14.254302173206394,5.504265622675344,10.310827336129869,40.439998626708984,1.6650776123582791,0.089
1037,LEV,0.5,-1.0,S,MEDIUM,gyrA,94.0,gyrA_D94G,R,0.8646496815286624,A,D94G,-50.99999999999999,3.1,-1.2700000000000002,-58.0,3.1999999999999997,H,AlphaHelix,-58.04000000000002,-41.610000000000014,97.4,1.0,1.0,False,False,False,False,True,False,88.1550888450658,63.0,80.0,18.193077591535243,7.778978962037692,14.095745809785983,46.65999984741211,1.7333416145382428,-0.873
1038,LEV,4.0,2.0,R,HIGH,gyrA,94.0,gyrA_D94H,R,0.9714285714285714,A,D94H,42.099999999999994,0.2999999999999998,-1.04,22.099999999999994,4.82,H,AlphaHelix,-58.04000000000002,-41.610000000000014,97.4,1.0,1.0,False,False,False,False,True,False,88.1550888450658,79.0,85.0,18.193077591535243,7.778978962037692,14.095745809785983,46.65999984741211,1.7333416145382428,-0.36
1039,LEV,0.25,-2.0,S,HIGH,gyrA,90.0,gyrA_A90V,R,0.8690476190476191,A,A90V,51.400000000000006,2.4000000000000004,-0.8600000000000001,28.0,-0.040000000000000036,H,AlphaHelix,-61.829999999999984,-59.75999999999999,47.0,2.0,0.0,False,False,False,False,True,False,55.555815915240146,-64.0,82.0,14.254302173206394,5.504265622675344,10.310827336129869,40.439998626708984,1.6650776123582791,0.089
1040,LEV,4.0,2.0,R,MEDIUM,gyrA,94.0,gyrA_D94G,R,0.8646496815286624,A,D94G,-50.99999999999999,3.1,-1.2700000000000002,-58.0,3.1999999999999997,H,AlphaHelix,-58.04000000000002,-41.610000000000014,97.4,1.0,1.0,False,False,False,False,True,False,88.1550888450658,63.0,80.0,18.193077591535243,7.778978962037692,14.095745809785983,46.65999984741211,1.7333416145382428,-0.873
1041,LEV,4.0,2.0,R,HIGH,gyrA,90.0,gyrA_A90V,R,0.8690476190476191,A,A90V,51.400000000000006,2.4000000000000004,-0.8600000000000001,28.0,-0.040000000000000036,H,AlphaHelix,-61.829999999999984,-59.75999999999999,47.0,2.0,0.0,False,False,False,False,True,False,55.555815915240146,-64.0,82.0,14.254302173206394,5.504265622675344,10.310827336129869,40.439998626708984,1.6650776123582791,0.089
1042,LEV,>8,4.0,R,HIGH,gyrA,94.0,gyrA_D94G,R,0.8646496815286624,A,D94G,-50.99999999999999,3.1,-1.2700000000000002,-58.0,3.1999999999999997,H,AlphaHelix,-58.04000000000002,-41.610000000000014,97.4,1.0,1.0,False,False,False,False,True,False,88.1550888450658,63.0,80.0,18.193077591535243,7.778978962037692,14.095745809785983,46.65999984741211,1.7333416145382428,-0.873
1043,LEV,4.0,2.0,R,HIGH,gyrA,94.0,gyrA_D94G,R,0.8646496815286624,A,D94G,-50.99999999999999,3.1,-1.2700000000000002,-58.0,3.1999999999999997,H,AlphaHelix,-58.04000000000002,-41.610000000000014,97.4,1.0,1.0,False,False,False,False,True,False,88.1550888450658,63.0,80.0,18.193077591535243,7.778978962037692,14.095745809785983,46.65999984741211,1.7333416145382428,-0.873
1044,LEV,0.5,-1.0,S,HIGH,gyrA,94.0,gyrA_D94G,R,0.8646496815286624,A,D94G,-50.99999999999999,3.1,-1.2700000000000002,-58.0,3.1999999999999997,H,AlphaHelix,-58.04000000000002,-41.610000000000014,97.4,1.0,1.0,False,False,False,False,True,False,88.1550888450658,63.0,80.0,18.193077591535243,7.778978962037692,14.095745809785983,46.65999984741211,1.7333416145382428,-0.873
1045,LEV,>8,4.0,R,HIGH,gyrA,94.0,gyrA_D94G,R,0.8646496815286624,A,D94G,-50.99999999999999,3.1,-1.2700000000000002,-58.0,3.1999999999999997,H,AlphaHelix,-58.04000000000002,-41.610000000000014,97.4,1.0,1.0,False,False,False,False,True,False,88.1550888450658,63.0,80.0,18.193077591535243,7.778978962037692,14.095745809785983,46.65999984741211,1.7333416145382428,-0.873
1046,LEV,0.25,-2.0,S,MEDIUM,gyrA,465.0,gyrA_L465Q,S,1.0,A,L465Q,-22.899999999999977,-7.3,0.8799999999999999,15.0,-0.33000000000000007,H,AlphaHelix,-62.670000000000016,-45.06,16.4,2.0,1.0,False,False,False,False,True,False,18.99964644998461,-11.0,57.0,47.03998067306469,49.378883134272854,54.23006624684087,67.08000183105469,2.469527449860376,-4.046
1047,LEV,4.0,2.0,R,MEDIUM,gyrA,91.0,gyrA_S91P,R,0.8524590163934426,A,S91P,23.700000000000003,-0.8,-0.64,10.0,0.6200000000000001,H,AlphaHelix,-67.14999999999998,-27.149999999999977,64.8,1.0,0.0,False,False,False,False,True,False,65.22815545163408,63.0,80.0,13.370520192722235,5.421428426386811,10.72875108867804,47.63999938964844,1.5284537092505912,-0.125
1048,LEV,0.25,-2.0,S,HIGH,gyrB,432.0,gyrB_A432V,S,1.0,B,A432V,51.400000000000006,2.4000000000000004,-0.8600000000000001,28.0,-0.040000000000000036,,,,,,,,,,,,,,0.0,-70.0,82.0,,,,,,
1049,LEV,8.0,3.0,R,HIGH,gyrA,94.0,gyrA_D94G,R,0.8646496815286624,A,D94G,-50.99999999999999,3.1,-1.2700000000000002,-58.0,3.1999999999999997,H,AlphaHelix,-58.04000000000002,-41.610000000000014,97.4,1.0,1.0,False,False,False,False,True,False,88.1550888450658,63.0,80.0,18.193077591535243,7.778978962037692,14.095745809785983,46.65999984741211,1.7333416145382428,-0.873
1050,LEV,4.0,2.0,R,HIGH,gyrA,94.0,gyrA_D94A,R,0.7951807228915663,A,D94A,-22.5,5.3,-2.08,-44.0,3.23,H,AlphaHelix,-58.04000000000002,-41.610000000000014,97.4,1.0,1.0,False,False,False,False,True,False,88.1550888450658,46.0,71.0,18.193077591535243,7.778978962037692,14.095745809785983,46.65999984741211,1.7333416145382428,-0.421
1051,LEV,4.0,2.0,R,HIGH,gyrA,94.0,gyrA_D94A,R,0.7951807228915663,A,D94A,-22.5,5.3,-2.08,-44.0,3.23,H,AlphaHelix,-58.04000000000002,-41.610000000000014,97.4,1.0,1.0,False,False,False,False,True,False,88.1550888450658,46.0,71.0,18.193077591535243,7.778978962037692,14.095745809785983,46.65999984741211,1.7333416145382428,-0.421
1052,LEV,8.0,3.0,R,HIGH,gyrA,94.0,gyrA_D94N,R,0.8592592592592593,A,D94N,3.0,0.0,-1.9800000000000002,-1.0,2.64,H,AlphaHelix,-58.04000000000002,-41.610000000000014,97.4,1.0,1.0,False,False,False,False,True,False,88.1550888450658,56.0,75.0,18.193077591535243,7.778978962037692,14.095745809785983,46.65999984741211,1.7333416145382428,-0.347
1053,LEV,0.5,-1.0,S,MEDIUM,gyrA,472.0,gyrA_P472S,S,1.0,A,P472S,-23.700000000000003,0.8,0.64,-10.0,-0.6200000000000001,H,AlphaHelix,-59.70999999999998,-28.170000000000016,71.0,1.0,0.0,False,False,False,False,True,False,78.73791501370572,-68.0,82.0,46.353130855468216,48.26749325282632,52.90519851328242,69.8499984741211,1.6707895195538032,-1.116
1054,LEV,8.0,3.0,R,HIGH,gyrA,90.0,gyrA_A90V,R,0.8690476190476191,A,A90V,51.400000000000006,2.4000000000000004,-0.8600000000000001,28.0,-0.040000000000000036,H,AlphaHelix,-61.829999999999984,-59.75999999999999,47.0,2.0,0.0,False,False,False,False,True,False,55.555815915240146,-64.0,82.0,14.254302173206394,5.504265622675344,10.310827336129869,40.439998626708984,1.6650776123582791,0.089
1055,LEV,2.0,1.0,R,MEDIUM,gyrA,94.0,gyrA_D94N,R,0.8592592592592593,A,D94N,3.0,0.0,-1.9800000000000002,-1.0,2.64,H,AlphaHelix,-58.04000000000002,-41.610000000000014,97.4,1.0,1.0,False,False,False,False,True,False,88.1550888450658,56.0,75.0,18.193077591535243,7.778978962037692,14.095745809785983,46.65999984741211,1.7333416145382428,-0.347
1056,LEV,8.0,3.0,R,MEDIUM,gyrA,90.0,gyrA_A90V,R,0.8690476190476191,A,A90V,51.400000000000006,2.4000000000000004,-0.8600000000000001,28.0,-0.040000000000000036,H,AlphaHelix,-61.829999999999984,-59.75999999999999,47.0,2.0,0.0,False,False,False,False,True,False,55.555815915240146,-64.0,82.0,14.254302173206394,5.504265622675344,10.310827336129869,40.439998626708984,1.6650776123582791,0.089
1057,LEV,>8,4.0,R,HIGH,gyrA,94.0,gyrA_D94Y,R,0.9285714285714286,A,D94Y,82.5,2.2,-2.18,48.099999999999994,2.89,H,AlphaHelix,-58.04000000000002,-41.610000000000014,97.4,1.0,1.0,False,False,False,False,True,False,88.1550888450658,81.0,91.0,18.193077591535243,7.778978962037692,14.095745809785983,46.65999984741211,1.7333416145382428,-0.376
1058,LEV,8.0,3.0,R,HIGH,gyrA,94.0,gyrA_D94G,R,0.8646496815286624,A,D94G,-50.99999999999999,3.1,-1.2700000000000002,-58.0,3.1999999999999997,H,AlphaHelix,-58.04000000000002,-41.610000000000014,97.4,1.0,1.0,False,False,False,False,True,False,88.1550888450658,63.0,80.0,18.193077591535243,7.778978962037692,14.095745809785983,46.65999984741211,1.7333416145382428,-0.873
1059,LEV,0.5,-1.0,S,MEDIUM,gyrB,446.0,gyrB_R446C,S,1.0,B,R446C,-64.9,7.0,-0.78,-52.999999999999986,-5.6899999999999995,C,Coil,-102.64999999999998,-28.920000000000016,47.7,0.0,2.0,False,True,False,False,False,False,48.145590821945774,28.0,63.0,29.585668854735626,35.658436254280595,29.76362930063906,77.33999633789062,1.8834134115420547,-0.926
1060,LEV,0.25,-2.0,S,MEDIUM,gyrA,223.0,gyrA_V223I,S,1.0,A,V223I,26.69999999999999,0.2999999999999998,-0.28,14.099999999999994,0.05999999999999961,C,Coil,-86.38999999999999,98.73,0.6,0.0,1.0,False,True,False,False,False,False,0.6983986458148704,-96.0,97.0,41.608036342595504,36.61119006688908,41.64774951730356,48.58000183105469,3.980985694826388,0.627
1061,LEV,,,,MEDIUM,gyrA,90.0,gyrA_A90V,R,0.8690476190476191,A,A90V,51.400000000000006,2.4000000000000004,-0.8600000000000001,28.0,-0.040000000000000036,H,AlphaHelix,-61.829999999999984,-59.75999999999999,47.0,2.0,0.0,False,False,False,False,True,False,55.555815915240146,-64.0,82.0,14.254302173206394,5.504265622675344,10.310827336129869,40.439998626708984,1.6650776123582791,0.089
1062,LEV,4.0,2.0,R,HIGH,gyrA,90.0,gyrA_A90V,R,0.8690476190476191,A,A90V,51.400000000000006,2.4000000000000004,-0.8600000000000001,28.0,-0.040000000000000036,H,AlphaHelix,-61.829999999999984,-59.75999999999999,47.0,2.0,0.0,False,False,False,False,True,False,55.555815915240146,-64.0,82.0,14.254302173206394,5.504265622675344,10.310827336129869,40.439998626708984,1.6650776123582791,0.089
1063,LEV,4.0,2.0,R,HIGH,gyrA,91.0,gyrA_S91P,R,0.8524590163934426,A,S91P,23.700000000000003,-0.8,-0.64,10.0,0.6200000000000001,H,AlphaHelix,-67.14999999999998,-27.149999999999977,64.8,1.0,0.0,False,False,False,False,True,False,65.22815545163408,63.0,80.0,13.370520192722235,5.421428426386811,10.72875108867804,47.63999938964844,1.5284537092505912,-0.125
1064,LEV,8.0,3.0,R,MEDIUM,gyrA,94.0,gyrA_D94G,R,0.8646496815286624,A,D94G,-50.99999999999999,3.1,-1.2700000000000002,-58.0,3.1999999999999997,H,AlphaHelix,-58.04000000000002,-41.610000000000014,97.4,1.0,1.0,False,False,False,False,True,False,88.1550888450658,63.0,80.0,18.193077591535243,7.778978962037692,14.095745809785983,46.65999984741211,1.7333416145382428,-0.873
1065,LEV,4.0,2.0,R,MEDIUM,gyrA,94.0,gyrA_D94G,R,0.8646496815286624,A,D94G,-50.99999999999999,3.1,-1.2700000000000002,-58.0,3.1999999999999997,H,AlphaHelix,-58.04000000000002,-41.610000000000014,97.4,1.0,1.0,False,False,False,False,True,False,88.1550888450658,63.0,80.0,18.193077591535243,7.778978962037692,14.095745809785983,46.65999984741211,1.7333416145382428,-0.873
1066,LEV,4.0,2.0,R,HIGH,gyrA,94.0,gyrA_D94G,R,0.8646496815286624,A,D94G,-50.99999999999999,3.1,-1.2700000000000002,-58.0,3.1999999999999997,H,AlphaHelix,-58.04000000000002,-41.610000000000014,97.4,1.0,1.0,False,False,False,False,True,False,88.1550888450658,63.0,80.0,18.193077591535243,7.778978962037692,14.095745809785983,46.65999984741211,1.7333416145382428,-0.873
1067,LEV,2.0,1.0,R,MEDIUM,gyrA,94.0,gyrA_D94A,R,0.7951807228915663,A,D94A,-22.5,5.3,-2.08,-44.0,3.23,H,AlphaHelix,-58.04000000000002,-41.610000000000014,97.4,1.0,1.0,False,False,False,False,True,False,88.1550888450658,46.0,71.0,18.193077591535243,7.778978962037692,14.095745809785983,46.65999984741211,1.7333416145382428,-0.421
1068,LEV,4.0,2.0,R,MEDIUM,gyrA,94.0,gyrA_D94G,R,0.8646496815286624,A,D94G,-50.99999999999999,3.1,-1.2700000000000002,-58.0,3.1999999999999997,H,AlphaHelix,-58.04000000000002,-41.610000000000014,97.4,1.0,1.0,False,False,False,False,True,False,88.1550888450658,63.0,80.0,18.193077591535243,7.778978962037692,14.095745809785983,46.65999984741211,1.7333416145382428,-0.873
1069,LEV,>8,4.0,R,HIGH,gyrB,446.0,gyrB_R446L,R,1.0,B,R446L,-6.700000000000017,8.3,-1.69,-43.0,-4.779999999999999,C,Coil,-102.64999999999998,-28.920000000000016,47.7,0.0,2.0,False,True,False,False,False,False,48.145590821945774,23.0,63.0,29.585668854735626,35.658436254280595,29.76362930063906,77.33999633789062,1.8834134115420547,0.525
1070,LEV,8.0,3.0,R,HIGH,gyrA,94.0,gyrA_D94N,R,0.8592592592592593,A,D94N,3.0,0.0,-1.9800000000000002,-1.0,2.64,H,AlphaHelix,-58.04000000000002,-41.610000000000014,97.4,1.0,1.0,False,False,False,False,True,False,88.1550888450658,56.0,75.0,18.193077591535243,7.778978962037692,14.095745809785983,46.65999984741211,1.7333416145382428,-0.347
1071,LEV,>8,4.0,R,MEDIUM,gyrA,88.0,gyrA_G88C,R,0.95,A,G88C,48.4,2.9,-0.9199999999999999,46.10000000000001,-0.8999999999999995,C,Coil,-77.02999999999997,152.43,8.6,0.0,0.0,False,True,False,False,False,False,9.936179450376525,50.0,75.0,9.383464096517303,8.798143905732672,11.185201845760195,57.560001373291016,1.9098223702260209,-0.725
1072,LEV,0.5,-1.0,S,HIGH,gyrA,141.0,gyrA_M141T,S,1.0,A,M141T,-46.80000000000001,-2.5999999999999996,0.55,-30.099999999999994,-0.14000000000000057,H,AlphaHelix,-65.13999999999999,-33.80000000000001,0.0,1.0,2.0,False,False,False,False,True,False,0.0,8.0,53.0,29.461414695422455,27.44364737098598,32.975685088262956,46.040000915527344,5.4069284049390705,-2.637
1073,LEV,0.5,-1.0,S,HIGH,gyrA,193.0,gyrA_N193S,S,1.0,A,N193S,-25.099999999999994,2.7,-0.09999999999999998,-27.0,0.2699999999999996,C,Coil,-78.75,123.63,5.4,2.0,0.0,False,True,False,False,False,False,3.9785882839510753,-22.0,61.0,38.286532913756595,31.644021592511656,37.267766220385276,50.119998931884766,3.1142630176941593,-1.229
1074,LEV,0.5,-1.0,S,HIGH,gyrA,288.0,gyrA_A288V,S,1.0,A,A288V,51.400000000000006,2.4000000000000004,-0.8600000000000001,28.0,-0.040000000000000036,H,AlphaHelix,-55.73000000000002,-52.079999999999984,11.3,2.0,1.0,False,False,False,False,True,False,11.676533963816869,-66.0,82.0,42.723997531718645,29.51063733150099,31.64294234039218,85.9800033569336,1.9848467404953554,-0.718
1075,LEV,0.5,-1.0,S,HIGH,gyrA,319.0,gyrA_K319N,S,1.0,A,K319N,-54.5,0.3999999999999999,-1.3800000000000001,-14.099999999999994,-4.33,T,Turn,-65.74000000000001,160.42,94.3,1.0,1.0,False,False,False,False,False,True,95.1545785165288,35.0,66.0,57.00917661309837,43.85696531608302,46.563100873637964,94.86000061035156,1.7456780647078958,-0.833
1076,LEV,8.0,3.0,R,HIGH,gyrA,267.0,gyrA_T267I,S,0.9166666666666666,A,T267I,50.599999999999994,5.2,-0.92,12.099999999999994,0.41999999999999993,E,Strand,-110.84,147.57,41.6,1.0,0.0,False,False,True,False,False,False,44.1202990107675,-63.0,82.0,57.16622537844849,43.89582496101522,47.524606108481976,101.37999725341797,1.7631484448394852,-0.037
1077,LEV,4.0,2.0,R,HIGH,gyrA,94.0,gyrA_D94G,R,0.8646496815286624,A,D94G,-50.99999999999999,3.1,-1.2700000000000002,-58.0,3.1999999999999997,H,AlphaHelix,-58.04000000000002,-41.610000000000014,97.4,1.0,1.0,False,False,False,False,True,False,88.1550888450658,63.0,80.0,18.193077591535243,7.778978962037692,14.095745809785983,46.65999984741211,1.7333416145382428,-0.873
1078,LEV,>8,4.0,R,HIGH,gyrA,90.0,gyrA_A90V,R,0.8690476190476191,A,A90V,51.400000000000006,2.4000000000000004,-0.8600000000000001,28.0,-0.040000000000000036,H,AlphaHelix,-61.829999999999984,-59.75999999999999,47.0,2.0,0.0,False,False,False,False,True,False,55.555815915240146,-64.0,82.0,14.254302173206394,5.504265622675344,10.310827336129869,40.439998626708984,1.6650776123582791,0.089
1079,LEV,8.0,3.0,R,MEDIUM,gyrA,94.0,gyrA_D94N,R,0.8592592592592593,A,D94N,3.0,0.0,-1.9800000000000002,-1.0,2.64,H,AlphaHelix,-58.04000000000002,-41.610000000000014,97.4,1.0,1.0,False,False,False,False,True,False,88.1550888450658,56.0,75.0,18.193077591535243,7.778978962037692,14.095745809785983,46.65999984741211,1.7333416145382428,-0.347
1080,LEV,1.0,0.0,S,MEDIUM,gyrA,94.0,gyrA_D94G,R,0.8646496815286624,A,D94G,-50.99999999999999,3.1,-1.2700000000000002,-58.0,3.1999999999999997,H,AlphaHelix,-58.04000000000002,-41.610000000000014,97.4,1.0,1.0,False,False,False,False,True,False,88.1550888450658,63.0,80.0,18.193077591535243,7.778978962037692,14.095745809785983,46.65999984741211,1.7333416145382428,-0.873
1081,LEV,4.0,2.0,R,HIGH,gyrA,94.0,gyrA_D94G,R,0.8646496815286624,A,D94G,-50.99999999999999,3.1,-1.2700000000000002,-58.0,3.1999999999999997,H,AlphaHelix,-58.04000000000002,-41.610000000000014,97.4,1.0,1.0,False,False,False,False,True,False,88.1550888450658,63.0,80.0,18.193077591535243,7.778978962037692,14.095745809785983,46.65999984741211,1.7333416145382428,-0.873
1082,LEV,>8,4.0,R,HIGH,gyrA,94.0,gyrA_D94G,R,0.8646496815286624,A,D94G,-50.99999999999999,3.1,-1.2700000000000002,-58.0,3.1999999999999997,H,AlphaHelix,-58.04000000000002,-41.610000000000014,97.4,1.0,1.0,False,False,False,False,True,False,88.1550888450658,63.0,80.0,18.193077591535243,7.778978962037692,14.095745809785983,46.65999984741211,1.7333416145382428,-0.873
1083,LEV,8.0,3.0,R,MEDIUM,gyrA,94.0,gyrA_D94G,R,0.8646496815286624,A,D94G,-50.99999999999999,3.1,-1.2700000000000002,-58.0,3.1999999999999997,H,AlphaHelix,-58.04000000000002,-41.610000000000014,97.4,1.0,1.0,False,False,False,False,True,False,88.1550888450658,63.0,80.0,18.193077591535243,7.778978962037692,14.095745809785983,46.65999984741211,1.7333416145382428,-0.873
1084,LEV,>8,4.0,R,MEDIUM,gyrA,88.0,gyrA_G88C,R,0.95,A,G88C,48.4,2.9,-0.9199999999999999,46.10000000000001,-0.8999999999999995,C,Coil,-77.02999999999997,152.43,8.6,0.0,0.0,False,True,False,False,False,False,9.936179450376525,50.0,75.0,9.383464096517303,8.798143905732672,11.185201845760195,57.560001373291016,1.9098223702260209,-0.725
1085,LEV,2.0,1.0,R,HIGH,gyrA,90.0,gyrA_A90V,R,0.8690476190476191,A,A90V,51.400000000000006,2.4000000000000004,-0.8600000000000001,28.0,-0.040000000000000036,H,AlphaHelix,-61.829999999999984,-59.75999999999999,47.0,2.0,0.0,False,False,False,False,True,False,55.555815915240146,-64.0,82.0,14.254302173206394,5.504265622675344,10.310827336129869,40.439998626708984,1.6650776123582791,0.089
1086,LEV,2.0,1.0,R,MEDIUM,gyrA,94.0,gyrA_D94G,R,0.8646496815286624,A,D94G,-50.99999999999999,3.1,-1.2700000000000002,-58.0,3.1999999999999997,H,AlphaHelix,-58.04000000000002,-41.610000000000014,97.4,1.0,1.0,False,False,False,False,True,False,88.1550888450658,63.0,80.0,18.193077591535243,7.778978962037692,14.095745809785983,46.65999984741211,1.7333416145382428,-0.873
1087,LEV,2.0,1.0,R,HIGH,gyrB,461.0,gyrB_D461N,R,1.0,B,D461N,3.0,0.0,-1.9800000000000002,-1.0,2.64,H,AlphaHelix,-71.88999999999999,-39.93000000000001,81.7,1.0,0.0,False,False,False,False,True,False,75.64790414237022,36.0,66.0,11.69428626742857,15.223706008416038,10.457794239999561,64.79000091552734,1.5661131135005826,-0.266
1088,LEV,4.0,2.0,R,HIGH,gyrA,94.0,gyrA_D94G,R,0.8646496815286624,A,D94G,-50.99999999999999,3.1,-1.2700000000000002,-58.0,3.1999999999999997,H,AlphaHelix,-58.04000000000002,-41.610000000000014,97.4,1.0,1.0,False,False,False,False,True,False,88.1550888450658,63.0,80.0,18.193077591535243,7.778978962037692,14.095745809785983,46.65999984741211,1.7333416145382428,-0.873
1089,LEV,8.0,3.0,R,HIGH,gyrA,94.0,gyrA_D94G,R,0.8646496815286624,A,D94G,-50.99999999999999,3.1,-1.2700000000000002,-58.0,3.1999999999999997,H,AlphaHelix,-58.04000000000002,-41.610000000000014,97.4,1.0,1.0,False,False,False,False,True,False,88.1550888450658,63.0,80.0,18.193077591535243,7.778978962037692,14.095745809785983,46.65999984741211,1.7333416145382428,-0.873
1090,LEV,>8,4.0,R,HIGH,gyrA,94.0,gyrA_D94G,R,0.8646496815286624,A,D94G,-50.99999999999999,3.1,-1.2700000000000002,-58.0,3.1999999999999997,H,AlphaHelix,-58.04000000000002,-41.610000000000014,97.4,1.0,1.0,False,False,False,False,True,False,88.1550888450658,63.0,80.0,18.193077591535243,7.778978962037692,14.095745809785983,46.65999984741211,1.7333416145382428,-0.873
1091,LEV,0.5,-1.0,S,HIGH,gyrA,472.0,gyrA_P472S,S,1.0,A,P472S,-23.700000000000003,0.8,0.64,-10.0,-0.6200000000000001,H,AlphaHelix,-59.70999999999998,-28.170000000000016,71.0,1.0,0.0,False,False,False,False,True,False,78.73791501370572,-68.0,82.0,46.353130855468216,48.26749325282632,52.90519851328242,69.8499984741211,1.6707895195538032,-1.116
1092,LEV,0.5,-1.0,S,HIGH,gyrB,606.0,gyrB_G606S,S,1.0,B,G606S,28.9,-0.4,-0.8099999999999998,30.0,-0.29000000000000004,T,Turn,57.35,-129.95,8.3,0.0,0.0,False,False,False,False,False,True,7.500778842582963,-31.0,66.0,22.146304944393474,33.25997362088717,33.42043678652426,93.91000366210938,2.0154904248620458,-1.698
1093,LEV,2.0,1.0,R,HIGH,gyrA,91.0,gyrA_S91P,R,0.8524590163934426,A,S91P,23.700000000000003,-0.8,-0.64,10.0,0.6200000000000001,H,AlphaHelix,-67.14999999999998,-27.149999999999977,64.8,1.0,0.0,False,False,False,False,True,False,65.22815545163408,63.0,80.0,13.370520192722235,5.421428426386811,10.72875108867804,47.63999938964844,1.5284537092505912,-0.125
1094,LEV,0.25,-2.0,S,HIGH,gyrA,90.0,gyrA_A90V,R,0.8690476190476191,A,A90V,51.400000000000006,2.4000000000000004,-0.8600000000000001,28.0,-0.040000000000000036,H,AlphaHelix,-61.829999999999984,-59.75999999999999,47.0,2.0,0.0,False,False,False,False,True,False,55.555815915240146,-64.0,82.0,14.254302173206394,5.504265622675344,10.310827336129869,40.439998626708984,1.6650776123582791,0.089
1095,LEV,1.0,0.0,S,MEDIUM,gyrA,94.0,gyrA_D94G,R,0.8646496815286624,A,D94G,-50.99999999999999,3.1,-1.2700000000000002,-58.0,3.1999999999999997,H,AlphaHelix,-58.04000000000002,-41.610000000000014,97.4,1.0,1.0,False,False,False,False,True,False,88.1550888450658,63.0,80.0,18.193077591535243,7.778978962037692,14.095745809785983,46.65999984741211,1.7333416145382428,-0.873
1096,LEV,>8,4.0,R,HIGH,gyrA,94.0,gyrA_D94G,R,0.8646496815286624,A,D94G,-50.99999999999999,3.1,-1.2700000000000002,-58.0,3.1999999999999997,H,AlphaHelix,-58.04000000000002,-41.610000000000014,97.4,1.0,1.0,False,False,False,False,True,False,88.1550888450658,63.0,80.0,18.193077591535243,7.778978962037692,14.095745809785983,46.65999984741211,1.7333416145382428,-0.873
1097,LEV,0.25,-2.0,S,HIGH,gyrA,472.0,gyrA_P472S,S,1.0,A,P472S,-23.700000000000003,0.8,0.64,-10.0,-0.6200000000000001,H,AlphaHelix,-59.70999999999998,-28.170000000000016,71.0,1.0,0.0,False,False,False,False,True,False,78.73791501370572,-68.0,82.0,46.353130855468216,48.26749325282632,52.90519851328242,69.8499984741211,1.6707895195538032,-1.116
1098,LEV,<=0.12,-3.06,S,MEDIUM,gyrA,88.0,gyrA_G88C,R,0.95,A,G88C,48.4,2.9,-0.9199999999999999,46.10000000000001,-0.8999999999999995,C,Coil,-77.02999999999997,152.43,8.6,0.0,0.0,False,True,False,False,False,False,9.936179450376525,50.0,75.0,9.383464096517303,8.798143905732672,11.185201845760195,57.560001373291016,1.9098223702260209,-0.725
1099,LEV,4.0,2.0,R,HIGH,gyrA,90.0,gyrA_A90V,R,0.8690476190476191,A,A90V,51.400000000000006,2.4000000000000004,-0.8600000000000001,28.0,-0.040000000000000036,H,AlphaHelix,-61.829999999999984,-59.75999999999999,47.0,2.0,0.0,False,False,False,False,True,False,55.555815915240146,-64.0,82.0,14.254302173206394,5.504265622675344,10.310827336129869,40.439998626708984,1.6650776123582791,0.089
1100,LEV,4.0,2.0,R,HIGH,gyrA,90.0,gyrA_A90V,R,0.8690476190476191,A,A90V,51.400000000000006,2.4000000000000004,-0.8600000000000001,28.0,-0.040000000000000036,H,AlphaHelix,-61.829999999999984,-59.75999999999999,47.0,2.0,0.0,False,False,False,False,True,False,55.555815915240146,-64.0,82.0,14.254302173206394,5.504265622675344,10.310827336129869,40.439998626708984,1.6650776123582791,0.089
1101,LEV,0.5,-1.0,S,HIGH,gyrA,472.0,gyrA_P472S,S,1.0,A,P472S,-23.700000000000003,0.8,0.64,-10.0,-0.6200000000000001,H,AlphaHelix,-59.70999999999998,-28.170000000000016,71.0,1.0,0.0,False,False,False,False,True,False,78.73791501370572,-68.0,82.0,46.353130855468216,48.26749325282632,52.90519851328242,69.8499984741211,1.6707895195538032,-1.116
1102,LEV,8.0,3.0,R,HIGH,gyrA,94.0,gyrA_D94G,R,0.8646496815286624,A,D94G,-50.99999999999999,3.1,-1.2700000000000002,-58.0,3.1999999999999997,H,AlphaHelix,-58.04000000000002,-41.610000000000014,97.4,1.0,1.0,False,False,False,False,True,False,88.1550888450658,63.0,80.0,18.193077591535243,7.778978962037692,14.095745809785983,46.65999984741211,1.7333416145382428,-0.873
1103,LEV,8.0,3.0,R,HIGH,gyrA,94.0,gyrA_D94G,R,0.8646496815286624,A,D94G,-50.99999999999999,3.1,-1.2700000000000002,-58.0,3.1999999999999997,H,AlphaHelix,-58.04000000000002,-41.610000000000014,97.4,1.0,1.0,False,False,False,False,True,False,88.1550888450658,63.0,80.0,18.193077591535243,7.778978962037692,14.095745809785983,46.65999984741211,1.7333416145382428,-0.873
1104,LEV,8.0,3.0,R,MEDIUM,gyrA,94.0,gyrA_D94Y,R,0.9285714285714286,A,D94Y,82.5,2.2,-2.18,48.099999999999994,2.89,H,AlphaHelix,-58.04000000000002,-41.610000000000014,97.4,1.0,1.0,False,False,False,False,True,False,88.1550888450658,81.0,91.0,18.193077591535243,7.778978962037692,14.095745809785983,46.65999984741211,1.7333416145382428,-0.376
1105,LEV,1.0,0.0,S,HIGH,gyrB,446.0,gyrB_R446C,S,1.0,B,R446C,-64.9,7.0,-0.78,-52.999999999999986,-5.6899999999999995,C,Coil,-102.64999999999998,-28.920000000000016,47.7,0.0,2.0,False,True,False,False,False,False,48.145590821945774,28.0,63.0,29.585668854735626,35.658436254280595,29.76362930063906,77.33999633789062,1.8834134115420547,-0.926
1106,LEV,8.0,3.0,R,MEDIUM,gyrA,94.0,gyrA_D94G,R,0.8646496815286624,A,D94G,-50.99999999999999,3.1,-1.2700000000000002,-58.0,3.1999999999999997,H,AlphaHelix,-58.04000000000002,-41.610000000000014,97.4,1.0,1.0,False,False,False,False,True,False,88.1550888450658,63.0,80.0,18.193077591535243,7.778978962037692,14.095745809785983,46.65999984741211,1.7333416145382428,-0.873
1107,LEV,0.5,-1.0,S,HIGH,gyrB,598.0,gyrB_G598E,S,1.0,B,G598E,78.30000000000001,-3.1,0.4700000000000002,72.0,-2.7499999999999996,C,Coil,99.06,0.3,56.5,0.0,2.0,False,True,False,False,False,False,54.69245797912299,51.0,75.0,35.091080241431605,47.92218055032783,47.18058157813705,62.900001525878906,1.6332094439284734,-1.288
1108,LEV,2.0,1.0,R,MEDIUM,gyrA,90.0,gyrA_A90V,R,0.8690476190476191,A,A90V,51.400000000000006,2.4000000000000004,-0.8600000000000001,28.0,-0.040000000000000036,H,AlphaHelix,-61.829999999999984,-59.75999999999999,47.0,2.0,0.0,False,False,False,False,True,False,55.555815915240146,-64.0,82.0,14.254302173206394,5.504265622675344,10.310827336129869,40.439998626708984,1.6650776123582791,0.089
1109,LEV,4.0,2.0,R,HIGH,gyrA,90.0,gyrA_A90V,R,0.8690476190476191,A,A90V,51.400000000000006,2.4000000000000004,-0.8600000000000001,28.0,-0.040000000000000036,H,AlphaHelix,-61.829999999999984,-59.75999999999999,47.0,2.0,0.0,False,False,False,False,True,False,55.555815915240146,-64.0,82.0,14.254302173206394,5.504265622675344,10.310827336129869,40.439998626708984,1.6650776123582791,0.089
1110,LEV,4.0,2.0,R,HIGH,gyrA,90.0,gyrA_A90V,R,0.8690476190476191,A,A90V,51.400000000000006,2.4000000000000004,-0.8600000000000001,28.0,-0.040000000000000036,H,AlphaHelix,-61.829999999999984,-59.75999999999999,47.0,2.0,0.0,False,False,False,False,True,False,55.555815915240146,-64.0,82.0,14.254302173206394,5.504265622675344,10.310827336129869,40.439998626708984,1.6650776123582791,0.089
1111,LEV,0.25,-2.0,S,HIGH,gyrA,94.0,gyrA_D94G,R,0.8646496815286624,A,D94G,-50.99999999999999,3.1,-1.2700000000000002,-58.0,3.1999999999999997,H,AlphaHelix,-58.04000000000002,-41.610000000000014,97.4,1.0,1.0,False,False,False,False,True,False,88.1550888450658,63.0,80.0,18.193077591535243,7.778978962037692,14.095745809785983,46.65999984741211,1.7333416145382428,-0.873
1112,LEV,4.0,2.0,R,HIGH,gyrA,90.0,gyrA_A90V,R,0.8690476190476191,A,A90V,51.400000000000006,2.4000000000000004,-0.8600000000000001,28.0,-0.040000000000000036,H,AlphaHelix,-61.829999999999984,-59.75999999999999,47.0,2.0,0.0,False,False,False,False,True,False,55.555815915240146,-64.0,82.0,14.254302173206394,5.504265622675344,10.310827336129869,40.439998626708984,1.6650776123582791,0.089
1113,LEV,1.0,0.0,S,HIGH,gyrA,142.0,gyrA_L142V,S,1.0,A,L142V,-26.69999999999999,0.40000000000000036,0.15999999999999992,-14.099999999999994,-0.020000000000000462,H,AlphaHelix,-106.38,6.21,0.2,1.0,1.0,False,False,False,False,True,False,0.39905420861157465,-82.0,93.0,29.035720402069412,28.17717545115982,33.527247290184945,46.52000045776367,3.5545017406566974,-0.731
1114,LEV,<=0.12,-3.06,S,HIGH,gyrB,564.0,gyrB_A564T,S,1.0,B,A564T,27.5,-2.5,-0.22000000000000003,30.0,-0.40000000000000036,E,Strand,-79.11000000000001,137.78,8.3,0.0,1.0,False,False,True,False,False,False,7.562810842939162,61.0,80.0,14.728903941893638,27.578226375690647,23.515386448099115,60.869998931884766,2.9689172820182628,-2.268
1115,LEV,2.0,1.0,R,HIGH,gyrA,90.0,gyrA_A90V,R,0.8690476190476191,A,A90V,51.400000000000006,2.4000000000000004,-0.8600000000000001,28.0,-0.040000000000000036,H,AlphaHelix,-61.829999999999984,-59.75999999999999,47.0,2.0,0.0,False,False,False,False,True,False,55.555815915240146,-64.0,82.0,14.254302173206394,5.504265622675344,10.310827336129869,40.439998626708984,1.6650776123582791,0.089
1116,LEV,8.0,3.0,R,HIGH,gyrA,90.0,gyrA_A90V,R,0.8690476190476191,A,A90V,51.400000000000006,2.4000000000000004,-0.8600000000000001,28.0,-0.040000000000000036,H,AlphaHelix,-61.829999999999984,-59.75999999999999,47.0,2.0,0.0,False,False,False,False,True,False,55.555815915240146,-64.0,82.0,14.254302173206394,5.504265622675344,10.310827336129869,40.439998626708984,1.6650776123582791,0.089
1117,LEV,8.0,3.0,R,HIGH,gyrA,90.0,gyrA_A90V,R,0.8690476190476191,A,A90V,51.400000000000006,2.4000000000000004,-0.8600000000000001,28.0,-0.040000000000000036,H,AlphaHelix,-61.829999999999984,-59.75999999999999,47.0,2.0,0.0,False,False,False,False,True,False,55.555815915240146,-64.0,82.0,14.254302173206394,5.504265622675344,10.310827336129869,40.439998626708984,1.6650776123582791,0.089
1118,LEV,>8,4.0,R,HIGH,gyrA,94.0,gyrA_D94N,R,0.8592592592592593,A,D94N,3.0,0.0,-1.9800000000000002,-1.0,2.64,H,AlphaHelix,-58.04000000000002,-41.610000000000014,97.4,1.0,1.0,False,False,False,False,True,False,88.1550888450658,56.0,75.0,18.193077591535243,7.778978962037692,14.095745809785983,46.65999984741211,1.7333416145382428,-0.347
1119,LEV,4.0,2.0,R,MEDIUM,gyrA,94.0,gyrA_D94G,R,0.8646496815286624,A,D94G,-50.99999999999999,3.1,-1.2700000000000002,-58.0,3.1999999999999997,H,AlphaHelix,-58.04000000000002,-41.610000000000014,97.4,1.0,1.0,False,False,False,False,True,False,88.1550888450658,63.0,80.0,18.193077591535243,7.778978962037692,14.095745809785983,46.65999984741211,1.7333416145382428,-0.873
1120,LEV,0.25,-2.0,S,HIGH,gyrB,501.0,gyrB_E501D,S,0.6428571428571429,B,E501D,-27.30000000000001,0.0,0.8,-14.0,-0.4500000000000002,H,AlphaHelix,-71.87,-38.54000000000002,13.6,2.0,0.0,False,False,False,False,True,False,15.369778026626971,78.0,85.0,17.92544384842089,17.867526289070224,11.782093492314347,63.0099983215332,2.23399611625198,-2.507
1121,LEV,0.25,-2.0,S,MEDIUM,gyrA,154.0,gyrA_P154R,S,1.0,A,P154R,60.7,-2.9,1.31,59.099999999999994,4.46,E,Strand,-63.26999999999998,149.75,74.5,0.0,0.0,False,False,True,False,False,False,79.18597057272785,41.0,71.0,19.225911095740965,27.73254660180666,30.131122559096102,57.20000076293945,1.6282709707753908,-0.523
1122,LEV,4.0,2.0,R,HIGH,gyrA,94.0,gyrA_D94G,R,0.8646496815286624,A,D94G,-50.99999999999999,3.1,-1.2700000000000002,-58.0,3.1999999999999997,H,AlphaHelix,-58.04000000000002,-41.610000000000014,97.4,1.0,1.0,False,False,False,False,True,False,88.1550888450658,63.0,80.0,18.193077591535243,7.778978962037692,14.095745809785983,46.65999984741211,1.7333416145382428,-0.873
1123,LEV,2.0,1.0,R,HIGH,gyrA,90.0,gyrA_A90V,R,0.8690476190476191,A,A90V,51.400000000000006,2.4000000000000004,-0.8600000000000001,28.0,-0.040000000000000036,H,AlphaHelix,-61.829999999999984,-59.75999999999999,47.0,2.0,0.0,False,False,False,False,True,False,55.555815915240146,-64.0,82.0,14.254302173206394,5.504265622675344,10.310827336129869,40.439998626708984,1.6650776123582791,0.089
1124,LEV,>8,4.0,R,HIGH,gyrA,88.0,gyrA_G88C,R,0.95,A,G88C,48.4,2.9,-0.9199999999999999,46.10000000000001,-0.8999999999999995,C,Coil,-77.02999999999997,152.43,8.6,0.0,0.0,False,True,False,False,False,False,9.936179450376525,50.0,75.0,9.383464096517303,8.798143905732672,11.185201845760195,57.560001373291016,1.9098223702260209,-0.725
1125,LEV,0.25,-2.0,S,HIGH,gyrA,472.0,gyrA_P472S,S,1.0,A,P472S,-23.700000000000003,0.8,0.64,-10.0,-0.6200000000000001,H,AlphaHelix,-59.70999999999998,-28.170000000000016,71.0,1.0,0.0,False,False,False,False,True,False,78.73791501370572,-68.0,82.0,46.353130855468216,48.26749325282632,52.90519851328242,69.8499984741211,1.6707895195538032,-1.116
1126,LEV,8.0,3.0,R,HIGH,gyrA,94.0,gyrA_D94G,R,0.8646496815286624,A,D94G,-50.99999999999999,3.1,-1.2700000000000002,-58.0,3.1999999999999997,H,AlphaHelix,-58.04000000000002,-41.610000000000014,97.4,1.0,1.0,False,False,False,False,True,False,88.1550888450658,63.0,80.0,18.193077591535243,7.778978962037692,14.095745809785983,46.65999984741211,1.7333416145382428,-0.873
1127,LEV,2.0,1.0,R,MEDIUM,gyrB,447.0,gyrB_S447F,S,0.5714285714285714,B,S447F,100.9,3.5999999999999996,-0.9099999999999999,60.099999999999994,-0.1999999999999993,C,Coil,-66.01999999999998,127.78,10.3,0.0,1.0,False,True,False,False,False,False,7.650214361327759,35.0,66.0,30.986926496507703,37.926884539701504,31.95516280373057,76.79000091552734,2.2854008237144825,-0.561
1128,LEV,8.0,3.0,R,HIGH,gyrA,94.0,gyrA_D94G,R,0.8646496815286624,A,D94G,-50.99999999999999,3.1,-1.2700000000000002,-58.0,3.1999999999999997,H,AlphaHelix,-58.04000000000002,-41.610000000000014,97.4,1.0,1.0,False,False,False,False,True,False,88.1550888450658,63.0,80.0,18.193077591535243,7.778978962037692,14.095745809785983,46.65999984741211,1.7333416145382428,-0.873
1129,LEV,>8,4.0,R,MEDIUM,gyrA,90.0,gyrA_A90V,R,0.8690476190476191,A,A90V,51.400000000000006,2.4000000000000004,-0.8600000000000001,28.0,-0.040000000000000036,H,AlphaHelix,-61.829999999999984,-59.75999999999999,47.0,2.0,0.0,False,False,False,False,True,False,55.555815915240146,-64.0,82.0,14.254302173206394,5.504265622675344,10.310827336129869,40.439998626708984,1.6650776123582791,0.089
1130,LEV,4.0,2.0,R,MEDIUM,gyrB,501.0,gyrB_E501D,S,0.6428571428571429,B,E501D,-27.30000000000001,0.0,0.8,-14.0,-0.4500000000000002,H,AlphaHelix,-71.87,-38.54000000000002,13.6,2.0,0.0,False,False,False,False,True,False,15.369778026626971,78.0,85.0,17.92544384842089,17.867526289070224,11.782093492314347,63.0099983215332,2.23399611625198,-2.507
1131,LEV,>8,4.0,R,HIGH,gyrA,94.0,gyrA_D94G,R,0.8646496815286624,A,D94G,-50.99999999999999,3.1,-1.2700000000000002,-58.0,3.1999999999999997,H,AlphaHelix,-58.04000000000002,-41.610000000000014,97.4,1.0,1.0,False,False,False,False,True,False,88.1550888450658,63.0,80.0,18.193077591535243,7.778978962037692,14.095745809785983,46.65999984741211,1.7333416145382428,-0.873
1132,LEV,>8,4.0,R,MEDIUM,gyrA,94.0,gyrA_D94N,R,0.8592592592592593,A,D94N,3.0,0.0,-1.9800000000000002,-1.0,2.64,H,AlphaHelix,-58.04000000000002,-41.610000000000014,97.4,1.0,1.0,False,False,False,False,True,False,88.1550888450658,56.0,75.0,18.193077591535243,7.778978962037692,14.095745809785983,46.65999984741211,1.7333416145382428,-0.347
1133,LEV,4.0,2.0,R,HIGH,gyrA,90.0,gyrA_A90V,R,0.8690476190476191,A,A90V,51.400000000000006,2.4000000000000004,-0.8600000000000001,28.0,-0.040000000000000036,H,AlphaHelix,-61.829999999999984,-59.75999999999999,47.0,2.0,0.0,False,False,False,False,True,False,55.555815915240146,-64.0,82.0,14.254302173206394,5.504265622675344,10.310827336129869,40.439998626708984,1.6650776123582791,0.089
1134,LEV,8.0,3.0,R,HIGH,gyrA,94.0,gyrA_D94N,R,0.8592592592592593,A,D94N,3.0,0.0,-1.9800000000000002,-1.0,2.64,H,AlphaHelix,-58.04000000000002,-41.610000000000014,97.4,1.0,1.0,False,False,False,False,True,False,88.1550888450658,56.0,75.0,18.193077591535243,7.778978962037692,14.095745809785983,46.65999984741211,1.7333416145382428,-0.347
1135,LEV,>8,4.0,R,HIGH,gyrA,94.0,gyrA_D94G,R,0.8646496815286624,A,D94G,-50.99999999999999,3.1,-1.2700000000000002,-58.0,3.1999999999999997,H,AlphaHelix,-58.04000000000002,-41.610000000000014,97.4,1.0,1.0,False,False,False,False,True,False,88.1550888450658,63.0,80.0,18.193077591535243,7.778978962037692,14.095745809785983,46.65999984741211,1.7333416145382428,-0.873
1136,LEV,>8,4.0,R,MEDIUM,gyrA,94.0,gyrA_D94N,R,0.8592592592592593,A,D94N,3.0,0.0,-1.9800000000000002,-1.0,2.64,H,AlphaHelix,-58.04000000000002,-41.610000000000014,97.4,1.0,1.0,False,False,False,False,True,False,88.1550888450658,56.0,75.0,18.193077591535243,7.778978962037692,14.095745809785983,46.65999984741211,1.7333416145382428,-0.347
1137,LEV,<=0.12,-3.06,S,HIGH,gyrA,282.0,gyrA_N282K,S,0.75,A,N282K,54.5,-0.3999999999999999,1.3800000000000001,14.099999999999994,4.33,H,AlphaHelix,-64.48000000000002,-35.73000000000002,80.0,1.0,0.0,False,False,False,False,True,False,79.79765719660747,-72.0,87.0,33.86177335120495,20.720842700256554,23.79187462782376,67.81999969482422,1.6829211647617668,-0.498
1138,LEV,2.0,1.0,R,HIGH,gyrA,94.0,gyrA_D94A,R,0.7951807228915663,A,D94A,-22.5,5.3,-2.08,-44.0,3.23,H,AlphaHelix,-58.04000000000002,-41.610000000000014,97.4,1.0,1.0,False,False,False,False,True,False,88.1550888450658,46.0,71.0,18.193077591535243,7.778978962037692,14.095745809785983,46.65999984741211,1.7333416145382428,-0.421
1139,LEV,0.5,-1.0,S,HIGH,gyrA,94.0,gyrA_D94G,R,0.8646496815286624,A,D94G,-50.99999999999999,3.1,-1.2700000000000002,-58.0,3.1999999999999997,H,AlphaHelix,-58.04000000000002,-41.610000000000014,97.4,1.0,1.0,False,False,False,False,True,False,88.1550888450658,63.0,80.0,18.193077591535243,7.778978962037692,14.095745809785983,46.65999984741211,1.7333416145382428,-0.873
1140,LEV,8.0,3.0,R,HIGH,gyrA,94.0,gyrA_D94N,R,0.8592592592592593,A,D94N,3.0,0.0,-1.9800000000000002,-1.0,2.64,H,AlphaHelix,-58.04000000000002,-41.610000000000014,97.4,1.0,1.0,False,False,False,False,True,False,88.1550888450658,56.0,75.0,18.193077591535243,7.778978962037692,14.095745809785983,46.65999984741211,1.7333416145382428,-0.347
1141,LEV,0.5,-1.0,S,HIGH,gyrB,668.0,gyrB_K668R,S,1.0,B,K668R,4.800000000000011,-0.6000000000000001,-0.81,28.0,1.0199999999999996,G,310Helix,-58.01999999999998,-23.889999999999986,163.3,0.0,0.0,False,False,False,True,False,False,167.7401654703288,-65.0,82.0,24.48438315338606,33.32582181596847,33.41696474240433,73.08999633789062,1.5099538354745605,-0.239
1142,LEV,0.5,-1.0,S,HIGH,gyrA,242.0,gyrA_D242N,S,1.0,A,D242N,3.0,0.0,-1.9800000000000002,-1.0,2.64,H,AlphaHelix,-58.60000000000002,-45.670000000000016,54.7,3.0,1.0,False,False,False,False,True,False,50.56521966219834,-77.0,87.0,39.81556262150983,35.934042493693156,39.36668000849763,59.22999954223633,2.1153999584545593,-0.593
1143,LEV,>8,4.0,R,HIGH,gyrA,94.0,gyrA_D94G,R,0.8646496815286624,A,D94G,-50.99999999999999,3.1,-1.2700000000000002,-58.0,3.1999999999999997,H,AlphaHelix,-58.04000000000002,-41.610000000000014,97.4,1.0,1.0,False,False,False,False,True,False,88.1550888450658,63.0,80.0,18.193077591535243,7.778978962037692,14.095745809785983,46.65999984741211,1.7333416145382428,-0.873
1144,LEV,8.0,3.0,R,MEDIUM,gyrA,94.0,gyrA_D94A,R,0.7951807228915663,A,D94A,-22.5,5.3,-2.08,-44.0,3.23,H,AlphaHelix,-58.04000000000002,-41.610000000000014,97.4,1.0,1.0,False,False,False,False,True,False,88.1550888450658,46.0,71.0,18.193077591535243,7.778978962037692,14.095745809785983,46.65999984741211,1.7333416145382428,-0.421
1145,LEV,0.25,-2.0,S,HIGH,gyrA,90.0,gyrA_A90V,R,0.8690476190476191,A,A90V,51.400000000000006,2.4000000000000004,-0.8600000000000001,28.0,-0.040000000000000036,H,AlphaHelix,-61.829999999999984,-59.75999999999999,47.0,2.0,0.0,False,False,False,False,True,False,55.555815915240146,-64.0,82.0,14.254302173206394,5.504265622675344,10.310827336129869,40.439998626708984,1.6650776123582791,0.089
1146,LEV,8.0,3.0,R,MEDIUM,gyrA,94.0,gyrA_D94G,R,0.8646496815286624,A,D94G,-50.99999999999999,3.1,-1.2700000000000002,-58.0,3.1999999999999997,H,AlphaHelix,-58.04000000000002,-41.610000000000014,97.4,1.0,1.0,False,False,False,False,True,False,88.1550888450658,63.0,80.0,18.193077591535243,7.778978962037692,14.095745809785983,46.65999984741211,1.7333416145382428,-0.873
1147,LEV,8.0,3.0,R,HIGH,gyrA,94.0,gyrA_D94G,R,0.8646496815286624,A,D94G,-50.99999999999999,3.1,-1.2700000000000002,-58.0,3.1999999999999997,H,AlphaHelix,-58.04000000000002,-41.610000000000014,97.4,1.0,1.0,False,False,False,False,True,False,88.1550888450658,63.0,80.0,18.193077591535243,7.778978962037692,14.095745809785983,46.65999984741211,1.7333416145382428,-0.873
1148,LEV,0.25,-2.0,S,HIGH,gyrB,508.0,gyrB_A508V,S,1.0,B,A508V,51.400000000000006,2.4000000000000004,-0.8600000000000001,28.0,-0.040000000000000036,H,AlphaHelix,-70.34000000000003,-39.19,0.0,0.0,2.0,False,False,False,False,True,False,0.0,75.0,85.0,23.907532196666804,27.451634752469634,21.118877670126352,65.5199966430664,4.40824307999007,-1.502
1149,LEV,4.0,2.0,R,MEDIUM,gyrA,90.0,gyrA_A90V,R,0.8690476190476191,A,A90V,51.400000000000006,2.4000000000000004,-0.8600000000000001,28.0,-0.040000000000000036,H,AlphaHelix,-61.829999999999984,-59.75999999999999,47.0,2.0,0.0,False,False,False,False,True,False,55.555815915240146,-64.0,82.0,14.254302173206394,5.504265622675344,10.310827336129869,40.439998626708984,1.6650776123582791,0.089
1150,LEV,4.0,2.0,R,HIGH,gyrA,94.0,gyrA_D94G,R,0.8646496815286624,A,D94G,-50.99999999999999,3.1,-1.2700000000000002,-58.0,3.1999999999999997,H,AlphaHelix,-58.04000000000002,-41.610000000000014,97.4,1.0,1.0,False,False,False,False,True,False,88.1550888450658,63.0,80.0,18.193077591535243,7.778978962037692,14.095745809785983,46.65999984741211,1.7333416145382428,-0.873
1151,LEV,>8,4.0,R,HIGH,gyrA,94.0,gyrA_D94G,R,0.8646496815286624,A,D94G,-50.99999999999999,3.1,-1.2700000000000002,-58.0,3.1999999999999997,H,AlphaHelix,-58.04000000000002,-41.610000000000014,97.4,1.0,1.0,False,False,False,False,True,False,88.1550888450658,63.0,80.0,18.193077591535243,7.778978962037692,14.095745809785983,46.65999984741211,1.7333416145382428,-0.873
1152,LEV,4.0,2.0,R,MEDIUM,gyrA,90.0,gyrA_A90V,R,0.8690476190476191,A,A90V,51.400000000000006,2.4000000000000004,-0.8600000000000001,28.0,-0.040000000000000036,H,AlphaHelix,-61.829999999999984,-59.75999999999999,47.0,2.0,0.0,False,False,False,False,True,False,55.555815915240146,-64.0,82.0,14.254302173206394,5.504265622675344,10.310827336129869,40.439998626708984,1.6650776123582791,0.089
1153,LEV,4.0,2.0,R,HIGH,gyrA,94.0,gyrA_D94G,R,0.8646496815286624,A,D94G,-50.99999999999999,3.1,-1.2700000000000002,-58.0,3.1999999999999997,H,AlphaHelix,-58.04000000000002,-41.610000000000014,97.4,1.0,1.0,False,False,False,False,True,False,88.1550888450658,63.0,80.0,18.193077591535243,7.778978962037692,14.095745809785983,46.65999984741211,1.7333416145382428,-0.873
1154,LEV,4.0,2.0,R,HIGH,gyrA,94.0,gyrA_D94A,R,0.7951807228915663,A,D94A,-22.5,5.3,-2.08,-44.0,3.23,H,AlphaHelix,-58.04000000000002,-41.610000000000014,97.4,1.0,1.0,False,False,False,False,True,False,88.1550888450658,46.0,71.0,18.193077591535243,7.778978962037692,14.095745809785983,46.65999984741211,1.7333416145382428,-0.421
1155,LEV,8.0,3.0,R,HIGH,gyrA,94.0,gyrA_D94G,R,0.8646496815286624,A,D94G,-50.99999999999999,3.1,-1.2700000000000002,-58.0,3.1999999999999997,H,AlphaHelix,-58.04000000000002,-41.610000000000014,97.4,1.0,1.0,False,False,False,False,True,False,88.1550888450658,63.0,80.0,18.193077591535243,7.778978962037692,14.095745809785983,46.65999984741211,1.7333416145382428,-0.873
1156,LEV,4.0,2.0,R,MEDIUM,gyrA,94.0,gyrA_D94G,R,0.8646496815286624,A,D94G,-50.99999999999999,3.1,-1.2700000000000002,-58.0,3.1999999999999997,H,AlphaHelix,-58.04000000000002,-41.610000000000014,97.4,1.0,1.0,False,False,False,False,True,False,88.1550888450658,63.0,80.0,18.193077591535243,7.778978962037692,14.095745809785983,46.65999984741211,1.7333416145382428,-0.873
1157,LEV,0.5,-1.0,S,HIGH,gyrA,380.0,gyrA_R380G,S,1.0,A,R380G,-113.30000000000001,4.1,0.1399999999999999,-99.1,-4.79,H,AlphaHelix,-66.54000000000002,-35.72000000000003,86.6,1.0,1.0,False,False,False,False,True,False,88.50896607573652,53.0,75.0,41.15727231398096,44.08236210627225,48.749260570913684,65.55000305175781,1.7566868175907688,-1.678
1158,LEV,2.0,1.0,R,HIGH,gyrA,94.0,gyrA_D94H,R,0.9714285714285714,A,D94H,42.099999999999994,0.2999999999999998,-1.04,22.099999999999994,4.82,H,AlphaHelix,-58.04000000000002,-41.610000000000014,97.4,1.0,1.0,False,False,False,False,True,False,88.1550888450658,79.0,85.0,18.193077591535243,7.778978962037692,14.095745809785983,46.65999984741211,1.7333416145382428,-0.36
1159,LEV,2.0,1.0,R,HIGH,gyrA,90.0,gyrA_A90V,R,0.8690476190476191,A,A90V,51.400000000000006,2.4000000000000004,-0.8600000000000001,28.0,-0.040000000000000036,H,AlphaHelix,-61.829999999999984,-59.75999999999999,47.0,2.0,0.0,False,False,False,False,True,False,55.555815915240146,-64.0,82.0,14.254302173206394,5.504265622675344,10.310827336129869,40.439998626708984,1.6650776123582791,0.089
1160,LEV,8.0,3.0,R,MEDIUM,gyrA,94.0,gyrA_D94N,R,0.8592592592592593,A,D94N,3.0,0.0,-1.9800000000000002,-1.0,2.64,H,AlphaHelix,-58.04000000000002,-41.610000000000014,97.4,1.0,1.0,False,False,False,False,True,False,88.1550888450658,56.0,75.0,18.193077591535243,7.778978962037692,14.095745809785983,46.65999984741211,1.7333416145382428,-0.347
1161,LEV,2.0,1.0,R,HIGH,gyrA,90.0,gyrA_A90V,R,0.8690476190476191,A,A90V,51.400000000000006,2.4000000000000004,-0.8600000000000001,28.0,-0.040000000000000036,H,AlphaHelix,-61.829999999999984,-59.75999999999999,47.0,2.0,0.0,False,False,False,False,True,False,55.555815915240146,-64.0,82.0,14.254302173206394,5.504265622675344,10.310827336129869,40.439998626708984,1.6650776123582791,0.089
1162,LEV,>8,4.0,R,MEDIUM,gyrA,88.0,gyrA_G88C,R,0.95,A,G88C,48.4,2.9,-0.9199999999999999,46.10000000000001,-0.8999999999999995,C,Coil,-77.02999999999997,152.43,8.6,0.0,0.0,False,True,False,False,False,False,9.936179450376525,50.0,75.0,9.383464096517303,8.798143905732672,11.185201845760195,57.560001373291016,1.9098223702260209,-0.725
1163,LEV,0.25,-2.0,S,MEDIUM,gyrA,94.0,gyrA_D94G,R,0.8646496815286624,A,D94G,-50.99999999999999,3.1,-1.2700000000000002,-58.0,3.1999999999999997,H,AlphaHelix,-58.04000000000002,-41.610000000000014,97.4,1.0,1.0,False,False,False,False,True,False,88.1550888450658,63.0,80.0,18.193077591535243,7.778978962037692,14.095745809785983,46.65999984741211,1.7333416145382428,-0.873
1164,LEV,4.0,2.0,R,HIGH,gyrA,90.0,gyrA_A90V,R,0.8690476190476191,A,A90V,51.400000000000006,2.4000000000000004,-0.8600000000000001,28.0,-0.040000000000000036,H,AlphaHelix,-61.829999999999984,-59.75999999999999,47.0,2.0,0.0,False,False,False,False,True,False,55.555815915240146,-64.0,82.0,14.254302173206394,5.504265622675344,10.310827336129869,40.439998626708984,1.6650776123582791,0.089
1165,LEV,4.0,2.0,R,MEDIUM,gyrA,94.0,gyrA_D94Y,R,0.9285714285714286,A,D94Y,82.5,2.2,-2.18,48.099999999999994,2.89,H,AlphaHelix,-58.04000000000002,-41.610000000000014,97.4,1.0,1.0,False,False,False,False,True,False,88.1550888450658,81.0,91.0,18.193077591535243,7.778978962037692,14.095745809785983,46.65999984741211,1.7333416145382428,-0.376
1166,LEV,4.0,2.0,R,HIGH,gyrA,89.0,gyrA_D89N,R,0.75,A,D89N,3.0,0.0,-1.9800000000000002,-1.0,2.64,H,AlphaHelix,-67.79000000000002,-35.15999999999997,27.1,1.0,0.0,False,False,False,False,True,False,24.84916086555452,54.0,75.0,13.151139616440242,8.990678251217595,12.761681856622465,49.52000045776367,2.2988834846000192,-0.812
1167,LEV,>8,4.0,R,HIGH,gyrA,90.0,gyrA_A90V,R,0.8690476190476191,A,A90V,51.400000000000006,2.4000000000000004,-0.8600000000000001,28.0,-0.040000000000000036,H,AlphaHelix,-61.829999999999984,-59.75999999999999,47.0,2.0,0.0,False,False,False,False,True,False,55.555815915240146,-64.0,82.0,14.254302173206394,5.504265622675344,10.310827336129869,40.439998626708984,1.6650776123582791,0.089
1168,LEV,8.0,3.0,R,HIGH,gyrA,94.0,gyrA_D94G,R,0.8646496815286624,A,D94G,-50.99999999999999,3.1,-1.2700000000000002,-58.0,3.1999999999999997,H,AlphaHelix,-58.04000000000002,-41.610000000000014,97.4,1.0,1.0,False,False,False,False,True,False,88.1550888450658,63.0,80.0,18.193077591535243,7.778978962037692,14.095745809785983,46.65999984741211,1.7333416145382428,-0.873
1169,LEV,2.0,1.0,R,HIGH,gyrA,91.0,gyrA_S91P,R,0.8524590163934426,A,S91P,23.700000000000003,-0.8,-0.64,10.0,0.6200000000000001,H,AlphaHelix,-67.14999999999998,-27.149999999999977,64.8,1.0,0.0,False,False,False,False,True,False,65.22815545163408,63.0,80.0,13.370520192722235,5.421428426386811,10.72875108867804,47.63999938964844,1.5284537092505912,-0.125
1170,LEV,1.0,0.0,S,HIGH,gyrA,472.0,gyrA_P472S,S,1.0,A,P472S,-23.700000000000003,0.8,0.64,-10.0,-0.6200000000000001,H,AlphaHelix,-59.70999999999998,-28.170000000000016,71.0,1.0,0.0,False,False,False,False,True,False,78.73791501370572,-68.0,82.0,46.353130855468216,48.26749325282632,52.90519851328242,69.8499984741211,1.6707895195538032,-1.116
1171,LEV,<=0.12,-3.06,S,HIGH,gyrA,481.0,gyrA_D481A,S,1.0,A,D481A,-22.5,5.3,-2.08,-44.0,3.23,H,AlphaHelix,-68.02999999999997,-43.39999999999998,89.0,1.0,1.0,False,False,False,False,True,False,77.66519293994125,-82.0,93.0,45.07367122936,42.83213591309488,48.49897001270041,68.87000274658203,1.7758179992275929,-0.439
1172,LEV,4.0,2.0,R,HIGH,gyrA,90.0,gyrA_A90V,R,0.8690476190476191,A,A90V,51.400000000000006,2.4000000000000004,-0.8600000000000001,28.0,-0.040000000000000036,H,AlphaHelix,-61.829999999999984,-59.75999999999999,47.0,2.0,0.0,False,False,False,False,True,False,55.555815915240146,-64.0,82.0,14.254302173206394,5.504265622675344,10.310827336129869,40.439998626708984,1.6650776123582791,0.089
1173,LEV,4.0,2.0,R,HIGH,gyrA,94.0,gyrA_D94G,R,0.8646496815286624,A,D94G,-50.99999999999999,3.1,-1.2700000000000002,-58.0,3.1999999999999997,H,AlphaHelix,-58.04000000000002,-41.610000000000014,97.4,1.0,1.0,False,False,False,False,True,False,88.1550888450658,63.0,80.0,18.193077591535243,7.778978962037692,14.095745809785983,46.65999984741211,1.7333416145382428,-0.873
1174,LEV,0.5,-1.0,S,MEDIUM,gyrA,466.0,gyrA_E466A,S,1.0,A,E466A,-49.80000000000001,5.3,-1.28,-58.0,2.78,H,AlphaHelix,-58.170000000000016,-38.50999999999999,110.1,2.0,1.0,False,False,False,False,True,False,95.00349445805136,-44.0,72.0,48.58474495653783,51.71542841070825,56.344726921876486,79.5199966430664,1.8309903150745872,-0.352
1175,LEV,0.25,-2.0,S,HIGH,gyrA,272.0,gyrA_T272I,S,1.0,A,T272I,50.599999999999994,5.2,-0.92,12.099999999999994,0.41999999999999993,E,Strand,-112.11000000000001,-12.70999999999998,37.5,0.0,1.0,False,False,True,False,False,False,40.96354945026428,50.0,75.0,43.99068348189916,31.39754186299001,36.279724066703395,56.79999923706055,2.141009499133353,-0.384
1176,LEV,>8,4.0,R,HIGH,gyrA,94.0,gyrA_D94G,R,0.8646496815286624,A,D94G,-50.99999999999999,3.1,-1.2700000000000002,-58.0,3.1999999999999997,H,AlphaHelix,-58.04000000000002,-41.610000000000014,97.4,1.0,1.0,False,False,False,False,True,False,88.1550888450658,63.0,80.0,18.193077591535243,7.778978962037692,14.095745809785983,46.65999984741211,1.7333416145382428,-0.873
1177,LEV,4.0,2.0,R,HIGH,gyrA,94.0,gyrA_D94G,R,0.8646496815286624,A,D94G,-50.99999999999999,3.1,-1.2700000000000002,-58.0,3.1999999999999997,H,AlphaHelix,-58.04000000000002,-41.610000000000014,97.4,1.0,1.0,False,False,False,False,True,False,88.1550888450658,63.0,80.0,18.193077591535243,7.778978962037692,14.095745809785983,46.65999984741211,1.7333416145382428,-0.873
1178,LEV,2.0,1.0,R,HIGH,gyrA,90.0,gyrA_A90V,R,0.8690476190476191,A,A90V,51.400000000000006,2.4000000000000004,-0.8600000000000001,28.0,-0.040000000000000036,H,AlphaHelix,-61.829999999999984,-59.75999999999999,47.0,2.0,0.0,False,False,False,False,True,False,55.555815915240146,-64.0,82.0,14.254302173206394,5.504265622675344,10.310827336129869,40.439998626708984,1.6650776123582791,0.089
1179,LEV,4.0,2.0,R,MEDIUM,gyrA,94.0,gyrA_D94G,R,0.8646496815286624,A,D94G,-50.99999999999999,3.1,-1.2700000000000002,-58.0,3.1999999999999997,H,AlphaHelix,-58.04000000000002,-41.610000000000014,97.4,1.0,1.0,False,False,False,False,True,False,88.1550888450658,63.0,80.0,18.193077591535243,7.778978962037692,14.095745809785983,46.65999984741211,1.7333416145382428,-0.873
1180,LEV,0.25,-2.0,S,HIGH,gyrA,94.0,gyrA_D94G,R,0.8646496815286624,A,D94G,-50.99999999999999,3.1,-1.2700000000000002,-58.0,3.1999999999999997,H,AlphaHelix,-58.04000000000002,-41.610000000000014,97.4,1.0,1.0,False,False,False,False,True,False,88.1550888450658,63.0,80.0,18.193077591535243,7.778978962037692,14.095745809785983,46.65999984741211,1.7333416145382428,-0.873
1181,LEV,2.0,1.0,R,MEDIUM,gyrA,94.0,gyrA_D94N,R,0.8592592592592593,A,D94N,3.0,0.0,-1.9800000000000002,-1.0,2.64,H,AlphaHelix,-58.04000000000002,-41.610000000000014,97.4,1.0,1.0,False,False,False,False,True,False,88.1550888450658,56.0,75.0,18.193077591535243,7.778978962037692,14.095745809785983,46.65999984741211,1.7333416145382428,-0.347
1182,LEV,4.0,2.0,R,HIGH,gyrA,94.0,gyrA_D94G,R,0.8646496815286624,A,D94G,-50.99999999999999,3.1,-1.2700000000000002,-58.0,3.1999999999999997,H,AlphaHelix,-58.04000000000002,-41.610000000000014,97.4,1.0,1.0,False,False,False,False,True,False,88.1550888450658,63.0,80.0,18.193077591535243,7.778978962037692,14.095745809785983,46.65999984741211,1.7333416145382428,-0.873
1183,LEV,4.0,2.0,R,HIGH,gyrA,90.0,gyrA_A90V,R,0.8690476190476191,A,A90V,51.400000000000006,2.4000000000000004,-0.8600000000000001,28.0,-0.040000000000000036,H,AlphaHelix,-61.829999999999984,-59.75999999999999,47.0,2.0,0.0,False,False,False,False,True,False,55.555815915240146,-64.0,82.0,14.254302173206394,5.504265622675344,10.310827336129869,40.439998626708984,1.6650776123582791,0.089
1184,LEV,8.0,3.0,R,MEDIUM,gyrA,94.0,gyrA_D94G,R,0.8646496815286624,A,D94G,-50.99999999999999,3.1,-1.2700000000000002,-58.0,3.1999999999999997,H,AlphaHelix,-58.04000000000002,-41.610000000000014,97.4,1.0,1.0,False,False,False,False,True,False,88.1550888450658,63.0,80.0,18.193077591535243,7.778978962037692,14.095745809785983,46.65999984741211,1.7333416145382428,-0.873
1185,LEV,1.0,0.0,S,MEDIUM,gyrA,94.0,gyrA_D94A,R,0.7951807228915663,A,D94A,-22.5,5.3,-2.08,-44.0,3.23,H,AlphaHelix,-58.04000000000002,-41.610000000000014,97.4,1.0,1.0,False,False,False,False,True,False,88.1550888450658,46.0,71.0,18.193077591535243,7.778978962037692,14.095745809785983,46.65999984741211,1.7333416145382428,-0.421
1186,LEV,8.0,3.0,R,HIGH,gyrA,94.0,gyrA_D94H,R,0.9714285714285714,A,D94H,42.099999999999994,0.2999999999999998,-1.04,22.099999999999994,4.82,H,AlphaHelix,-58.04000000000002,-41.610000000000014,97.4,1.0,1.0,False,False,False,False,True,False,88.1550888450658,79.0,85.0,18.193077591535243,7.778978962037692,14.095745809785983,46.65999984741211,1.7333416145382428,-0.36
1187,LEV,0.5,-1.0,S,HIGH,gyrA,193.0,gyrA_N193S,S,1.0,A,N193S,-25.099999999999994,2.7,-0.09999999999999998,-27.0,0.2699999999999996,C,Coil,-78.75,123.63,5.4,2.0,0.0,False,True,False,False,False,False,3.9785882839510753,-22.0,61.0,38.286532913756595,31.644021592511656,37.267766220385276,50.119998931884766,3.1142630176941593,-1.229
1188,LEV,4.0,2.0,R,MEDIUM,gyrA,94.0,gyrA_D94Y,R,0.9285714285714286,A,D94Y,82.5,2.2,-2.18,48.099999999999994,2.89,H,AlphaHelix,-58.04000000000002,-41.610000000000014,97.4,1.0,1.0,False,False,False,False,True,False,88.1550888450658,81.0,91.0,18.193077591535243,7.778978962037692,14.095745809785983,46.65999984741211,1.7333416145382428,-0.376
1189,LEV,>8,4.0,R,MEDIUM,gyrA,94.0,gyrA_D94N,R,0.8592592592592593,A,D94N,3.0,0.0,-1.9800000000000002,-1.0,2.64,H,AlphaHelix,-58.04000000000002,-41.610000000000014,97.4,1.0,1.0,False,False,False,False,True,False,88.1550888450658,56.0,75.0,18.193077591535243,7.778978962037692,14.095745809785983,46.65999984741211,1.7333416145382428,-0.347
1190,LEV,0.25,-2.0,S,HIGH,gyrA,223.0,gyrA_V223I,S,1.0,A,V223I,26.69999999999999,0.2999999999999998,-0.28,14.099999999999994,0.05999999999999961,C,Coil,-86.38999999999999,98.73,0.6,0.0,1.0,False,True,False,False,False,False,0.6983986458148704,-96.0,97.0,41.608036342595504,36.61119006688908,41.64774951730356,48.58000183105469,3.980985694826388,0.627
1191,LEV,4.0,2.0,R,HIGH,gyrA,90.0,gyrA_A90V,R,0.8690476190476191,A,A90V,51.400000000000006,2.4000000000000004,-0.8600000000000001,28.0,-0.040000000000000036,H,AlphaHelix,-61.829999999999984,-59.75999999999999,47.0,2.0,0.0,False,False,False,False,True,False,55.555815915240146,-64.0,82.0,14.254302173206394,5.504265622675344,10.310827336129869,40.439998626708984,1.6650776123582791,0.089
1192,LEV,0.5,-1.0,S,HIGH,gyrB,434.0,gyrB_D434G,S,1.0,B,D434G,-50.99999999999999,3.1,-1.2700000000000002,-58.0,3.1999999999999997,,,,,,,,,,,,,,0.0,-3.0,53.0,,,,,,
1193,LEV,>8,4.0,R,HIGH,gyrA,94.0,gyrA_D94G,R,0.8646496815286624,A,D94G,-50.99999999999999,3.1,-1.2700000000000002,-58.0,3.1999999999999997,H,AlphaHelix,-58.04000000000002,-41.610000000000014,97.4,1.0,1.0,False,False,False,False,True,False,88.1550888450658,63.0,80.0,18.193077591535243,7.778978962037692,14.095745809785983,46.65999984741211,1.7333416145382428,-0.873
1194,LEV,8.0,3.0,R,MEDIUM,gyrA,94.0,gyrA_D94G,R,0.8646496815286624,A,D94G,-50.99999999999999,3.1,-1.2700000000000002,-58.0,3.1999999999999997,H,AlphaHelix,-58.04000000000002,-41.610000000000014,97.4,1.0,1.0,False,False,False,False,True,False,88.1550888450658,63.0,80.0,18.193077591535243,7.778978962037692,14.095745809785983,46.65999984741211,1.7333416145382428,-0.873
1195,LEV,8.0,3.0,R,MEDIUM,gyrA,90.0,gyrA_A90V,R,0.8690476190476191,A,A90V,51.400000000000006,2.4000000000000004,-0.8600000000000001,28.0,-0.040000000000000036,H,AlphaHelix,-61.829999999999984,-59.75999999999999,47.0,2.0,0.0,False,False,False,False,True,False,55.555815915240146,-64.0,82.0,14.254302173206394,5.504265622675344,10.310827336129869,40.439998626708984,1.6650776123582791,0.089
1196,LEV,4.0,2.0,R,HIGH,gyrA,94.0,gyrA_D94G,R,0.8646496815286624,A,D94G,-50.99999999999999,3.1,-1.2700000000000002,-58.0,3.1999999999999997,H,AlphaHelix,-58.04000000000002,-41.610000000000014,97.4,1.0,1.0,False,False,False,False,True,False,88.1550888450658,63.0,80.0,18.193077591535243,7.778978962037692,14.095745809785983,46.65999984741211,1.7333416145382428,-0.873
1197,LEV,1.0,0.0,S,HIGH,gyrB,434.0,gyrB_D434G,S,1.0,B,D434G,-50.99999999999999,3.1,-1.2700000000000002,-58.0,3.1999999999999997,,,,,,,,,,,,,,0.0,-3.0,53.0,,,,,,
1198,LEV,0.5,-1.0,S,HIGH,gyrA,193.0,gyrA_N193S,S,1.0,A,N193S,-25.099999999999994,2.7,-0.09999999999999998,-27.0,0.2699999999999996,C,Coil,-78.75,123.63,5.4,2.0,0.0,False,True,False,False,False,False,3.9785882839510753,-22.0,61.0,38.286532913756595,31.644021592511656,37.267766220385276,50.119998931884766,3.1142630176941593,-1.229
1199,LEV,>8,4.0,R,HIGH,gyrA,94.0,gyrA_D94G,R,0.8646496815286624,A,D94G,-50.99999999999999,3.1,-1.2700000000000002,-58.0,3.1999999999999997,H,AlphaHelix,-58.04000000000002,-41.610000000000014,97.4,1.0,1.0,False,False,False,False,True,False,88.1550888450658,63.0,80.0,18.193077591535243,7.778978962037692,14.095745809785983,46.65999984741211,1.7333416145382428,-0.873
1200,LEV,8.0,3.0,R,HIGH,gyrA,94.0,gyrA_D94G,R,0.8646496815286624,A,D94G,-50.99999999999999,3.1,-1.2700000000000002,-58.0,3.1999999999999997,H,AlphaHelix,-58.04000000000002,-41.610000000000014,97.4,1.0,1.0,False,False,False,False,True,False,88.1550888450658,63.0,80.0,18.193077591535243,7.778978962037692,14.095745809785983,46.65999984741211,1.7333416145382428,-0.873
1201,LEV,>8,4.0,R,MEDIUM,gyrA,94.0,gyrA_D94H,R,0.9714285714285714,A,D94H,42.099999999999994,0.2999999999999998,-1.04,22.099999999999994,4.82,H,AlphaHelix,-58.04000000000002,-41.610000000000014,97.4,1.0,1.0,False,False,False,False,True,False,88.1550888450658,79.0,85.0,18.193077591535243,7.778978962037692,14.095745809785983,46.65999984741211,1.7333416145382428,-0.36
1202,LEV,8.0,3.0,R,HIGH,gyrB,501.0,gyrB_E501D,S,0.6428571428571429,B,E501D,-27.30000000000001,0.0,0.8,-14.0,-0.4500000000000002,H,AlphaHelix,-71.87,-38.54000000000002,13.6,2.0,0.0,False,False,False,False,True,False,15.369778026626971,78.0,85.0,17.92544384842089,17.867526289070224,11.782093492314347,63.0099983215332,2.23399611625198,-2.507
1203,LEV,2.0,1.0,R,HIGH,gyrA,90.0,gyrA_A90V,R,0.8690476190476191,A,A90V,51.400000000000006,2.4000000000000004,-0.8600000000000001,28.0,-0.040000000000000036,H,AlphaHelix,-61.829999999999984,-59.75999999999999,47.0,2.0,0.0,False,False,False,False,True,False,55.555815915240146,-64.0,82.0,14.254302173206394,5.504265622675344,10.310827336129869,40.439998626708984,1.6650776123582791,0.089
1204,LEV,8.0,3.0,R,HIGH,gyrA,94.0,gyrA_D94G,R,0.8646496815286624,A,D94G,-50.99999999999999,3.1,-1.2700000000000002,-58.0,3.1999999999999997,H,AlphaHelix,-58.04000000000002,-41.610000000000014,97.4,1.0,1.0,False,False,False,False,True,False,88.1550888450658,63.0,80.0,18.193077591535243,7.778978962037692,14.095745809785983,46.65999984741211,1.7333416145382428,-0.873
1205,LEV,4.0,2.0,R,HIGH,gyrA,90.0,gyrA_A90V,R,0.8690476190476191,A,A90V,51.400000000000006,2.4000000000000004,-0.8600000000000001,28.0,-0.040000000000000036,H,AlphaHelix,-61.829999999999984,-59.75999999999999,47.0,2.0,0.0,False,False,False,False,True,False,55.555815915240146,-64.0,82.0,14.254302173206394,5.504265622675344,10.310827336129869,40.439998626708984,1.6650776123582791,0.089
1206,LEV,8.0,3.0,R,HIGH,gyrA,94.0,gyrA_D94G,R,0.8646496815286624,A,D94G,-50.99999999999999,3.1,-1.2700000000000002,-58.0,3.1999999999999997,H,AlphaHelix,-58.04000000000002,-41.610000000000014,97.4,1.0,1.0,False,False,False,False,True,False,88.1550888450658,63.0,80.0,18.193077591535243,7.778978962037692,14.095745809785983,46.65999984741211,1.7333416145382428,-0.873
1207,LEV,1.0,0.0,S,HIGH,gyrA,94.0,gyrA_D94G,R,0.8646496815286624,A,D94G,-50.99999999999999,3.1,-1.2700000000000002,-58.0,3.1999999999999997,H,AlphaHelix,-58.04000000000002,-41.610000000000014,97.4,1.0,1.0,False,False,False,False,True,False,88.1550888450658,63.0,80.0,18.193077591535243,7.778978962037692,14.095745809785983,46.65999984741211,1.7333416145382428,-0.873
1208,LEV,4.0,2.0,R,HIGH,gyrA,94.0,gyrA_D94N,R,0.8592592592592593,A,D94N,3.0,0.0,-1.9800000000000002,-1.0,2.64,H,AlphaHelix,-58.04000000000002,-41.610000000000014,97.4,1.0,1.0,False,False,False,False,True,False,88.1550888450658,56.0,75.0,18.193077591535243,7.778978962037692,14.095745809785983,46.65999984741211,1.7333416145382428,-0.347
1209,LEV,4.0,2.0,R,MEDIUM,gyrA,94.0,gyrA_D94G,R,0.8646496815286624,A,D94G,-50.99999999999999,3.1,-1.2700000000000002,-58.0,3.1999999999999997,H,AlphaHelix,-58.04000000000002,-41.610000000000014,97.4,1.0,1.0,False,False,False,False,True,False,88.1550888450658,63.0,80.0,18.193077591535243,7.778978962037692,14.095745809785983,46.65999984741211,1.7333416145382428,-0.873
1210,LEV,4.0,2.0,R,HIGH,gyrA,94.0,gyrA_D94G,R,0.8646496815286624,A,D94G,-50.99999999999999,3.1,-1.2700000000000002,-58.0,3.1999999999999997,H,AlphaHelix,-58.04000000000002,-41.610000000000014,97.4,1.0,1.0,False,False,False,False,True,False,88.1550888450658,63.0,80.0,18.193077591535243,7.778978962037692,14.095745809785983,46.65999984741211,1.7333416145382428,-0.873
1211,LEV,2.0,1.0,R,MEDIUM,gyrA,94.0,gyrA_D94A,R,0.7951807228915663,A,D94A,-22.5,5.3,-2.08,-44.0,3.23,H,AlphaHelix,-58.04000000000002,-41.610000000000014,97.4,1.0,1.0,False,False,False,False,True,False,88.1550888450658,46.0,71.0,18.193077591535243,7.778978962037692,14.095745809785983,46.65999984741211,1.7333416145382428,-0.421
1212,LEV,8.0,3.0,R,HIGH,gyrA,94.0,gyrA_D94A,R,0.7951807228915663,A,D94A,-22.5,5.3,-2.08,-44.0,3.23,H,AlphaHelix,-58.04000000000002,-41.610000000000014,97.4,1.0,1.0,False,False,False,False,True,False,88.1550888450658,46.0,71.0,18.193077591535243,7.778978962037692,14.095745809785983,46.65999984741211,1.7333416145382428,-0.421
1213,LEV,>8,4.0,R,HIGH,gyrA,94.0,gyrA_D94G,R,0.8646496815286624,A,D94G,-50.99999999999999,3.1,-1.2700000000000002,-58.0,3.1999999999999997,H,AlphaHelix,-58.04000000000002,-41.610000000000014,97.4,1.0,1.0,False,False,False,False,True,False,88.1550888450658,63.0,80.0,18.193077591535243,7.778978962037692,14.095745809785983,46.65999984741211,1.7333416145382428,-0.873
1214,LEV,8.0,3.0,R,MEDIUM,gyrA,94.0,gyrA_D94G,R,0.8646496815286624,A,D94G,-50.99999999999999,3.1,-1.2700000000000002,-58.0,3.1999999999999997,H,AlphaHelix,-58.04000000000002,-41.610000000000014,97.4,1.0,1.0,False,False,False,False,True,False,88.1550888450658,63.0,80.0,18.193077591535243,7.778978962037692,14.095745809785983,46.65999984741211,1.7333416145382428,-0.873
1215,LEV,2.0,1.0,R,MEDIUM,gyrA,90.0,gyrA_A90V,R,0.8690476190476191,A,A90V,51.400000000000006,2.4000000000000004,-0.8600000000000001,28.0,-0.040000000000000036,H,AlphaHelix,-61.829999999999984,-59.75999999999999,47.0,2.0,0.0,False,False,False,False,True,False,55.555815915240146,-64.0,82.0,14.254302173206394,5.504265622675344,10.310827336129869,40.439998626708984,1.6650776123582791,0.089
1216,LEV,>8,4.0,R,HIGH,gyrA,94.0,gyrA_D94G,R,0.8646496815286624,A,D94G,-50.99999999999999,3.1,-1.2700000000000002,-58.0,3.1999999999999997,H,AlphaHelix,-58.04000000000002,-41.610000000000014,97.4,1.0,1.0,False,False,False,False,True,False,88.1550888450658,63.0,80.0,18.193077591535243,7.778978962037692,14.095745809785983,46.65999984741211,1.7333416145382428,-0.873
1217,LEV,>8,4.0,R,HIGH,gyrA,94.0,gyrA_D94G,R,0.8646496815286624,A,D94G,-50.99999999999999,3.1,-1.2700000000000002,-58.0,3.1999999999999997,H,AlphaHelix,-58.04000000000002,-41.610000000000014,97.4,1.0,1.0,False,False,False,False,True,False,88.1550888450658,63.0,80.0,18.193077591535243,7.778978962037692,14.095745809785983,46.65999984741211,1.7333416145382428,-0.873
1218,LEV,8.0,3.0,R,HIGH,gyrA,94.0,gyrA_D94G,R,0.8646496815286624,A,D94G,-50.99999999999999,3.1,-1.2700000000000002,-58.0,3.1999999999999997,H,AlphaHelix,-58.04000000000002,-41.610000000000014,97.4,1.0,1.0,False,False,False,False,True,False,88.1550888450658,63.0,80.0,18.193077591535243,7.778978962037692,14.095745809785983,46.65999984741211,1.7333416145382428,-0.873
1219,LEV,0.25,-2.0,S,HIGH,gyrA,267.0,gyrA_T267I,S,0.9166666666666666,A,T267I,50.599999999999994,5.2,-0.92,12.099999999999994,0.41999999999999993,E,Strand,-110.84,147.57,41.6,1.0,0.0,False,False,True,False,False,False,44.1202990107675,-63.0,82.0,57.16622537844849,43.89582496101522,47.524606108481976,101.37999725341797,1.7631484448394852,-0.037
1220,LEV,>8,4.0,R,MEDIUM,gyrA,94.0,gyrA_D94Y,R,0.9285714285714286,A,D94Y,82.5,2.2,-2.18,48.099999999999994,2.89,H,AlphaHelix,-58.04000000000002,-41.610000000000014,97.4,1.0,1.0,False,False,False,False,True,False,88.1550888450658,81.0,91.0,18.193077591535243,7.778978962037692,14.095745809785983,46.65999984741211,1.7333416145382428,-0.376
1221,LEV,>8,4.0,R,HIGH,gyrA,94.0,gyrA_D94G,R,0.8646496815286624,A,D94G,-50.99999999999999,3.1,-1.2700000000000002,-58.0,3.1999999999999997,H,AlphaHelix,-58.04000000000002,-41.610000000000014,97.4,1.0,1.0,False,False,False,False,True,False,88.1550888450658,63.0,80.0,18.193077591535243,7.778978962037692,14.095745809785983,46.65999984741211,1.7333416145382428,-0.873
1222,LEV,1.0,0.0,S,MEDIUM,gyrA,94.0,gyrA_D94G,R,0.8646496815286624,A,D94G,-50.99999999999999,3.1,-1.2700000000000002,-58.0,3.1999999999999997,H,AlphaHelix,-58.04000000000002,-41.610000000000014,97.4,1.0,1.0,False,False,False,False,True,False,88.1550888450658,63.0,80.0,18.193077591535243,7.778978962037692,14.095745809785983,46.65999984741211,1.7333416145382428,-0.873
1223,LEV,8.0,3.0,R,HIGH,gyrA,94.0,gyrA_D94G,R,0.8646496815286624,A,D94G,-50.99999999999999,3.1,-1.2700000000000002,-58.0,3.1999999999999997,H,AlphaHelix,-58.04000000000002,-41.610000000000014,97.4,1.0,1.0,False,False,False,False,True,False,88.1550888450658,63.0,80.0,18.193077591535243,7.778978962037692,14.095745809785983,46.65999984741211,1.7333416145382428,-0.873
1224,LEV,2.0,1.0,R,HIGH,gyrA,90.0,gyrA_A90V,R,0.8690476190476191,A,A90V,51.400000000000006,2.4000000000000004,-0.8600000000000001,28.0,-0.040000000000000036,H,AlphaHelix,-61.829999999999984,-59.75999999999999,47.0,2.0,0.0,False,False,False,False,True,False,55.555815915240146,-64.0,82.0,14.254302173206394,5.504265622675344,10.310827336129869,40.439998626708984,1.6650776123582791,0.089
1225,LEV,2.0,1.0,R,MEDIUM,gyrA,94.0,gyrA_D94A,R,0.7951807228915663,A,D94A,-22.5,5.3,-2.08,-44.0,3.23,H,AlphaHelix,-58.04000000000002,-41.610000000000014,97.4,1.0,1.0,False,False,False,False,True,False,88.1550888450658,46.0,71.0,18.193077591535243,7.778978962037692,14.095745809785983,46.65999984741211,1.7333416145382428,-0.421
1226,LEV,8.0,3.0,R,HIGH,gyrA,94.0,gyrA_D94Y,R,0.9285714285714286,A,D94Y,82.5,2.2,-2.18,48.099999999999994,2.89,H,AlphaHelix,-58.04000000000002,-41.610000000000014,97.4,1.0,1.0,False,False,False,False,True,False,88.1550888450658,81.0,91.0,18.193077591535243,7.778978962037692,14.095745809785983,46.65999984741211,1.7333416145382428,-0.376
1227,LEV,>8,4.0,R,HIGH,gyrA,94.0,gyrA_D94G,R,0.8646496815286624,A,D94G,-50.99999999999999,3.1,-1.2700000000000002,-58.0,3.1999999999999997,H,AlphaHelix,-58.04000000000002,-41.610000000000014,97.4,1.0,1.0,False,False,False,False,True,False,88.1550888450658,63.0,80.0,18.193077591535243,7.778978962037692,14.095745809785983,46.65999984741211,1.7333416145382428,-0.873
1228,LEV,2.0,1.0,R,HIGH,gyrA,94.0,gyrA_D94A,R,0.7951807228915663,A,D94A,-22.5,5.3,-2.08,-44.0,3.23,H,AlphaHelix,-58.04000000000002,-41.610000000000014,97.4,1.0,1.0,False,False,False,False,True,False,88.1550888450658,46.0,71.0,18.193077591535243,7.778978962037692,14.095745809785983,46.65999984741211,1.7333416145382428,-0.421
1229,LEV,8.0,3.0,R,HIGH,gyrA,94.0,gyrA_D94Y,R,0.9285714285714286,A,D94Y,82.5,2.2,-2.18,48.099999999999994,2.89,H,AlphaHelix,-58.04000000000002,-41.610000000000014,97.4,1.0,1.0,False,False,False,False,True,False,88.1550888450658,81.0,91.0,18.193077591535243,7.778978962037692,14.095745809785983,46.65999984741211,1.7333416145382428,-0.376
1230,LEV,0.25,-2.0,S,HIGH,gyrA,90.0,gyrA_A90V,R,0.8690476190476191,A,A90V,51.400000000000006,2.4000000000000004,-0.8600000000000001,28.0,-0.040000000000000036,H,AlphaHelix,-61.829999999999984,-59.75999999999999,47.0,2.0,0.0,False,False,False,False,True,False,55.555815915240146,-64.0,82.0,14.254302173206394,5.504265622675344,10.310827336129869,40.439998626708984,1.6650776123582791,0.089
1231,LEV,>8,4.0,R,HIGH,gyrA,94.0,gyrA_D94G,R,0.8646496815286624,A,D94G,-50.99999999999999,3.1,-1.2700000000000002,-58.0,3.1999999999999997,H,AlphaHelix,-58.04000000000002,-41.610000000000014,97.4,1.0,1.0,False,False,False,False,True,False,88.1550888450658,63.0,80.0,18.193077591535243,7.778978962037692,14.095745809785983,46.65999984741211,1.7333416145382428,-0.873
1232,LEV,8.0,3.0,R,HIGH,gyrA,94.0,gyrA_D94G,R,0.8646496815286624,A,D94G,-50.99999999999999,3.1,-1.2700000000000002,-58.0,3.1999999999999997,H,AlphaHelix,-58.04000000000002,-41.610000000000014,97.4,1.0,1.0,False,False,False,False,True,False,88.1550888450658,63.0,80.0,18.193077591535243,7.778978962037692,14.095745809785983,46.65999984741211,1.7333416145382428,-0.873
1233,LEV,>8,4.0,R,MEDIUM,gyrA,94.0,gyrA_D94H,R,0.9714285714285714,A,D94H,42.099999999999994,0.2999999999999998,-1.04,22.099999999999994,4.82,H,AlphaHelix,-58.04000000000002,-41.610000000000014,97.4,1.0,1.0,False,False,False,False,True,False,88.1550888450658,79.0,85.0,18.193077591535243,7.778978962037692,14.095745809785983,46.65999984741211,1.7333416145382428,-0.36
1234,LEV,8.0,3.0,R,HIGH,gyrA,94.0,gyrA_D94H,R,0.9714285714285714,A,D94H,42.099999999999994,0.2999999999999998,-1.04,22.099999999999994,4.82,H,AlphaHelix,-58.04000000000002,-41.610000000000014,97.4,1.0,1.0,False,False,False,False,True,False,88.1550888450658,79.0,85.0,18.193077591535243,7.778978962037692,14.095745809785983,46.65999984741211,1.7333416145382428,-0.36
1235,LEV,4.0,2.0,R,MEDIUM,gyrA,94.0,gyrA_D94Y,R,0.9285714285714286,A,D94Y,82.5,2.2,-2.18,48.099999999999994,2.89,H,AlphaHelix,-58.04000000000002,-41.610000000000014,97.4,1.0,1.0,False,False,False,False,True,False,88.1550888450658,81.0,91.0,18.193077591535243,7.778978962037692,14.095745809785983,46.65999984741211,1.7333416145382428,-0.376
1236,LEV,0.5,-1.0,S,HIGH,gyrA,296.0,gyrA_L296P,S,1.0,A,L296P,-53.999999999999986,-5.4,0.37999999999999995,-16.099999999999994,0.3199999999999994,T,Turn,-125.38,61.34,3.1,1.0,1.0,False,False,False,False,False,True,2.3395371508822462,29.0,63.0,48.23060301784194,36.23009584701891,38.23731371192572,88.44000244140625,3.103329357635494,-5.471
1237,LEV,0.25,-2.0,S,HIGH,gyrA,205.0,gyrA_L205V,S,1.0,A,L205V,-26.69999999999999,0.40000000000000036,0.15999999999999992,-14.099999999999994,-0.020000000000000462,H,AlphaHelix,-71.44,-45.70999999999998,6.6,0.0,2.0,False,False,False,False,True,False,5.724711931593553,-58.0,78.0,44.12770159542755,43.38505468400451,48.329341632798204,61.79999923706055,2.223224331610429,-2.379
1238,LEV,0.25,-2.0,S,HIGH,gyrB,576.0,gyrB_S576T,S,1.0,B,S576T,27.099999999999994,0.10000000000000009,-0.22000000000000003,14.0,-0.08000000000000007,T,Turn,-87.82,165.99,48.2,0.0,0.0,False,False,False,False,False,True,42.3535160540792,-68.0,82.0,29.608149723792813,41.81763007114173,40.289767046718374,79.62000274658203,1.7504695491044315,-0.057
1239,LEV,0.25,-2.0,S,HIGH,gyrA,90.0,gyrA_A90V,R,0.8690476190476191,A,A90V,51.400000000000006,2.4000000000000004,-0.8600000000000001,28.0,-0.040000000000000036,H,AlphaHelix,-61.829999999999984,-59.75999999999999,47.0,2.0,0.0,False,False,False,False,True,False,55.555815915240146,-64.0,82.0,14.254302173206394,5.504265622675344,10.310827336129869,40.439998626708984,1.6650776123582791,0.089
1240,LEV,1.0,0.0,S,MEDIUM,gyrA,90.0,gyrA_A90V,R,0.8690476190476191,A,A90V,51.400000000000006,2.4000000000000004,-0.8600000000000001,28.0,-0.040000000000000036,H,AlphaHelix,-61.829999999999984,-59.75999999999999,47.0,2.0,0.0,False,False,False,False,True,False,55.555815915240146,-64.0,82.0,14.254302173206394,5.504265622675344,10.310827336129869,40.439998626708984,1.6650776123582791,0.089
1241,LEV,0.5,-1.0,S,HIGH,gyrA,193.0,gyrA_N193S,S,1.0,A,N193S,-25.099999999999994,2.7,-0.09999999999999998,-27.0,0.2699999999999996,C,Coil,-78.75,123.63,5.4,2.0,0.0,False,True,False,False,False,False,3.9785882839510753,-22.0,61.0,38.286532913756595,31.644021592511656,37.267766220385276,50.119998931884766,3.1142630176941593,-1.229
1242,LEV,4.0,2.0,R,HIGH,gyrA,490.0,gyrA_H490R,R,1.0,A,H490R,20.200000000000017,-1.2999999999999998,-0.3700000000000001,19.0,3.17,H,AlphaHelix,-111.16,-0.160000000000025,35.0,0.0,1.0,False,False,False,False,True,False,33.68655891601221,15.0,59.0,39.41948048403674,33.08078950904412,39.29013292302706,57.75,1.8811080785406704,-1.166
1243,LEV,2.0,1.0,R,HIGH,gyrA,90.0,gyrA_A90V,R,0.8690476190476191,A,A90V,51.400000000000006,2.4000000000000004,-0.8600000000000001,28.0,-0.040000000000000036,H,AlphaHelix,-61.829999999999984,-59.75999999999999,47.0,2.0,0.0,False,False,False,False,True,False,55.555815915240146,-64.0,82.0,14.254302173206394,5.504265622675344,10.310827336129869,40.439998626708984,1.6650776123582791,0.089
1244,LEV,0.25,-2.0,S,MEDIUM,gyrA,90.0,gyrA_A90V,R,0.8690476190476191,A,A90V,51.400000000000006,2.4000000000000004,-0.8600000000000001,28.0,-0.040000000000000036,H,AlphaHelix,-61.829999999999984,-59.75999999999999,47.0,2.0,0.0,False,False,False,False,True,False,55.555815915240146,-64.0,82.0,14.254302173206394,5.504265622675344,10.310827336129869,40.439998626708984,1.6650776123582791,0.089
1245,LEV,0.5,-1.0,S,HIGH,gyrA,254.0,gyrA_R254C,S,1.0,A,R254C,-64.9,7.0,-0.78,-52.999999999999986,-5.6899999999999995,E,Strand,-140.52,150.5,54.1,1.0,1.0,False,False,True,False,False,False,52.62668666740882,49.0,71.0,41.564937635794266,31.28491326821862,35.514715327551365,51.56999969482422,3.1563712888508726,-0.999
1246,LEV,8.0,3.0,R,HIGH,gyrA,94.0,gyrA_D94Y,R,0.9285714285714286,A,D94Y,82.5,2.2,-2.18,48.099999999999994,2.89,H,AlphaHelix,-58.04000000000002,-41.610000000000014,97.4,1.0,1.0,False,False,False,False,True,False,88.1550888450658,81.0,91.0,18.193077591535243,7.778978962037692,14.095745809785983,46.65999984741211,1.7333416145382428,-0.376
1247,LEV,>8,4.0,R,HIGH,gyrA,126.0,gyrA_A126S,R,1.0,A,A126S,0.4000000000000057,-2.6,0.0,16.0,-0.3200000000000003,T,Turn,-65.23000000000002,163.35,58.2,0.0,0.0,False,False,False,False,False,True,60.8735792723922,27.0,63.0,23.43957599591159,11.533893701712314,16.446143116386118,44.5,1.523439671875322,-0.694
1248,LEV,4.0,2.0,R,MEDIUM,gyrA,94.0,gyrA_D94G,R,0.8646496815286624,A,D94G,-50.99999999999999,3.1,-1.2700000000000002,-58.0,3.1999999999999997,H,AlphaHelix,-58.04000000000002,-41.610000000000014,97.4,1.0,1.0,False,False,False,False,True,False,88.1550888450658,63.0,80.0,18.193077591535243,7.778978962037692,14.095745809785983,46.65999984741211,1.7333416145382428,-0.873
1249,LEV,4.0,2.0,R,HIGH,gyrA,94.0,gyrA_D94G,R,0.8646496815286624,A,D94G,-50.99999999999999,3.1,-1.2700000000000002,-58.0,3.1999999999999997,H,AlphaHelix,-58.04000000000002,-41.610000000000014,97.4,1.0,1.0,False,False,False,False,True,False,88.1550888450658,63.0,80.0,18.193077591535243,7.778978962037692,14.095745809785983,46.65999984741211,1.7333416145382428,-0.873
1250,LEV,1.0,0.0,S,HIGH,gyrA,386.0,gyrA_E386V,S,1.0,A,E386V,1.5999999999999943,7.7,-2.14,-30.0,2.7399999999999998,H,AlphaHelix,-62.829999999999984,-47.129999999999995,73.6,1.0,2.0,False,False,False,False,True,False,68.22162319236119,-13.0,57.0,45.61889930856857,50.277975674869204,54.445691659661,86.69999694824219,1.6926560442454601,-0.4
1251,LEV,4.0,2.0,R,HIGH,gyrA,90.0,gyrA_A90V,R,0.8690476190476191,A,A90V,51.400000000000006,2.4000000000000004,-0.8600000000000001,28.0,-0.040000000000000036,H,AlphaHelix,-61.829999999999984,-59.75999999999999,47.0,2.0,0.0,False,False,False,False,True,False,55.555815915240146,-64.0,82.0,14.254302173206394,5.504265622675344,10.310827336129869,40.439998626708984,1.6650776123582791,0.089
1252,LEV,4.0,2.0,R,HIGH,gyrA,94.0,gyrA_D94G,R,0.8646496815286624,A,D94G,-50.99999999999999,3.1,-1.2700000000000002,-58.0,3.1999999999999997,H,AlphaHelix,-58.04000000000002,-41.610000000000014,97.4,1.0,1.0,False,False,False,False,True,False,88.1550888450658,63.0,80.0,18.193077591535243,7.778978962037692,14.095745809785983,46.65999984741211,1.7333416145382428,-0.873
1253,LEV,2.0,1.0,R,HIGH,gyrA,94.0,gyrA_D94G,R,0.8646496815286624,A,D94G,-50.99999999999999,3.1,-1.2700000000000002,-58.0,3.1999999999999997,H,AlphaHelix,-58.04000000000002,-41.610000000000014,97.4,1.0,1.0,False,False,False,False,True,False,88.1550888450658,63.0,80.0,18.193077591535243,7.778978962037692,14.095745809785983,46.65999984741211,1.7333416145382428,-0.873
1254,LEV,8.0,3.0,R,MEDIUM,gyrA,94.0,gyrA_D94Y,R,0.9285714285714286,A,D94Y,82.5,2.2,-2.18,48.099999999999994,2.89,H,AlphaHelix,-58.04000000000002,-41.610000000000014,97.4,1.0,1.0,False,False,False,False,True,False,88.1550888450658,81.0,91.0,18.193077591535243,7.778978962037692,14.095745809785983,46.65999984741211,1.7333416145382428,-0.376
1255,LEV,8.0,3.0,R,HIGH,gyrA,94.0,gyrA_D94G,R,0.8646496815286624,A,D94G,-50.99999999999999,3.1,-1.2700000000000002,-58.0,3.1999999999999997,H,AlphaHelix,-58.04000000000002,-41.610000000000014,97.4,1.0,1.0,False,False,False,False,True,False,88.1550888450658,63.0,80.0,18.193077591535243,7.778978962037692,14.095745809785983,46.65999984741211,1.7333416145382428,-0.873
1256,LEV,4.0,2.0,R,HIGH,gyrA,94.0,gyrA_D94G,R,0.8646496815286624,A,D94G,-50.99999999999999,3.1,-1.2700000000000002,-58.0,3.1999999999999997,H,AlphaHelix,-58.04000000000002,-41.610000000000014,97.4,1.0,1.0,False,False,False,False,True,False,88.1550888450658,63.0,80.0,18.193077591535243,7.778978962037692,14.095745809785983,46.65999984741211,1.7333416145382428,-0.873
1257,LEV,4.0,2.0,R,HIGH,gyrA,94.0,gyrA_D94G,R,0.8646496815286624,A,D94G,-50.99999999999999,3.1,-1.2700000000000002,-58.0,3.1999999999999997,H,AlphaHelix,-58.04000000000002,-41.610000000000014,97.4,1.0,1.0,False,False,False,False,True,False,88.1550888450658,63.0,80.0,18.193077591535243,7.778978962037692,14.095745809785983,46.65999984741211,1.7333416145382428,-0.873
1258,LEV,2.0,1.0,R,MEDIUM,gyrA,90.0,gyrA_A90V,R,0.8690476190476191,A,A90V,51.400000000000006,2.4000000000000004,-0.8600000000000001,28.0,-0.040000000000000036,H,AlphaHelix,-61.829999999999984,-59.75999999999999,47.0,2.0,0.0,False,False,False,False,True,False,55.555815915240146,-64.0,82.0,14.254302173206394,5.504265622675344,10.310827336129869,40.439998626708984,1.6650776123582791,0.089
1259,LEV,4.0,2.0,R,HIGH,gyrA,90.0,gyrA_A90V,R,0.8690476190476191,A,A90V,51.400000000000006,2.4000000000000004,-0.8600000000000001,28.0,-0.040000000000000036,H,AlphaHelix,-61.829999999999984,-59.75999999999999,47.0,2.0,0.0,False,False,False,False,True,False,55.555815915240146,-64.0,82.0,14.254302173206394,5.504265622675344,10.310827336129869,40.439998626708984,1.6650776123582791,0.089
1260,LEV,>8,4.0,R,HIGH,gyrA,94.0,gyrA_D94G,R,0.8646496815286624,A,D94G,-50.99999999999999,3.1,-1.2700000000000002,-58.0,3.1999999999999997,H,AlphaHelix,-58.04000000000002,-41.610000000000014,97.4,1.0,1.0,False,False,False,False,True,False,88.1550888450658,63.0,80.0,18.193077591535243,7.778978962037692,14.095745809785983,46.65999984741211,1.7333416145382428,-0.873
1261,LEV,4.0,2.0,R,HIGH,gyrA,94.0,gyrA_D94G,R,0.8646496815286624,A,D94G,-50.99999999999999,3.1,-1.2700000000000002,-58.0,3.1999999999999997,H,AlphaHelix,-58.04000000000002,-41.610000000000014,97.4,1.0,1.0,False,False,False,False,True,False,88.1550888450658,63.0,80.0,18.193077591535243,7.778978962037692,14.095745809785983,46.65999984741211,1.7333416145382428,-0.873
1262,LEV,8.0,3.0,R,MEDIUM,gyrA,94.0,gyrA_D94G,R,0.8646496815286624,A,D94G,-50.99999999999999,3.1,-1.2700000000000002,-58.0,3.1999999999999997,H,AlphaHelix,-58.04000000000002,-41.610000000000014,97.4,1.0,1.0,False,False,False,False,True,False,88.1550888450658,63.0,80.0,18.193077591535243,7.778978962037692,14.095745809785983,46.65999984741211,1.7333416145382428,-0.873
1263,LEV,4.0,2.0,R,MEDIUM,gyrA,94.0,gyrA_D94H,R,0.9714285714285714,A,D94H,42.099999999999994,0.2999999999999998,-1.04,22.099999999999994,4.82,H,AlphaHelix,-58.04000000000002,-41.610000000000014,97.4,1.0,1.0,False,False,False,False,True,False,88.1550888450658,79.0,85.0,18.193077591535243,7.778978962037692,14.095745809785983,46.65999984741211,1.7333416145382428,-0.36
1264,LEV,8.0,3.0,R,HIGH,gyrA,94.0,gyrA_D94G,R,0.8646496815286624,A,D94G,-50.99999999999999,3.1,-1.2700000000000002,-58.0,3.1999999999999997,H,AlphaHelix,-58.04000000000002,-41.610000000000014,97.4,1.0,1.0,False,False,False,False,True,False,88.1550888450658,63.0,80.0,18.193077591535243,7.778978962037692,14.095745809785983,46.65999984741211,1.7333416145382428,-0.873
1265,LEV,0.25,-2.0,S,HIGH,gyrA,94.0,gyrA_D94G,R,0.8646496815286624,A,D94G,-50.99999999999999,3.1,-1.2700000000000002,-58.0,3.1999999999999997,H,AlphaHelix,-58.04000000000002,-41.610000000000014,97.4,1.0,1.0,False,False,False,False,True,False,88.1550888450658,63.0,80.0,18.193077591535243,7.778978962037692,14.095745809785983,46.65999984741211,1.7333416145382428,-0.873
1266,LEV,>8,4.0,R,HIGH,gyrA,94.0,gyrA_D94G,R,0.8646496815286624,A,D94G,-50.99999999999999,3.1,-1.2700000000000002,-58.0,3.1999999999999997,H,AlphaHelix,-58.04000000000002,-41.610000000000014,97.4,1.0,1.0,False,False,False,False,True,False,88.1550888450658,63.0,80.0,18.193077591535243,7.778978962037692,14.095745809785983,46.65999984741211,1.7333416145382428,-0.873
1267,LEV,4.0,2.0,R,HIGH,gyrB,461.0,gyrB_D461N,R,1.0,B,D461N,3.0,0.0,-1.9800000000000002,-1.0,2.64,H,AlphaHelix,-71.88999999999999,-39.93000000000001,81.7,1.0,0.0,False,False,False,False,True,False,75.64790414237022,36.0,66.0,11.69428626742857,15.223706008416038,10.457794239999561,64.79000091552734,1.5661131135005826,-0.266
1268,LEV,4.0,2.0,R,HIGH,gyrA,90.0,gyrA_A90V,R,0.8690476190476191,A,A90V,51.400000000000006,2.4000000000000004,-0.8600000000000001,28.0,-0.040000000000000036,H,AlphaHelix,-61.829999999999984,-59.75999999999999,47.0,2.0,0.0,False,False,False,False,True,False,55.555815915240146,-64.0,82.0,14.254302173206394,5.504265622675344,10.310827336129869,40.439998626708984,1.6650776123582791,0.089
1269,LEV,8.0,3.0,R,MEDIUM,gyrA,94.0,gyrA_D94Y,R,0.9285714285714286,A,D94Y,82.5,2.2,-2.18,48.099999999999994,2.89,H,AlphaHelix,-58.04000000000002,-41.610000000000014,97.4,1.0,1.0,False,False,False,False,True,False,88.1550888450658,81.0,91.0,18.193077591535243,7.778978962037692,14.095745809785983,46.65999984741211,1.7333416145382428,-0.376
1270,LEV,<=0.12,-3.06,S,HIGH,gyrA,455.0,gyrA_L455V,S,1.0,A,L455V,-26.69999999999999,0.40000000000000036,0.15999999999999992,-14.099999999999994,-0.020000000000000462,H,AlphaHelix,-63.370000000000005,-47.98000000000002,20.2,2.0,2.0,False,False,False,False,True,False,22.649757175203753,-44.0,72.0,54.65252389797341,57.157792153472016,62.00030742169045,82.16000366210938,2.3014080433677826,-1.154
1271,LEV,2.0,1.0,R,MEDIUM,gyrA,94.0,gyrA_D94G,R,0.8646496815286624,A,D94G,-50.99999999999999,3.1,-1.2700000000000002,-58.0,3.1999999999999997,H,AlphaHelix,-58.04000000000002,-41.610000000000014,97.4,1.0,1.0,False,False,False,False,True,False,88.1550888450658,63.0,80.0,18.193077591535243,7.778978962037692,14.095745809785983,46.65999984741211,1.7333416145382428,-0.873
1272,LEV,8.0,3.0,R,HIGH,gyrA,94.0,gyrA_D94G,R,0.8646496815286624,A,D94G,-50.99999999999999,3.1,-1.2700000000000002,-58.0,3.1999999999999997,H,AlphaHelix,-58.04000000000002,-41.610000000000014,97.4,1.0,1.0,False,False,False,False,True,False,88.1550888450658,63.0,80.0,18.193077591535243,7.778978962037692,14.095745809785983,46.65999984741211,1.7333416145382428,-0.873
1273,LEV,4.0,2.0,R,HIGH,gyrA,94.0,gyrA_D94N,R,0.8592592592592593,A,D94N,3.0,0.0,-1.9800000000000002,-1.0,2.64,H,AlphaHelix,-58.04000000000002,-41.610000000000014,97.4,1.0,1.0,False,False,False,False,True,False,88.1550888450658,56.0,75.0,18.193077591535243,7.778978962037692,14.095745809785983,46.65999984741211,1.7333416145382428,-0.347
1274,LEV,0.5,-1.0,S,HIGH,gyrA,193.0,gyrA_N193S,S,1.0,A,N193S,-25.099999999999994,2.7,-0.09999999999999998,-27.0,0.2699999999999996,C,Coil,-78.75,123.63,5.4,2.0,0.0,False,True,False,False,False,False,3.9785882839510753,-22.0,61.0,38.286532913756595,31.644021592511656,37.267766220385276,50.119998931884766,3.1142630176941593,-1.229
1275,LEV,0.25,-2.0,S,HIGH,gyrB,501.0,gyrB_E501D,S,0.6428571428571429,B,E501D,-27.30000000000001,0.0,0.8,-14.0,-0.4500000000000002,H,AlphaHelix,-71.87,-38.54000000000002,13.6,2.0,0.0,False,False,False,False,True,False,15.369778026626971,78.0,85.0,17.92544384842089,17.867526289070224,11.782093492314347,63.0099983215332,2.23399611625198,-2.507
1276,LEV,,,,MEDIUM,gyrA,90.0,gyrA_A90V,R,0.8690476190476191,A,A90V,51.400000000000006,2.4000000000000004,-0.8600000000000001,28.0,-0.040000000000000036,H,AlphaHelix,-61.829999999999984,-59.75999999999999,47.0,2.0,0.0,False,False,False,False,True,False,55.555815915240146,-64.0,82.0,14.254302173206394,5.504265622675344,10.310827336129869,40.439998626708984,1.6650776123582791,0.089
1277,LEV,0.25,-2.0,S,MEDIUM,gyrA,94.0,gyrA_D94G,R,0.8646496815286624,A,D94G,-50.99999999999999,3.1,-1.2700000000000002,-58.0,3.1999999999999997,H,AlphaHelix,-58.04000000000002,-41.610000000000014,97.4,1.0,1.0,False,False,False,False,True,False,88.1550888450658,63.0,80.0,18.193077591535243,7.778978962037692,14.095745809785983,46.65999984741211,1.7333416145382428,-0.873
1278,LEV,8.0,3.0,R,MEDIUM,gyrA,90.0,gyrA_A90V,R,0.8690476190476191,A,A90V,51.400000000000006,2.4000000000000004,-0.8600000000000001,28.0,-0.040000000000000036,H,AlphaHelix,-61.829999999999984,-59.75999999999999,47.0,2.0,0.0,False,False,False,False,True,False,55.555815915240146,-64.0,82.0,14.254302173206394,5.504265622675344,10.310827336129869,40.439998626708984,1.6650776123582791,0.089
1279,LEV,1.0,0.0,S,MEDIUM,gyrB,447.0,gyrB_S447F,S,0.5714285714285714,B,S447F,100.9,3.5999999999999996,-0.9099999999999999,60.099999999999994,-0.1999999999999993,C,Coil,-66.01999999999998,127.78,10.3,0.0,1.0,False,True,False,False,False,False,7.650214361327759,35.0,66.0,30.986926496507703,37.926884539701504,31.95516280373057,76.79000091552734,2.2854008237144825,-0.561
1280,LEV,0.25,-2.0,S,MEDIUM,gyrA,293.0,gyrA_D293Y,S,1.0,A,D293Y,82.5,2.2,-2.18,48.099999999999994,2.89,H,AlphaHelix,-82.13999999999999,-34.31,126.8,0.0,1.0,False,False,False,False,True,False,114.02913860091242,-5.0,53.0,46.24306860263042,34.29694704293245,35.00628326859241,152.52000427246094,1.7006215976408623,-0.255
1281,LEV,8.0,3.0,R,HIGH,gyrA,94.0,gyrA_D94G,R,0.8646496815286624,A,D94G,-50.99999999999999,3.1,-1.2700000000000002,-58.0,3.1999999999999997,H,AlphaHelix,-58.04000000000002,-41.610000000000014,97.4,1.0,1.0,False,False,False,False,True,False,88.1550888450658,63.0,80.0,18.193077591535243,7.778978962037692,14.095745809785983,46.65999984741211,1.7333416145382428,-0.873
1282,LEV,0.25,-2.0,S,HIGH,gyrA,267.0,gyrA_T267I,S,0.9166666666666666,A,T267I,50.599999999999994,5.2,-0.92,12.099999999999994,0.41999999999999993,E,Strand,-110.84,147.57,41.6,1.0,0.0,False,False,True,False,False,False,44.1202990107675,-63.0,82.0,57.16622537844849,43.89582496101522,47.524606108481976,101.37999725341797,1.7631484448394852,-0.037
1283,LEV,4.0,2.0,R,MEDIUM,gyrB,499.0,gyrB_N499D,R,1.0,B,N499D,-3.0,0.0,1.9800000000000002,1.0,-2.64,C,Coil,-66.65999999999997,120.5,43.0,2.0,2.0,False,True,False,False,False,False,40.44476788590575,53.0,75.0,21.56535116421654,18.549803147347646,13.333885794815926,62.86000061035156,2.0305274785868135,-0.309
1284,LEV,8.0,3.0,R,HIGH,gyrA,94.0,gyrA_D94G,R,0.8646496815286624,A,D94G,-50.99999999999999,3.1,-1.2700000000000002,-58.0,3.1999999999999997,H,AlphaHelix,-58.04000000000002,-41.610000000000014,97.4,1.0,1.0,False,False,False,False,True,False,88.1550888450658,63.0,80.0,18.193077591535243,7.778978962037692,14.095745809785983,46.65999984741211,1.7333416145382428,-0.873
1285,LEV,2.0,1.0,R,HIGH,gyrA,90.0,gyrA_A90V,R,0.8690476190476191,A,A90V,51.400000000000006,2.4000000000000004,-0.8600000000000001,28.0,-0.040000000000000036,H,AlphaHelix,-61.829999999999984,-59.75999999999999,47.0,2.0,0.0,False,False,False,False,True,False,55.555815915240146,-64.0,82.0,14.254302173206394,5.504265622675344,10.310827336129869,40.439998626708984,1.6650776123582791,0.089
1286,LEV,0.25,-2.0,S,HIGH,gyrA,94.0,gyrA_D94G,R,0.8646496815286624,A,D94G,-50.99999999999999,3.1,-1.2700000000000002,-58.0,3.1999999999999997,H,AlphaHelix,-58.04000000000002,-41.610000000000014,97.4,1.0,1.0,False,False,False,False,True,False,88.1550888450658,63.0,80.0,18.193077591535243,7.778978962037692,14.095745809785983,46.65999984741211,1.7333416145382428,-0.873
1287,LEV,4.0,2.0,R,HIGH,gyrA,90.0,gyrA_A90V,R,0.8690476190476191,A,A90V,51.400000000000006,2.4000000000000004,-0.8600000000000001,28.0,-0.040000000000000036,H,AlphaHelix,-61.829999999999984,-59.75999999999999,47.0,2.0,0.0,False,False,False,False,True,False,55.555815915240146,-64.0,82.0,14.254302173206394,5.504265622675344,10.310827336129869,40.439998626708984,1.6650776123582791,0.089
1288,LEV,4.0,2.0,R,HIGH,gyrA,90.0,gyrA_A90V,R,0.8690476190476191,A,A90V,51.400000000000006,2.4000000000000004,-0.8600000000000001,28.0,-0.040000000000000036,H,AlphaHelix,-61.829999999999984,-59.75999999999999,47.0,2.0,0.0,False,False,False,False,True,False,55.555815915240146,-64.0,82.0,14.254302173206394,5.504265622675344,10.310827336129869,40.439998626708984,1.6650776123582791,0.089
1289,LEV,8.0,3.0,R,MEDIUM,gyrA,94.0,gyrA_D94N,R,0.8592592592592593,A,D94N,3.0,0.0,-1.9800000000000002,-1.0,2.64,H,AlphaHelix,-58.04000000000002,-41.610000000000014,97.4,1.0,1.0,False,False,False,False,True,False,88.1550888450658,56.0,75.0,18.193077591535243,7.778978962037692,14.095745809785983,46.65999984741211,1.7333416145382428,-0.347
1290,LEV,4.0,2.0,R,MEDIUM,gyrA,94.0,gyrA_D94G,R,0.8646496815286624,A,D94G,-50.99999999999999,3.1,-1.2700000000000002,-58.0,3.1999999999999997,H,AlphaHelix,-58.04000000000002,-41.610000000000014,97.4,1.0,1.0,False,False,False,False,True,False,88.1550888450658,63.0,80.0,18.193077591535243,7.778978962037692,14.095745809785983,46.65999984741211,1.7333416145382428,-0.873
1291,LEV,4.0,2.0,R,MEDIUM,gyrA,94.0,gyrA_D94G,R,0.8646496815286624,A,D94G,-50.99999999999999,3.1,-1.2700000000000002,-58.0,3.1999999999999997,H,AlphaHelix,-58.04000000000002,-41.610000000000014,97.4,1.0,1.0,False,False,False,False,True,False,88.1550888450658,63.0,80.0,18.193077591535243,7.778978962037692,14.095745809785983,46.65999984741211,1.7333416145382428,-0.873
1292,LEV,8.0,3.0,R,HIGH,gyrA,94.0,gyrA_D94G,R,0.8646496815286624,A,D94G,-50.99999999999999,3.1,-1.2700000000000002,-58.0,3.1999999999999997,H,AlphaHelix,-58.04000000000002,-41.610000000000014,97.4,1.0,1.0,False,False,False,False,True,False,88.1550888450658,63.0,80.0,18.193077591535243,7.778978962037692,14.095745809785983,46.65999984741211,1.7333416145382428,-0.873
1293,LEV,4.0,2.0,R,MEDIUM,gyrA,94.0,gyrA_D94G,R,0.8646496815286624,A,D94G,-50.99999999999999,3.1,-1.2700000000000002,-58.0,3.1999999999999997,H,AlphaHelix,-58.04000000000002,-41.610000000000014,97.4,1.0,1.0,False,False,False,False,True,False,88.1550888450658,63.0,80.0,18.193077591535243,7.778978962037692,14.095745809785983,46.65999984741211,1.7333416145382428,-0.873
1294,LEV,0.5,-1.0,S,HIGH,gyrA,90.0,gyrA_A90V,R,0.8690476190476191,A,A90V,51.400000000000006,2.4000000000000004,-0.8600000000000001,28.0,-0.040000000000000036,H,AlphaHelix,-61.829999999999984,-59.75999999999999,47.0,2.0,0.0,False,False,False,False,True,False,55.555815915240146,-64.0,82.0,14.254302173206394,5.504265622675344,10.310827336129869,40.439998626708984,1.6650776123582791,0.089
1295,LEV,8.0,3.0,R,HIGH,gyrA,94.0,gyrA_D94G,R,0.8646496815286624,A,D94G,-50.99999999999999,3.1,-1.2700000000000002,-58.0,3.1999999999999997,H,AlphaHelix,-58.04000000000002,-41.610000000000014,97.4,1.0,1.0,False,False,False,False,True,False,88.1550888450658,63.0,80.0,18.193077591535243,7.778978962037692,14.095745809785983,46.65999984741211,1.7333416145382428,-0.873
1296,LEV,4.0,2.0,R,HIGH,gyrA,94.0,gyrA_D94G,R,0.8646496815286624,A,D94G,-50.99999999999999,3.1,-1.2700000000000002,-58.0,3.1999999999999997,H,AlphaHelix,-58.04000000000002,-41.610000000000014,97.4,1.0,1.0,False,False,False,False,True,False,88.1550888450658,63.0,80.0,18.193077591535243,7.778978962037692,14.095745809785983,46.65999984741211,1.7333416145382428,-0.873
1297,LEV,>8,4.0,R,MEDIUM,gyrA,94.0,gyrA_D94G,R,0.8646496815286624,A,D94G,-50.99999999999999,3.1,-1.2700000000000002,-58.0,3.1999999999999997,H,AlphaHelix,-58.04000000000002,-41.610000000000014,97.4,1.0,1.0,False,False,False,False,True,False,88.1550888450658,63.0,80.0,18.193077591535243,7.778978962037692,14.095745809785983,46.65999984741211,1.7333416145382428,-0.873
1298,LEV,4.0,2.0,R,MEDIUM,gyrA,88.0,gyrA_G88C,R,0.95,A,G88C,48.4,2.9,-0.9199999999999999,46.10000000000001,-0.8999999999999995,C,Coil,-77.02999999999997,152.43,8.6,0.0,0.0,False,True,False,False,False,False,9.936179450376525,50.0,75.0,9.383464096517303,8.798143905732672,11.185201845760195,57.560001373291016,1.9098223702260209,-0.725
1299,LEV,0.25,-2.0,S,HIGH,gyrA,472.0,gyrA_P472S,S,1.0,A,P472S,-23.700000000000003,0.8,0.64,-10.0,-0.6200000000000001,H,AlphaHelix,-59.70999999999998,-28.170000000000016,71.0,1.0,0.0,False,False,False,False,True,False,78.73791501370572,-68.0,82.0,46.353130855468216,48.26749325282632,52.90519851328242,69.8499984741211,1.6707895195538032,-1.116
1300,LEV,8.0,3.0,R,HIGH,gyrA,94.0,gyrA_D94Y,R,0.9285714285714286,A,D94Y,82.5,2.2,-2.18,48.099999999999994,2.89,H,AlphaHelix,-58.04000000000002,-41.610000000000014,97.4,1.0,1.0,False,False,False,False,True,False,88.1550888450658,81.0,91.0,18.193077591535243,7.778978962037692,14.095745809785983,46.65999984741211,1.7333416145382428,-0.376
1301,LEV,0.25,-2.0,S,MEDIUM,gyrA,94.0,gyrA_D94G,R,0.8646496815286624,A,D94G,-50.99999999999999,3.1,-1.2700000000000002,-58.0,3.1999999999999997,H,AlphaHelix,-58.04000000000002,-41.610000000000014,97.4,1.0,1.0,False,False,False,False,True,False,88.1550888450658,63.0,80.0,18.193077591535243,7.778978962037692,14.095745809785983,46.65999984741211,1.7333416145382428,-0.873
1302,LEV,>8,4.0,R,HIGH,gyrA,90.0,gyrA_A90V,R,0.8690476190476191,A,A90V,51.400000000000006,2.4000000000000004,-0.8600000000000001,28.0,-0.040000000000000036,H,AlphaHelix,-61.829999999999984,-59.75999999999999,47.0,2.0,0.0,False,False,False,False,True,False,55.555815915240146,-64.0,82.0,14.254302173206394,5.504265622675344,10.310827336129869,40.439998626708984,1.6650776123582791,0.089
1303,LEV,8.0,3.0,R,HIGH,gyrA,94.0,gyrA_D94G,R,0.8646496815286624,A,D94G,-50.99999999999999,3.1,-1.2700000000000002,-58.0,3.1999999999999997,H,AlphaHelix,-58.04000000000002,-41.610000000000014,97.4,1.0,1.0,False,False,False,False,True,False,88.1550888450658,63.0,80.0,18.193077591535243,7.778978962037692,14.095745809785983,46.65999984741211,1.7333416145382428,-0.873
1304,LEV,>8,4.0,R,HIGH,gyrA,88.0,gyrA_G88C,R,0.95,A,G88C,48.4,2.9,-0.9199999999999999,46.10000000000001,-0.8999999999999995,C,Coil,-77.02999999999997,152.43,8.6,0.0,0.0,False,True,False,False,False,False,9.936179450376525,50.0,75.0,9.383464096517303,8.798143905732672,11.185201845760195,57.560001373291016,1.9098223702260209,-0.725
1305,LEV,4.0,2.0,R,HIGH,gyrA,94.0,gyrA_D94G,R,0.8646496815286624,A,D94G,-50.99999999999999,3.1,-1.2700000000000002,-58.0,3.1999999999999997,H,AlphaHelix,-58.04000000000002,-41.610000000000014,97.4,1.0,1.0,False,False,False,False,True,False,88.1550888450658,63.0,80.0,18.193077591535243,7.778978962037692,14.095745809785983,46.65999984741211,1.7333416145382428,-0.873
1306,LEV,2.0,1.0,R,MEDIUM,gyrA,90.0,gyrA_A90V,R,0.8690476190476191,A,A90V,51.400000000000006,2.4000000000000004,-0.8600000000000001,28.0,-0.040000000000000036,H,AlphaHelix,-61.829999999999984,-59.75999999999999,47.0,2.0,0.0,False,False,False,False,True,False,55.555815915240146,-64.0,82.0,14.254302173206394,5.504265622675344,10.310827336129869,40.439998626708984,1.6650776123582791,0.089
1307,LEV,0.25,-2.0,S,HIGH,gyrA,68.0,gyrA_R68C,S,1.0,A,R68C,-64.9,7.0,-0.78,-52.999999999999986,-5.6899999999999995,T,Turn,-143.37,159.8,116.3,0.0,1.0,False,False,False,False,False,True,120.5979832496106,-10.0,53.0,34.928540848921095,29.817820387366897,35.54576602837503,68.97000122070312,1.7544544401966686,-0.916
1308,LEV,2.0,1.0,R,HIGH,gyrA,90.0,gyrA_A90V,R,0.8690476190476191,A,A90V,51.400000000000006,2.4000000000000004,-0.8600000000000001,28.0,-0.040000000000000036,H,AlphaHelix,-61.829999999999984,-59.75999999999999,47.0,2.0,0.0,False,False,False,False,True,False,55.555815915240146,-64.0,82.0,14.254302173206394,5.504265622675344,10.310827336129869,40.439998626708984,1.6650776123582791,0.089
1309,LEV,>8,4.0,R,HIGH,gyrA,88.0,gyrA_G88C,R,0.95,A,G88C,48.4,2.9,-0.9199999999999999,46.10000000000001,-0.8999999999999995,C,Coil,-77.02999999999997,152.43,8.6,0.0,0.0,False,True,False,False,False,False,9.936179450376525,50.0,75.0,9.383464096517303,8.798143905732672,11.185201845760195,57.560001373291016,1.9098223702260209,-0.725
1310,LEV,1.0,0.0,S,HIGH,gyrB,504.0,gyrB_A504V,S,0.75,B,A504V,51.400000000000006,2.4000000000000004,-0.8600000000000001,28.0,-0.040000000000000036,H,AlphaHelix,-59.64999999999998,-42.079999999999984,10.1,1.0,2.0,False,False,False,False,True,False,11.414866074723719,5.0,53.0,21.211827405565348,22.366103894088535,16.05940631511001,54.0,2.050575642556502,-0.618
1311,LEV,8.0,3.0,R,HIGH,gyrA,94.0,gyrA_D94G,R,0.8646496815286624,A,D94G,-50.99999999999999,3.1,-1.2700000000000002,-58.0,3.1999999999999997,H,AlphaHelix,-58.04000000000002,-41.610000000000014,97.4,1.0,1.0,False,False,False,False,True,False,88.1550888450658,63.0,80.0,18.193077591535243,7.778978962037692,14.095745809785983,46.65999984741211,1.7333416145382428,-0.873
1312,LEV,2.0,1.0,R,HIGH,gyrA,90.0,gyrA_A90V,R,0.8690476190476191,A,A90V,51.400000000000006,2.4000000000000004,-0.8600000000000001,28.0,-0.040000000000000036,H,AlphaHelix,-61.829999999999984,-59.75999999999999,47.0,2.0,0.0,False,False,False,False,True,False,55.555815915240146,-64.0,82.0,14.254302173206394,5.504265622675344,10.310827336129869,40.439998626708984,1.6650776123582791,0.089
1313,LEV,0.25,-2.0,S,MEDIUM,gyrA,94.0,gyrA_D94N,R,0.8592592592592593,A,D94N,3.0,0.0,-1.9800000000000002,-1.0,2.64,H,AlphaHelix,-58.04000000000002,-41.610000000000014,97.4,1.0,1.0,False,False,False,False,True,False,88.1550888450658,56.0,75.0,18.193077591535243,7.778978962037692,14.095745809785983,46.65999984741211,1.7333416145382428,-0.347
1314,LEV,4.0,2.0,R,HIGH,gyrA,94.0,gyrA_D94G,R,0.8646496815286624,A,D94G,-50.99999999999999,3.1,-1.2700000000000002,-58.0,3.1999999999999997,H,AlphaHelix,-58.04000000000002,-41.610000000000014,97.4,1.0,1.0,False,False,False,False,True,False,88.1550888450658,63.0,80.0,18.193077591535243,7.778978962037692,14.095745809785983,46.65999984741211,1.7333416145382428,-0.873
1315,LEV,0.5,-1.0,S,HIGH,gyrB,434.0,gyrB_D434E,S,1.0,B,D434E,27.30000000000001,0.0,-0.8,14.0,0.4500000000000002,,,,,,,,,,,,,,0.0,-52.0,78.0,,,,,,
1316,LEV,0.25,-2.0,S,HIGH,gyrA,272.0,gyrA_T272I,S,1.0,A,T272I,50.599999999999994,5.2,-0.92,12.099999999999994,0.41999999999999993,E,Strand,-112.11000000000001,-12.70999999999998,37.5,0.0,1.0,False,False,True,False,False,False,40.96354945026428,50.0,75.0,43.99068348189916,31.39754186299001,36.279724066703395,56.79999923706055,2.141009499133353,-0.384
1317,LEV,8.0,3.0,R,HIGH,gyrA,94.0,gyrA_D94Y,R,0.9285714285714286,A,D94Y,82.5,2.2,-2.18,48.099999999999994,2.89,H,AlphaHelix,-58.04000000000002,-41.610000000000014,97.4,1.0,1.0,False,False,False,False,True,False,88.1550888450658,81.0,91.0,18.193077591535243,7.778978962037692,14.095745809785983,46.65999984741211,1.7333416145382428,-0.376
1318,LEV,8.0,3.0,R,MEDIUM,gyrA,90.0,gyrA_A90V,R,0.8690476190476191,A,A90V,51.400000000000006,2.4000000000000004,-0.8600000000000001,28.0,-0.040000000000000036,H,AlphaHelix,-61.829999999999984,-59.75999999999999,47.0,2.0,0.0,False,False,False,False,True,False,55.555815915240146,-64.0,82.0,14.254302173206394,5.504265622675344,10.310827336129869,40.439998626708984,1.6650776123582791,0.089
1319,LEV,0.25,-2.0,S,MEDIUM,gyrA,322.0,gyrA_A322E,S,1.0,A,A322E,49.80000000000001,-5.3,1.28,58.0,-2.78,T,Turn,-136.04,139.32,24.4,0.0,1.0,False,False,False,False,False,True,25.50589572549015,-65.0,82.0,57.84274461012678,45.4008264416916,48.13748332045493,91.58000183105469,1.675020300704687,-1.67
1320,LEV,0.5,-1.0,S,HIGH,gyrA,189.0,gyrA_I189V,S,1.0,A,I189V,-26.69999999999999,-0.2999999999999998,0.28,-14.099999999999994,-0.05999999999999961,E,Strand,-95.94999999999999,123.29,3.2,1.0,1.0,False,False,True,False,False,False,3.572202098050284,-48.0,72.0,28.833378741693483,24.348253109340494,28.628388201759854,40.88999938964844,4.2557927904474955,-1.573
1321,LEV,8.0,3.0,R,MEDIUM,gyrA,94.0,gyrA_D94G,R,0.8646496815286624,A,D94G,-50.99999999999999,3.1,-1.2700000000000002,-58.0,3.1999999999999997,H,AlphaHelix,-58.04000000000002,-41.610000000000014,97.4,1.0,1.0,False,False,False,False,True,False,88.1550888450658,63.0,80.0,18.193077591535243,7.778978962037692,14.095745809785983,46.65999984741211,1.7333416145382428,-0.873
1322,LEV,4.0,2.0,R,HIGH,gyrA,94.0,gyrA_D94A,R,0.7951807228915663,A,D94A,-22.5,5.3,-2.08,-44.0,3.23,H,AlphaHelix,-58.04000000000002,-41.610000000000014,97.4,1.0,1.0,False,False,False,False,True,False,88.1550888450658,46.0,71.0,18.193077591535243,7.778978962037692,14.095745809785983,46.65999984741211,1.7333416145382428,-0.421
1323,LEV,0.5,-1.0,S,HIGH,gyrB,447.0,gyrB_S447F,S,0.5714285714285714,B,S447F,100.9,3.5999999999999996,-0.9099999999999999,60.099999999999994,-0.1999999999999993,C,Coil,-66.01999999999998,127.78,10.3,0.0,1.0,False,True,False,False,False,False,7.650214361327759,35.0,66.0,30.986926496507703,37.926884539701504,31.95516280373057,76.79000091552734,2.2854008237144825,-0.561
1324,LEV,2.0,1.0,R,MEDIUM,gyrA,90.0,gyrA_A90V,R,0.8690476190476191,A,A90V,51.400000000000006,2.4000000000000004,-0.8600000000000001,28.0,-0.040000000000000036,H,AlphaHelix,-61.829999999999984,-59.75999999999999,47.0,2.0,0.0,False,False,False,False,True,False,55.555815915240146,-64.0,82.0,14.254302173206394,5.504265622675344,10.310827336129869,40.439998626708984,1.6650776123582791,0.089
1325,LEV,8.0,3.0,R,HIGH,gyrA,94.0,gyrA_D94G,R,0.8646496815286624,A,D94G,-50.99999999999999,3.1,-1.2700000000000002,-58.0,3.1999999999999997,H,AlphaHelix,-58.04000000000002,-41.610000000000014,97.4,1.0,1.0,False,False,False,False,True,False,88.1550888450658,63.0,80.0,18.193077591535243,7.778978962037692,14.095745809785983,46.65999984741211,1.7333416145382428,-0.873
1326,LEV,4.0,2.0,R,HIGH,gyrA,94.0,gyrA_D94A,R,0.7951807228915663,A,D94A,-22.5,5.3,-2.08,-44.0,3.23,H,AlphaHelix,-58.04000000000002,-41.610000000000014,97.4,1.0,1.0,False,False,False,False,True,False,88.1550888450658,46.0,71.0,18.193077591535243,7.778978962037692,14.095745809785983,46.65999984741211,1.7333416145382428,-0.421
1327,LEV,4.0,2.0,R,HIGH,gyrA,90.0,gyrA_A90V,R,0.8690476190476191,A,A90V,51.400000000000006,2.4000000000000004,-0.8600000000000001,28.0,-0.040000000000000036,H,AlphaHelix,-61.829999999999984,-59.75999999999999,47.0,2.0,0.0,False,False,False,False,True,False,55.555815915240146,-64.0,82.0,14.254302173206394,5.504265622675344,10.310827336129869,40.439998626708984,1.6650776123582791,0.089
1328,LEV,8.0,3.0,R,MEDIUM,gyrA,94.0,gyrA_D94G,R,0.8646496815286624,A,D94G,-50.99999999999999,3.1,-1.2700000000000002,-58.0,3.1999999999999997,H,AlphaHelix,-58.04000000000002,-41.610000000000014,97.4,1.0,1.0,False,False,False,False,True,False,88.1550888450658,63.0,80.0,18.193077591535243,7.778978962037692,14.095745809785983,46.65999984741211,1.7333416145382428,-0.873
1329,LEV,8.0,3.0,R,MEDIUM,gyrA,88.0,gyrA_G88C,R,0.95,A,G88C,48.4,2.9,-0.9199999999999999,46.10000000000001,-0.8999999999999995,C,Coil,-77.02999999999997,152.43,8.6,0.0,0.0,False,True,False,False,False,False,9.936179450376525,50.0,75.0,9.383464096517303,8.798143905732672,11.185201845760195,57.560001373291016,1.9098223702260209,-0.725
1330,LEV,0.25,-2.0,S,HIGH,gyrA,94.0,gyrA_D94G,R,0.8646496815286624,A,D94G,-50.99999999999999,3.1,-1.2700000000000002,-58.0,3.1999999999999997,H,AlphaHelix,-58.04000000000002,-41.610000000000014,97.4,1.0,1.0,False,False,False,False,True,False,88.1550888450658,63.0,80.0,18.193077591535243,7.778978962037692,14.095745809785983,46.65999984741211,1.7333416145382428,-0.873
1331,LEV,2.0,1.0,R,HIGH,gyrA,91.0,gyrA_S91P,R,0.8524590163934426,A,S91P,23.700000000000003,-0.8,-0.64,10.0,0.6200000000000001,H,AlphaHelix,-67.14999999999998,-27.149999999999977,64.8,1.0,0.0,False,False,False,False,True,False,65.22815545163408,63.0,80.0,13.370520192722235,5.421428426386811,10.72875108867804,47.63999938964844,1.5284537092505912,-0.125
1332,LEV,2.0,1.0,R,HIGH,gyrA,90.0,gyrA_A90V,R,0.8690476190476191,A,A90V,51.400000000000006,2.4000000000000004,-0.8600000000000001,28.0,-0.040000000000000036,H,AlphaHelix,-61.829999999999984,-59.75999999999999,47.0,2.0,0.0,False,False,False,False,True,False,55.555815915240146,-64.0,82.0,14.254302173206394,5.504265622675344,10.310827336129869,40.439998626708984,1.6650776123582791,0.089
1333,LEV,>8,4.0,R,HIGH,gyrA,94.0,gyrA_D94G,R,0.8646496815286624,A,D94G,-50.99999999999999,3.1,-1.2700000000000002,-58.0,3.1999999999999997,H,AlphaHelix,-58.04000000000002,-41.610000000000014,97.4,1.0,1.0,False,False,False,False,True,False,88.1550888450658,63.0,80.0,18.193077591535243,7.778978962037692,14.095745809785983,46.65999984741211,1.7333416145382428,-0.873
1334,LEV,4.0,2.0,R,HIGH,gyrA,91.0,gyrA_S91P,R,0.8524590163934426,A,S91P,23.700000000000003,-0.8,-0.64,10.0,0.6200000000000001,H,AlphaHelix,-67.14999999999998,-27.149999999999977,64.8,1.0,0.0,False,False,False,False,True,False,65.22815545163408,63.0,80.0,13.370520192722235,5.421428426386811,10.72875108867804,47.63999938964844,1.5284537092505912,-0.125
1335,LEV,4.0,2.0,R,MEDIUM,gyrA,91.0,gyrA_S91P,R,0.8524590163934426,A,S91P,23.700000000000003,-0.8,-0.64,10.0,0.6200000000000001,H,AlphaHelix,-67.14999999999998,-27.149999999999977,64.8,1.0,0.0,False,False,False,False,True,False,65.22815545163408,63.0,80.0,13.370520192722235,5.421428426386811,10.72875108867804,47.63999938964844,1.5284537092505912,-0.125
1336,LEV,4.0,2.0,R,HIGH,gyrA,94.0,gyrA_D94G,R,0.8646496815286624,A,D94G,-50.99999999999999,3.1,-1.2700000000000002,-58.0,3.1999999999999997,H,AlphaHelix,-58.04000000000002,-41.610000000000014,97.4,1.0,1.0,False,False,False,False,True,False,88.1550888450658,63.0,80.0,18.193077591535243,7.778978962037692,14.095745809785983,46.65999984741211,1.7333416145382428,-0.873
1337,LEV,2.0,1.0,R,HIGH,gyrA,94.0,gyrA_D94G,R,0.8646496815286624,A,D94G,-50.99999999999999,3.1,-1.2700000000000002,-58.0,3.1999999999999997,H,AlphaHelix,-58.04000000000002,-41.610000000000014,97.4,1.0,1.0,False,False,False,False,True,False,88.1550888450658,63.0,80.0,18.193077591535243,7.778978962037692,14.095745809785983,46.65999984741211,1.7333416145382428,-0.873
1338,LEV,1.0,0.0,S,HIGH,gyrA,94.0,gyrA_D94G,R,0.8646496815286624,A,D94G,-50.99999999999999,3.1,-1.2700000000000002,-58.0,3.1999999999999997,H,AlphaHelix,-58.04000000000002,-41.610000000000014,97.4,1.0,1.0,False,False,False,False,True,False,88.1550888450658,63.0,80.0,18.193077591535243,7.778978962037692,14.095745809785983,46.65999984741211,1.7333416145382428,-0.873
1339,LEV,0.25,-2.0,S,HIGH,gyrA,230.0,gyrA_T230S,S,1.0,A,T230S,-27.099999999999994,-0.10000000000000009,0.22000000000000003,-14.0,0.08000000000000007,T,Turn,-90.07,11.75,32.1,0.0,0.0,False,False,False,False,False,True,31.5661275522854,-4.0,53.0,36.05093449035657,25.347710816948997,30.817171163790626,53.7599983215332,1.9066785642354738,-0.749
1340,LEV,2.0,1.0,R,HIGH,gyrA,90.0,gyrA_A90V,R,0.8690476190476191,A,A90V,51.400000000000006,2.4000000000000004,-0.8600000000000001,28.0,-0.040000000000000036,H,AlphaHelix,-61.829999999999984,-59.75999999999999,47.0,2.0,0.0,False,False,False,False,True,False,55.555815915240146,-64.0,82.0,14.254302173206394,5.504265622675344,10.310827336129869,40.439998626708984,1.6650776123582791,0.089
1341,LEV,4.0,2.0,R,HIGH,gyrA,94.0,gyrA_D94A,R,0.7951807228915663,A,D94A,-22.5,5.3,-2.08,-44.0,3.23,H,AlphaHelix,-58.04000000000002,-41.610000000000014,97.4,1.0,1.0,False,False,False,False,True,False,88.1550888450658,46.0,71.0,18.193077591535243,7.778978962037692,14.095745809785983,46.65999984741211,1.7333416145382428,-0.421
1342,LEV,2.0,1.0,R,HIGH,gyrA,90.0,gyrA_A90V,R,0.8690476190476191,A,A90V,51.400000000000006,2.4000000000000004,-0.8600000000000001,28.0,-0.040000000000000036,H,AlphaHelix,-61.829999999999984,-59.75999999999999,47.0,2.0,0.0,False,False,False,False,True,False,55.555815915240146,-64.0,82.0,14.254302173206394,5.504265622675344,10.310827336129869,40.439998626708984,1.6650776123582791,0.089
1343,LEV,>8,4.0,R,HIGH,gyrA,94.0,gyrA_D94N,R,0.8592592592592593,A,D94N,3.0,0.0,-1.9800000000000002,-1.0,2.64,H,AlphaHelix,-58.04000000000002,-41.610000000000014,97.4,1.0,1.0,False,False,False,False,True,False,88.1550888450658,56.0,75.0,18.193077591535243,7.778978962037692,14.095745809785983,46.65999984741211,1.7333416145382428,-0.347
1344,LEV,0.25,-2.0,S,MEDIUM,gyrA,94.0,gyrA_D94G,R,0.8646496815286624,A,D94G,-50.99999999999999,3.1,-1.2700000000000002,-58.0,3.1999999999999997,H,AlphaHelix,-58.04000000000002,-41.610000000000014,97.4,1.0,1.0,False,False,False,False,True,False,88.1550888450658,63.0,80.0,18.193077591535243,7.778978962037692,14.095745809785983,46.65999984741211,1.7333416145382428,-0.873
1345,LEV,0.5,-1.0,S,HIGH,gyrA,94.0,gyrA_D94G,R,0.8646496815286624,A,D94G,-50.99999999999999,3.1,-1.2700000000000002,-58.0,3.1999999999999997,H,AlphaHelix,-58.04000000000002,-41.610000000000014,97.4,1.0,1.0,False,False,False,False,True,False,88.1550888450658,63.0,80.0,18.193077591535243,7.778978962037692,14.095745809785983,46.65999984741211,1.7333416145382428,-0.873
1346,LEV,2.0,1.0,R,HIGH,gyrA,94.0,gyrA_D94A,R,0.7951807228915663,A,D94A,-22.5,5.3,-2.08,-44.0,3.23,H,AlphaHelix,-58.04000000000002,-41.610000000000014,97.4,1.0,1.0,False,False,False,False,True,False,88.1550888450658,46.0,71.0,18.193077591535243,7.778978962037692,14.095745809785983,46.65999984741211,1.7333416145382428,-0.421
1347,LEV,2.0,1.0,R,HIGH,gyrA,94.0,gyrA_D94A,R,0.7951807228915663,A,D94A,-22.5,5.3,-2.08,-44.0,3.23,H,AlphaHelix,-58.04000000000002,-41.610000000000014,97.4,1.0,1.0,False,False,False,False,True,False,88.1550888450658,46.0,71.0,18.193077591535243,7.778978962037692,14.095745809785983,46.65999984741211,1.7333416145382428,-0.421
1348,LEV,2.0,1.0,R,HIGH,gyrA,90.0,gyrA_A90V,R,0.8690476190476191,A,A90V,51.400000000000006,2.4000000000000004,-0.8600000000000001,28.0,-0.040000000000000036,H,AlphaHelix,-61.829999999999984,-59.75999999999999,47.0,2.0,0.0,False,False,False,False,True,False,55.555815915240146,-64.0,82.0,14.254302173206394,5.504265622675344,10.310827336129869,40.439998626708984,1.6650776123582791,0.089
1349,LEV,8.0,3.0,R,HIGH,gyrA,94.0,gyrA_D94G,R,0.8646496815286624,A,D94G,-50.99999999999999,3.1,-1.2700000000000002,-58.0,3.1999999999999997,H,AlphaHelix,-58.04000000000002,-41.610000000000014,97.4,1.0,1.0,False,False,False,False,True,False,88.1550888450658,63.0,80.0,18.193077591535243,7.778978962037692,14.095745809785983,46.65999984741211,1.7333416145382428,-0.873
1350,LEV,8.0,3.0,R,HIGH,gyrA,94.0,gyrA_D94H,R,0.9714285714285714,A,D94H,42.099999999999994,0.2999999999999998,-1.04,22.099999999999994,4.82,H,AlphaHelix,-58.04000000000002,-41.610000000000014,97.4,1.0,1.0,False,False,False,False,True,False,88.1550888450658,79.0,85.0,18.193077591535243,7.778978962037692,14.095745809785983,46.65999984741211,1.7333416145382428,-0.36
1351,LEV,0.5,-1.0,S,HIGH,gyrA,228.0,gyrA_F228L,S,1.0,A,F228L,-23.200000000000017,1.0,-0.10999999999999999,-34.0,0.5,T,Turn,-81.70999999999998,144.75,2.0,1.0,0.0,False,False,False,False,False,True,1.6353764795424408,38.0,66.0,35.30955438122882,26.49018517315399,31.868739565823063,51.34000015258789,5.398727701767058,-1.55
1352,LEV,2.0,1.0,R,MEDIUM,gyrA,94.0,gyrA_D94G,R,0.8646496815286624,A,D94G,-50.99999999999999,3.1,-1.2700000000000002,-58.0,3.1999999999999997,H,AlphaHelix,-58.04000000000002,-41.610000000000014,97.4,1.0,1.0,False,False,False,False,True,False,88.1550888450658,63.0,80.0,18.193077591535243,7.778978962037692,14.095745809785983,46.65999984741211,1.7333416145382428,-0.873
1353,LEV,0.25,-2.0,S,HIGH,gyrA,90.0,gyrA_A90V,R,0.8690476190476191,A,A90V,51.400000000000006,2.4000000000000004,-0.8600000000000001,28.0,-0.040000000000000036,H,AlphaHelix,-61.829999999999984,-59.75999999999999,47.0,2.0,0.0,False,False,False,False,True,False,55.555815915240146,-64.0,82.0,14.254302173206394,5.504265622675344,10.310827336129869,40.439998626708984,1.6650776123582791,0.089
1354,LEV,4.0,2.0,R,MEDIUM,gyrA,91.0,gyrA_S91P,R,0.8524590163934426,A,S91P,23.700000000000003,-0.8,-0.64,10.0,0.6200000000000001,H,AlphaHelix,-67.14999999999998,-27.149999999999977,64.8,1.0,0.0,False,False,False,False,True,False,65.22815545163408,63.0,80.0,13.370520192722235,5.421428426386811,10.72875108867804,47.63999938964844,1.5284537092505912,-0.125
1355,LEV,8.0,3.0,R,HIGH,gyrA,94.0,gyrA_D94N,R,0.8592592592592593,A,D94N,3.0,0.0,-1.9800000000000002,-1.0,2.64,H,AlphaHelix,-58.04000000000002,-41.610000000000014,97.4,1.0,1.0,False,False,False,False,True,False,88.1550888450658,56.0,75.0,18.193077591535243,7.778978962037692,14.095745809785983,46.65999984741211,1.7333416145382428,-0.347
1356,LEV,8.0,3.0,R,HIGH,gyrA,94.0,gyrA_D94G,R,0.8646496815286624,A,D94G,-50.99999999999999,3.1,-1.2700000000000002,-58.0,3.1999999999999997,H,AlphaHelix,-58.04000000000002,-41.610000000000014,97.4,1.0,1.0,False,False,False,False,True,False,88.1550888450658,63.0,80.0,18.193077591535243,7.778978962037692,14.095745809785983,46.65999984741211,1.7333416145382428,-0.873
1357,LEV,,,,HIGH,gyrB,501.0,gyrB_E501D,S,0.6428571428571429,B,E501D,-27.30000000000001,0.0,0.8,-14.0,-0.4500000000000002,H,AlphaHelix,-71.87,-38.54000000000002,13.6,2.0,0.0,False,False,False,False,True,False,15.369778026626971,78.0,85.0,17.92544384842089,17.867526289070224,11.782093492314347,63.0099983215332,2.23399611625198,-2.507
1358,LEV,4.0,2.0,R,HIGH,gyrA,94.0,gyrA_D94G,R,0.8646496815286624,A,D94G,-50.99999999999999,3.1,-1.2700000000000002,-58.0,3.1999999999999997,H,AlphaHelix,-58.04000000000002,-41.610000000000014,97.4,1.0,1.0,False,False,False,False,True,False,88.1550888450658,63.0,80.0,18.193077591535243,7.778978962037692,14.095745809785983,46.65999984741211,1.7333416145382428,-0.873
1359,LEV,1.0,0.0,S,MEDIUM,gyrA,94.0,gyrA_D94N,R,0.8592592592592593,A,D94N,3.0,0.0,-1.9800000000000002,-1.0,2.64,H,AlphaHelix,-58.04000000000002,-41.610000000000014,97.4,1.0,1.0,False,False,False,False,True,False,88.1550888450658,56.0,75.0,18.193077591535243,7.778978962037692,14.095745809785983,46.65999984741211,1.7333416145382428,-0.347
1360,LEV,0.5,-1.0,S,HIGH,gyrA,346.0,gyrA_L346V,S,1.0,A,L346V,-26.69999999999999,0.40000000000000036,0.15999999999999992,-14.099999999999994,-0.020000000000000462,E,Strand,-105.4,125.94,8.8,0.0,1.0,False,False,True,False,False,False,10.348432794704593,-89.0,93.0,26.70320591248761,25.95552473284318,29.162763186671064,52.459999084472656,2.9672121812905234,-0.753
1361,LEV,0.25,-2.0,S,MEDIUM,gyrA,91.0,gyrA_S91P,R,0.8524590163934426,A,S91P,23.700000000000003,-0.8,-0.64,10.0,0.6200000000000001,H,AlphaHelix,-67.14999999999998,-27.149999999999977,64.8,1.0,0.0,False,False,False,False,True,False,65.22815545163408,63.0,80.0,13.370520192722235,5.421428426386811,10.72875108867804,47.63999938964844,1.5284537092505912,-0.125
1362,LEV,0.5,-1.0,S,HIGH,gyrA,288.0,gyrA_A288V,S,1.0,A,A288V,51.400000000000006,2.4000000000000004,-0.8600000000000001,28.0,-0.040000000000000036,H,AlphaHelix,-55.73000000000002,-52.079999999999984,11.3,2.0,1.0,False,False,False,False,True,False,11.676533963816869,-66.0,82.0,42.723997531718645,29.51063733150099,31.64294234039218,85.9800033569336,1.9848467404953554,-0.718
1363,LEV,2.0,1.0,R,MEDIUM,gyrA,91.0,gyrA_S91P,R,0.8524590163934426,A,S91P,23.700000000000003,-0.8,-0.64,10.0,0.6200000000000001,H,AlphaHelix,-67.14999999999998,-27.149999999999977,64.8,1.0,0.0,False,False,False,False,True,False,65.22815545163408,63.0,80.0,13.370520192722235,5.421428426386811,10.72875108867804,47.63999938964844,1.5284537092505912,-0.125
1364,LEV,>8,4.0,R,HIGH,gyrA,88.0,gyrA_G88C,R,0.95,A,G88C,48.4,2.9,-0.9199999999999999,46.10000000000001,-0.8999999999999995,C,Coil,-77.02999999999997,152.43,8.6,0.0,0.0,False,True,False,False,False,False,9.936179450376525,50.0,75.0,9.383464096517303,8.798143905732672,11.185201845760195,57.560001373291016,1.9098223702260209,-0.725
1365,LEV,2.0,1.0,R,HIGH,gyrA,90.0,gyrA_A90V,R,0.8690476190476191,A,A90V,51.400000000000006,2.4000000000000004,-0.8600000000000001,28.0,-0.040000000000000036,H,AlphaHelix,-61.829999999999984,-59.75999999999999,47.0,2.0,0.0,False,False,False,False,True,False,55.555815915240146,-64.0,82.0,14.254302173206394,5.504265622675344,10.310827336129869,40.439998626708984,1.6650776123582791,0.089
1366,LEV,>8,4.0,R,MEDIUM,gyrA,94.0,gyrA_D94N,R,0.8592592592592593,A,D94N,3.0,0.0,-1.9800000000000002,-1.0,2.64,H,AlphaHelix,-58.04000000000002,-41.610000000000014,97.4,1.0,1.0,False,False,False,False,True,False,88.1550888450658,56.0,75.0,18.193077591535243,7.778978962037692,14.095745809785983,46.65999984741211,1.7333416145382428,-0.347
1367,LEV,>8,4.0,R,HIGH,gyrA,94.0,gyrA_D94N,R,0.8592592592592593,A,D94N,3.0,0.0,-1.9800000000000002,-1.0,2.64,H,AlphaHelix,-58.04000000000002,-41.610000000000014,97.4,1.0,1.0,False,False,False,False,True,False,88.1550888450658,56.0,75.0,18.193077591535243,7.778978962037692,14.095745809785983,46.65999984741211,1.7333416145382428,-0.347
1368,LEV,4.0,2.0,R,HIGH,gyrA,90.0,gyrA_A90V,R,0.8690476190476191,A,A90V,51.400000000000006,2.4000000000000004,-0.8600000000000001,28.0,-0.040000000000000036,H,AlphaHelix,-61.829999999999984,-59.75999999999999,47.0,2.0,0.0,False,False,False,False,True,False,55.555815915240146,-64.0,82.0,14.254302173206394,5.504265622675344,10.310827336129869,40.439998626708984,1.6650776123582791,0.089
1369,LEV,>8,4.0,R,HIGH,gyrA,94.0,gyrA_D94G,R,0.8646496815286624,A,D94G,-50.99999999999999,3.1,-1.2700000000000002,-58.0,3.1999999999999997,H,AlphaHelix,-58.04000000000002,-41.610000000000014,97.4,1.0,1.0,False,False,False,False,True,False,88.1550888450658,63.0,80.0,18.193077591535243,7.778978962037692,14.095745809785983,46.65999984741211,1.7333416145382428,-0.873
1370,LEV,2.0,1.0,R,HIGH,gyrA,91.0,gyrA_S91P,R,0.8524590163934426,A,S91P,23.700000000000003,-0.8,-0.64,10.0,0.6200000000000001,H,AlphaHelix,-67.14999999999998,-27.149999999999977,64.8,1.0,0.0,False,False,False,False,True,False,65.22815545163408,63.0,80.0,13.370520192722235,5.421428426386811,10.72875108867804,47.63999938964844,1.5284537092505912,-0.125
1371,LEV,>8,4.0,R,MEDIUM,gyrA,94.0,gyrA_D94G,R,0.8646496815286624,A,D94G,-50.99999999999999,3.1,-1.2700000000000002,-58.0,3.1999999999999997,H,AlphaHelix,-58.04000000000002,-41.610000000000014,97.4,1.0,1.0,False,False,False,False,True,False,88.1550888450658,63.0,80.0,18.193077591535243,7.778978962037692,14.095745809785983,46.65999984741211,1.7333416145382428,-0.873
1372,LEV,0.5,-1.0,S,MEDIUM,gyrA,94.0,gyrA_D94A,R,0.7951807228915663,A,D94A,-22.5,5.3,-2.08,-44.0,3.23,H,AlphaHelix,-58.04000000000002,-41.610000000000014,97.4,1.0,1.0,False,False,False,False,True,False,88.1550888450658,46.0,71.0,18.193077591535243,7.778978962037692,14.095745809785983,46.65999984741211,1.7333416145382428,-0.421
1373,LEV,0.25,-2.0,S,HIGH,gyrB,436.0,gyrB_G436R,S,1.0,B,G436R,113.30000000000001,-4.1,-0.1399999999999999,99.1,4.79,,,,,,,,,,,,,,0.0,9.0,53.0,,,,,,
1374,LEV,4.0,2.0,R,MEDIUM,gyrA,91.0,gyrA_S91P,R,0.8524590163934426,A,S91P,23.700000000000003,-0.8,-0.64,10.0,0.6200000000000001,H,AlphaHelix,-67.14999999999998,-27.149999999999977,64.8,1.0,0.0,False,False,False,False,True,False,65.22815545163408,63.0,80.0,13.370520192722235,5.421428426386811,10.72875108867804,47.63999938964844,1.5284537092505912,-0.125
1375,LEV,0.5,-1.0,S,HIGH,gyrA,288.0,gyrA_A288V,S,1.0,A,A288V,51.400000000000006,2.4000000000000004,-0.8600000000000001,28.0,-0.040000000000000036,H,AlphaHelix,-55.73000000000002,-52.079999999999984,11.3,2.0,1.0,False,False,False,False,True,False,11.676533963816869,-66.0,82.0,42.723997531718645,29.51063733150099,31.64294234039218,85.9800033569336,1.9848467404953554,-0.718
1376,LEV,8.0,3.0,R,MEDIUM,gyrA,94.0,gyrA_D94G,R,0.8646496815286624,A,D94G,-50.99999999999999,3.1,-1.2700000000000002,-58.0,3.1999999999999997,H,AlphaHelix,-58.04000000000002,-41.610000000000014,97.4,1.0,1.0,False,False,False,False,True,False,88.1550888450658,63.0,80.0,18.193077591535243,7.778978962037692,14.095745809785983,46.65999984741211,1.7333416145382428,-0.873
1377,LEV,0.5,-1.0,S,HIGH,gyrA,193.0,gyrA_N193S,S,1.0,A,N193S,-25.099999999999994,2.7,-0.09999999999999998,-27.0,0.2699999999999996,C,Coil,-78.75,123.63,5.4,2.0,0.0,False,True,False,False,False,False,3.9785882839510753,-22.0,61.0,38.286532913756595,31.644021592511656,37.267766220385276,50.119998931884766,3.1142630176941593,-1.229
1378,LEV,2.0,1.0,R,HIGH,gyrA,90.0,gyrA_A90V,R,0.8690476190476191,A,A90V,51.400000000000006,2.4000000000000004,-0.8600000000000001,28.0,-0.040000000000000036,H,AlphaHelix,-61.829999999999984,-59.75999999999999,47.0,2.0,0.0,False,False,False,False,True,False,55.555815915240146,-64.0,82.0,14.254302173206394,5.504265622675344,10.310827336129869,40.439998626708984,1.6650776123582791,0.089
1379,LEV,4.0,2.0,R,HIGH,gyrA,90.0,gyrA_A90V,R,0.8690476190476191,A,A90V,51.400000000000006,2.4000000000000004,-0.8600000000000001,28.0,-0.040000000000000036,H,AlphaHelix,-61.829999999999984,-59.75999999999999,47.0,2.0,0.0,False,False,False,False,True,False,55.555815915240146,-64.0,82.0,14.254302173206394,5.504265622675344,10.310827336129869,40.439998626708984,1.6650776123582791,0.089
1380,LEV,2.0,1.0,R,HIGH,gyrA,289.0,gyrA_E289D,R,1.0,A,E289D,-27.30000000000001,0.0,0.8,-14.0,-0.4500000000000002,H,AlphaHelix,-68.97000000000003,-25.670000000000016,90.5,1.0,1.0,False,False,False,False,True,False,78.18165218628893,-97.0,97.0,41.48561315821115,28.843017528433503,30.29288497248502,105.55999755859375,1.8511387706127942,-0.205
1381,LEV,4.0,2.0,R,HIGH,gyrA,94.0,gyrA_D94Y,R,0.9285714285714286,A,D94Y,82.5,2.2,-2.18,48.099999999999994,2.89,H,AlphaHelix,-58.04000000000002,-41.610000000000014,97.4,1.0,1.0,False,False,False,False,True,False,88.1550888450658,81.0,91.0,18.193077591535243,7.778978962037692,14.095745809785983,46.65999984741211,1.7333416145382428,-0.376
1382,LEV,2.0,1.0,R,HIGH,gyrA,94.0,gyrA_D94A,R,0.7951807228915663,A,D94A,-22.5,5.3,-2.08,-44.0,3.23,H,AlphaHelix,-58.04000000000002,-41.610000000000014,97.4,1.0,1.0,False,False,False,False,True,False,88.1550888450658,46.0,71.0,18.193077591535243,7.778978962037692,14.095745809785983,46.65999984741211,1.7333416145382428,-0.421
1383,LEV,8.0,3.0,R,MEDIUM,gyrA,90.0,gyrA_A90V,R,0.8690476190476191,A,A90V,51.400000000000006,2.4000000000000004,-0.8600000000000001,28.0,-0.040000000000000036,H,AlphaHelix,-61.829999999999984,-59.75999999999999,47.0,2.0,0.0,False,False,False,False,True,False,55.555815915240146,-64.0,82.0,14.254302173206394,5.504265622675344,10.310827336129869,40.439998626708984,1.6650776123582791,0.089
1384,LEV,>8,4.0,R,MEDIUM,gyrA,94.0,gyrA_D94G,R,0.8646496815286624,A,D94G,-50.99999999999999,3.1,-1.2700000000000002,-58.0,3.1999999999999997,H,AlphaHelix,-58.04000000000002,-41.610000000000014,97.4,1.0,1.0,False,False,False,False,True,False,88.1550888450658,63.0,80.0,18.193077591535243,7.778978962037692,14.095745809785983,46.65999984741211,1.7333416145382428,-0.873
1385,LEV,8.0,3.0,R,MEDIUM,gyrA,94.0,gyrA_D94G,R,0.8646496815286624,A,D94G,-50.99999999999999,3.1,-1.2700000000000002,-58.0,3.1999999999999997,H,AlphaHelix,-58.04000000000002,-41.610000000000014,97.4,1.0,1.0,False,False,False,False,True,False,88.1550888450658,63.0,80.0,18.193077591535243,7.778978962037692,14.095745809785983,46.65999984741211,1.7333416145382428,-0.873
1386,LEV,2.0,1.0,R,HIGH,gyrA,90.0,gyrA_A90V,R,0.8690476190476191,A,A90V,51.400000000000006,2.4000000000000004,-0.8600000000000001,28.0,-0.040000000000000036,H,AlphaHelix,-61.829999999999984,-59.75999999999999,47.0,2.0,0.0,False,False,False,False,True,False,55.555815915240146,-64.0,82.0,14.254302173206394,5.504265622675344,10.310827336129869,40.439998626708984,1.6650776123582791,0.089
1387,LEV,0.25,-2.0,S,HIGH,gyrB,575.0,gyrB_R575H,S,1.0,B,R575H,-20.200000000000017,1.2999999999999998,0.3700000000000001,-19.0,-3.17,T,Turn,-120.16,-30.30000000000001,242.0,0.0,0.0,False,False,False,False,False,True,239.63741200348562,16.0,59.0,31.19364865408664,42.65293806989109,41.54880517191064,96.72000122070312,1.5111154341675028,-0.183
1388,LEV,4.0,2.0,R,HIGH,gyrA,90.0,gyrA_A90V,R,0.8690476190476191,A,A90V,51.400000000000006,2.4000000000000004,-0.8600000000000001,28.0,-0.040000000000000036,H,AlphaHelix,-61.829999999999984,-59.75999999999999,47.0,2.0,0.0,False,False,False,False,True,False,55.555815915240146,-64.0,82.0,14.254302173206394,5.504265622675344,10.310827336129869,40.439998626708984,1.6650776123582791,0.089
1389,LEV,0.25,-2.0,S,HIGH,gyrA,94.0,gyrA_D94A,R,0.7951807228915663,A,D94A,-22.5,5.3,-2.08,-44.0,3.23,H,AlphaHelix,-58.04000000000002,-41.610000000000014,97.4,1.0,1.0,False,False,False,False,True,False,88.1550888450658,46.0,71.0,18.193077591535243,7.778978962037692,14.095745809785983,46.65999984741211,1.7333416145382428,-0.421
1390,LEV,4.0,2.0,R,MEDIUM,gyrA,94.0,gyrA_D94N,R,0.8592592592592593,A,D94N,3.0,0.0,-1.9800000000000002,-1.0,2.64,H,AlphaHelix,-58.04000000000002,-41.610000000000014,97.4,1.0,1.0,False,False,False,False,True,False,88.1550888450658,56.0,75.0,18.193077591535243,7.778978962037692,14.095745809785983,46.65999984741211,1.7333416145382428,-0.347
1391,LEV,<=0.12,-3.06,S,HIGH,gyrB,530.0,gyrB_M530T,S,1.0,B,M530T,-46.80000000000001,-2.5999999999999996,0.55,-30.099999999999994,-0.14000000000000057,E,Strand,-122.85,107.05,2.2,1.0,1.0,False,False,True,False,False,False,1.705944906703178,75.0,85.0,11.383342240023593,22.90627314181413,18.53178620162828,57.58000183105469,4.257380695840078,-2.438
1392,LEV,4.0,2.0,R,MEDIUM,gyrA,90.0,gyrA_A90V,R,0.8690476190476191,A,A90V,51.400000000000006,2.4000000000000004,-0.8600000000000001,28.0,-0.040000000000000036,H,AlphaHelix,-61.829999999999984,-59.75999999999999,47.0,2.0,0.0,False,False,False,False,True,False,55.555815915240146,-64.0,82.0,14.254302173206394,5.504265622675344,10.310827336129869,40.439998626708984,1.6650776123582791,0.089
1393,LEV,8.0,3.0,R,HIGH,gyrA,94.0,gyrA_D94G,R,0.8646496815286624,A,D94G,-50.99999999999999,3.1,-1.2700000000000002,-58.0,3.1999999999999997,H,AlphaHelix,-58.04000000000002,-41.610000000000014,97.4,1.0,1.0,False,False,False,False,True,False,88.1550888450658,63.0,80.0,18.193077591535243,7.778978962037692,14.095745809785983,46.65999984741211,1.7333416145382428,-0.873
1394,LEV,0.25,-2.0,S,HIGH,gyrA,94.0,gyrA_D94G,R,0.8646496815286624,A,D94G,-50.99999999999999,3.1,-1.2700000000000002,-58.0,3.1999999999999997,H,AlphaHelix,-58.04000000000002,-41.610000000000014,97.4,1.0,1.0,False,False,False,False,True,False,88.1550888450658,63.0,80.0,18.193077591535243,7.778978962037692,14.095745809785983,46.65999984741211,1.7333416145382428,-0.873
1395,LEV,0.5,-1.0,S,HIGH,gyrA,193.0,gyrA_N193S,S,1.0,A,N193S,-25.099999999999994,2.7,-0.09999999999999998,-27.0,0.2699999999999996,C,Coil,-78.75,123.63,5.4,2.0,0.0,False,True,False,False,False,False,3.9785882839510753,-22.0,61.0,38.286532913756595,31.644021592511656,37.267766220385276,50.119998931884766,3.1142630176941593,-1.229
1396,LEV,1.0,0.0,S,MEDIUM,gyrA,94.0,gyrA_D94G,R,0.8646496815286624,A,D94G,-50.99999999999999,3.1,-1.2700000000000002,-58.0,3.1999999999999997,H,AlphaHelix,-58.04000000000002,-41.610000000000014,97.4,1.0,1.0,False,False,False,False,True,False,88.1550888450658,63.0,80.0,18.193077591535243,7.778978962037692,14.095745809785983,46.65999984741211,1.7333416145382428,-0.873
1397,LEV,4.0,2.0,R,HIGH,gyrA,94.0,gyrA_D94N,R,0.8592592592592593,A,D94N,3.0,0.0,-1.9800000000000002,-1.0,2.64,H,AlphaHelix,-58.04000000000002,-41.610000000000014,97.4,1.0,1.0,False,False,False,False,True,False,88.1550888450658,56.0,75.0,18.193077591535243,7.778978962037692,14.095745809785983,46.65999984741211,1.7333416145382428,-0.347
1398,LEV,>8,4.0,R,HIGH,gyrA,90.0,gyrA_A90V,R,0.8690476190476191,A,A90V,51.400000000000006,2.4000000000000004,-0.8600000000000001,28.0,-0.040000000000000036,H,AlphaHelix,-61.829999999999984,-59.75999999999999,47.0,2.0,0.0,False,False,False,False,True,False,55.555815915240146,-64.0,82.0,14.254302173206394,5.504265622675344,10.310827336129869,40.439998626708984,1.6650776123582791,0.089
1399,LEV,4.0,2.0,R,MEDIUM,gyrA,94.0,gyrA_D94G,R,0.8646496815286624,A,D94G,-50.99999999999999,3.1,-1.2700000000000002,-58.0,3.1999999999999997,H,AlphaHelix,-58.04000000000002,-41.610000000000014,97.4,1.0,1.0,False,False,False,False,True,False,88.1550888450658,63.0,80.0,18.193077591535243,7.778978962037692,14.095745809785983,46.65999984741211,1.7333416145382428,-0.873
1400,LEV,8.0,3.0,R,HIGH,gyrA,94.0,gyrA_D94G,R,0.8646496815286624,A,D94G,-50.99999999999999,3.1,-1.2700000000000002,-58.0,3.1999999999999997,H,AlphaHelix,-58.04000000000002,-41.610000000000014,97.4,1.0,1.0,False,False,False,False,True,False,88.1550888450658,63.0,80.0,18.193077591535243,7.778978962037692,14.095745809785983,46.65999984741211,1.7333416145382428,-0.873
1401,LEV,8.0,3.0,R,HIGH,gyrA,94.0,gyrA_D94H,R,0.9714285714285714,A,D94H,42.099999999999994,0.2999999999999998,-1.04,22.099999999999994,4.82,H,AlphaHelix,-58.04000000000002,-41.610000000000014,97.4,1.0,1.0,False,False,False,False,True,False,88.1550888450658,79.0,85.0,18.193077591535243,7.778978962037692,14.095745809785983,46.65999984741211,1.7333416145382428,-0.36
1402,LEV,<=0.12,-3.06,S,MEDIUM,gyrA,94.0,gyrA_D94N,R,0.8592592592592593,A,D94N,3.0,0.0,-1.9800000000000002,-1.0,2.64,H,AlphaHelix,-58.04000000000002,-41.610000000000014,97.4,1.0,1.0,False,False,False,False,True,False,88.1550888450658,56.0,75.0,18.193077591535243,7.778978962037692,14.095745809785983,46.65999984741211,1.7333416145382428,-0.347
1403,LEV,0.25,-2.0,S,HIGH,gyrA,91.0,gyrA_S91P,R,0.8524590163934426,A,S91P,23.700000000000003,-0.8,-0.64,10.0,0.6200000000000001,H,AlphaHelix,-67.14999999999998,-27.149999999999977,64.8,1.0,0.0,False,False,False,False,True,False,65.22815545163408,63.0,80.0,13.370520192722235,5.421428426386811,10.72875108867804,47.63999938964844,1.5284537092505912,-0.125
1404,LEV,8.0,3.0,R,HIGH,gyrA,94.0,gyrA_D94G,R,0.8646496815286624,A,D94G,-50.99999999999999,3.1,-1.2700000000000002,-58.0,3.1999999999999997,H,AlphaHelix,-58.04000000000002,-41.610000000000014,97.4,1.0,1.0,False,False,False,False,True,False,88.1550888450658,63.0,80.0,18.193077591535243,7.778978962037692,14.095745809785983,46.65999984741211,1.7333416145382428,-0.873
1405,LEV,2.0,1.0,R,HIGH,gyrA,90.0,gyrA_A90V,R,0.8690476190476191,A,A90V,51.400000000000006,2.4000000000000004,-0.8600000000000001,28.0,-0.040000000000000036,H,AlphaHelix,-61.829999999999984,-59.75999999999999,47.0,2.0,0.0,False,False,False,False,True,False,55.555815915240146,-64.0,82.0,14.254302173206394,5.504265622675344,10.310827336129869,40.439998626708984,1.6650776123582791,0.089
1406,LEV,0.5,-1.0,S,HIGH,gyrA,493.0,gyrA_D493H,S,1.0,A,D493H,42.099999999999994,0.2999999999999998,-1.04,22.099999999999994,4.82,C,Coil,-65.23000000000002,158.88,118.0,0.0,0.0,False,True,False,False,False,False,102.64259805336863,0.0,53.0,43.62568419146402,35.227095757906596,41.197728229621724,56.11000061035156,1.5569209689874979,-0.182
1407,LEV,8.0,3.0,R,HIGH,gyrA,94.0,gyrA_D94G,R,0.8646496815286624,A,D94G,-50.99999999999999,3.1,-1.2700000000000002,-58.0,3.1999999999999997,H,AlphaHelix,-58.04000000000002,-41.610000000000014,97.4,1.0,1.0,False,False,False,False,True,False,88.1550888450658,63.0,80.0,18.193077591535243,7.778978962037692,14.095745809785983,46.65999984741211,1.7333416145382428,-0.873
1408,LEV,2.0,1.0,R,MEDIUM,gyrA,94.0,gyrA_D94A,R,0.7951807228915663,A,D94A,-22.5,5.3,-2.08,-44.0,3.23,H,AlphaHelix,-58.04000000000002,-41.610000000000014,97.4,1.0,1.0,False,False,False,False,True,False,88.1550888450658,46.0,71.0,18.193077591535243,7.778978962037692,14.095745809785983,46.65999984741211,1.7333416145382428,-0.421
1409,LEV,0.25,-2.0,S,HIGH,gyrA,368.0,gyrA_H368Q,S,1.0,A,H368Q,-9.399999999999977,-0.2999999999999998,-1.1800000000000002,-9.0,-1.9399999999999995,H,AlphaHelix,-63.379999999999995,-38.889999999999986,5.5,1.0,2.0,False,False,False,False,True,False,6.459046324491969,-32.0,66.0,32.895810467297466,34.475770690325476,38.93355579565783,51.2599983215332,2.4362416088347554,-1.403
1410,LEV,0.5,-1.0,S,HIGH,gyrA,472.0,gyrA_P472S,S,1.0,A,P472S,-23.700000000000003,0.8,0.64,-10.0,-0.6200000000000001,H,AlphaHelix,-59.70999999999998,-28.170000000000016,71.0,1.0,0.0,False,False,False,False,True,False,78.73791501370572,-68.0,82.0,46.353130855468216,48.26749325282632,52.90519851328242,69.8499984741211,1.6707895195538032,-1.116
1411,LEV,8.0,3.0,R,HIGH,gyrA,90.0,gyrA_A90V,R,0.8690476190476191,A,A90V,51.400000000000006,2.4000000000000004,-0.8600000000000001,28.0,-0.040000000000000036,H,AlphaHelix,-61.829999999999984,-59.75999999999999,47.0,2.0,0.0,False,False,False,False,True,False,55.555815915240146,-64.0,82.0,14.254302173206394,5.504265622675344,10.310827336129869,40.439998626708984,1.6650776123582791,0.089
1412,LEV,0.5,-1.0,S,HIGH,gyrA,154.0,gyrA_P154L,S,1.0,A,P154L,53.999999999999986,5.4,-0.37999999999999995,16.099999999999994,-0.3199999999999994,E,Strand,-63.26999999999998,149.75,74.5,0.0,0.0,False,False,True,False,False,False,79.18597057272785,-4.0,53.0,19.225911095740965,27.73254660180666,30.131122559096102,57.20000076293945,1.6282709707753908,-0.567
1413,LEV,0.25,-2.0,S,HIGH,gyrA,94.0,gyrA_D94G,R,0.8646496815286624,A,D94G,-50.99999999999999,3.1,-1.2700000000000002,-58.0,3.1999999999999997,H,AlphaHelix,-58.04000000000002,-41.610000000000014,97.4,1.0,1.0,False,False,False,False,True,False,88.1550888450658,63.0,80.0,18.193077591535243,7.778978962037692,14.095745809785983,46.65999984741211,1.7333416145382428,-0.873
1414,LEV,0.25,-2.0,S,HIGH,gyrA,193.0,gyrA_N193S,S,1.0,A,N193S,-25.099999999999994,2.7,-0.09999999999999998,-27.0,0.2699999999999996,C,Coil,-78.75,123.63,5.4,2.0,0.0,False,True,False,False,False,False,3.9785882839510753,-22.0,61.0,38.286532913756595,31.644021592511656,37.267766220385276,50.119998931884766,3.1142630176941593,-1.229
1415,LEV,8.0,3.0,R,HIGH,gyrA,94.0,gyrA_D94N,R,0.8592592592592593,A,D94N,3.0,0.0,-1.9800000000000002,-1.0,2.64,H,AlphaHelix,-58.04000000000002,-41.610000000000014,97.4,1.0,1.0,False,False,False,False,True,False,88.1550888450658,56.0,75.0,18.193077591535243,7.778978962037692,14.095745809785983,46.65999984741211,1.7333416145382428,-0.347
1416,LEV,4.0,2.0,R,HIGH,gyrA,94.0,gyrA_D94N,R,0.8592592592592593,A,D94N,3.0,0.0,-1.9800000000000002,-1.0,2.64,H,AlphaHelix,-58.04000000000002,-41.610000000000014,97.4,1.0,1.0,False,False,False,False,True,False,88.1550888450658,56.0,75.0,18.193077591535243,7.778978962037692,14.095745809785983,46.65999984741211,1.7333416145382428,-0.347
1417,LEV,>8,4.0,R,HIGH,gyrA,94.0,gyrA_D94G,R,0.8646496815286624,A,D94G,-50.99999999999999,3.1,-1.2700000000000002,-58.0,3.1999999999999997,H,AlphaHelix,-58.04000000000002,-41.610000000000014,97.4,1.0,1.0,False,False,False,False,True,False,88.1550888450658,63.0,80.0,18.193077591535243,7.778978962037692,14.095745809785983,46.65999984741211,1.7333416145382428,-0.873
1418,LEV,4.0,2.0,R,HIGH,gyrA,90.0,gyrA_A90V,R,0.8690476190476191,A,A90V,51.400000000000006,2.4000000000000004,-0.8600000000000001,28.0,-0.040000000000000036,H,AlphaHelix,-61.829999999999984,-59.75999999999999,47.0,2.0,0.0,False,False,False,False,True,False,55.555815915240146,-64.0,82.0,14.254302173206394,5.504265622675344,10.310827336129869,40.439998626708984,1.6650776123582791,0.089
1419,LEV,4.0,2.0,R,HIGH,gyrA,90.0,gyrA_A90V,R,0.8690476190476191,A,A90V,51.400000000000006,2.4000000000000004,-0.8600000000000001,28.0,-0.040000000000000036,H,AlphaHelix,-61.829999999999984,-59.75999999999999,47.0,2.0,0.0,False,False,False,False,True,False,55.555815915240146,-64.0,82.0,14.254302173206394,5.504265622675344,10.310827336129869,40.439998626708984,1.6650776123582791,0.089
1420,LEV,0.5,-1.0,S,HIGH,gyrA,347.0,gyrA_A347V,S,1.0,A,A347V,51.400000000000006,2.4000000000000004,-0.8600000000000001,28.0,-0.040000000000000036,E,Strand,-147.89,158.15,0.0,1.0,1.0,False,False,True,False,False,False,0.0,-85.0,93.0,25.200628653367197,25.530274544230814,28.97889412984243,53.349998474121094,5.515988030300539,-1.321
1421,LEV,1.0,0.0,S,HIGH,gyrB,447.0,gyrB_S447F,S,0.5714285714285714,B,S447F,100.9,3.5999999999999996,-0.9099999999999999,60.099999999999994,-0.1999999999999993,C,Coil,-66.01999999999998,127.78,10.3,0.0,1.0,False,True,False,False,False,False,7.650214361327759,35.0,66.0,30.986926496507703,37.926884539701504,31.95516280373057,76.79000091552734,2.2854008237144825,-0.561
1422,LEV,8.0,3.0,R,HIGH,gyrA,90.0,gyrA_A90V,R,0.8690476190476191,A,A90V,51.400000000000006,2.4000000000000004,-0.8600000000000001,28.0,-0.040000000000000036,H,AlphaHelix,-61.829999999999984,-59.75999999999999,47.0,2.0,0.0,False,False,False,False,True,False,55.555815915240146,-64.0,82.0,14.254302173206394,5.504265622675344,10.310827336129869,40.439998626708984,1.6650776123582791,0.089
1423,LEV,>8,4.0,R,MEDIUM,gyrA,90.0,gyrA_A90V,R,0.8690476190476191,A,A90V,51.400000000000006,2.4000000000000004,-0.8600000000000001,28.0,-0.040000000000000036,H,AlphaHelix,-61.829999999999984,-59.75999999999999,47.0,2.0,0.0,False,False,False,False,True,False,55.555815915240146,-64.0,82.0,14.254302173206394,5.504265622675344,10.310827336129869,40.439998626708984,1.6650776123582791,0.089
1424,LEV,0.5,-1.0,S,HIGH,gyrA,272.0,gyrA_T272I,S,1.0,A,T272I,50.599999999999994,5.2,-0.92,12.099999999999994,0.41999999999999993,E,Strand,-112.11000000000001,-12.70999999999998,37.5,0.0,1.0,False,False,True,False,False,False,40.96354945026428,50.0,75.0,43.99068348189916,31.39754186299001,36.279724066703395,56.79999923706055,2.141009499133353,-0.384
1425,LEV,4.0,2.0,R,HIGH,gyrA,91.0,gyrA_S91P,R,0.8524590163934426,A,S91P,23.700000000000003,-0.8,-0.64,10.0,0.6200000000000001,H,AlphaHelix,-67.14999999999998,-27.149999999999977,64.8,1.0,0.0,False,False,False,False,True,False,65.22815545163408,63.0,80.0,13.370520192722235,5.421428426386811,10.72875108867804,47.63999938964844,1.5284537092505912,-0.125
1426,LEV,8.0,3.0,R,MEDIUM,gyrA,94.0,gyrA_D94G,R,0.8646496815286624,A,D94G,-50.99999999999999,3.1,-1.2700000000000002,-58.0,3.1999999999999997,H,AlphaHelix,-58.04000000000002,-41.610000000000014,97.4,1.0,1.0,False,False,False,False,True,False,88.1550888450658,63.0,80.0,18.193077591535243,7.778978962037692,14.095745809785983,46.65999984741211,1.7333416145382428,-0.873
1427,LEV,4.0,2.0,R,MEDIUM,gyrA,90.0,gyrA_A90V,R,0.8690476190476191,A,A90V,51.400000000000006,2.4000000000000004,-0.8600000000000001,28.0,-0.040000000000000036,H,AlphaHelix,-61.829999999999984,-59.75999999999999,47.0,2.0,0.0,False,False,False,False,True,False,55.555815915240146,-64.0,82.0,14.254302173206394,5.504265622675344,10.310827336129869,40.439998626708984,1.6650776123582791,0.089
1428,LEV,2.0,1.0,R,MEDIUM,gyrA,91.0,gyrA_S91P,R,0.8524590163934426,A,S91P,23.700000000000003,-0.8,-0.64,10.0,0.6200000000000001,H,AlphaHelix,-67.14999999999998,-27.149999999999977,64.8,1.0,0.0,False,False,False,False,True,False,65.22815545163408,63.0,80.0,13.370520192722235,5.421428426386811,10.72875108867804,47.63999938964844,1.5284537092505912,-0.125
1429,LEV,8.0,3.0,R,HIGH,gyrA,94.0,gyrA_D94G,R,0.8646496815286624,A,D94G,-50.99999999999999,3.1,-1.2700000000000002,-58.0,3.1999999999999997,H,AlphaHelix,-58.04000000000002,-41.610000000000014,97.4,1.0,1.0,False,False,False,False,True,False,88.1550888450658,63.0,80.0,18.193077591535243,7.778978962037692,14.095745809785983,46.65999984741211,1.7333416145382428,-0.873
1430,LEV,8.0,3.0,R,HIGH,gyrA,94.0,gyrA_D94G,R,0.8646496815286624,A,D94G,-50.99999999999999,3.1,-1.2700000000000002,-58.0,3.1999999999999997,H,AlphaHelix,-58.04000000000002,-41.610000000000014,97.4,1.0,1.0,False,False,False,False,True,False,88.1550888450658,63.0,80.0,18.193077591535243,7.778978962037692,14.095745809785983,46.65999984741211,1.7333416145382428,-0.873
1431,LEV,8.0,3.0,R,HIGH,gyrA,94.0,gyrA_D94G,R,0.8646496815286624,A,D94G,-50.99999999999999,3.1,-1.2700000000000002,-58.0,3.1999999999999997,H,AlphaHelix,-58.04000000000002,-41.610000000000014,97.4,1.0,1.0,False,False,False,False,True,False,88.1550888450658,63.0,80.0,18.193077591535243,7.778978962037692,14.095745809785983,46.65999984741211,1.7333416145382428,-0.873
1432,LEV,0.25,-2.0,S,HIGH,gyrB,457.0,gyrB_V457L,S,0.8,B,V457L,26.69999999999999,-0.40000000000000036,-0.15999999999999992,14.099999999999994,0.020000000000000462,E,Strand,-84.48000000000002,110.62,5.5,1.0,1.0,False,False,True,False,False,False,4.051828439596724,-24.0,61.0,14.807203990488254,22.747146856262027,17.219380732399905,47.4900016784668,6.9560192905350995,1.189
1433,LEV,0.25,-2.0,S,HIGH,gyrB,523.0,gyrB_R523C,S,1.0,B,R523C,-64.9,7.0,-0.78,-52.999999999999986,-5.6899999999999995,T,Turn,-88.64999999999998,-12.490000000000009,16.4,0.0,1.0,False,False,False,False,False,True,16.275337427440387,43.0,71.0,28.20473164919629,34.021924595421375,27.789509761856856,75.41999816894531,2.755643542746645,-1.684
1434,LEV,4.0,2.0,R,HIGH,gyrA,94.0,gyrA_D94A,R,0.7951807228915663,A,D94A,-22.5,5.3,-2.08,-44.0,3.23,H,AlphaHelix,-58.04000000000002,-41.610000000000014,97.4,1.0,1.0,False,False,False,False,True,False,88.1550888450658,46.0,71.0,18.193077591535243,7.778978962037692,14.095745809785983,46.65999984741211,1.7333416145382428,-0.421
1435,LEV,0.5,-1.0,S,HIGH,gyrA,481.0,gyrA_D481G,S,1.0,A,D481G,-50.99999999999999,3.1,-1.2700000000000002,-58.0,3.1999999999999997,H,AlphaHelix,-68.02999999999997,-43.39999999999998,89.0,1.0,1.0,False,False,False,False,True,False,77.66519293994125,-75.0,87.0,45.07367122936,42.83213591309488,48.49897001270041,68.87000274658203,1.7758179992275929,-1.004
1436,LEV,2.0,1.0,R,HIGH,gyrA,94.0,gyrA_D94G,R,0.8646496815286624,A,D94G,-50.99999999999999,3.1,-1.2700000000000002,-58.0,3.1999999999999997,H,AlphaHelix,-58.04000000000002,-41.610000000000014,97.4,1.0,1.0,False,False,False,False,True,False,88.1550888450658,63.0,80.0,18.193077591535243,7.778978962037692,14.095745809785983,46.65999984741211,1.7333416145382428,-0.873
1437,LEV,4.0,2.0,R,HIGH,gyrA,90.0,gyrA_A90V,R,0.8690476190476191,A,A90V,51.400000000000006,2.4000000000000004,-0.8600000000000001,28.0,-0.040000000000000036,H,AlphaHelix,-61.829999999999984,-59.75999999999999,47.0,2.0,0.0,False,False,False,False,True,False,55.555815915240146,-64.0,82.0,14.254302173206394,5.504265622675344,10.310827336129869,40.439998626708984,1.6650776123582791,0.089
1438,LEV,4.0,2.0,R,HIGH,gyrA,94.0,gyrA_D94G,R,0.8646496815286624,A,D94G,-50.99999999999999,3.1,-1.2700000000000002,-58.0,3.1999999999999997,H,AlphaHelix,-58.04000000000002,-41.610000000000014,97.4,1.0,1.0,False,False,False,False,True,False,88.1550888450658,63.0,80.0,18.193077591535243,7.778978962037692,14.095745809785983,46.65999984741211,1.7333416145382428,-0.873
1439,LEV,8.0,3.0,R,HIGH,gyrA,94.0,gyrA_D94G,R,0.8646496815286624,A,D94G,-50.99999999999999,3.1,-1.2700000000000002,-58.0,3.1999999999999997,H,AlphaHelix,-58.04000000000002,-41.610000000000014,97.4,1.0,1.0,False,False,False,False,True,False,88.1550888450658,63.0,80.0,18.193077591535243,7.778978962037692,14.095745809785983,46.65999984741211,1.7333416145382428,-0.873
1440,LEV,0.25,-2.0,S,HIGH,gyrB,638.0,gyrB_L638V,S,1.0,B,L638V,-26.69999999999999,0.40000000000000036,0.15999999999999992,-14.099999999999994,-0.020000000000000462,T,Turn,-125.01999999999998,106.37,30.3,0.0,0.0,False,False,False,False,False,True,30.043134181047513,-74.0,87.0,27.10263163184792,36.61339930258459,32.38974369950563,78.27999877929688,2.292811549393272,-0.192
1441,LEV,2.0,1.0,R,MEDIUM,gyrA,90.0,gyrA_A90V,R,0.8690476190476191,A,A90V,51.400000000000006,2.4000000000000004,-0.8600000000000001,28.0,-0.040000000000000036,H,AlphaHelix,-61.829999999999984,-59.75999999999999,47.0,2.0,0.0,False,False,False,False,True,False,55.555815915240146,-64.0,82.0,14.254302173206394,5.504265622675344,10.310827336129869,40.439998626708984,1.6650776123582791,0.089
1442,LEV,4.0,2.0,R,HIGH,gyrA,94.0,gyrA_D94G,R,0.8646496815286624,A,D94G,-50.99999999999999,3.1,-1.2700000000000002,-58.0,3.1999999999999997,H,AlphaHelix,-58.04000000000002,-41.610000000000014,97.4,1.0,1.0,False,False,False,False,True,False,88.1550888450658,63.0,80.0,18.193077591535243,7.778978962037692,14.095745809785983,46.65999984741211,1.7333416145382428,-0.873
1443,LEV,>8,4.0,R,MEDIUM,gyrA,94.0,gyrA_D94N,R,0.8592592592592593,A,D94N,3.0,0.0,-1.9800000000000002,-1.0,2.64,H,AlphaHelix,-58.04000000000002,-41.610000000000014,97.4,1.0,1.0,False,False,False,False,True,False,88.1550888450658,56.0,75.0,18.193077591535243,7.778978962037692,14.095745809785983,46.65999984741211,1.7333416145382428,-0.347
1444,LEV,8.0,3.0,R,HIGH,gyrA,94.0,gyrA_D94Y,R,0.9285714285714286,A,D94Y,82.5,2.2,-2.18,48.099999999999994,2.89,H,AlphaHelix,-58.04000000000002,-41.610000000000014,97.4,1.0,1.0,False,False,False,False,True,False,88.1550888450658,81.0,91.0,18.193077591535243,7.778978962037692,14.095745809785983,46.65999984741211,1.7333416145382428,-0.376
1445,LEV,>8,4.0,R,HIGH,gyrA,94.0,gyrA_D94G,R,0.8646496815286624,A,D94G,-50.99999999999999,3.1,-1.2700000000000002,-58.0,3.1999999999999997,H,AlphaHelix,-58.04000000000002,-41.610000000000014,97.4,1.0,1.0,False,False,False,False,True,False,88.1550888450658,63.0,80.0,18.193077591535243,7.778978962037692,14.095745809785983,46.65999984741211,1.7333416145382428,-0.873
1446,LEV,8.0,3.0,R,MEDIUM,gyrA,94.0,gyrA_D94G,R,0.8646496815286624,A,D94G,-50.99999999999999,3.1,-1.2700000000000002,-58.0,3.1999999999999997,H,AlphaHelix,-58.04000000000002,-41.610000000000014,97.4,1.0,1.0,False,False,False,False,True,False,88.1550888450658,63.0,80.0,18.193077591535243,7.778978962037692,14.095745809785983,46.65999984741211,1.7333416145382428,-0.873
1447,LEV,4.0,2.0,R,HIGH,gyrA,90.0,gyrA_A90V,R,0.8690476190476191,A,A90V,51.400000000000006,2.4000000000000004,-0.8600000000000001,28.0,-0.040000000000000036,H,AlphaHelix,-61.829999999999984,-59.75999999999999,47.0,2.0,0.0,False,False,False,False,True,False,55.555815915240146,-64.0,82.0,14.254302173206394,5.504265622675344,10.310827336129869,40.439998626708984,1.6650776123582791,0.089
1448,LEV,0.25,-2.0,S,MEDIUM,gyrA,154.0,gyrA_P154R,S,1.0,A,P154R,60.7,-2.9,1.31,59.099999999999994,4.46,E,Strand,-63.26999999999998,149.75,74.5,0.0,0.0,False,False,True,False,False,False,79.18597057272785,41.0,71.0,19.225911095740965,27.73254660180666,30.131122559096102,57.20000076293945,1.6282709707753908,-0.523
1449,LEV,>8,4.0,R,HIGH,gyrA,88.0,gyrA_G88C,R,0.95,A,G88C,48.4,2.9,-0.9199999999999999,46.10000000000001,-0.8999999999999995,C,Coil,-77.02999999999997,152.43,8.6,0.0,0.0,False,True,False,False,False,False,9.936179450376525,50.0,75.0,9.383464096517303,8.798143905732672,11.185201845760195,57.560001373291016,1.9098223702260209,-0.725
1450,LEV,8.0,3.0,R,HIGH,gyrA,94.0,gyrA_D94G,R,0.8646496815286624,A,D94G,-50.99999999999999,3.1,-1.2700000000000002,-58.0,3.1999999999999997,H,AlphaHelix,-58.04000000000002,-41.610000000000014,97.4,1.0,1.0,False,False,False,False,True,False,88.1550888450658,63.0,80.0,18.193077591535243,7.778978962037692,14.095745809785983,46.65999984741211,1.7333416145382428,-0.873
1451,LEV,>8,4.0,R,HIGH,gyrA,94.0,gyrA_D94N,R,0.8592592592592593,A,D94N,3.0,0.0,-1.9800000000000002,-1.0,2.64,H,AlphaHelix,-58.04000000000002,-41.610000000000014,97.4,1.0,1.0,False,False,False,False,True,False,88.1550888450658,56.0,75.0,18.193077591535243,7.778978962037692,14.095745809785983,46.65999984741211,1.7333416145382428,-0.347
1452,LEV,4.0,2.0,R,HIGH,gyrA,91.0,gyrA_S91P,R,0.8524590163934426,A,S91P,23.700000000000003,-0.8,-0.64,10.0,0.6200000000000001,H,AlphaHelix,-67.14999999999998,-27.149999999999977,64.8,1.0,0.0,False,False,False,False,True,False,65.22815545163408,63.0,80.0,13.370520192722235,5.421428426386811,10.72875108867804,47.63999938964844,1.5284537092505912,-0.125
1453,LEV,0.5,-1.0,S,HIGH,gyrA,90.0,gyrA_A90V,R,0.8690476190476191,A,A90V,51.400000000000006,2.4000000000000004,-0.8600000000000001,28.0,-0.040000000000000036,H,AlphaHelix,-61.829999999999984,-59.75999999999999,47.0,2.0,0.0,False,False,False,False,True,False,55.555815915240146,-64.0,82.0,14.254302173206394,5.504265622675344,10.310827336129869,40.439998626708984,1.6650776123582791,0.089
1454,LEV,8.0,3.0,R,HIGH,gyrA,94.0,gyrA_D94G,R,0.8646496815286624,A,D94G,-50.99999999999999,3.1,-1.2700000000000002,-58.0,3.1999999999999997,H,AlphaHelix,-58.04000000000002,-41.610000000000014,97.4,1.0,1.0,False,False,False,False,True,False,88.1550888450658,63.0,80.0,18.193077591535243,7.778978962037692,14.095745809785983,46.65999984741211,1.7333416145382428,-0.873
1455,LEV,0.5,-1.0,S,HIGH,gyrB,606.0,gyrB_G606S,S,1.0,B,G606S,28.9,-0.4,-0.8099999999999998,30.0,-0.29000000000000004,T,Turn,57.35,-129.95,8.3,0.0,0.0,False,False,False,False,False,True,7.500778842582963,-31.0,66.0,22.146304944393474,33.25997362088717,33.42043678652426,93.91000366210938,2.0154904248620458,-1.698
1456,LEV,4.0,2.0,R,HIGH,gyrA,90.0,gyrA_A90V,R,0.8690476190476191,A,A90V,51.400000000000006,2.4000000000000004,-0.8600000000000001,28.0,-0.040000000000000036,H,AlphaHelix,-61.829999999999984,-59.75999999999999,47.0,2.0,0.0,False,False,False,False,True,False,55.555815915240146,-64.0,82.0,14.254302173206394,5.504265622675344,10.310827336129869,40.439998626708984,1.6650776123582791,0.089
1457,LEV,4.0,2.0,R,MEDIUM,gyrA,94.0,gyrA_D94A,R,0.7951807228915663,A,D94A,-22.5,5.3,-2.08,-44.0,3.23,H,AlphaHelix,-58.04000000000002,-41.610000000000014,97.4,1.0,1.0,False,False,False,False,True,False,88.1550888450658,46.0,71.0,18.193077591535243,7.778978962037692,14.095745809785983,46.65999984741211,1.7333416145382428,-0.421
1458,LEV,8.0,3.0,R,HIGH,gyrA,94.0,gyrA_D94G,R,0.8646496815286624,A,D94G,-50.99999999999999,3.1,-1.2700000000000002,-58.0,3.1999999999999997,H,AlphaHelix,-58.04000000000002,-41.610000000000014,97.4,1.0,1.0,False,False,False,False,True,False,88.1550888450658,63.0,80.0,18.193077591535243,7.778978962037692,14.095745809785983,46.65999984741211,1.7333416145382428,-0.873
1459,LEV,4.0,2.0,R,HIGH,gyrA,90.0,gyrA_A90V,R,0.8690476190476191,A,A90V,51.400000000000006,2.4000000000000004,-0.8600000000000001,28.0,-0.040000000000000036,H,AlphaHelix,-61.829999999999984,-59.75999999999999,47.0,2.0,0.0,False,False,False,False,True,False,55.555815915240146,-64.0,82.0,14.254302173206394,5.504265622675344,10.310827336129869,40.439998626708984,1.6650776123582791,0.089
1460,LEV,1.0,0.0,S,HIGH,gyrA,94.0,gyrA_D94A,R,0.7951807228915663,A,D94A,-22.5,5.3,-2.08,-44.0,3.23,H,AlphaHelix,-58.04000000000002,-41.610000000000014,97.4,1.0,1.0,False,False,False,False,True,False,88.1550888450658,46.0,71.0,18.193077591535243,7.778978962037692,14.095745809785983,46.65999984741211,1.7333416145382428,-0.421
1461,LEV,8.0,3.0,R,MEDIUM,gyrA,94.0,gyrA_D94G,R,0.8646496815286624,A,D94G,-50.99999999999999,3.1,-1.2700000000000002,-58.0,3.1999999999999997,H,AlphaHelix,-58.04000000000002,-41.610000000000014,97.4,1.0,1.0,False,False,False,False,True,False,88.1550888450658,63.0,80.0,18.193077591535243,7.778978962037692,14.095745809785983,46.65999984741211,1.7333416145382428,-0.873
1462,LEV,0.25,-2.0,S,HIGH,gyrB,512.0,gyrB_G512R,S,0.7142857142857143,B,G512R,113.30000000000001,-4.1,-0.1399999999999999,99.1,4.79,C,Coil,-78.40999999999997,-153.43,22.3,0.0,0.0,False,True,False,False,False,False,21.149837177377734,56.0,75.0,30.22847232612234,32.992962074498614,27.088620046626986,69.91000366210938,1.8566162191748528,-1.498
1463,LEV,>8,4.0,R,HIGH,gyrA,94.0,gyrA_D94G,R,0.8646496815286624,A,D94G,-50.99999999999999,3.1,-1.2700000000000002,-58.0,3.1999999999999997,H,AlphaHelix,-58.04000000000002,-41.610000000000014,97.4,1.0,1.0,False,False,False,False,True,False,88.1550888450658,63.0,80.0,18.193077591535243,7.778978962037692,14.095745809785983,46.65999984741211,1.7333416145382428,-0.873
1464,LEV,4.0,2.0,R,MEDIUM,gyrA,94.0,gyrA_D94G,R,0.8646496815286624,A,D94G,-50.99999999999999,3.1,-1.2700000000000002,-58.0,3.1999999999999997,H,AlphaHelix,-58.04000000000002,-41.610000000000014,97.4,1.0,1.0,False,False,False,False,True,False,88.1550888450658,63.0,80.0,18.193077591535243,7.778978962037692,14.095745809785983,46.65999984741211,1.7333416145382428,-0.873
1465,LEV,0.25,-2.0,S,HIGH,gyrB,603.0,gyrB_K603R,S,1.0,B,K603R,4.800000000000011,-0.6000000000000001,-0.81,28.0,1.0199999999999996,T,Turn,-89.38,2.44,211.1,0.0,0.0,False,False,False,False,False,True,210.29341831527432,3.0,53.0,25.794570753842194,36.00957272381184,36.88729200644323,121.87000274658203,1.4753946778895397,-0.145
1466,LEV,4.0,2.0,R,HIGH,gyrA,94.0,gyrA_D94G,R,0.8646496815286624,A,D94G,-50.99999999999999,3.1,-1.2700000000000002,-58.0,3.1999999999999997,H,AlphaHelix,-58.04000000000002,-41.610000000000014,97.4,1.0,1.0,False,False,False,False,True,False,88.1550888450658,63.0,80.0,18.193077591535243,7.778978962037692,14.095745809785983,46.65999984741211,1.7333416145382428,-0.873
1467,LEV,4.0,2.0,R,MEDIUM,gyrA,90.0,gyrA_A90V,R,0.8690476190476191,A,A90V,51.400000000000006,2.4000000000000004,-0.8600000000000001,28.0,-0.040000000000000036,H,AlphaHelix,-61.829999999999984,-59.75999999999999,47.0,2.0,0.0,False,False,False,False,True,False,55.555815915240146,-64.0,82.0,14.254302173206394,5.504265622675344,10.310827336129869,40.439998626708984,1.6650776123582791,0.089
1468,LEV,0.25,-2.0,S,MEDIUM,gyrB,575.0,gyrB_R575H,S,1.0,B,R575H,-20.200000000000017,1.2999999999999998,0.3700000000000001,-19.0,-3.17,T,Turn,-120.16,-30.30000000000001,242.0,0.0,0.0,False,False,False,False,False,True,239.63741200348562,16.0,59.0,31.19364865408664,42.65293806989109,41.54880517191064,96.72000122070312,1.5111154341675028,-0.183
1469,LEV,2.0,1.0,R,HIGH,gyrA,90.0,gyrA_A90V,R,0.8690476190476191,A,A90V,51.400000000000006,2.4000000000000004,-0.8600000000000001,28.0,-0.040000000000000036,H,AlphaHelix,-61.829999999999984,-59.75999999999999,47.0,2.0,0.0,False,False,False,False,True,False,55.555815915240146,-64.0,82.0,14.254302173206394,5.504265622675344,10.310827336129869,40.439998626708984,1.6650776123582791,0.089
1470,LEV,4.0,2.0,R,MEDIUM,gyrA,94.0,gyrA_D94Y,R,0.9285714285714286,A,D94Y,82.5,2.2,-2.18,48.099999999999994,2.89,H,AlphaHelix,-58.04000000000002,-41.610000000000014,97.4,1.0,1.0,False,False,False,False,True,False,88.1550888450658,81.0,91.0,18.193077591535243,7.778978962037692,14.095745809785983,46.65999984741211,1.7333416145382428,-0.376
1471,LEV,8.0,3.0,R,HIGH,gyrA,94.0,gyrA_D94N,R,0.8592592592592593,A,D94N,3.0,0.0,-1.9800000000000002,-1.0,2.64,H,AlphaHelix,-58.04000000000002,-41.610000000000014,97.4,1.0,1.0,False,False,False,False,True,False,88.1550888450658,56.0,75.0,18.193077591535243,7.778978962037692,14.095745809785983,46.65999984741211,1.7333416145382428,-0.347
1472,LEV,0.5,-1.0,S,HIGH,gyrB,578.0,gyrB_P578A,S,1.0,B,P578A,-24.10000000000001,3.4000000000000004,0.64,-26.0,-0.2999999999999998,C,Coil,-71.84000000000003,148.13,51.5,0.0,0.0,False,True,False,False,False,False,58.820950348148,-48.0,72.0,23.372724573796784,35.9165331398847,34.16197648368456,74.37000274658203,1.6960195799458653,-0.713
1473,LEV,8.0,3.0,R,HIGH,gyrA,94.0,gyrA_D94G,R,0.8646496815286624,A,D94G,-50.99999999999999,3.1,-1.2700000000000002,-58.0,3.1999999999999997,H,AlphaHelix,-58.04000000000002,-41.610000000000014,97.4,1.0,1.0,False,False,False,False,True,False,88.1550888450658,63.0,80.0,18.193077591535243,7.778978962037692,14.095745809785983,46.65999984741211,1.7333416145382428,-0.873
1474,LEV,8.0,3.0,R,HIGH,gyrA,94.0,gyrA_D94N,R,0.8592592592592593,A,D94N,3.0,0.0,-1.9800000000000002,-1.0,2.64,H,AlphaHelix,-58.04000000000002,-41.610000000000014,97.4,1.0,1.0,False,False,False,False,True,False,88.1550888450658,56.0,75.0,18.193077591535243,7.778978962037692,14.095745809785983,46.65999984741211,1.7333416145382428,-0.347
1475,LEV,0.25,-2.0,S,HIGH,gyrA,462.0,gyrA_I462V,S,1.0,A,I462V,-26.69999999999999,-0.2999999999999998,0.28,-14.099999999999994,-0.05999999999999961,H,AlphaHelix,-59.70999999999998,-45.26999999999998,11.4,1.0,1.0,False,False,False,False,True,False,15.18206477149187,-30.0,61.0,49.53275459948479,52.29994571058125,57.088414238196364,77.0,2.3931947756963785,-1.308
1476,LEV,8.0,3.0,R,MEDIUM,gyrA,94.0,gyrA_D94H,R,0.9714285714285714,A,D94H,42.099999999999994,0.2999999999999998,-1.04,22.099999999999994,4.82,H,AlphaHelix,-58.04000000000002,-41.610000000000014,97.4,1.0,1.0,False,False,False,False,True,False,88.1550888450658,79.0,85.0,18.193077591535243,7.778978962037692,14.095745809785983,46.65999984741211,1.7333416145382428,-0.36
1477,LEV,8.0,3.0,R,HIGH,gyrA,94.0,gyrA_D94H,R,0.9714285714285714,A,D94H,42.099999999999994,0.2999999999999998,-1.04,22.099999999999994,4.82,H,AlphaHelix,-58.04000000000002,-41.610000000000014,97.4,1.0,1.0,False,False,False,False,True,False,88.1550888450658,79.0,85.0,18.193077591535243,7.778978962037692,14.095745809785983,46.65999984741211,1.7333416145382428,-0.36
1478,LEV,8.0,3.0,R,MEDIUM,gyrA,94.0,gyrA_D94Y,R,0.9285714285714286,A,D94Y,82.5,2.2,-2.18,48.099999999999994,2.89,H,AlphaHelix,-58.04000000000002,-41.610000000000014,97.4,1.0,1.0,False,False,False,False,True,False,88.1550888450658,81.0,91.0,18.193077591535243,7.778978962037692,14.095745809785983,46.65999984741211,1.7333416145382428,-0.376
1479,LEV,1.0,0.0,S,HIGH,gyrB,520.0,gyrB_G520A,S,1.0,B,G520A,28.499999999999993,2.2,-0.8099999999999998,14.0,0.03000000000000025,G,310Helix,-62.079999999999984,-23.69999999999999,63.2,0.0,0.0,False,False,False,True,False,False,63.89556659106313,-62.0,82.0,34.47608977701883,40.196885151594536,34.08483460610076,81.13999938964844,1.4911523563088518,0.063
1480,LEV,0.5,-1.0,S,HIGH,gyrA,193.0,gyrA_N193S,S,1.0,A,N193S,-25.099999999999994,2.7,-0.09999999999999998,-27.0,0.2699999999999996,C,Coil,-78.75,123.63,5.4,2.0,0.0,False,True,False,False,False,False,3.9785882839510753,-22.0,61.0,38.286532913756595,31.644021592511656,37.267766220385276,50.119998931884766,3.1142630176941593,-1.229
1481,LEV,8.0,3.0,R,HIGH,gyrA,94.0,gyrA_D94N,R,0.8592592592592593,A,D94N,3.0,0.0,-1.9800000000000002,-1.0,2.64,H,AlphaHelix,-58.04000000000002,-41.610000000000014,97.4,1.0,1.0,False,False,False,False,True,False,88.1550888450658,56.0,75.0,18.193077591535243,7.778978962037692,14.095745809785983,46.65999984741211,1.7333416145382428,-0.347
1482,LEV,4.0,2.0,R,HIGH,gyrA,90.0,gyrA_A90V,R,0.8690476190476191,A,A90V,51.400000000000006,2.4000000000000004,-0.8600000000000001,28.0,-0.040000000000000036,H,AlphaHelix,-61.829999999999984,-59.75999999999999,47.0,2.0,0.0,False,False,False,False,True,False,55.555815915240146,-64.0,82.0,14.254302173206394,5.504265622675344,10.310827336129869,40.439998626708984,1.6650776123582791,0.089
1483,LEV,4.0,2.0,R,HIGH,gyrA,94.0,gyrA_D94G,R,0.8646496815286624,A,D94G,-50.99999999999999,3.1,-1.2700000000000002,-58.0,3.1999999999999997,H,AlphaHelix,-58.04000000000002,-41.610000000000014,97.4,1.0,1.0,False,False,False,False,True,False,88.1550888450658,63.0,80.0,18.193077591535243,7.778978962037692,14.095745809785983,46.65999984741211,1.7333416145382428,-0.873
1484,LEV,<=0.12,-3.06,S,HIGH,gyrA,94.0,gyrA_D94G,R,0.8646496815286624,A,D94G,-50.99999999999999,3.1,-1.2700000000000002,-58.0,3.1999999999999997,H,AlphaHelix,-58.04000000000002,-41.610000000000014,97.4,1.0,1.0,False,False,False,False,True,False,88.1550888450658,63.0,80.0,18.193077591535243,7.778978962037692,14.095745809785983,46.65999984741211,1.7333416145382428,-0.873
1485,LEV,8.0,3.0,R,HIGH,gyrA,94.0,gyrA_D94G,R,0.8646496815286624,A,D94G,-50.99999999999999,3.1,-1.2700000000000002,-58.0,3.1999999999999997,H,AlphaHelix,-58.04000000000002,-41.610000000000014,97.4,1.0,1.0,False,False,False,False,True,False,88.1550888450658,63.0,80.0,18.193077591535243,7.778978962037692,14.095745809785983,46.65999984741211,1.7333416145382428,-0.873
1486,LEV,0.25,-2.0,S,HIGH,gyrA,309.0,gyrA_R309Q,S,1.0,A,R309Q,-29.599999999999994,1.0,-0.81,-28.0,-5.109999999999999,T,Turn,-100.52999999999997,-29.420000000000016,98.1,0.0,0.0,False,False,False,False,False,True,103.09442532023432,34.0,66.0,44.347717636027056,31.16749955907252,36.640239627977365,71.05999755859375,1.8608668531082457,-0.329
1487,LEV,0.25,-2.0,S,MEDIUM,gyrA,459.0,gyrA_E459A,S,1.0,A,E459A,-49.80000000000001,5.3,-1.28,-58.0,2.78,H,AlphaHelix,-58.65999999999997,-32.34000000000003,91.7,1.0,1.0,False,False,False,False,True,False,78.88978445676905,-86.0,93.0,53.29639506196071,55.95222141141342,60.79749167682429,90.9800033569336,1.842497976816243,-0.579
1488,LEV,2.0,1.0,R,MEDIUM,gyrA,94.0,gyrA_D94G,R,0.8646496815286624,A,D94G,-50.99999999999999,3.1,-1.2700000000000002,-58.0,3.1999999999999997,H,AlphaHelix,-58.04000000000002,-41.610000000000014,97.4,1.0,1.0,False,False,False,False,True,False,88.1550888450658,63.0,80.0,18.193077591535243,7.778978962037692,14.095745809785983,46.65999984741211,1.7333416145382428,-0.873
1489,LEV,0.25,-2.0,S,HIGH,gyrA,324.0,gyrA_A324V,S,1.0,A,A324V,51.400000000000006,2.4000000000000004,-0.8600000000000001,28.0,-0.040000000000000036,H,AlphaHelix,-58.49000000000001,-47.44,24.4,1.0,0.0,False,False,False,False,True,False,23.862235430569925,-77.0,87.0,54.86125232217781,42.64475518542318,46.04902452232071,104.04000091552734,2.108260957325491,-0.323
1490,LEV,8.0,3.0,R,HIGH,gyrA,94.0,gyrA_D94G,R,0.8646496815286624,A,D94G,-50.99999999999999,3.1,-1.2700000000000002,-58.0,3.1999999999999997,H,AlphaHelix,-58.04000000000002,-41.610000000000014,97.4,1.0,1.0,False,False,False,False,True,False,88.1550888450658,63.0,80.0,18.193077591535243,7.778978962037692,14.095745809785983,46.65999984741211,1.7333416145382428,-0.873
1491,LEV,8.0,3.0,R,HIGH,gyrA,94.0,gyrA_D94G,R,0.8646496815286624,A,D94G,-50.99999999999999,3.1,-1.2700000000000002,-58.0,3.1999999999999997,H,AlphaHelix,-58.04000000000002,-41.610000000000014,97.4,1.0,1.0,False,False,False,False,True,False,88.1550888450658,63.0,80.0,18.193077591535243,7.778978962037692,14.095745809785983,46.65999984741211,1.7333416145382428,-0.873
1492,LEV,0.5,-1.0,S,HIGH,gyrA,236.0,gyrA_G236V,S,1.0,A,G236V,79.9,4.6000000000000005,-1.67,42.0,-0.009999999999999787,C,Coil,92.83,175.24,12.0,0.0,1.0,False,True,False,False,False,False,9.42431998248234,71.0,85.0,45.68305265435637,38.1719630839851,42.18097337209387,65.19000244140625,1.728989378748296,-2.197
1493,LEV,8.0,3.0,R,HIGH,gyrA,94.0,gyrA_D94H,R,0.9714285714285714,A,D94H,42.099999999999994,0.2999999999999998,-1.04,22.099999999999994,4.82,H,AlphaHelix,-58.04000000000002,-41.610000000000014,97.4,1.0,1.0,False,False,False,False,True,False,88.1550888450658,79.0,85.0,18.193077591535243,7.778978962037692,14.095745809785983,46.65999984741211,1.7333416145382428,-0.36
1494,LEV,8.0,3.0,R,HIGH,gyrA,94.0,gyrA_D94N,R,0.8592592592592593,A,D94N,3.0,0.0,-1.9800000000000002,-1.0,2.64,H,AlphaHelix,-58.04000000000002,-41.610000000000014,97.4,1.0,1.0,False,False,False,False,True,False,88.1550888450658,56.0,75.0,18.193077591535243,7.778978962037692,14.095745809785983,46.65999984741211,1.7333416145382428,-0.347
1495,LEV,0.5,-1.0,S,HIGH,gyrB,575.0,gyrB_R575H,S,1.0,B,R575H,-20.200000000000017,1.2999999999999998,0.3700000000000001,-19.0,-3.17,T,Turn,-120.16,-30.30000000000001,242.0,0.0,0.0,False,False,False,False,False,True,239.63741200348562,16.0,59.0,31.19364865408664,42.65293806989109,41.54880517191064,96.72000122070312,1.5111154341675028,-0.183
1496,LEV,8.0,3.0,R,HIGH,gyrA,94.0,gyrA_D94G,R,0.8646496815286624,A,D94G,-50.99999999999999,3.1,-1.2700000000000002,-58.0,3.1999999999999997,H,AlphaHelix,-58.04000000000002,-41.610000000000014,97.4,1.0,1.0,False,False,False,False,True,False,88.1550888450658,63.0,80.0,18.193077591535243,7.778978962037692,14.095745809785983,46.65999984741211,1.7333416145382428,-0.873
1497,LEV,0.25,-2.0,S,HIGH,gyrA,90.0,gyrA_A90V,R,0.8690476190476191,A,A90V,51.400000000000006,2.4000000000000004,-0.8600000000000001,28.0,-0.040000000000000036,H,AlphaHelix,-61.829999999999984,-59.75999999999999,47.0,2.0,0.0,False,False,False,False,True,False,55.555815915240146,-64.0,82.0,14.254302173206394,5.504265622675344,10.310827336129869,40.439998626708984,1.6650776123582791,0.089
1498,LEV,4.0,2.0,R,MEDIUM,gyrA,94.0,gyrA_D94G,R,0.8646496815286624,A,D94G,-50.99999999999999,3.1,-1.2700000000000002,-58.0,3.1999999999999997,H,AlphaHelix,-58.04000000000002,-41.610000000000014,97.4,1.0,1.0,False,False,False,False,True,False,88.1550888450658,63.0,80.0,18.193077591535243,7.778978962037692,14.095745809785983,46.65999984741211,1.7333416145382428,-0.873
1499,LEV,4.0,2.0,R,HIGH,gyrA,94.0,gyrA_D94N,R,0.8592592592592593,A,D94N,3.0,0.0,-1.9800000000000002,-1.0,2.64,H,AlphaHelix,-58.04000000000002,-41.610000000000014,97.4,1.0,1.0,False,False,False,False,True,False,88.1550888450658,56.0,75.0,18.193077591535243,7.778978962037692,14.095745809785983,46.65999984741211,1.7333416145382428,-0.347
1500,LEV,4.0,2.0,R,HIGH,gyrA,90.0,gyrA_A90V,R,0.8690476190476191,A,A90V,51.400000000000006,2.4000000000000004,-0.8600000000000001,28.0,-0.040000000000000036,H,AlphaHelix,-61.829999999999984,-59.75999999999999,47.0,2.0,0.0,False,False,False,False,True,False,55.555815915240146,-64.0,82.0,14.254302173206394,5.504265622675344,10.310827336129869,40.439998626708984,1.6650776123582791,0.089
1501,LEV,0.25,-2.0,S,MEDIUM,gyrA,94.0,gyrA_D94Y,R,0.9285714285714286,A,D94Y,82.5,2.2,-2.18,48.099999999999994,2.89,H,AlphaHelix,-58.04000000000002,-41.610000000000014,97.4,1.0,1.0,False,False,False,False,True,False,88.1550888450658,81.0,91.0,18.193077591535243,7.778978962037692,14.095745809785983,46.65999984741211,1.7333416145382428,-0.376
1502,LEV,8.0,3.0,R,HIGH,gyrA,94.0,gyrA_D94G,R,0.8646496815286624,A,D94G,-50.99999999999999,3.1,-1.2700000000000002,-58.0,3.1999999999999997,H,AlphaHelix,-58.04000000000002,-41.610000000000014,97.4,1.0,1.0,False,False,False,False,True,False,88.1550888450658,63.0,80.0,18.193077591535243,7.778978962037692,14.095745809785983,46.65999984741211,1.7333416145382428,-0.873
1503,LEV,4.0,2.0,R,HIGH,gyrA,94.0,gyrA_D94G,R,0.8646496815286624,A,D94G,-50.99999999999999,3.1,-1.2700000000000002,-58.0,3.1999999999999997,H,AlphaHelix,-58.04000000000002,-41.610000000000014,97.4,1.0,1.0,False,False,False,False,True,False,88.1550888450658,63.0,80.0,18.193077591535243,7.778978962037692,14.095745809785983,46.65999984741211,1.7333416145382428,-0.873
1504,LEV,4.0,2.0,R,MEDIUM,gyrA,90.0,gyrA_A90V,R,0.8690476190476191,A,A90V,51.400000000000006,2.4000000000000004,-0.8600000000000001,28.0,-0.040000000000000036,H,AlphaHelix,-61.829999999999984,-59.75999999999999,47.0,2.0,0.0,False,False,False,False,True,False,55.555815915240146,-64.0,82.0,14.254302173206394,5.504265622675344,10.310827336129869,40.439998626708984,1.6650776123582791,0.089
1505,LEV,4.0,2.0,R,MEDIUM,gyrA,90.0,gyrA_A90V,R,0.8690476190476191,A,A90V,51.400000000000006,2.4000000000000004,-0.8600000000000001,28.0,-0.040000000000000036,H,AlphaHelix,-61.829999999999984,-59.75999999999999,47.0,2.0,0.0,False,False,False,False,True,False,55.555815915240146,-64.0,82.0,14.254302173206394,5.504265622675344,10.310827336129869,40.439998626708984,1.6650776123582791,0.089
1506,LEV,8.0,3.0,R,HIGH,gyrA,88.0,gyrA_G88C,R,0.95,A,G88C,48.4,2.9,-0.9199999999999999,46.10000000000001,-0.8999999999999995,C,Coil,-77.02999999999997,152.43,8.6,0.0,0.0,False,True,False,False,False,False,9.936179450376525,50.0,75.0,9.383464096517303,8.798143905732672,11.185201845760195,57.560001373291016,1.9098223702260209,-0.725
1507,LEV,2.0,1.0,R,MEDIUM,gyrA,94.0,gyrA_D94A,R,0.7951807228915663,A,D94A,-22.5,5.3,-2.08,-44.0,3.23,H,AlphaHelix,-58.04000000000002,-41.610000000000014,97.4,1.0,1.0,False,False,False,False,True,False,88.1550888450658,46.0,71.0,18.193077591535243,7.778978962037692,14.095745809785983,46.65999984741211,1.7333416145382428,-0.421
1508,LEV,1.0,0.0,S,HIGH,gyrA,15.0,gyrA_I15V,S,1.0,A,I15V,-26.69999999999999,-0.2999999999999998,0.28,-14.099999999999994,-0.05999999999999961,C,Coil,0.0,130.14,127.7,0.0,0.0,False,True,False,False,False,False,130.29233985435172,-88.0,93.0,24.70620597581433,37.8497335655227,33.67053339978081,96.58999633789062,1.6308228913090288,-0.274
1509,LEV,2.0,1.0,R,HIGH,gyrA,94.0,gyrA_D94G,R,0.8646496815286624,A,D94G,-50.99999999999999,3.1,-1.2700000000000002,-58.0,3.1999999999999997,H,AlphaHelix,-58.04000000000002,-41.610000000000014,97.4,1.0,1.0,False,False,False,False,True,False,88.1550888450658,63.0,80.0,18.193077591535243,7.778978962037692,14.095745809785983,46.65999984741211,1.7333416145382428,-0.873
1510,LEV,>8,4.0,R,HIGH,gyrA,94.0,gyrA_D94G,R,0.8646496815286624,A,D94G,-50.99999999999999,3.1,-1.2700000000000002,-58.0,3.1999999999999997,H,AlphaHelix,-58.04000000000002,-41.610000000000014,97.4,1.0,1.0,False,False,False,False,True,False,88.1550888450658,63.0,80.0,18.193077591535243,7.778978962037692,14.095745809785983,46.65999984741211,1.7333416145382428,-0.873
1511,LEV,0.5,-1.0,S,HIGH,gyrA,472.0,gyrA_P472S,S,1.0,A,P472S,-23.700000000000003,0.8,0.64,-10.0,-0.6200000000000001,H,AlphaHelix,-59.70999999999998,-28.170000000000016,71.0,1.0,0.0,False,False,False,False,True,False,78.73791501370572,-68.0,82.0,46.353130855468216,48.26749325282632,52.90519851328242,69.8499984741211,1.6707895195538032,-1.116
1512,LEV,>8,4.0,R,HIGH,gyrA,94.0,gyrA_D94Y,R,0.9285714285714286,A,D94Y,82.5,2.2,-2.18,48.099999999999994,2.89,H,AlphaHelix,-58.04000000000002,-41.610000000000014,97.4,1.0,1.0,False,False,False,False,True,False,88.1550888450658,81.0,91.0,18.193077591535243,7.778978962037692,14.095745809785983,46.65999984741211,1.7333416145382428,-0.376
1513,LEV,8.0,3.0,R,HIGH,gyrA,94.0,gyrA_D94G,R,0.8646496815286624,A,D94G,-50.99999999999999,3.1,-1.2700000000000002,-58.0,3.1999999999999997,H,AlphaHelix,-58.04000000000002,-41.610000000000014,97.4,1.0,1.0,False,False,False,False,True,False,88.1550888450658,63.0,80.0,18.193077591535243,7.778978962037692,14.095745809785983,46.65999984741211,1.7333416145382428,-0.873
1514,LEV,4.0,2.0,R,HIGH,gyrA,91.0,gyrA_S91P,R,0.8524590163934426,A,S91P,23.700000000000003,-0.8,-0.64,10.0,0.6200000000000001,H,AlphaHelix,-67.14999999999998,-27.149999999999977,64.8,1.0,0.0,False,False,False,False,True,False,65.22815545163408,63.0,80.0,13.370520192722235,5.421428426386811,10.72875108867804,47.63999938964844,1.5284537092505912,-0.125
1515,LEV,0.5,-1.0,S,HIGH,gyrA,475.0,gyrA_Q475P,S,1.0,A,Q475P,-31.10000000000001,1.9,-0.5,-31.099999999999994,0.6499999999999995,H,AlphaHelix,-57.360000000000014,-47.610000000000014,24.9,2.0,1.0,False,False,False,False,True,False,19.410318090193858,45.0,71.0,43.972438308387915,45.0145169684643,49.95082806076298,63.91999816894531,2.635805219957134,-3.228
1516,LEV,4.0,2.0,R,MEDIUM,gyrA,94.0,gyrA_D94G,R,0.8646496815286624,A,D94G,-50.99999999999999,3.1,-1.2700000000000002,-58.0,3.1999999999999997,H,AlphaHelix,-58.04000000000002,-41.610000000000014,97.4,1.0,1.0,False,False,False,False,True,False,88.1550888450658,63.0,80.0,18.193077591535243,7.778978962037692,14.095745809785983,46.65999984741211,1.7333416145382428,-0.873
1517,LEV,2.0,1.0,R,MEDIUM,gyrA,94.0,gyrA_D94N,R,0.8592592592592593,A,D94N,3.0,0.0,-1.9800000000000002,-1.0,2.64,H,AlphaHelix,-58.04000000000002,-41.610000000000014,97.4,1.0,1.0,False,False,False,False,True,False,88.1550888450658,56.0,75.0,18.193077591535243,7.778978962037692,14.095745809785983,46.65999984741211,1.7333416145382428,-0.347
1518,LEV,>8,4.0,R,MEDIUM,gyrA,90.0,gyrA_A90V,R,0.8690476190476191,A,A90V,51.400000000000006,2.4000000000000004,-0.8600000000000001,28.0,-0.040000000000000036,H,AlphaHelix,-61.829999999999984,-59.75999999999999,47.0,2.0,0.0,False,False,False,False,True,False,55.555815915240146,-64.0,82.0,14.254302173206394,5.504265622675344,10.310827336129869,40.439998626708984,1.6650776123582791,0.089
1519,LEV,>8,4.0,R,HIGH,gyrA,94.0,gyrA_D94G,R,0.8646496815286624,A,D94G,-50.99999999999999,3.1,-1.2700000000000002,-58.0,3.1999999999999997,H,AlphaHelix,-58.04000000000002,-41.610000000000014,97.4,1.0,1.0,False,False,False,False,True,False,88.1550888450658,63.0,80.0,18.193077591535243,7.778978962037692,14.095745809785983,46.65999984741211,1.7333416145382428,-0.873
1520,LEV,0.5,-1.0,S,HIGH,gyrA,254.0,gyrA_R254C,S,1.0,A,R254C,-64.9,7.0,-0.78,-52.999999999999986,-5.6899999999999995,E,Strand,-140.52,150.5,54.1,1.0,1.0,False,False,True,False,False,False,52.62668666740882,49.0,71.0,41.564937635794266,31.28491326821862,35.514715327551365,51.56999969482422,3.1563712888508726,-0.999
1521,LEV,8.0,3.0,R,HIGH,gyrA,94.0,gyrA_D94G,R,0.8646496815286624,A,D94G,-50.99999999999999,3.1,-1.2700000000000002,-58.0,3.1999999999999997,H,AlphaHelix,-58.04000000000002,-41.610000000000014,97.4,1.0,1.0,False,False,False,False,True,False,88.1550888450658,63.0,80.0,18.193077591535243,7.778978962037692,14.095745809785983,46.65999984741211,1.7333416145382428,-0.873
1522,LEV,>8,4.0,R,HIGH,gyrA,94.0,gyrA_D94G,R,0.8646496815286624,A,D94G,-50.99999999999999,3.1,-1.2700000000000002,-58.0,3.1999999999999997,H,AlphaHelix,-58.04000000000002,-41.610000000000014,97.4,1.0,1.0,False,False,False,False,True,False,88.1550888450658,63.0,80.0,18.193077591535243,7.778978962037692,14.095745809785983,46.65999984741211,1.7333416145382428,-0.873
1523,LEV,0.25,-2.0,S,MEDIUM,gyrA,237.0,gyrA_S237P,S,1.0,A,S237P,23.700000000000003,-0.8,-0.64,10.0,0.6200000000000001,H,AlphaHelix,-132.83,-15.470000000000027,93.4,2.0,0.0,False,False,False,False,True,False,84.98805596902513,-56.0,78.0,44.841211264498185,38.37262411906353,42.46336624443429,64.45999908447266,1.5215639229475377,-0.596
1524,LEV,<=0.12,-3.06,S,HIGH,gyrB,446.0,gyrB_R446C,S,1.0,B,R446C,-64.9,7.0,-0.78,-52.999999999999986,-5.6899999999999995,C,Coil,-102.64999999999998,-28.920000000000016,47.7,0.0,2.0,False,True,False,False,False,False,48.145590821945774,28.0,63.0,29.585668854735626,35.658436254280595,29.76362930063906,77.33999633789062,1.8834134115420547,-0.926
1525,LEV,2.0,1.0,R,HIGH,gyrB,447.0,gyrB_S447Y,R,0.6666666666666666,B,S447Y,104.6,-0.5,-0.1,76.1,-0.019999999999999574,C,Coil,-66.01999999999998,127.78,10.3,0.0,1.0,False,True,False,False,False,False,7.650214361327759,43.0,71.0,30.986926496507703,37.926884539701504,31.95516280373057,76.79000091552734,2.2854008237144825,-0.51
1526,LEV,0.25,-2.0,S,HIGH,gyrB,446.0,gyrB_R446C,S,1.0,B,R446C,-64.9,7.0,-0.78,-52.999999999999986,-5.6899999999999995,C,Coil,-102.64999999999998,-28.920000000000016,47.7,0.0,2.0,False,True,False,False,False,False,48.145590821945774,28.0,63.0,29.585668854735626,35.658436254280595,29.76362930063906,77.33999633789062,1.8834134115420547,-0.926
1527,LEV,8.0,3.0,R,HIGH,gyrA,90.0,gyrA_A90V,R,0.8690476190476191,A,A90V,51.400000000000006,2.4000000000000004,-0.8600000000000001,28.0,-0.040000000000000036,H,AlphaHelix,-61.829999999999984,-59.75999999999999,47.0,2.0,0.0,False,False,False,False,True,False,55.555815915240146,-64.0,82.0,14.254302173206394,5.504265622675344,10.310827336129869,40.439998626708984,1.6650776123582791,0.089
1528,LEV,4.0,2.0,R,HIGH,gyrA,94.0,gyrA_D94H,R,0.9714285714285714,A,D94H,42.099999999999994,0.2999999999999998,-1.04,22.099999999999994,4.82,H,AlphaHelix,-58.04000000000002,-41.610000000000014,97.4,1.0,1.0,False,False,False,False,True,False,88.1550888450658,79.0,85.0,18.193077591535243,7.778978962037692,14.095745809785983,46.65999984741211,1.7333416145382428,-0.36
1529,LEV,0.25,-2.0,S,MEDIUM,gyrB,526.0,gyrB_K526Q,S,1.0,B,K526Q,-24.799999999999983,0.3999999999999999,-1.62,0.0,-4.09,E,Strand,-131.07,113.53,54.1,1.0,0.0,False,False,True,False,False,False,50.172912107654724,47.0,71.0,23.62352624416352,33.06479300547908,27.503444561721906,67.94999694824219,2.157108657991182,-0.445
1530,LEV,>8,4.0,R,MEDIUM,gyrA,90.0,gyrA_A90V,R,0.8690476190476191,A,A90V,51.400000000000006,2.4000000000000004,-0.8600000000000001,28.0,-0.040000000000000036,H,AlphaHelix,-61.829999999999984,-59.75999999999999,47.0,2.0,0.0,False,False,False,False,True,False,55.555815915240146,-64.0,82.0,14.254302173206394,5.504265622675344,10.310827336129869,40.439998626708984,1.6650776123582791,0.089
1531,LEV,4.0,2.0,R,HIGH,gyrA,90.0,gyrA_A90V,R,0.8690476190476191,A,A90V,51.400000000000006,2.4000000000000004,-0.8600000000000001,28.0,-0.040000000000000036,H,AlphaHelix,-61.829999999999984,-59.75999999999999,47.0,2.0,0.0,False,False,False,False,True,False,55.555815915240146,-64.0,82.0,14.254302173206394,5.504265622675344,10.310827336129869,40.439998626708984,1.6650776123582791,0.089
1532,LEV,4.0,2.0,R,MEDIUM,gyrA,94.0,gyrA_D94A,R,0.7951807228915663,A,D94A,-22.5,5.3,-2.08,-44.0,3.23,H,AlphaHelix,-58.04000000000002,-41.610000000000014,97.4,1.0,1.0,False,False,False,False,True,False,88.1550888450658,46.0,71.0,18.193077591535243,7.778978962037692,14.095745809785983,46.65999984741211,1.7333416145382428,-0.421
1533,LEV,1.0,0.0,S,MEDIUM,gyrA,90.0,gyrA_A90V,R,0.8690476190476191,A,A90V,51.400000000000006,2.4000000000000004,-0.8600000000000001,28.0,-0.040000000000000036,H,AlphaHelix,-61.829999999999984,-59.75999999999999,47.0,2.0,0.0,False,False,False,False,True,False,55.555815915240146,-64.0,82.0,14.254302173206394,5.504265622675344,10.310827336129869,40.439998626708984,1.6650776123582791,0.089
1534,LEV,4.0,2.0,R,MEDIUM,gyrA,90.0,gyrA_A90V,R,0.8690476190476191,A,A90V,51.400000000000006,2.4000000000000004,-0.8600000000000001,28.0,-0.040000000000000036,H,AlphaHelix,-61.829999999999984,-59.75999999999999,47.0,2.0,0.0,False,False,False,False,True,False,55.555815915240146,-64.0,82.0,14.254302173206394,5.504265622675344,10.310827336129869,40.439998626708984,1.6650776123582791,0.089
1535,LEV,8.0,3.0,R,HIGH,gyrA,90.0,gyrA_A90V,R,0.8690476190476191,A,A90V,51.400000000000006,2.4000000000000004,-0.8600000000000001,28.0,-0.040000000000000036,H,AlphaHelix,-61.829999999999984,-59.75999999999999,47.0,2.0,0.0,False,False,False,False,True,False,55.555815915240146,-64.0,82.0,14.254302173206394,5.504265622675344,10.310827336129869,40.439998626708984,1.6650776123582791,0.089
1536,LEV,8.0,3.0,R,MEDIUM,gyrA,94.0,gyrA_D94G,R,0.8646496815286624,A,D94G,-50.99999999999999,3.1,-1.2700000000000002,-58.0,3.1999999999999997,H,AlphaHelix,-58.04000000000002,-41.610000000000014,97.4,1.0,1.0,False,False,False,False,True,False,88.1550888450658,63.0,80.0,18.193077591535243,7.778978962037692,14.095745809785983,46.65999984741211,1.7333416145382428,-0.873
1537,LEV,0.25,-2.0,S,HIGH,gyrA,94.0,gyrA_D94G,R,0.8646496815286624,A,D94G,-50.99999999999999,3.1,-1.2700000000000002,-58.0,3.1999999999999997,H,AlphaHelix,-58.04000000000002,-41.610000000000014,97.4,1.0,1.0,False,False,False,False,True,False,88.1550888450658,63.0,80.0,18.193077591535243,7.778978962037692,14.095745809785983,46.65999984741211,1.7333416145382428,-0.873
1538,LEV,2.0,1.0,R,HIGH,gyrA,91.0,gyrA_S91P,R,0.8524590163934426,A,S91P,23.700000000000003,-0.8,-0.64,10.0,0.6200000000000001,H,AlphaHelix,-67.14999999999998,-27.149999999999977,64.8,1.0,0.0,False,False,False,False,True,False,65.22815545163408,63.0,80.0,13.370520192722235,5.421428426386811,10.72875108867804,47.63999938964844,1.5284537092505912,-0.125
1539,LEV,8.0,3.0,R,MEDIUM,gyrA,90.0,gyrA_A90V,R,0.8690476190476191,A,A90V,51.400000000000006,2.4000000000000004,-0.8600000000000001,28.0,-0.040000000000000036,H,AlphaHelix,-61.829999999999984,-59.75999999999999,47.0,2.0,0.0,False,False,False,False,True,False,55.555815915240146,-64.0,82.0,14.254302173206394,5.504265622675344,10.310827336129869,40.439998626708984,1.6650776123582791,0.089
1540,LEV,0.25,-2.0,S,MEDIUM,gyrA,94.0,gyrA_D94G,R,0.8646496815286624,A,D94G,-50.99999999999999,3.1,-1.2700000000000002,-58.0,3.1999999999999997,H,AlphaHelix,-58.04000000000002,-41.610000000000014,97.4,1.0,1.0,False,False,False,False,True,False,88.1550888450658,63.0,80.0,18.193077591535243,7.778978962037692,14.095745809785983,46.65999984741211,1.7333416145382428,-0.873
1541,LEV,4.0,2.0,R,HIGH,gyrA,94.0,gyrA_D94G,R,0.8646496815286624,A,D94G,-50.99999999999999,3.1,-1.2700000000000002,-58.0,3.1999999999999997,H,AlphaHelix,-58.04000000000002,-41.610000000000014,97.4,1.0,1.0,False,False,False,False,True,False,88.1550888450658,63.0,80.0,18.193077591535243,7.778978962037692,14.095745809785983,46.65999984741211,1.7333416145382428,-0.873
1542,LEV,0.5,-1.0,S,HIGH,gyrA,94.0,gyrA_D94G,R,0.8646496815286624,A,D94G,-50.99999999999999,3.1,-1.2700000000000002,-58.0,3.1999999999999997,H,AlphaHelix,-58.04000000000002,-41.610000000000014,97.4,1.0,1.0,False,False,False,False,True,False,88.1550888450658,63.0,80.0,18.193077591535243,7.778978962037692,14.095745809785983,46.65999984741211,1.7333416145382428,-0.873
1543,LEV,1.0,0.0,S,MEDIUM,gyrA,90.0,gyrA_A90V,R,0.8690476190476191,A,A90V,51.400000000000006,2.4000000000000004,-0.8600000000000001,28.0,-0.040000000000000036,H,AlphaHelix,-61.829999999999984,-59.75999999999999,47.0,2.0,0.0,False,False,False,False,True,False,55.555815915240146,-64.0,82.0,14.254302173206394,5.504265622675344,10.310827336129869,40.439998626708984,1.6650776123582791,0.089
1544,LEV,>8,4.0,R,HIGH,gyrB,504.0,gyrB_A504V,S,0.75,B,A504V,51.400000000000006,2.4000000000000004,-0.8600000000000001,28.0,-0.040000000000000036,H,AlphaHelix,-59.64999999999998,-42.079999999999984,10.1,1.0,2.0,False,False,False,False,True,False,11.414866074723719,5.0,53.0,21.211827405565348,22.366103894088535,16.05940631511001,54.0,2.050575642556502,-0.618
1545,LEV,0.25,-2.0,S,HIGH,gyrA,94.0,gyrA_D94G,R,0.8646496815286624,A,D94G,-50.99999999999999,3.1,-1.2700000000000002,-58.0,3.1999999999999997,H,AlphaHelix,-58.04000000000002,-41.610000000000014,97.4,1.0,1.0,False,False,False,False,True,False,88.1550888450658,63.0,80.0,18.193077591535243,7.778978962037692,14.095745809785983,46.65999984741211,1.7333416145382428,-0.873
1546,LEV,0.5,-1.0,S,HIGH,gyrA,90.0,gyrA_A90V,R,0.8690476190476191,A,A90V,51.400000000000006,2.4000000000000004,-0.8600000000000001,28.0,-0.040000000000000036,H,AlphaHelix,-61.829999999999984,-59.75999999999999,47.0,2.0,0.0,False,False,False,False,True,False,55.555815915240146,-64.0,82.0,14.254302173206394,5.504265622675344,10.310827336129869,40.439998626708984,1.6650776123582791,0.089
1547,LEV,>8,4.0,R,HIGH,gyrA,94.0,gyrA_D94G,R,0.8646496815286624,A,D94G,-50.99999999999999,3.1,-1.2700000000000002,-58.0,3.1999999999999997,H,AlphaHelix,-58.04000000000002,-41.610000000000014,97.4,1.0,1.0,False,False,False,False,True,False,88.1550888450658,63.0,80.0,18.193077591535243,7.778978962037692,14.095745809785983,46.65999984741211,1.7333416145382428,-0.873
1548,LEV,0.5,-1.0,S,MEDIUM,gyrA,88.0,gyrA_G88A,S,0.6666666666666666,A,G88A,28.499999999999993,2.2,-0.8099999999999998,14.0,0.03000000000000025,C,Coil,-77.02999999999997,152.43,8.6,0.0,0.0,False,True,False,False,False,False,9.936179450376525,47.0,71.0,9.383464096517303,8.798143905732672,11.185201845760195,57.560001373291016,1.9098223702260209,-1.185
1549,LEV,0.25,-2.0,S,HIGH,gyrA,94.0,gyrA_D94A,R,0.7951807228915663,A,D94A,-22.5,5.3,-2.08,-44.0,3.23,H,AlphaHelix,-58.04000000000002,-41.610000000000014,97.4,1.0,1.0,False,False,False,False,True,False,88.1550888450658,46.0,71.0,18.193077591535243,7.778978962037692,14.095745809785983,46.65999984741211,1.7333416145382428,-0.421
1550,LEV,2.0,1.0,R,HIGH,gyrA,90.0,gyrA_A90V,R,0.8690476190476191,A,A90V,51.400000000000006,2.4000000000000004,-0.8600000000000001,28.0,-0.040000000000000036,H,AlphaHelix,-61.829999999999984,-59.75999999999999,47.0,2.0,0.0,False,False,False,False,True,False,55.555815915240146,-64.0,82.0,14.254302173206394,5.504265622675344,10.310827336129869,40.439998626708984,1.6650776123582791,0.089
1551,LEV,2.0,1.0,R,MEDIUM,gyrA,90.0,gyrA_A90V,R,0.8690476190476191,A,A90V,51.400000000000006,2.4000000000000004,-0.8600000000000001,28.0,-0.040000000000000036,H,AlphaHelix,-61.829999999999984,-59.75999999999999,47.0,2.0,0.0,False,False,False,False,True,False,55.555815915240146,-64.0,82.0,14.254302173206394,5.504265622675344,10.310827336129869,40.439998626708984,1.6650776123582791,0.089
1552,LEV,0.5,-1.0,S,HIGH,gyrA,193.0,gyrA_N193S,S,1.0,A,N193S,-25.099999999999994,2.7,-0.09999999999999998,-27.0,0.2699999999999996,C,Coil,-78.75,123.63,5.4,2.0,0.0,False,True,False,False,False,False,3.9785882839510753,-22.0,61.0,38.286532913756595,31.644021592511656,37.267766220385276,50.119998931884766,3.1142630176941593,-1.229
1553,LEV,4.0,2.0,R,MEDIUM,gyrA,90.0,gyrA_A90V,R,0.8690476190476191,A,A90V,51.400000000000006,2.4000000000000004,-0.8600000000000001,28.0,-0.040000000000000036,H,AlphaHelix,-61.829999999999984,-59.75999999999999,47.0,2.0,0.0,False,False,False,False,True,False,55.555815915240146,-64.0,82.0,14.254302173206394,5.504265622675344,10.310827336129869,40.439998626708984,1.6650776123582791,0.089
1554,LEV,8.0,3.0,R,HIGH,gyrA,94.0,gyrA_D94G,R,0.8646496815286624,A,D94G,-50.99999999999999,3.1,-1.2700000000000002,-58.0,3.1999999999999997,H,AlphaHelix,-58.04000000000002,-41.610000000000014,97.4,1.0,1.0,False,False,False,False,True,False,88.1550888450658,63.0,80.0,18.193077591535243,7.778978962037692,14.095745809785983,46.65999984741211,1.7333416145382428,-0.873
1555,LEV,0.5,-1.0,S,MEDIUM,gyrB,500.0,gyrB_T500N,S,1.0,B,T500N,-2.0,-2.8,0.32,13.0,-0.1899999999999995,H,AlphaHelix,-57.870000000000005,-37.74000000000001,88.7,1.0,0.0,False,False,False,False,True,False,91.70815715162803,-69.0,82.0,20.95040489857099,18.31817147512385,12.440778763559315,63.970001220703125,1.5446886429143032,0.026
1556,LEV,4.0,2.0,R,HIGH,gyrA,94.0,gyrA_D94N,R,0.8592592592592593,A,D94N,3.0,0.0,-1.9800000000000002,-1.0,2.64,H,AlphaHelix,-58.04000000000002,-41.610000000000014,97.4,1.0,1.0,False,False,False,False,True,False,88.1550888450658,56.0,75.0,18.193077591535243,7.778978962037692,14.095745809785983,46.65999984741211,1.7333416145382428,-0.347
1557,LEV,4.0,2.0,R,HIGH,gyrA,94.0,gyrA_D94G,R,0.8646496815286624,A,D94G,-50.99999999999999,3.1,-1.2700000000000002,-58.0,3.1999999999999997,H,AlphaHelix,-58.04000000000002,-41.610000000000014,97.4,1.0,1.0,False,False,False,False,True,False,88.1550888450658,63.0,80.0,18.193077591535243,7.778978962037692,14.095745809785983,46.65999984741211,1.7333416145382428,-0.873
1558,LEV,8.0,3.0,R,HIGH,gyrA,94.0,gyrA_D94G,R,0.8646496815286624,A,D94G,-50.99999999999999,3.1,-1.2700000000000002,-58.0,3.1999999999999997,H,AlphaHelix,-58.04000000000002,-41.610000000000014,97.4,1.0,1.0,False,False,False,False,True,False,88.1550888450658,63.0,80.0,18.193077591535243,7.778978962037692,14.095745809785983,46.65999984741211,1.7333416145382428,-0.873
1559,LEV,0.25,-2.0,S,HIGH,gyrB,461.0,gyrB_D461A,S,1.0,B,D461A,-22.5,5.3,-2.08,-44.0,3.23,H,AlphaHelix,-71.88999999999999,-39.93000000000001,81.7,1.0,0.0,False,False,False,False,True,False,75.64790414237022,36.0,66.0,11.69428626742857,15.223706008416038,10.457794239999561,64.79000091552734,1.5661131135005826,-0.253
1560,LEV,2.0,1.0,R,HIGH,gyrA,91.0,gyrA_S91P,R,0.8524590163934426,A,S91P,23.700000000000003,-0.8,-0.64,10.0,0.6200000000000001,H,AlphaHelix,-67.14999999999998,-27.149999999999977,64.8,1.0,0.0,False,False,False,False,True,False,65.22815545163408,63.0,80.0,13.370520192722235,5.421428426386811,10.72875108867804,47.63999938964844,1.5284537092505912,-0.125
1561,LEV,2.0,1.0,R,MEDIUM,gyrA,90.0,gyrA_A90V,R,0.8690476190476191,A,A90V,51.400000000000006,2.4000000000000004,-0.8600000000000001,28.0,-0.040000000000000036,H,AlphaHelix,-61.829999999999984,-59.75999999999999,47.0,2.0,0.0,False,False,False,False,True,False,55.555815915240146,-64.0,82.0,14.254302173206394,5.504265622675344,10.310827336129869,40.439998626708984,1.6650776123582791,0.089
1562,LEV,0.5,-1.0,S,MEDIUM,gyrA,412.0,gyrA_E412A,S,1.0,A,E412A,-49.80000000000001,5.3,-1.28,-58.0,2.78,T,Turn,-68.75999999999999,-33.97000000000003,152.5,0.0,0.0,False,False,False,False,False,True,136.65084727314985,-90.0,93.0,60.81695157418599,67.47699009895463,70.30125577258758,149.7100067138672,1.562703835000894,-0.178
1563,LEV,8.0,3.0,R,HIGH,gyrA,94.0,gyrA_D94G,R,0.8646496815286624,A,D94G,-50.99999999999999,3.1,-1.2700000000000002,-58.0,3.1999999999999997,H,AlphaHelix,-58.04000000000002,-41.610000000000014,97.4,1.0,1.0,False,False,False,False,True,False,88.1550888450658,63.0,80.0,18.193077591535243,7.778978962037692,14.095745809785983,46.65999984741211,1.7333416145382428,-0.873
1564,LEV,4.0,2.0,R,HIGH,gyrA,91.0,gyrA_S91P,R,0.8524590163934426,A,S91P,23.700000000000003,-0.8,-0.64,10.0,0.6200000000000001,H,AlphaHelix,-67.14999999999998,-27.149999999999977,64.8,1.0,0.0,False,False,False,False,True,False,65.22815545163408,63.0,80.0,13.370520192722235,5.421428426386811,10.72875108867804,47.63999938964844,1.5284537092505912,-0.125
1565,LEV,8.0,3.0,R,HIGH,gyrA,90.0,gyrA_A90V,R,0.8690476190476191,A,A90V,51.400000000000006,2.4000000000000004,-0.8600000000000001,28.0,-0.040000000000000036,H,AlphaHelix,-61.829999999999984,-59.75999999999999,47.0,2.0,0.0,False,False,False,False,True,False,55.555815915240146,-64.0,82.0,14.254302173206394,5.504265622675344,10.310827336129869,40.439998626708984,1.6650776123582791,0.089
1566,LEV,0.25,-2.0,S,HIGH,gyrA,456.0,gyrA_A456V,S,1.0,A,A456V,51.400000000000006,2.4000000000000004,-0.8600000000000001,28.0,-0.040000000000000036,H,AlphaHelix,-58.15999999999997,-39.00999999999999,56.3,1.0,1.0,False,False,False,False,True,False,60.601798048066534,-91.0,97.0,56.58815912107258,58.55604102814215,63.57751984792175,83.72000122070312,1.5066398395405183,-0.259
1567,LEV,>8,4.0,R,HIGH,gyrA,94.0,gyrA_D94G,R,0.8646496815286624,A,D94G,-50.99999999999999,3.1,-1.2700000000000002,-58.0,3.1999999999999997,H,AlphaHelix,-58.04000000000002,-41.610000000000014,97.4,1.0,1.0,False,False,False,False,True,False,88.1550888450658,63.0,80.0,18.193077591535243,7.778978962037692,14.095745809785983,46.65999984741211,1.7333416145382428,-0.873
1568,LEV,>8,4.0,R,HIGH,gyrA,94.0,gyrA_D94G,R,0.8646496815286624,A,D94G,-50.99999999999999,3.1,-1.2700000000000002,-58.0,3.1999999999999997,H,AlphaHelix,-58.04000000000002,-41.610000000000014,97.4,1.0,1.0,False,False,False,False,True,False,88.1550888450658,63.0,80.0,18.193077591535243,7.778978962037692,14.095745809785983,46.65999984741211,1.7333416145382428,-0.873
1569,LEV,4.0,2.0,R,MEDIUM,gyrA,91.0,gyrA_S91P,R,0.8524590163934426,A,S91P,23.700000000000003,-0.8,-0.64,10.0,0.6200000000000001,H,AlphaHelix,-67.14999999999998,-27.149999999999977,64.8,1.0,0.0,False,False,False,False,True,False,65.22815545163408,63.0,80.0,13.370520192722235,5.421428426386811,10.72875108867804,47.63999938964844,1.5284537092505912,-0.125
1570,LEV,8.0,3.0,R,MEDIUM,gyrA,90.0,gyrA_A90V,R,0.8690476190476191,A,A90V,51.400000000000006,2.4000000000000004,-0.8600000000000001,28.0,-0.040000000000000036,H,AlphaHelix,-61.829999999999984,-59.75999999999999,47.0,2.0,0.0,False,False,False,False,True,False,55.555815915240146,-64.0,82.0,14.254302173206394,5.504265622675344,10.310827336129869,40.439998626708984,1.6650776123582791,0.089
1571,LEV,8.0,3.0,R,HIGH,gyrA,94.0,gyrA_D94G,R,0.8646496815286624,A,D94G,-50.99999999999999,3.1,-1.2700000000000002,-58.0,3.1999999999999997,H,AlphaHelix,-58.04000000000002,-41.610000000000014,97.4,1.0,1.0,False,False,False,False,True,False,88.1550888450658,63.0,80.0,18.193077591535243,7.778978962037692,14.095745809785983,46.65999984741211,1.7333416145382428,-0.873
1572,LEV,<=0.12,-3.06,S,MEDIUM,gyrA,293.0,gyrA_D293Y,S,1.0,A,D293Y,82.5,2.2,-2.18,48.099999999999994,2.89,H,AlphaHelix,-82.13999999999999,-34.31,126.8,0.0,1.0,False,False,False,False,True,False,114.02913860091242,-5.0,53.0,46.24306860263042,34.29694704293245,35.00628326859241,152.52000427246094,1.7006215976408623,-0.255
1573,LEV,>8,4.0,R,MEDIUM,gyrA,94.0,gyrA_D94H,R,0.9714285714285714,A,D94H,42.099999999999994,0.2999999999999998,-1.04,22.099999999999994,4.82,H,AlphaHelix,-58.04000000000002,-41.610000000000014,97.4,1.0,1.0,False,False,False,False,True,False,88.1550888450658,79.0,85.0,18.193077591535243,7.778978962037692,14.095745809785983,46.65999984741211,1.7333416145382428,-0.36
1574,LEV,1.0,0.0,S,HIGH,gyrB,501.0,gyrB_E501D,S,0.6428571428571429,B,E501D,-27.30000000000001,0.0,0.8,-14.0,-0.4500000000000002,H,AlphaHelix,-71.87,-38.54000000000002,13.6,2.0,0.0,False,False,False,False,True,False,15.369778026626971,78.0,85.0,17.92544384842089,17.867526289070224,11.782093492314347,63.0099983215332,2.23399611625198,-2.507
1575,LEV,0.25,-2.0,S,HIGH,gyrA,94.0,gyrA_D94G,R,0.8646496815286624,A,D94G,-50.99999999999999,3.1,-1.2700000000000002,-58.0,3.1999999999999997,H,AlphaHelix,-58.04000000000002,-41.610000000000014,97.4,1.0,1.0,False,False,False,False,True,False,88.1550888450658,63.0,80.0,18.193077591535243,7.778978962037692,14.095745809785983,46.65999984741211,1.7333416145382428,-0.873
1576,LEV,1.0,0.0,S,MEDIUM,gyrA,90.0,gyrA_A90V,R,0.8690476190476191,A,A90V,51.400000000000006,2.4000000000000004,-0.8600000000000001,28.0,-0.040000000000000036,H,AlphaHelix,-61.829999999999984,-59.75999999999999,47.0,2.0,0.0,False,False,False,False,True,False,55.555815915240146,-64.0,82.0,14.254302173206394,5.504265622675344,10.310827336129869,40.439998626708984,1.6650776123582791,0.089
1577,LEV,>8,4.0,R,HIGH,gyrA,94.0,gyrA_D94G,R,0.8646496815286624,A,D94G,-50.99999999999999,3.1,-1.2700000000000002,-58.0,3.1999999999999997,H,AlphaHelix,-58.04000000000002,-41.610000000000014,97.4,1.0,1.0,False,False,False,False,True,False,88.1550888450658,63.0,80.0,18.193077591535243,7.778978962037692,14.095745809785983,46.65999984741211,1.7333416145382428,-0.873
1578,LEV,4.0,2.0,R,MEDIUM,gyrA,90.0,gyrA_A90V,R,0.8690476190476191,A,A90V,51.400000000000006,2.4000000000000004,-0.8600000000000001,28.0,-0.040000000000000036,H,AlphaHelix,-61.829999999999984,-59.75999999999999,47.0,2.0,0.0,False,False,False,False,True,False,55.555815915240146,-64.0,82.0,14.254302173206394,5.504265622675344,10.310827336129869,40.439998626708984,1.6650776123582791,0.089
1579,LEV,>8,4.0,R,MEDIUM,gyrB,446.0,gyrB_R446L,R,1.0,B,R446L,-6.700000000000017,8.3,-1.69,-43.0,-4.779999999999999,C,Coil,-102.64999999999998,-28.920000000000016,47.7,0.0,2.0,False,True,False,False,False,False,48.145590821945774,23.0,63.0,29.585668854735626,35.658436254280595,29.76362930063906,77.33999633789062,1.8834134115420547,0.525
1580,LEV,4.0,2.0,R,MEDIUM,gyrA,94.0,gyrA_D94G,R,0.8646496815286624,A,D94G,-50.99999999999999,3.1,-1.2700000000000002,-58.0,3.1999999999999997,H,AlphaHelix,-58.04000000000002,-41.610000000000014,97.4,1.0,1.0,False,False,False,False,True,False,88.1550888450658,63.0,80.0,18.193077591535243,7.778978962037692,14.095745809785983,46.65999984741211,1.7333416145382428,-0.873
1581,LEV,8.0,3.0,R,HIGH,gyrA,94.0,gyrA_D94G,R,0.8646496815286624,A,D94G,-50.99999999999999,3.1,-1.2700000000000002,-58.0,3.1999999999999997,H,AlphaHelix,-58.04000000000002,-41.610000000000014,97.4,1.0,1.0,False,False,False,False,True,False,88.1550888450658,63.0,80.0,18.193077591535243,7.778978962037692,14.095745809785983,46.65999984741211,1.7333416145382428,-0.873
1582,LEV,8.0,3.0,R,HIGH,gyrA,94.0,gyrA_D94G,R,0.8646496815286624,A,D94G,-50.99999999999999,3.1,-1.2700000000000002,-58.0,3.1999999999999997,H,AlphaHelix,-58.04000000000002,-41.610000000000014,97.4,1.0,1.0,False,False,False,False,True,False,88.1550888450658,63.0,80.0,18.193077591535243,7.778978962037692,14.095745809785983,46.65999984741211,1.7333416145382428,-0.873
1583,LEV,0.5,-1.0,S,HIGH,gyrA,193.0,gyrA_N193S,S,1.0,A,N193S,-25.099999999999994,2.7,-0.09999999999999998,-27.0,0.2699999999999996,C,Coil,-78.75,123.63,5.4,2.0,0.0,False,True,False,False,False,False,3.9785882839510753,-22.0,61.0,38.286532913756595,31.644021592511656,37.267766220385276,50.119998931884766,3.1142630176941593,-1.229
1584,LEV,>8,4.0,R,HIGH,gyrA,94.0,gyrA_D94N,R,0.8592592592592593,A,D94N,3.0,0.0,-1.9800000000000002,-1.0,2.64,H,AlphaHelix,-58.04000000000002,-41.610000000000014,97.4,1.0,1.0,False,False,False,False,True,False,88.1550888450658,56.0,75.0,18.193077591535243,7.778978962037692,14.095745809785983,46.65999984741211,1.7333416145382428,-0.347
1585,LEV,2.0,1.0,R,MEDIUM,gyrA,94.0,gyrA_D94A,R,0.7951807228915663,A,D94A,-22.5,5.3,-2.08,-44.0,3.23,H,AlphaHelix,-58.04000000000002,-41.610000000000014,97.4,1.0,1.0,False,False,False,False,True,False,88.1550888450658,46.0,71.0,18.193077591535243,7.778978962037692,14.095745809785983,46.65999984741211,1.7333416145382428,-0.421
1586,LEV,8.0,3.0,R,MEDIUM,gyrA,90.0,gyrA_A90V,R,0.8690476190476191,A,A90V,51.400000000000006,2.4000000000000004,-0.8600000000000001,28.0,-0.040000000000000036,H,AlphaHelix,-61.829999999999984,-59.75999999999999,47.0,2.0,0.0,False,False,False,False,True,False,55.555815915240146,-64.0,82.0,14.254302173206394,5.504265622675344,10.310827336129869,40.439998626708984,1.6650776123582791,0.089
1587,LEV,>8,4.0,R,HIGH,gyrA,94.0,gyrA_D94G,R,0.8646496815286624,A,D94G,-50.99999999999999,3.1,-1.2700000000000002,-58.0,3.1999999999999997,H,AlphaHelix,-58.04000000000002,-41.610000000000014,97.4,1.0,1.0,False,False,False,False,True,False,88.1550888450658,63.0,80.0,18.193077591535243,7.778978962037692,14.095745809785983,46.65999984741211,1.7333416145382428,-0.873
1588,LEV,4.0,2.0,R,MEDIUM,gyrA,94.0,gyrA_D94G,R,0.8646496815286624,A,D94G,-50.99999999999999,3.1,-1.2700000000000002,-58.0,3.1999999999999997,H,AlphaHelix,-58.04000000000002,-41.610000000000014,97.4,1.0,1.0,False,False,False,False,True,False,88.1550888450658,63.0,80.0,18.193077591535243,7.778978962037692,14.095745809785983,46.65999984741211,1.7333416145382428,-0.873
1589,LEV,8.0,3.0,R,HIGH,gyrA,94.0,gyrA_D94N,R,0.8592592592592593,A,D94N,3.0,0.0,-1.9800000000000002,-1.0,2.64,H,AlphaHelix,-58.04000000000002,-41.610000000000014,97.4,1.0,1.0,False,False,False,False,True,False,88.1550888450658,56.0,75.0,18.193077591535243,7.778978962037692,14.095745809785983,46.65999984741211,1.7333416145382428,-0.347
1590,LEV,0.5,-1.0,S,HIGH,gyrA,334.0,gyrA_H334Y,S,1.0,A,H334Y,40.400000000000006,1.9000000000000001,-1.1400000000000001,26.0,-1.9299999999999997,H,AlphaHelix,-102.62,0.74,94.3,0.0,1.0,False,False,False,False,True,False,93.0664666737229,-62.0,82.0,42.32478445539943,31.551003066697852,33.812440261761864,64.5999984741211,1.9327917551585339,-0.342
1591,LEV,0.5,-1.0,S,HIGH,gyrA,489.0,gyrA_R489K,S,1.0,A,R489K,-4.800000000000011,0.6000000000000001,0.81,-28.0,-1.0199999999999996,H,AlphaHelix,-82.97000000000003,-45.35000000000002,183.0,0.0,2.0,False,False,False,False,True,False,182.5990899325483,-99.0,97.0,42.46526327845019,36.554890400507524,42.778755277782004,76.72000122070312,1.5552796223693524,0.148
1592,LEV,4.0,2.0,R,HIGH,gyrA,90.0,gyrA_A90V,R,0.8690476190476191,A,A90V,51.400000000000006,2.4000000000000004,-0.8600000000000001,28.0,-0.040000000000000036,H,AlphaHelix,-61.829999999999984,-59.75999999999999,47.0,2.0,0.0,False,False,False,False,True,False,55.555815915240146,-64.0,82.0,14.254302173206394,5.504265622675344,10.310827336129869,40.439998626708984,1.6650776123582791,0.089
1593,LEV,4.0,2.0,R,HIGH,gyrA,90.0,gyrA_A90V,R,0.8690476190476191,A,A90V,51.400000000000006,2.4000000000000004,-0.8600000000000001,28.0,-0.040000000000000036,H,AlphaHelix,-61.829999999999984,-59.75999999999999,47.0,2.0,0.0,False,False,False,False,True,False,55.555815915240146,-64.0,82.0,14.254302173206394,5.504265622675344,10.310827336129869,40.439998626708984,1.6650776123582791,0.089
1594,LEV,8.0,3.0,R,HIGH,gyrA,94.0,gyrA_D94G,R,0.8646496815286624,A,D94G,-50.99999999999999,3.1,-1.2700000000000002,-58.0,3.1999999999999997,H,AlphaHelix,-58.04000000000002,-41.610000000000014,97.4,1.0,1.0,False,False,False,False,True,False,88.1550888450658,63.0,80.0,18.193077591535243,7.778978962037692,14.095745809785983,46.65999984741211,1.7333416145382428,-0.873
1595,LEV,2.0,1.0,R,HIGH,gyrB,447.0,gyrB_S447Y,R,0.6666666666666666,B,S447Y,104.6,-0.5,-0.1,76.1,-0.019999999999999574,C,Coil,-66.01999999999998,127.78,10.3,0.0,1.0,False,True,False,False,False,False,7.650214361327759,43.0,71.0,30.986926496507703,37.926884539701504,31.95516280373057,76.79000091552734,2.2854008237144825,-0.51
1596,LEV,0.5,-1.0,S,HIGH,gyrA,472.0,gyrA_P472S,S,1.0,A,P472S,-23.700000000000003,0.8,0.64,-10.0,-0.6200000000000001,H,AlphaHelix,-59.70999999999998,-28.170000000000016,71.0,1.0,0.0,False,False,False,False,True,False,78.73791501370572,-68.0,82.0,46.353130855468216,48.26749325282632,52.90519851328242,69.8499984741211,1.6707895195538032,-1.116
1597,LEV,8.0,3.0,R,MEDIUM,gyrB,447.0,gyrB_S447F,S,0.5714285714285714,B,S447F,100.9,3.5999999999999996,-0.9099999999999999,60.099999999999994,-0.1999999999999993,C,Coil,-66.01999999999998,127.78,10.3,0.0,1.0,False,True,False,False,False,False,7.650214361327759,35.0,66.0,30.986926496507703,37.926884539701504,31.95516280373057,76.79000091552734,2.2854008237144825,-0.561
1598,LEV,8.0,3.0,R,MEDIUM,gyrA,94.0,gyrA_D94N,R,0.8592592592592593,A,D94N,3.0,0.0,-1.9800000000000002,-1.0,2.64,H,AlphaHelix,-58.04000000000002,-41.610000000000014,97.4,1.0,1.0,False,False,False,False,True,False,88.1550888450658,56.0,75.0,18.193077591535243,7.778978962037692,14.095745809785983,46.65999984741211,1.7333416145382428,-0.347
1599,LEV,2.0,1.0,R,HIGH,gyrA,90.0,gyrA_A90V,R,0.8690476190476191,A,A90V,51.400000000000006,2.4000000000000004,-0.8600000000000001,28.0,-0.040000000000000036,H,AlphaHelix,-61.829999999999984,-59.75999999999999,47.0,2.0,0.0,False,False,False,False,True,False,55.555815915240146,-64.0,82.0,14.254302173206394,5.504265622675344,10.310827336129869,40.439998626708984,1.6650776123582791,0.089
1600,LEV,0.5,-1.0,S,MEDIUM,gyrA,189.0,gyrA_I189V,S,1.0,A,I189V,-26.69999999999999,-0.2999999999999998,0.28,-14.099999999999994,-0.05999999999999961,E,Strand,-95.94999999999999,123.29,3.2,1.0,1.0,False,False,True,False,False,False,3.572202098050284,-48.0,72.0,28.833378741693483,24.348253109340494,28.628388201759854,40.88999938964844,4.2557927904474955,-1.573
1601,LEV,<=0.12,-3.06,S,HIGH,gyrA,90.0,gyrA_A90V,R,0.8690476190476191,A,A90V,51.400000000000006,2.4000000000000004,-0.8600000000000001,28.0,-0.040000000000000036,H,AlphaHelix,-61.829999999999984,-59.75999999999999,47.0,2.0,0.0,False,False,False,False,True,False,55.555815915240146,-64.0,82.0,14.254302173206394,5.504265622675344,10.310827336129869,40.439998626708984,1.6650776123582791,0.089
1602,LEV,4.0,2.0,R,HIGH,gyrA,94.0,gyrA_D94G,R,0.8646496815286624,A,D94G,-50.99999999999999,3.1,-1.2700000000000002,-58.0,3.1999999999999997,H,AlphaHelix,-58.04000000000002,-41.610000000000014,97.4,1.0,1.0,False,False,False,False,True,False,88.1550888450658,63.0,80.0,18.193077591535243,7.778978962037692,14.095745809785983,46.65999984741211,1.7333416145382428,-0.873
1603,LEV,8.0,3.0,R,HIGH,gyrA,94.0,gyrA_D94H,R,0.9714285714285714,A,D94H,42.099999999999994,0.2999999999999998,-1.04,22.099999999999994,4.82,H,AlphaHelix,-58.04000000000002,-41.610000000000014,97.4,1.0,1.0,False,False,False,False,True,False,88.1550888450658,79.0,85.0,18.193077591535243,7.778978962037692,14.095745809785983,46.65999984741211,1.7333416145382428,-0.36
1604,LEV,0.5,-1.0,S,HIGH,gyrB,486.0,gyrB_I486V,S,1.0,B,I486V,-26.69999999999999,-0.2999999999999998,0.28,-14.099999999999994,-0.05999999999999961,C,Coil,-69.07,136.4,22.8,0.0,0.0,False,True,False,False,False,False,25.473442000512783,-9.0,53.0,17.342317192281303,17.21499078464862,13.112569665394775,60.72999954223633,2.100479814218731,-0.121
1605,LEV,,,,MEDIUM,gyrA,94.0,gyrA_D94G,R,0.8646496815286624,A,D94G,-50.99999999999999,3.1,-1.2700000000000002,-58.0,3.1999999999999997,H,AlphaHelix,-58.04000000000002,-41.610000000000014,97.4,1.0,1.0,False,False,False,False,True,False,88.1550888450658,63.0,80.0,18.193077591535243,7.778978962037692,14.095745809785983,46.65999984741211,1.7333416145382428,-0.873
1606,LEV,1.0,0.0,S,MEDIUM,gyrA,94.0,gyrA_D94N,R,0.8592592592592593,A,D94N,3.0,0.0,-1.9800000000000002,-1.0,2.64,H,AlphaHelix,-58.04000000000002,-41.610000000000014,97.4,1.0,1.0,False,False,False,False,True,False,88.1550888450658,56.0,75.0,18.193077591535243,7.778978962037692,14.095745809785983,46.65999984741211,1.7333416145382428,-0.347
1607,LEV,4.0,2.0,R,MEDIUM,gyrA,94.0,gyrA_D94G,R,0.8646496815286624,A,D94G,-50.99999999999999,3.1,-1.2700000000000002,-58.0,3.1999999999999997,H,AlphaHelix,-58.04000000000002,-41.610000000000014,97.4,1.0,1.0,False,False,False,False,True,False,88.1550888450658,63.0,80.0,18.193077591535243,7.778978962037692,14.095745809785983,46.65999984741211,1.7333416145382428,-0.873
1608,LEV,>8,4.0,R,HIGH,gyrA,94.0,gyrA_D94G,R,0.8646496815286624,A,D94G,-50.99999999999999,3.1,-1.2700000000000002,-58.0,3.1999999999999997,H,AlphaHelix,-58.04000000000002,-41.610000000000014,97.4,1.0,1.0,False,False,False,False,True,False,88.1550888450658,63.0,80.0,18.193077591535243,7.778978962037692,14.095745809785983,46.65999984741211,1.7333416145382428,-0.873
1609,LEV,0.25,-2.0,S,HIGH,gyrA,90.0,gyrA_A90V,R,0.8690476190476191,A,A90V,51.400000000000006,2.4000000000000004,-0.8600000000000001,28.0,-0.040000000000000036,H,AlphaHelix,-61.829999999999984,-59.75999999999999,47.0,2.0,0.0,False,False,False,False,True,False,55.555815915240146,-64.0,82.0,14.254302173206394,5.504265622675344,10.310827336129869,40.439998626708984,1.6650776123582791,0.089
1610,LEV,>8,4.0,R,HIGH,gyrA,94.0,gyrA_D94G,R,0.8646496815286624,A,D94G,-50.99999999999999,3.1,-1.2700000000000002,-58.0,3.1999999999999997,H,AlphaHelix,-58.04000000000002,-41.610000000000014,97.4,1.0,1.0,False,False,False,False,True,False,88.1550888450658,63.0,80.0,18.193077591535243,7.778978962037692,14.095745809785983,46.65999984741211,1.7333416145382428,-0.873
1611,LEV,8.0,3.0,R,HIGH,gyrA,94.0,gyrA_D94G,R,0.8646496815286624,A,D94G,-50.99999999999999,3.1,-1.2700000000000002,-58.0,3.1999999999999997,H,AlphaHelix,-58.04000000000002,-41.610000000000014,97.4,1.0,1.0,False,False,False,False,True,False,88.1550888450658,63.0,80.0,18.193077591535243,7.778978962037692,14.095745809785983,46.65999984741211,1.7333416145382428,-0.873
1612,LEV,2.0,1.0,R,HIGH,gyrA,91.0,gyrA_S91P,R,0.8524590163934426,A,S91P,23.700000000000003,-0.8,-0.64,10.0,0.6200000000000001,H,AlphaHelix,-67.14999999999998,-27.149999999999977,64.8,1.0,0.0,False,False,False,False,True,False,65.22815545163408,63.0,80.0,13.370520192722235,5.421428426386811,10.72875108867804,47.63999938964844,1.5284537092505912,-0.125
1613,LEV,8.0,3.0,R,HIGH,gyrA,90.0,gyrA_A90V,R,0.8690476190476191,A,A90V,51.400000000000006,2.4000000000000004,-0.8600000000000001,28.0,-0.040000000000000036,H,AlphaHelix,-61.829999999999984,-59.75999999999999,47.0,2.0,0.0,False,False,False,False,True,False,55.555815915240146,-64.0,82.0,14.254302173206394,5.504265622675344,10.310827336129869,40.439998626708984,1.6650776123582791,0.089
1614,LEV,0.5,-1.0,S,HIGH,gyrB,598.0,gyrB_G598E,S,1.0,B,G598E,78.30000000000001,-3.1,0.4700000000000002,72.0,-2.7499999999999996,C,Coil,99.06,0.3,56.5,0.0,2.0,False,True,False,False,False,False,54.69245797912299,51.0,75.0,35.091080241431605,47.92218055032783,47.18058157813705,62.900001525878906,1.6332094439284734,-1.288
1615,LEV,0.5,-1.0,S,HIGH,gyrA,90.0,gyrA_A90V,R,0.8690476190476191,A,A90V,51.400000000000006,2.4000000000000004,-0.8600000000000001,28.0,-0.040000000000000036,H,AlphaHelix,-61.829999999999984,-59.75999999999999,47.0,2.0,0.0,False,False,False,False,True,False,55.555815915240146,-64.0,82.0,14.254302173206394,5.504265622675344,10.310827336129869,40.439998626708984,1.6650776123582791,0.089
1616,LEV,1.0,0.0,S,HIGH,gyrA,90.0,gyrA_A90V,R,0.8690476190476191,A,A90V,51.400000000000006,2.4000000000000004,-0.8600000000000001,28.0,-0.040000000000000036,H,AlphaHelix,-61.829999999999984,-59.75999999999999,47.0,2.0,0.0,False,False,False,False,True,False,55.555815915240146,-64.0,82.0,14.254302173206394,5.504265622675344,10.310827336129869,40.439998626708984,1.6650776123582791,0.089
1617,LEV,4.0,2.0,R,HIGH,gyrA,94.0,gyrA_D94G,R,0.8646496815286624,A,D94G,-50.99999999999999,3.1,-1.2700000000000002,-58.0,3.1999999999999997,H,AlphaHelix,-58.04000000000002,-41.610000000000014,97.4,1.0,1.0,False,False,False,False,True,False,88.1550888450658,63.0,80.0,18.193077591535243,7.778978962037692,14.095745809785983,46.65999984741211,1.7333416145382428,-0.873
1618,LEV,1.0,0.0,S,HIGH,gyrB,501.0,gyrB_E501D,S,0.6428571428571429,B,E501D,-27.30000000000001,0.0,0.8,-14.0,-0.4500000000000002,H,AlphaHelix,-71.87,-38.54000000000002,13.6,2.0,0.0,False,False,False,False,True,False,15.369778026626971,78.0,85.0,17.92544384842089,17.867526289070224,11.782093492314347,63.0099983215332,2.23399611625198,-2.507
1619,LEV,4.0,2.0,R,MEDIUM,gyrA,94.0,gyrA_D94Y,R,0.9285714285714286,A,D94Y,82.5,2.2,-2.18,48.099999999999994,2.89,H,AlphaHelix,-58.04000000000002,-41.610000000000014,97.4,1.0,1.0,False,False,False,False,True,False,88.1550888450658,81.0,91.0,18.193077591535243,7.778978962037692,14.095745809785983,46.65999984741211,1.7333416145382428,-0.376
1620,LEV,4.0,2.0,R,HIGH,gyrA,90.0,gyrA_A90V,R,0.8690476190476191,A,A90V,51.400000000000006,2.4000000000000004,-0.8600000000000001,28.0,-0.040000000000000036,H,AlphaHelix,-61.829999999999984,-59.75999999999999,47.0,2.0,0.0,False,False,False,False,True,False,55.555815915240146,-64.0,82.0,14.254302173206394,5.504265622675344,10.310827336129869,40.439998626708984,1.6650776123582791,0.089
1621,LEV,>8,4.0,R,HIGH,gyrA,94.0,gyrA_D94G,R,0.8646496815286624,A,D94G,-50.99999999999999,3.1,-1.2700000000000002,-58.0,3.1999999999999997,H,AlphaHelix,-58.04000000000002,-41.610000000000014,97.4,1.0,1.0,False,False,False,False,True,False,88.1550888450658,63.0,80.0,18.193077591535243,7.778978962037692,14.095745809785983,46.65999984741211,1.7333416145382428,-0.873
1622,LEV,0.25,-2.0,S,HIGH,gyrA,472.0,gyrA_P472S,S,1.0,A,P472S,-23.700000000000003,0.8,0.64,-10.0,-0.6200000000000001,H,AlphaHelix,-59.70999999999998,-28.170000000000016,71.0,1.0,0.0,False,False,False,False,True,False,78.73791501370572,-68.0,82.0,46.353130855468216,48.26749325282632,52.90519851328242,69.8499984741211,1.6707895195538032,-1.116
1623,LEV,0.25,-2.0,S,HIGH,gyrB,601.0,gyrB_I601T,S,1.0,B,I601T,-50.599999999999994,-5.2,0.92,-12.099999999999994,-0.41999999999999993,B,Bridge,-130.11,149.27,24.8,0.0,0.0,True,False,False,False,False,False,25.39293360850965,-40.0,66.0,27.224608508252313,38.799514876664844,38.67257697766363,96.04000091552734,1.9155975935055658,-1.102
1624,LEV,1.0,0.0,S,HIGH,gyrB,501.0,gyrB_E501D,S,0.6428571428571429,B,E501D,-27.30000000000001,0.0,0.8,-14.0,-0.4500000000000002,H,AlphaHelix,-71.87,-38.54000000000002,13.6,2.0,0.0,False,False,False,False,True,False,15.369778026626971,78.0,85.0,17.92544384842089,17.867526289070224,11.782093492314347,63.0099983215332,2.23399611625198,-2.507
1625,LEV,>8,4.0,R,HIGH,gyrA,94.0,gyrA_D94G,R,0.8646496815286624,A,D94G,-50.99999999999999,3.1,-1.2700000000000002,-58.0,3.1999999999999997,H,AlphaHelix,-58.04000000000002,-41.610000000000014,97.4,1.0,1.0,False,False,False,False,True,False,88.1550888450658,63.0,80.0,18.193077591535243,7.778978962037692,14.095745809785983,46.65999984741211,1.7333416145382428,-0.873
1626,LEV,4.0,2.0,R,MEDIUM,gyrA,94.0,gyrA_D94N,R,0.8592592592592593,A,D94N,3.0,0.0,-1.9800000000000002,-1.0,2.64,H,AlphaHelix,-58.04000000000002,-41.610000000000014,97.4,1.0,1.0,False,False,False,False,True,False,88.1550888450658,56.0,75.0,18.193077591535243,7.778978962037692,14.095745809785983,46.65999984741211,1.7333416145382428,-0.347
1627,LEV,4.0,2.0,R,MEDIUM,gyrA,94.0,gyrA_D94G,R,0.8646496815286624,A,D94G,-50.99999999999999,3.1,-1.2700000000000002,-58.0,3.1999999999999997,H,AlphaHelix,-58.04000000000002,-41.610000000000014,97.4,1.0,1.0,False,False,False,False,True,False,88.1550888450658,63.0,80.0,18.193077591535243,7.778978962037692,14.095745809785983,46.65999984741211,1.7333416145382428,-0.873
1628,LEV,0.5,-1.0,S,HIGH,gyrA,480.0,gyrA_R480C,S,1.0,A,R480C,-64.9,7.0,-0.78,-52.999999999999986,-5.6899999999999995,H,AlphaHelix,-58.30000000000001,-53.31,99.4,1.0,1.0,False,False,False,False,True,False,108.31592717094699,-17.0,57.0,43.6461116990246,41.82147596650359,47.28637081717367,59.31999969482422,1.9140052602523638,-0.669
1629,LEV,4.0,2.0,R,MEDIUM,gyrA,94.0,gyrA_D94H,R,0.9714285714285714,A,D94H,42.099999999999994,0.2999999999999998,-1.04,22.099999999999994,4.82,H,AlphaHelix,-58.04000000000002,-41.610000000000014,97.4,1.0,1.0,False,False,False,False,True,False,88.1550888450658,79.0,85.0,18.193077591535243,7.778978962037692,14.095745809785983,46.65999984741211,1.7333416145382428,-0.36
1630,LEV,8.0,3.0,R,HIGH,gyrA,94.0,gyrA_D94G,R,0.8646496815286624,A,D94G,-50.99999999999999,3.1,-1.2700000000000002,-58.0,3.1999999999999997,H,AlphaHelix,-58.04000000000002,-41.610000000000014,97.4,1.0,1.0,False,False,False,False,True,False,88.1550888450658,63.0,80.0,18.193077591535243,7.778978962037692,14.095745809785983,46.65999984741211,1.7333416145382428,-0.873
1631,LEV,2.0,1.0,R,HIGH,gyrA,91.0,gyrA_S91P,R,0.8524590163934426,A,S91P,23.700000000000003,-0.8,-0.64,10.0,0.6200000000000001,H,AlphaHelix,-67.14999999999998,-27.149999999999977,64.8,1.0,0.0,False,False,False,False,True,False,65.22815545163408,63.0,80.0,13.370520192722235,5.421428426386811,10.72875108867804,47.63999938964844,1.5284537092505912,-0.125
1632,LEV,8.0,3.0,R,HIGH,gyrA,94.0,gyrA_D94N,R,0.8592592592592593,A,D94N,3.0,0.0,-1.9800000000000002,-1.0,2.64,H,AlphaHelix,-58.04000000000002,-41.610000000000014,97.4,1.0,1.0,False,False,False,False,True,False,88.1550888450658,56.0,75.0,18.193077591535243,7.778978962037692,14.095745809785983,46.65999984741211,1.7333416145382428,-0.347
1633,LEV,>8,4.0,R,HIGH,gyrA,94.0,gyrA_D94G,R,0.8646496815286624,A,D94G,-50.99999999999999,3.1,-1.2700000000000002,-58.0,3.1999999999999997,H,AlphaHelix,-58.04000000000002,-41.610000000000014,97.4,1.0,1.0,False,False,False,False,True,False,88.1550888450658,63.0,80.0,18.193077591535243,7.778978962037692,14.095745809785983,46.65999984741211,1.7333416145382428,-0.873
1634,LEV,0.25,-2.0,S,MEDIUM,gyrA,94.0,gyrA_D94G,R,0.8646496815286624,A,D94G,-50.99999999999999,3.1,-1.2700000000000002,-58.0,3.1999999999999997,H,AlphaHelix,-58.04000000000002,-41.610000000000014,97.4,1.0,1.0,False,False,False,False,True,False,88.1550888450658,63.0,80.0,18.193077591535243,7.778978962037692,14.095745809785983,46.65999984741211,1.7333416145382428,-0.873
1635,LEV,4.0,2.0,R,HIGH,gyrA,94.0,gyrA_D94G,R,0.8646496815286624,A,D94G,-50.99999999999999,3.1,-1.2700000000000002,-58.0,3.1999999999999997,H,AlphaHelix,-58.04000000000002,-41.610000000000014,97.4,1.0,1.0,False,False,False,False,True,False,88.1550888450658,63.0,80.0,18.193077591535243,7.778978962037692,14.095745809785983,46.65999984741211,1.7333416145382428,-0.873
1636,LEV,2.0,1.0,R,MEDIUM,gyrA,91.0,gyrA_S91P,R,0.8524590163934426,A,S91P,23.700000000000003,-0.8,-0.64,10.0,0.6200000000000001,H,AlphaHelix,-67.14999999999998,-27.149999999999977,64.8,1.0,0.0,False,False,False,False,True,False,65.22815545163408,63.0,80.0,13.370520192722235,5.421428426386811,10.72875108867804,47.63999938964844,1.5284537092505912,-0.125
1637,LEV,>8,4.0,R,HIGH,gyrA,94.0,gyrA_D94G,R,0.8646496815286624,A,D94G,-50.99999999999999,3.1,-1.2700000000000002,-58.0,3.1999999999999997,H,AlphaHelix,-58.04000000000002,-41.610000000000014,97.4,1.0,1.0,False,False,False,False,True,False,88.1550888450658,63.0,80.0,18.193077591535243,7.778978962037692,14.095745809785983,46.65999984741211,1.7333416145382428,-0.873
1638,LEV,0.25,-2.0,S,HIGH,gyrB,508.0,gyrB_A508V,S,1.0,B,A508V,51.400000000000006,2.4000000000000004,-0.8600000000000001,28.0,-0.040000000000000036,H,AlphaHelix,-70.34000000000003,-39.19,0.0,0.0,2.0,False,False,False,False,True,False,0.0,75.0,85.0,23.907532196666804,27.451634752469634,21.118877670126352,65.5199966430664,4.40824307999007,-1.502
1639,LEV,0.25,-2.0,S,MEDIUM,gyrA,94.0,gyrA_D94G,R,0.8646496815286624,A,D94G,-50.99999999999999,3.1,-1.2700000000000002,-58.0,3.1999999999999997,H,AlphaHelix,-58.04000000000002,-41.610000000000014,97.4,1.0,1.0,False,False,False,False,True,False,88.1550888450658,63.0,80.0,18.193077591535243,7.778978962037692,14.095745809785983,46.65999984741211,1.7333416145382428,-0.873
1640,LEV,4.0,2.0,R,HIGH,gyrA,94.0,gyrA_D94G,R,0.8646496815286624,A,D94G,-50.99999999999999,3.1,-1.2700000000000002,-58.0,3.1999999999999997,H,AlphaHelix,-58.04000000000002,-41.610000000000014,97.4,1.0,1.0,False,False,False,False,True,False,88.1550888450658,63.0,80.0,18.193077591535243,7.778978962037692,14.095745809785983,46.65999984741211,1.7333416145382428,-0.873
1641,LEV,2.0,1.0,R,HIGH,gyrA,90.0,gyrA_A90V,R,0.8690476190476191,A,A90V,51.400000000000006,2.4000000000000004,-0.8600000000000001,28.0,-0.040000000000000036,H,AlphaHelix,-61.829999999999984,-59.75999999999999,47.0,2.0,0.0,False,False,False,False,True,False,55.555815915240146,-64.0,82.0,14.254302173206394,5.504265622675344,10.310827336129869,40.439998626708984,1.6650776123582791,0.089
1642,LEV,0.25,-2.0,S,MEDIUM,gyrA,456.0,gyrA_A456V,S,1.0,A,A456V,51.400000000000006,2.4000000000000004,-0.8600000000000001,28.0,-0.040000000000000036,H,AlphaHelix,-58.15999999999997,-39.00999999999999,56.3,1.0,1.0,False,False,False,False,True,False,60.601798048066534,-91.0,97.0,56.58815912107258,58.55604102814215,63.57751984792175,83.72000122070312,1.5066398395405183,-0.259
1643,LEV,4.0,2.0,R,HIGH,gyrA,94.0,gyrA_D94Y,R,0.9285714285714286,A,D94Y,82.5,2.2,-2.18,48.099999999999994,2.89,H,AlphaHelix,-58.04000000000002,-41.610000000000014,97.4,1.0,1.0,False,False,False,False,True,False,88.1550888450658,81.0,91.0,18.193077591535243,7.778978962037692,14.095745809785983,46.65999984741211,1.7333416145382428,-0.376
1644,LEV,8.0,3.0,R,HIGH,gyrA,94.0,gyrA_D94H,R,0.9714285714285714,A,D94H,42.099999999999994,0.2999999999999998,-1.04,22.099999999999994,4.82,H,AlphaHelix,-58.04000000000002,-41.610000000000014,97.4,1.0,1.0,False,False,False,False,True,False,88.1550888450658,79.0,85.0,18.193077591535243,7.778978962037692,14.095745809785983,46.65999984741211,1.7333416145382428,-0.36
1645,LEV,8.0,3.0,R,HIGH,gyrA,94.0,gyrA_D94G,R,0.8646496815286624,A,D94G,-50.99999999999999,3.1,-1.2700000000000002,-58.0,3.1999999999999997,H,AlphaHelix,-58.04000000000002,-41.610000000000014,97.4,1.0,1.0,False,False,False,False,True,False,88.1550888450658,63.0,80.0,18.193077591535243,7.778978962037692,14.095745809785983,46.65999984741211,1.7333416145382428,-0.873
1646,LEV,0.5,-1.0,S,HIGH,gyrA,193.0,gyrA_N193S,S,1.0,A,N193S,-25.099999999999994,2.7,-0.09999999999999998,-27.0,0.2699999999999996,C,Coil,-78.75,123.63,5.4,2.0,0.0,False,True,False,False,False,False,3.9785882839510753,-22.0,61.0,38.286532913756595,31.644021592511656,37.267766220385276,50.119998931884766,3.1142630176941593,-1.229
1647,LEV,8.0,3.0,R,HIGH,gyrA,94.0,gyrA_D94G,R,0.8646496815286624,A,D94G,-50.99999999999999,3.1,-1.2700000000000002,-58.0,3.1999999999999997,H,AlphaHelix,-58.04000000000002,-41.610000000000014,97.4,1.0,1.0,False,False,False,False,True,False,88.1550888450658,63.0,80.0,18.193077591535243,7.778978962037692,14.095745809785983,46.65999984741211,1.7333416145382428,-0.873
1648,LEV,4.0,2.0,R,HIGH,gyrA,94.0,gyrA_D94G,R,0.8646496815286624,A,D94G,-50.99999999999999,3.1,-1.2700000000000002,-58.0,3.1999999999999997,H,AlphaHelix,-58.04000000000002,-41.610000000000014,97.4,1.0,1.0,False,False,False,False,True,False,88.1550888450658,63.0,80.0,18.193077591535243,7.778978962037692,14.095745809785983,46.65999984741211,1.7333416145382428,-0.873
1649,LEV,8.0,3.0,R,HIGH,gyrA,94.0,gyrA_D94G,R,0.8646496815286624,A,D94G,-50.99999999999999,3.1,-1.2700000000000002,-58.0,3.1999999999999997,H,AlphaHelix,-58.04000000000002,-41.610000000000014,97.4,1.0,1.0,False,False,False,False,True,False,88.1550888450658,63.0,80.0,18.193077591535243,7.778978962037692,14.095745809785983,46.65999984741211,1.7333416145382428,-0.873
1650,LEV,2.0,1.0,R,HIGH,gyrA,90.0,gyrA_A90V,R,0.8690476190476191,A,A90V,51.400000000000006,2.4000000000000004,-0.8600000000000001,28.0,-0.040000000000000036,H,AlphaHelix,-61.829999999999984,-59.75999999999999,47.0,2.0,0.0,False,False,False,False,True,False,55.555815915240146,-64.0,82.0,14.254302173206394,5.504265622675344,10.310827336129869,40.439998626708984,1.6650776123582791,0.089
1651,LEV,2.0,1.0,R,HIGH,gyrA,90.0,gyrA_A90V,R,0.8690476190476191,A,A90V,51.400000000000006,2.4000000000000004,-0.8600000000000001,28.0,-0.040000000000000036,H,AlphaHelix,-61.829999999999984,-59.75999999999999,47.0,2.0,0.0,False,False,False,False,True,False,55.555815915240146,-64.0,82.0,14.254302173206394,5.504265622675344,10.310827336129869,40.439998626708984,1.6650776123582791,0.089
1652,LEV,4.0,2.0,R,HIGH,gyrA,90.0,gyrA_A90V,R,0.8690476190476191,A,A90V,51.400000000000006,2.4000000000000004,-0.8600000000000001,28.0,-0.040000000000000036,H,AlphaHelix,-61.829999999999984,-59.75999999999999,47.0,2.0,0.0,False,False,False,False,True,False,55.555815915240146,-64.0,82.0,14.254302173206394,5.504265622675344,10.310827336129869,40.439998626708984,1.6650776123582791,0.089
1653,LEV,,,,MEDIUM,gyrA,94.0,gyrA_D94Y,R,0.9285714285714286,A,D94Y,82.5,2.2,-2.18,48.099999999999994,2.89,H,AlphaHelix,-58.04000000000002,-41.610000000000014,97.4,1.0,1.0,False,False,False,False,True,False,88.1550888450658,81.0,91.0,18.193077591535243,7.778978962037692,14.095745809785983,46.65999984741211,1.7333416145382428,-0.376
1654,LEV,2.0,1.0,R,MEDIUM,gyrA,90.0,gyrA_A90V,R,0.8690476190476191,A,A90V,51.400000000000006,2.4000000000000004,-0.8600000000000001,28.0,-0.040000000000000036,H,AlphaHelix,-61.829999999999984,-59.75999999999999,47.0,2.0,0.0,False,False,False,False,True,False,55.555815915240146,-64.0,82.0,14.254302173206394,5.504265622675344,10.310827336129869,40.439998626708984,1.6650776123582791,0.089
1655,LEV,4.0,2.0,R,HIGH,gyrA,94.0,gyrA_D94G,R,0.8646496815286624,A,D94G,-50.99999999999999,3.1,-1.2700000000000002,-58.0,3.1999999999999997,H,AlphaHelix,-58.04000000000002,-41.610000000000014,97.4,1.0,1.0,False,False,False,False,True,False,88.1550888450658,63.0,80.0,18.193077591535243,7.778978962037692,14.095745809785983,46.65999984741211,1.7333416145382428,-0.873
1656,LEV,0.5,-1.0,S,HIGH,gyrA,252.0,gyrA_R252G,S,1.0,A,R252G,-113.30000000000001,4.1,0.1399999999999999,-99.1,-4.79,E,Strand,-79.32999999999998,120.91,123.9,1.0,0.0,False,False,True,False,False,False,117.78942249915038,25.0,63.0,39.77868611550253,31.598502305028767,35.35279636397203,61.540000915527344,1.7694428377579756,-1.407
1657,LEV,8.0,3.0,R,HIGH,gyrA,94.0,gyrA_D94A,R,0.7951807228915663,A,D94A,-22.5,5.3,-2.08,-44.0,3.23,H,AlphaHelix,-58.04000000000002,-41.610000000000014,97.4,1.0,1.0,False,False,False,False,True,False,88.1550888450658,46.0,71.0,18.193077591535243,7.778978962037692,14.095745809785983,46.65999984741211,1.7333416145382428,-0.421
1658,LEV,8.0,3.0,R,HIGH,gyrA,94.0,gyrA_D94G,R,0.8646496815286624,A,D94G,-50.99999999999999,3.1,-1.2700000000000002,-58.0,3.1999999999999997,H,AlphaHelix,-58.04000000000002,-41.610000000000014,97.4,1.0,1.0,False,False,False,False,True,False,88.1550888450658,63.0,80.0,18.193077591535243,7.778978962037692,14.095745809785983,46.65999984741211,1.7333416145382428,-0.873
1659,LEV,2.0,1.0,R,HIGH,gyrA,94.0,gyrA_D94A,R,0.7951807228915663,A,D94A,-22.5,5.3,-2.08,-44.0,3.23,H,AlphaHelix,-58.04000000000002,-41.610000000000014,97.4,1.0,1.0,False,False,False,False,True,False,88.1550888450658,46.0,71.0,18.193077591535243,7.778978962037692,14.095745809785983,46.65999984741211,1.7333416145382428,-0.421
1660,LEV,4.0,2.0,R,HIGH,gyrA,94.0,gyrA_D94A,R,0.7951807228915663,A,D94A,-22.5,5.3,-2.08,-44.0,3.23,H,AlphaHelix,-58.04000000000002,-41.610000000000014,97.4,1.0,1.0,False,False,False,False,True,False,88.1550888450658,46.0,71.0,18.193077591535243,7.778978962037692,14.095745809785983,46.65999984741211,1.7333416145382428,-0.421
1661,LEV,0.5,-1.0,S,HIGH,gyrA,94.0,gyrA_D94G,R,0.8646496815286624,A,D94G,-50.99999999999999,3.1,-1.2700000000000002,-58.0,3.1999999999999997,H,AlphaHelix,-58.04000000000002,-41.610000000000014,97.4,1.0,1.0,False,False,False,False,True,False,88.1550888450658,63.0,80.0,18.193077591535243,7.778978962037692,14.095745809785983,46.65999984741211,1.7333416145382428,-0.873
1662,LEV,>8,4.0,R,HIGH,gyrA,94.0,gyrA_D94G,R,0.8646496815286624,A,D94G,-50.99999999999999,3.1,-1.2700000000000002,-58.0,3.1999999999999997,H,AlphaHelix,-58.04000000000002,-41.610000000000014,97.4,1.0,1.0,False,False,False,False,True,False,88.1550888450658,63.0,80.0,18.193077591535243,7.778978962037692,14.095745809785983,46.65999984741211,1.7333416145382428,-0.873
1663,LEV,4.0,2.0,R,HIGH,gyrA,94.0,gyrA_D94G,R,0.8646496815286624,A,D94G,-50.99999999999999,3.1,-1.2700000000000002,-58.0,3.1999999999999997,H,AlphaHelix,-58.04000000000002,-41.610000000000014,97.4,1.0,1.0,False,False,False,False,True,False,88.1550888450658,63.0,80.0,18.193077591535243,7.778978962037692,14.095745809785983,46.65999984741211,1.7333416145382428,-0.873
1664,LEV,8.0,3.0,R,HIGH,gyrA,94.0,gyrA_D94G,R,0.8646496815286624,A,D94G,-50.99999999999999,3.1,-1.2700000000000002,-58.0,3.1999999999999997,H,AlphaHelix,-58.04000000000002,-41.610000000000014,97.4,1.0,1.0,False,False,False,False,True,False,88.1550888450658,63.0,80.0,18.193077591535243,7.778978962037692,14.095745809785983,46.65999984741211,1.7333416145382428,-0.873
1665,LEV,8.0,3.0,R,MEDIUM,gyrA,94.0,gyrA_D94N,R,0.8592592592592593,A,D94N,3.0,0.0,-1.9800000000000002,-1.0,2.64,H,AlphaHelix,-58.04000000000002,-41.610000000000014,97.4,1.0,1.0,False,False,False,False,True,False,88.1550888450658,56.0,75.0,18.193077591535243,7.778978962037692,14.095745809785983,46.65999984741211,1.7333416145382428,-0.347
1666,LEV,8.0,3.0,R,HIGH,gyrA,94.0,gyrA_D94N,R,0.8592592592592593,A,D94N,3.0,0.0,-1.9800000000000002,-1.0,2.64,H,AlphaHelix,-58.04000000000002,-41.610000000000014,97.4,1.0,1.0,False,False,False,False,True,False,88.1550888450658,56.0,75.0,18.193077591535243,7.778978962037692,14.095745809785983,46.65999984741211,1.7333416145382428,-0.347
1667,LEV,0.5,-1.0,S,MEDIUM,gyrA,94.0,gyrA_D94N,R,0.8592592592592593,A,D94N,3.0,0.0,-1.9800000000000002,-1.0,2.64,H,AlphaHelix,-58.04000000000002,-41.610000000000014,97.4,1.0,1.0,False,False,False,False,True,False,88.1550888450658,56.0,75.0,18.193077591535243,7.778978962037692,14.095745809785983,46.65999984741211,1.7333416145382428,-0.347
1668,LEV,2.0,1.0,R,MEDIUM,gyrA,94.0,gyrA_D94A,R,0.7951807228915663,A,D94A,-22.5,5.3,-2.08,-44.0,3.23,H,AlphaHelix,-58.04000000000002,-41.610000000000014,97.4,1.0,1.0,False,False,False,False,True,False,88.1550888450658,46.0,71.0,18.193077591535243,7.778978962037692,14.095745809785983,46.65999984741211,1.7333416145382428,-0.421
1669,LEV,>8,4.0,R,MEDIUM,gyrA,94.0,gyrA_D94N,R,0.8592592592592593,A,D94N,3.0,0.0,-1.9800000000000002,-1.0,2.64,H,AlphaHelix,-58.04000000000002,-41.610000000000014,97.4,1.0,1.0,False,False,False,False,True,False,88.1550888450658,56.0,75.0,18.193077591535243,7.778978962037692,14.095745809785983,46.65999984741211,1.7333416145382428,-0.347
1670,LEV,8.0,3.0,R,MEDIUM,gyrA,94.0,gyrA_D94G,R,0.8646496815286624,A,D94G,-50.99999999999999,3.1,-1.2700000000000002,-58.0,3.1999999999999997,H,AlphaHelix,-58.04000000000002,-41.610000000000014,97.4,1.0,1.0,False,False,False,False,True,False,88.1550888450658,63.0,80.0,18.193077591535243,7.778978962037692,14.095745809785983,46.65999984741211,1.7333416145382428,-0.873
1671,LEV,8.0,3.0,R,MEDIUM,gyrA,94.0,gyrA_D94G,R,0.8646496815286624,A,D94G,-50.99999999999999,3.1,-1.2700000000000002,-58.0,3.1999999999999997,H,AlphaHelix,-58.04000000000002,-41.610000000000014,97.4,1.0,1.0,False,False,False,False,True,False,88.1550888450658,63.0,80.0,18.193077591535243,7.778978962037692,14.095745809785983,46.65999984741211,1.7333416145382428,-0.873
1672,LEV,>8,4.0,R,HIGH,gyrA,94.0,gyrA_D94H,R,0.9714285714285714,A,D94H,42.099999999999994,0.2999999999999998,-1.04,22.099999999999994,4.82,H,AlphaHelix,-58.04000000000002,-41.610000000000014,97.4,1.0,1.0,False,False,False,False,True,False,88.1550888450658,79.0,85.0,18.193077591535243,7.778978962037692,14.095745809785983,46.65999984741211,1.7333416145382428,-0.36
1673,LEV,>8,4.0,R,HIGH,gyrA,94.0,gyrA_D94N,R,0.8592592592592593,A,D94N,3.0,0.0,-1.9800000000000002,-1.0,2.64,H,AlphaHelix,-58.04000000000002,-41.610000000000014,97.4,1.0,1.0,False,False,False,False,True,False,88.1550888450658,56.0,75.0,18.193077591535243,7.778978962037692,14.095745809785983,46.65999984741211,1.7333416145382428,-0.347
1674,LEV,4.0,2.0,R,MEDIUM,gyrA,94.0,gyrA_D94A,R,0.7951807228915663,A,D94A,-22.5,5.3,-2.08,-44.0,3.23,H,AlphaHelix,-58.04000000000002,-41.610000000000014,97.4,1.0,1.0,False,False,False,False,True,False,88.1550888450658,46.0,71.0,18.193077591535243,7.778978962037692,14.095745809785983,46.65999984741211,1.7333416145382428,-0.421
1675,LEV,0.5,-1.0,S,HIGH,gyrA,94.0,gyrA_D94G,R,0.8646496815286624,A,D94G,-50.99999999999999,3.1,-1.2700000000000002,-58.0,3.1999999999999997,H,AlphaHelix,-58.04000000000002,-41.610000000000014,97.4,1.0,1.0,False,False,False,False,True,False,88.1550888450658,63.0,80.0,18.193077591535243,7.778978962037692,14.095745809785983,46.65999984741211,1.7333416145382428,-0.873
1676,LEV,0.25,-2.0,S,MEDIUM,gyrA,193.0,gyrA_N193S,S,1.0,A,N193S,-25.099999999999994,2.7,-0.09999999999999998,-27.0,0.2699999999999996,C,Coil,-78.75,123.63,5.4,2.0,0.0,False,True,False,False,False,False,3.9785882839510753,-22.0,61.0,38.286532913756595,31.644021592511656,37.267766220385276,50.119998931884766,3.1142630176941593,-1.229
1677,LEV,8.0,3.0,R,HIGH,gyrA,94.0,gyrA_D94G,R,0.8646496815286624,A,D94G,-50.99999999999999,3.1,-1.2700000000000002,-58.0,3.1999999999999997,H,AlphaHelix,-58.04000000000002,-41.610000000000014,97.4,1.0,1.0,False,False,False,False,True,False,88.1550888450658,63.0,80.0,18.193077591535243,7.778978962037692,14.095745809785983,46.65999984741211,1.7333416145382428,-0.873
1678,LEV,8.0,3.0,R,HIGH,gyrA,90.0,gyrA_A90V,R,0.8690476190476191,A,A90V,51.400000000000006,2.4000000000000004,-0.8600000000000001,28.0,-0.040000000000000036,H,AlphaHelix,-61.829999999999984,-59.75999999999999,47.0,2.0,0.0,False,False,False,False,True,False,55.555815915240146,-64.0,82.0,14.254302173206394,5.504265622675344,10.310827336129869,40.439998626708984,1.6650776123582791,0.089
1679,LEV,4.0,2.0,R,MEDIUM,gyrA,94.0,gyrA_D94G,R,0.8646496815286624,A,D94G,-50.99999999999999,3.1,-1.2700000000000002,-58.0,3.1999999999999997,H,AlphaHelix,-58.04000000000002,-41.610000000000014,97.4,1.0,1.0,False,False,False,False,True,False,88.1550888450658,63.0,80.0,18.193077591535243,7.778978962037692,14.095745809785983,46.65999984741211,1.7333416145382428,-0.873
1680,LEV,8.0,3.0,R,MEDIUM,gyrA,90.0,gyrA_A90V,R,0.8690476190476191,A,A90V,51.400000000000006,2.4000000000000004,-0.8600000000000001,28.0,-0.040000000000000036,H,AlphaHelix,-61.829999999999984,-59.75999999999999,47.0,2.0,0.0,False,False,False,False,True,False,55.555815915240146,-64.0,82.0,14.254302173206394,5.504265622675344,10.310827336129869,40.439998626708984,1.6650776123582791,0.089
1681,LEV,2.0,1.0,R,HIGH,gyrA,94.0,gyrA_D94A,R,0.7951807228915663,A,D94A,-22.5,5.3,-2.08,-44.0,3.23,H,AlphaHelix,-58.04000000000002,-41.610000000000014,97.4,1.0,1.0,False,False,False,False,True,False,88.1550888450658,46.0,71.0,18.193077591535243,7.778978962037692,14.095745809785983,46.65999984741211,1.7333416145382428,-0.421
1682,LEV,8.0,3.0,R,HIGH,gyrA,94.0,gyrA_D94G,R,0.8646496815286624,A,D94G,-50.99999999999999,3.1,-1.2700000000000002,-58.0,3.1999999999999997,H,AlphaHelix,-58.04000000000002,-41.610000000000014,97.4,1.0,1.0,False,False,False,False,True,False,88.1550888450658,63.0,80.0,18.193077591535243,7.778978962037692,14.095745809785983,46.65999984741211,1.7333416145382428,-0.873
1683,LEV,2.0,1.0,R,HIGH,gyrA,90.0,gyrA_A90V,R,0.8690476190476191,A,A90V,51.400000000000006,2.4000000000000004,-0.8600000000000001,28.0,-0.040000000000000036,H,AlphaHelix,-61.829999999999984,-59.75999999999999,47.0,2.0,0.0,False,False,False,False,True,False,55.555815915240146,-64.0,82.0,14.254302173206394,5.504265622675344,10.310827336129869,40.439998626708984,1.6650776123582791,0.089
1684,LEV,>8,4.0,R,HIGH,gyrA,90.0,gyrA_A90V,R,0.8690476190476191,A,A90V,51.400000000000006,2.4000000000000004,-0.8600000000000001,28.0,-0.040000000000000036,H,AlphaHelix,-61.829999999999984,-59.75999999999999,47.0,2.0,0.0,False,False,False,False,True,False,55.555815915240146,-64.0,82.0,14.254302173206394,5.504265622675344,10.310827336129869,40.439998626708984,1.6650776123582791,0.089
1685,LEV,>8,4.0,R,HIGH,gyrA,90.0,gyrA_A90V,R,0.8690476190476191,A,A90V,51.400000000000006,2.4000000000000004,-0.8600000000000001,28.0,-0.040000000000000036,H,AlphaHelix,-61.829999999999984,-59.75999999999999,47.0,2.0,0.0,False,False,False,False,True,False,55.555815915240146,-64.0,82.0,14.254302173206394,5.504265622675344,10.310827336129869,40.439998626708984,1.6650776123582791,0.089
1686,LEV,,,,MEDIUM,gyrA,94.0,gyrA_D94G,R,0.8646496815286624,A,D94G,-50.99999999999999,3.1,-1.2700000000000002,-58.0,3.1999999999999997,H,AlphaHelix,-58.04000000000002,-41.610000000000014,97.4,1.0,1.0,False,False,False,False,True,False,88.1550888450658,63.0,80.0,18.193077591535243,7.778978962037692,14.095745809785983,46.65999984741211,1.7333416145382428,-0.873
1687,LEV,>8,4.0,R,HIGH,gyrA,94.0,gyrA_D94N,R,0.8592592592592593,A,D94N,3.0,0.0,-1.9800000000000002,-1.0,2.64,H,AlphaHelix,-58.04000000000002,-41.610000000000014,97.4,1.0,1.0,False,False,False,False,True,False,88.1550888450658,56.0,75.0,18.193077591535243,7.778978962037692,14.095745809785983,46.65999984741211,1.7333416145382428,-0.347
1688,LEV,8.0,3.0,R,MEDIUM,gyrA,94.0,gyrA_D94N,R,0.8592592592592593,A,D94N,3.0,0.0,-1.9800000000000002,-1.0,2.64,H,AlphaHelix,-58.04000000000002,-41.610000000000014,97.4,1.0,1.0,False,False,False,False,True,False,88.1550888450658,56.0,75.0,18.193077591535243,7.778978962037692,14.095745809785983,46.65999984741211,1.7333416145382428,-0.347
1689,LEV,0.5,-1.0,S,HIGH,gyrA,193.0,gyrA_N193S,S,1.0,A,N193S,-25.099999999999994,2.7,-0.09999999999999998,-27.0,0.2699999999999996,C,Coil,-78.75,123.63,5.4,2.0,0.0,False,True,False,False,False,False,3.9785882839510753,-22.0,61.0,38.286532913756595,31.644021592511656,37.267766220385276,50.119998931884766,3.1142630176941593,-1.229
1690,LEV,4.0,2.0,R,HIGH,gyrA,94.0,gyrA_D94G,R,0.8646496815286624,A,D94G,-50.99999999999999,3.1,-1.2700000000000002,-58.0,3.1999999999999997,H,AlphaHelix,-58.04000000000002,-41.610000000000014,97.4,1.0,1.0,False,False,False,False,True,False,88.1550888450658,63.0,80.0,18.193077591535243,7.778978962037692,14.095745809785983,46.65999984741211,1.7333416145382428,-0.873
1691,LEV,4.0,2.0,R,HIGH,gyrA,91.0,gyrA_S91P,R,0.8524590163934426,A,S91P,23.700000000000003,-0.8,-0.64,10.0,0.6200000000000001,H,AlphaHelix,-67.14999999999998,-27.149999999999977,64.8,1.0,0.0,False,False,False,False,True,False,65.22815545163408,63.0,80.0,13.370520192722235,5.421428426386811,10.72875108867804,47.63999938964844,1.5284537092505912,-0.125
1692,LEV,>8,4.0,R,HIGH,gyrA,94.0,gyrA_D94G,R,0.8646496815286624,A,D94G,-50.99999999999999,3.1,-1.2700000000000002,-58.0,3.1999999999999997,H,AlphaHelix,-58.04000000000002,-41.610000000000014,97.4,1.0,1.0,False,False,False,False,True,False,88.1550888450658,63.0,80.0,18.193077591535243,7.778978962037692,14.095745809785983,46.65999984741211,1.7333416145382428,-0.873
1693,LEV,1.0,0.0,S,MEDIUM,gyrB,446.0,gyrB_R446C,S,1.0,B,R446C,-64.9,7.0,-0.78,-52.999999999999986,-5.6899999999999995,C,Coil,-102.64999999999998,-28.920000000000016,47.7,0.0,2.0,False,True,False,False,False,False,48.145590821945774,28.0,63.0,29.585668854735626,35.658436254280595,29.76362930063906,77.33999633789062,1.8834134115420547,-0.926
1694,LEV,0.25,-2.0,S,MEDIUM,gyrA,94.0,gyrA_D94G,R,0.8646496815286624,A,D94G,-50.99999999999999,3.1,-1.2700000000000002,-58.0,3.1999999999999997,H,AlphaHelix,-58.04000000000002,-41.610000000000014,97.4,1.0,1.0,False,False,False,False,True,False,88.1550888450658,63.0,80.0,18.193077591535243,7.778978962037692,14.095745809785983,46.65999984741211,1.7333416145382428,-0.873
1695,LEV,4.0,2.0,R,MEDIUM,gyrA,94.0,gyrA_D94G,R,0.8646496815286624,A,D94G,-50.99999999999999,3.1,-1.2700000000000002,-58.0,3.1999999999999997,H,AlphaHelix,-58.04000000000002,-41.610000000000014,97.4,1.0,1.0,False,False,False,False,True,False,88.1550888450658,63.0,80.0,18.193077591535243,7.778978962037692,14.095745809785983,46.65999984741211,1.7333416145382428,-0.873
1696,LEV,0.25,-2.0,S,HIGH,gyrA,296.0,gyrA_L296P,S,1.0,A,L296P,-53.999999999999986,-5.4,0.37999999999999995,-16.099999999999994,0.3199999999999994,T,Turn,-125.38,61.34,3.1,1.0,1.0,False,False,False,False,False,True,2.3395371508822462,29.0,63.0,48.23060301784194,36.23009584701891,38.23731371192572,88.44000244140625,3.103329357635494,-5.471
1697,LEV,4.0,2.0,R,HIGH,gyrA,94.0,gyrA_D94N,R,0.8592592592592593,A,D94N,3.0,0.0,-1.9800000000000002,-1.0,2.64,H,AlphaHelix,-58.04000000000002,-41.610000000000014,97.4,1.0,1.0,False,False,False,False,True,False,88.1550888450658,56.0,75.0,18.193077591535243,7.778978962037692,14.095745809785983,46.65999984741211,1.7333416145382428,-0.347
1698,LEV,8.0,3.0,R,MEDIUM,gyrA,94.0,gyrA_D94G,R,0.8646496815286624,A,D94G,-50.99999999999999,3.1,-1.2700000000000002,-58.0,3.1999999999999997,H,AlphaHelix,-58.04000000000002,-41.610000000000014,97.4,1.0,1.0,False,False,False,False,True,False,88.1550888450658,63.0,80.0,18.193077591535243,7.778978962037692,14.095745809785983,46.65999984741211,1.7333416145382428,-0.873
1699,LEV,4.0,2.0,R,HIGH,gyrA,94.0,gyrA_D94G,R,0.8646496815286624,A,D94G,-50.99999999999999,3.1,-1.2700000000000002,-58.0,3.1999999999999997,H,AlphaHelix,-58.04000000000002,-41.610000000000014,97.4,1.0,1.0,False,False,False,False,True,False,88.1550888450658,63.0,80.0,18.193077591535243,7.778978962037692,14.095745809785983,46.65999984741211,1.7333416145382428,-0.873
1700,LEV,8.0,3.0,R,HIGH,gyrA,94.0,gyrA_D94G,R,0.8646496815286624,A,D94G,-50.99999999999999,3.1,-1.2700000000000002,-58.0,3.1999999999999997,H,AlphaHelix,-58.04000000000002,-41.610000000000014,97.4,1.0,1.0,False,False,False,False,True,False,88.1550888450658,63.0,80.0,18.193077591535243,7.778978962037692,14.095745809785983,46.65999984741211,1.7333416145382428,-0.873
1701,LEV,2.0,1.0,R,HIGH,gyrB,461.0,gyrB_D461N,R,1.0,B,D461N,3.0,0.0,-1.9800000000000002,-1.0,2.64,H,AlphaHelix,-71.88999999999999,-39.93000000000001,81.7,1.0,0.0,False,False,False,False,True,False,75.64790414237022,36.0,66.0,11.69428626742857,15.223706008416038,10.457794239999561,64.79000091552734,1.5661131135005826,-0.266
1702,LEV,8.0,3.0,R,HIGH,gyrA,94.0,gyrA_D94G,R,0.8646496815286624,A,D94G,-50.99999999999999,3.1,-1.2700000000000002,-58.0,3.1999999999999997,H,AlphaHelix,-58.04000000000002,-41.610000000000014,97.4,1.0,1.0,False,False,False,False,True,False,88.1550888450658,63.0,80.0,18.193077591535243,7.778978962037692,14.095745809785983,46.65999984741211,1.7333416145382428,-0.873
1703,LEV,2.0,1.0,R,HIGH,gyrA,90.0,gyrA_A90V,R,0.8690476190476191,A,A90V,51.400000000000006,2.4000000000000004,-0.8600000000000001,28.0,-0.040000000000000036,H,AlphaHelix,-61.829999999999984,-59.75999999999999,47.0,2.0,0.0,False,False,False,False,True,False,55.555815915240146,-64.0,82.0,14.254302173206394,5.504265622675344,10.310827336129869,40.439998626708984,1.6650776123582791,0.089
1704,LEV,8.0,3.0,R,HIGH,gyrA,94.0,gyrA_D94G,R,0.8646496815286624,A,D94G,-50.99999999999999,3.1,-1.2700000000000002,-58.0,3.1999999999999997,H,AlphaHelix,-58.04000000000002,-41.610000000000014,97.4,1.0,1.0,False,False,False,False,True,False,88.1550888450658,63.0,80.0,18.193077591535243,7.778978962037692,14.095745809785983,46.65999984741211,1.7333416145382428,-0.873
1705,LEV,8.0,3.0,R,HIGH,gyrA,94.0,gyrA_D94H,R,0.9714285714285714,A,D94H,42.099999999999994,0.2999999999999998,-1.04,22.099999999999994,4.82,H,AlphaHelix,-58.04000000000002,-41.610000000000014,97.4,1.0,1.0,False,False,False,False,True,False,88.1550888450658,79.0,85.0,18.193077591535243,7.778978962037692,14.095745809785983,46.65999984741211,1.7333416145382428,-0.36
1706,LEV,<=0.12,-3.06,S,HIGH,gyrB,452.0,gyrB_K452N,S,1.0,B,K452N,-54.5,0.3999999999999999,-1.3800000000000001,-14.099999999999994,-4.33,G,310Helix,-96.55000000000001,-13.550000000000011,131.0,0.0,1.0,False,False,False,True,False,False,129.4976437561121,-54.0,78.0,29.899138181264973,38.86249951639428,33.06100357235375,91.37000274658203,1.6152196548205595,-0.314
1707,LEV,>8,4.0,R,MEDIUM,gyrA,94.0,gyrA_D94G,R,0.8646496815286624,A,D94G,-50.99999999999999,3.1,-1.2700000000000002,-58.0,3.1999999999999997,H,AlphaHelix,-58.04000000000002,-41.610000000000014,97.4,1.0,1.0,False,False,False,False,True,False,88.1550888450658,63.0,80.0,18.193077591535243,7.778978962037692,14.095745809785983,46.65999984741211,1.7333416145382428,-0.873
1708,LEV,>8,4.0,R,HIGH,gyrA,94.0,gyrA_D94G,R,0.8646496815286624,A,D94G,-50.99999999999999,3.1,-1.2700000000000002,-58.0,3.1999999999999997,H,AlphaHelix,-58.04000000000002,-41.610000000000014,97.4,1.0,1.0,False,False,False,False,True,False,88.1550888450658,63.0,80.0,18.193077591535243,7.778978962037692,14.095745809785983,46.65999984741211,1.7333416145382428,-0.873
1709,LEV,8.0,3.0,R,HIGH,gyrA,94.0,gyrA_D94G,R,0.8646496815286624,A,D94G,-50.99999999999999,3.1,-1.2700000000000002,-58.0,3.1999999999999997,H,AlphaHelix,-58.04000000000002,-41.610000000000014,97.4,1.0,1.0,False,False,False,False,True,False,88.1550888450658,63.0,80.0,18.193077591535243,7.778978962037692,14.095745809785983,46.65999984741211,1.7333416145382428,-0.873
1710,LEV,2.0,1.0,R,HIGH,gyrA,90.0,gyrA_A90V,R,0.8690476190476191,A,A90V,51.400000000000006,2.4000000000000004,-0.8600000000000001,28.0,-0.040000000000000036,H,AlphaHelix,-61.829999999999984,-59.75999999999999,47.0,2.0,0.0,False,False,False,False,True,False,55.555815915240146,-64.0,82.0,14.254302173206394,5.504265622675344,10.310827336129869,40.439998626708984,1.6650776123582791,0.089
1711,LEV,,,,MEDIUM,gyrA,94.0,gyrA_D94Y,R,0.9285714285714286,A,D94Y,82.5,2.2,-2.18,48.099999999999994,2.89,H,AlphaHelix,-58.04000000000002,-41.610000000000014,97.4,1.0,1.0,False,False,False,False,True,False,88.1550888450658,81.0,91.0,18.193077591535243,7.778978962037692,14.095745809785983,46.65999984741211,1.7333416145382428,-0.376
1712,LEV,4.0,2.0,R,HIGH,gyrA,94.0,gyrA_D94G,R,0.8646496815286624,A,D94G,-50.99999999999999,3.1,-1.2700000000000002,-58.0,3.1999999999999997,H,AlphaHelix,-58.04000000000002,-41.610000000000014,97.4,1.0,1.0,False,False,False,False,True,False,88.1550888450658,63.0,80.0,18.193077591535243,7.778978962037692,14.095745809785983,46.65999984741211,1.7333416145382428,-0.873
1713,LEV,8.0,3.0,R,MEDIUM,gyrA,94.0,gyrA_D94N,R,0.8592592592592593,A,D94N,3.0,0.0,-1.9800000000000002,-1.0,2.64,H,AlphaHelix,-58.04000000000002,-41.610000000000014,97.4,1.0,1.0,False,False,False,False,True,False,88.1550888450658,56.0,75.0,18.193077591535243,7.778978962037692,14.095745809785983,46.65999984741211,1.7333416145382428,-0.347
1714,LEV,4.0,2.0,R,MEDIUM,gyrA,94.0,gyrA_D94G,R,0.8646496815286624,A,D94G,-50.99999999999999,3.1,-1.2700000000000002,-58.0,3.1999999999999997,H,AlphaHelix,-58.04000000000002,-41.610000000000014,97.4,1.0,1.0,False,False,False,False,True,False,88.1550888450658,63.0,80.0,18.193077591535243,7.778978962037692,14.095745809785983,46.65999984741211,1.7333416145382428,-0.873
1715,LEV,4.0,2.0,R,MEDIUM,gyrA,91.0,gyrA_S91P,R,0.8524590163934426,A,S91P,23.700000000000003,-0.8,-0.64,10.0,0.6200000000000001,H,AlphaHelix,-67.14999999999998,-27.149999999999977,64.8,1.0,0.0,False,False,False,False,True,False,65.22815545163408,63.0,80.0,13.370520192722235,5.421428426386811,10.72875108867804,47.63999938964844,1.5284537092505912,-0.125
1716,LEV,4.0,2.0,R,HIGH,gyrA,91.0,gyrA_S91P,R,0.8524590163934426,A,S91P,23.700000000000003,-0.8,-0.64,10.0,0.6200000000000001,H,AlphaHelix,-67.14999999999998,-27.149999999999977,64.8,1.0,0.0,False,False,False,False,True,False,65.22815545163408,63.0,80.0,13.370520192722235,5.421428426386811,10.72875108867804,47.63999938964844,1.5284537092505912,-0.125
1717,LEV,4.0,2.0,R,HIGH,gyrA,94.0,gyrA_D94V,R,1.0,A,D94V,28.900000000000006,7.7,-2.9400000000000004,-16.0,3.19,H,AlphaHelix,-58.04000000000002,-41.610000000000014,97.4,1.0,1.0,False,False,False,False,True,False,88.1550888450658,75.0,85.0,18.193077591535243,7.778978962037692,14.095745809785983,46.65999984741211,1.7333416145382428,-0.53
1718,LEV,8.0,3.0,R,HIGH,gyrA,94.0,gyrA_D94N,R,0.8592592592592593,A,D94N,3.0,0.0,-1.9800000000000002,-1.0,2.64,H,AlphaHelix,-58.04000000000002,-41.610000000000014,97.4,1.0,1.0,False,False,False,False,True,False,88.1550888450658,56.0,75.0,18.193077591535243,7.778978962037692,14.095745809785983,46.65999984741211,1.7333416145382428,-0.347
1719,LEV,1.0,0.0,S,HIGH,gyrB,512.0,gyrB_G512R,S,0.7142857142857143,B,G512R,113.30000000000001,-4.1,-0.1399999999999999,99.1,4.79,C,Coil,-78.40999999999997,-153.43,22.3,0.0,0.0,False,True,False,False,False,False,21.149837177377734,56.0,75.0,30.22847232612234,32.992962074498614,27.088620046626986,69.91000366210938,1.8566162191748528,-1.498
1720,LEV,>8,4.0,R,HIGH,gyrA,88.0,gyrA_G88C,R,0.95,A,G88C,48.4,2.9,-0.9199999999999999,46.10000000000001,-0.8999999999999995,C,Coil,-77.02999999999997,152.43,8.6,0.0,0.0,False,True,False,False,False,False,9.936179450376525,50.0,75.0,9.383464096517303,8.798143905732672,11.185201845760195,57.560001373291016,1.9098223702260209,-0.725
1721,LEV,8.0,3.0,R,MEDIUM,gyrA,94.0,gyrA_D94N,R,0.8592592592592593,A,D94N,3.0,0.0,-1.9800000000000002,-1.0,2.64,H,AlphaHelix,-58.04000000000002,-41.610000000000014,97.4,1.0,1.0,False,False,False,False,True,False,88.1550888450658,56.0,75.0,18.193077591535243,7.778978962037692,14.095745809785983,46.65999984741211,1.7333416145382428,-0.347
1722,LEV,4.0,2.0,R,HIGH,gyrA,90.0,gyrA_A90V,R,0.8690476190476191,A,A90V,51.400000000000006,2.4000000000000004,-0.8600000000000001,28.0,-0.040000000000000036,H,AlphaHelix,-61.829999999999984,-59.75999999999999,47.0,2.0,0.0,False,False,False,False,True,False,55.555815915240146,-64.0,82.0,14.254302173206394,5.504265622675344,10.310827336129869,40.439998626708984,1.6650776123582791,0.089
1723,LEV,,,,,gyrA,,gyrA_A90V,R,1.0,A,A90V,51.400000000000006,2.4000000000000004,-0.8600000000000001,28.0,-0.040000000000000036,H,AlphaHelix,-61.829999999999984,-59.75999999999999,47.0,2.0,0.0,False,False,False,False,True,False,55.555815915240146,-64.0,82.0,14.254302173206394,5.504265622675344,10.310827336129869,40.439998626708984,1.6650776123582791,0.089
1724,LEV,,,,,gyrA,,gyrA_D94A,R,1.0,A,D94A,-22.5,5.3,-2.08,-44.0,3.23,H,AlphaHelix,-58.04000000000002,-41.610000000000014,97.4,1.0,1.0,False,False,False,False,True,False,88.1550888450658,46.0,71.0,18.193077591535243,7.778978962037692,14.095745809785983,46.65999984741211,1.7333416145382428,-0.421
1725,LEV,,,,,gyrA,,gyrA_D94G,R,1.0,A,D94G,-50.99999999999999,3.1,-1.2700000000000002,-58.0,3.1999999999999997,H,AlphaHelix,-58.04000000000002,-41.610000000000014,97.4,1.0,1.0,False,False,False,False,True,False,88.1550888450658,63.0,80.0,18.193077591535243,7.778978962037692,14.095745809785983,46.65999984741211,1.7333416145382428,-0.873
1726,LEV,,,,,gyrA,,gyrA_D94H,R,1.0,A,D94H,42.099999999999994,0.2999999999999998,-1.04,22.099999999999994,4.82,H,AlphaHelix,-58.04000000000002,-41.610000000000014,97.4,1.0,1.0,False,False,False,False,True,False,88.1550888450658,79.0,85.0,18.193077591535243,7.778978962037692,14.095745809785983,46.65999984741211,1.7333416145382428,-0.36
1727,LEV,,,,,gyrA,,gyrA_D94N,R,1.0,A,D94N,3.0,0.0,-1.9800000000000002,-1.0,2.64,H,AlphaHelix,-58.04000000000002,-41.610000000000014,97.4,1.0,1.0,False,False,False,False,True,False,88.1550888450658,56.0,75.0,18.193077591535243,7.778978962037692,14.095745809785983,46.65999984741211,1.7333416145382428,-0.347
1728,LEV,,,,,gyrA,,gyrA_D94Y,R,1.0,A,D94Y,82.5,2.2,-2.18,48.099999999999994,2.89,H,AlphaHelix,-58.04000000000002,-41.610000000000014,97.4,1.0,1.0,False,False,False,False,True,False,88.1550888450658,81.0,91.0,18.193077591535243,7.778978962037692,14.095745809785983,46.65999984741211,1.7333416145382428,-0.376
1729,LEV,,,,,gyrA,,gyrA_G88A,R,1.0,A,G88A,28.499999999999993,2.2,-0.8099999999999998,14.0,0.03000000000000025,C,Coil,-77.02999999999997,152.43,8.6,0.0,0.0,False,True,False,False,False,False,9.936179450376525,47.0,71.0,9.383464096517303,8.798143905732672,11.185201845760195,57.560001373291016,1.9098223702260209,-1.185
1730,LEV,,,,,gyrA,,gyrA_G88C,R,1.0,A,G88C,48.4,2.9,-0.9199999999999999,46.10000000000001,-0.8999999999999995,C,Coil,-77.02999999999997,152.43,8.6,0.0,0.0,False,True,False,False,False,False,9.936179450376525,50.0,75.0,9.383464096517303,8.798143905732672,11.185201845760195,57.560001373291016,1.9098223702260209,-0.725
1731,LEV,,,,,gyrA,,gyrA_S91P,R,1.0,A,S91P,23.700000000000003,-0.8,-0.64,10.0,0.6200000000000001,H,AlphaHelix,-67.14999999999998,-27.149999999999977,64.8,1.0,0.0,False,False,False,False,True,False,65.22815545163408,63.0,80.0,13.370520192722235,5.421428426386811,10.72875108867804,47.63999938964844,1.5284537092505912,-0.125
1732,LEV,,,,,gyrB,,gyrB_A504V,R,1.0,B,A504V,51.400000000000006,2.4000000000000004,-0.8600000000000001,28.0,-0.040000000000000036,H,AlphaHelix,-59.64999999999998,-42.079999999999984,10.1,1.0,2.0,False,False,False,False,True,False,11.414866074723719,5.0,53.0,21.211827405565348,22.366103894088535,16.05940631511001,54.0,2.050575642556502,-0.618
1733,LEV,,,,,gyrB,,gyrB_D461N,R,1.0,B,D461N,3.0,0.0,-1.9800000000000002,-1.0,2.64,H,AlphaHelix,-71.88999999999999,-39.93000000000001,81.7,1.0,0.0,False,False,False,False,True,False,75.64790414237022,36.0,66.0,11.69428626742857,15.223706008416038,10.457794239999561,64.79000091552734,1.5661131135005826,-0.266
1734,LEV,,,,,gyrB,,gyrB_E501D,R,1.0,B,E501D,-27.30000000000001,0.0,0.8,-14.0,-0.4500000000000002,H,AlphaHelix,-71.87,-38.54000000000002,13.6,2.0,0.0,False,False,False,False,True,False,15.369778026626971,78.0,85.0,17.92544384842089,17.867526289070224,11.782093492314347,63.0099983215332,2.23399611625198,-2.507
1735,LEV,,,,,gyrB,,gyrB_E501V,R,1.0,B,E501V,1.5999999999999943,7.7,-2.14,-30.0,2.7399999999999998,H,AlphaHelix,-71.87,-38.54000000000002,13.6,2.0,0.0,False,False,False,False,True,False,15.369778026626971,72.0,85.0,17.92544384842089,17.867526289070224,11.782093492314347,63.0099983215332,2.23399611625198,-1.177
1736,LEV,,,,,gyrB,,gyrB_N499D,R,1.0,B,N499D,-3.0,0.0,1.9800000000000002,1.0,-2.64,C,Coil,-66.65999999999997,120.5,43.0,2.0,2.0,False,True,False,False,False,False,40.44476788590575,53.0,75.0,21.56535116421654,18.549803147347646,13.333885794815926,62.86000061035156,2.0305274785868135,-0.309
1737,LEV,,,,,gyrA,,gyrA_A384V,S,1.0,A,A384V,51.400000000000006,2.4000000000000004,-0.8600000000000001,28.0,-0.040000000000000036,H,AlphaHelix,-59.19,-40.64999999999998,8.8,1.0,1.0,False,False,False,False,True,False,10.751730392732972,-58.0,78.0,45.619914494112585,48.96386006126503,53.550885552623086,68.20999908447266,2.026817258670351,-1.183
1738,LEV,,,,,gyrA,,gyrA_A463S,S,1.0,A,A463S,0.4000000000000057,-2.6,0.0,16.0,-0.3200000000000003,H,AlphaHelix,-57.79000000000002,-43.52999999999997,53.7,1.0,1.0,False,False,False,False,True,False,57.821911669704335,-93.0,97.0,52.17050154582737,54.66701069951948,59.53237809948895,73.43000030517578,1.527991557450557,-0.518
1739,LEV,,,,,gyrA,,gyrA_A90G,S,1.0,A,A90G,-28.499999999999993,-2.2,0.8099999999999998,-14.0,-0.03000000000000025,H,AlphaHelix,-61.829999999999984,-59.75999999999999,47.0,2.0,0.0,False,False,False,False,True,False,55.555815915240146,-68.0,82.0,14.254302173206394,5.504265622675344,10.310827336129869,40.439998626708984,1.6650776123582791,-0.344
1740,LEV,,,,,gyrA,,gyrA_E21Q,S,1.0,A,E21Q,5.400000000000006,0.0,-1.4200000000000002,-0.9000000000000057,2.43,H,AlphaHelix,-68.43,-41.860000000000014,44.1,1.0,0.0,False,False,False,False,True,False,41.383789319309955,-68.0,82.0,23.065659994086406,32.63964138707431,29.541058491045774,68.95999908447266,2.12042425890993,0.394
1741,LEV,,,,,gyrA,,gyrA_G247S,S,1.0,A,G247S,28.9,-0.4,-0.8099999999999998,30.0,-0.29000000000000004,C,Coil,95.65,-3.6499999999999773,0.0,1.0,2.0,False,True,False,False,False,False,0.0,44.0,71.0,33.95018158142544,31.926881459698013,35.220916371199934,55.400001525878906,2.58564940781408,-3.157
1742,LEV,,,,,gyrA,,gyrA_G668D,S,1.0,A,G668D,50.99999999999999,-3.1,1.2700000000000002,58.0,-3.1999999999999997,,,,,,,,,,,,,,0.0,,,,,,,,
1743,LEV,,,,,gyrA,,gyrA_Q613E,S,1.0,A,Q613E,-5.400000000000006,0.0,1.4200000000000002,0.9000000000000057,-2.43,,,,,,,,,,,,,,0.0,,,,,,,,
1744,LEV,,,,,gyrA,,gyrA_R252L,S,1.0,A,R252L,-6.700000000000017,8.3,-1.69,-43.0,-4.779999999999999,E,Strand,-79.32999999999998,120.91,123.9,1.0,0.0,False,False,True,False,False,False,117.78942249915038,-41.0,72.0,39.77868611550253,31.598502305028767,35.35279636397203,61.540000915527344,1.7694428377579756,0.055
1745,LEV,,,,,gyrA,,gyrA_S95T,S,1.0,A,S95T,27.099999999999994,0.10000000000000009,-0.22000000000000003,14.0,-0.08000000000000007,H,AlphaHelix,-67.65999999999997,-38.26999999999998,30.2,1.0,2.0,False,False,False,False,True,False,25.55003005694686,-93.0,97.0,18.082248432046654,10.544347649148136,16.49613792287017,41.54999923706055,2.0419280811692357,0.723
1746,LEV,,,,,gyrA,,gyrA_T80A,S,1.0,A,T80A,-27.5,2.5,0.22000000000000003,-30.0,0.40000000000000036,H,AlphaHelix,-65.23000000000002,-46.139999999999986,0.2,2.0,1.0,False,False,False,False,True,False,0.09285526275103315,25.0,63.0,16.219565080897034,16.703392480331644,20.88449427526415,46.29999923706055,5.795934755799213,-0.313
1747,LEV,,,,,gyrB,,gyrB_A403S,S,1.0,B,A403S,0.4000000000000057,-2.6,0.0,16.0,-0.3200000000000003,,,,,,,,,,,,,,0.0,,,,,,,,
1748,LEV,,,,,gyrB,,gyrB_M291I,S,1.0,B,M291I,3.799999999999983,2.6,-0.37000000000000005,-18.0,0.27999999999999936,,,,,,,,,,,,,,0.0,,,,,,,,
1749,LEV,,,,,gyrB,,gyrB_P94L,S,1.0,B,P94L,53.999999999999986,5.4,-0.37999999999999995,16.099999999999994,-0.3199999999999994,,,,,,,,,,,,,,0.0,,,,,,,,
1750,LEV,,,,,gyrB,,gyrB_V301L,S,1.0,B,V301L,26.69999999999999,-0.40000000000000036,-0.15999999999999992,14.099999999999994,0.020000000000000462,,,,,,,,,,,,,,0.0,,,,,,,,
1751,LEV,,,,,gyrA,,gyrA_A90V,R,1.0,A,A90V,51.400000000000006,2.4000000000000004,-0.8600000000000001,28.0,-0.040000000000000036,H,AlphaHelix,-61.829999999999984,-59.75999999999999,47.0,2.0,0.0,False,False,False,False,True,False,55.555815915240146,-64.0,82.0,14.254302173206394,5.504265622675344,10.310827336129869,40.439998626708984,1.6650776123582791,0.089
1752,LEV,,,,,gyrA,,gyrA_D94A,R,1.0,A,D94A,-22.5,5.3,-2.08,-44.0,3.23,H,AlphaHelix,-58.04000000000002,-41.610000000000014,97.4,1.0,1.0,False,False,False,False,True,False,88.1550888450658,46.0,71.0,18.193077591535243,7.778978962037692,14.095745809785983,46.65999984741211,1.7333416145382428,-0.421
1753,LEV,,,,,gyrA,,gyrA_D94G,R,1.0,A,D94G,-50.99999999999999,3.1,-1.2700000000000002,-58.0,3.1999999999999997,H,AlphaHelix,-58.04000000000002,-41.610000000000014,97.4,1.0,1.0,False,False,False,False,True,False,88.1550888450658,63.0,80.0,18.193077591535243,7.778978962037692,14.095745809785983,46.65999984741211,1.7333416145382428,-0.873
1754,LEV,,,,,gyrA,,gyrA_D94H,R,1.0,A,D94H,42.099999999999994,0.2999999999999998,-1.04,22.099999999999994,4.82,H,AlphaHelix,-58.04000000000002,-41.610000000000014,97.4,1.0,1.0,False,False,False,False,True,False,88.1550888450658,79.0,85.0,18.193077591535243,7.778978962037692,14.095745809785983,46.65999984741211,1.7333416145382428,-0.36
1755,LEV,,,,,gyrA,,gyrA_D94N,R,1.0,A,D94N,3.0,0.0,-1.9800000000000002,-1.0,2.64,H,AlphaHelix,-58.04000000000002,-41.610000000000014,97.4,1.0,1.0,False,False,False,False,True,False,88.1550888450658,56.0,75.0,18.193077591535243,7.778978962037692,14.095745809785983,46.65999984741211,1.7333416145382428,-0.347
1756,LEV,,,,,gyrA,,gyrA_D94Y,R,1.0,A,D94Y,82.5,2.2,-2.18,48.099999999999994,2.89,H,AlphaHelix,-58.04000000000002,-41.610000000000014,97.4,1.0,1.0,False,False,False,False,True,False,88.1550888450658,81.0,91.0,18.193077591535243,7.778978962037692,14.095745809785983,46.65999984741211,1.7333416145382428,-0.376
1757,LEV,,,,,gyrA,,gyrA_G88A,R,1.0,A,G88A,28.499999999999993,2.2,-0.8099999999999998,14.0,0.03000000000000025,C,Coil,-77.02999999999997,152.43,8.6,0.0,0.0,False,True,False,False,False,False,9.936179450376525,47.0,71.0,9.383464096517303,8.798143905732672,11.185201845760195,57.560001373291016,1.9098223702260209,-1.185
1758,LEV,,,,,gyrA,,gyrA_G88C,R,1.0,A,G88C,48.4,2.9,-0.9199999999999999,46.10000000000001,-0.8999999999999995,C,Coil,-77.02999999999997,152.43,8.6,0.0,0.0,False,True,False,False,False,False,9.936179450376525,50.0,75.0,9.383464096517303,8.798143905732672,11.185201845760195,57.560001373291016,1.9098223702260209,-0.725
1759,LEV,,,,,gyrA,,gyrA_S91P,R,1.0,A,S91P,23.700000000000003,-0.8,-0.64,10.0,0.6200000000000001,H,AlphaHelix,-67.14999999999998,-27.149999999999977,64.8,1.0,0.0,False,False,False,False,True,False,65.22815545163408,63.0,80.0,13.370520192722235,5.421428426386811,10.72875108867804,47.63999938964844,1.5284537092505912,-0.125
1760,LEV,,,,,gyrB,,gyrB_A504V,R,1.0,B,A504V,51.400000000000006,2.4000000000000004,-0.8600000000000001,28.0,-0.040000000000000036,H,AlphaHelix,-59.64999999999998,-42.079999999999984,10.1,1.0,2.0,False,False,False,False,True,False,11.414866074723719,5.0,53.0,21.211827405565348,22.366103894088535,16.05940631511001,54.0,2.050575642556502,-0.618
1761,LEV,,,,,gyrB,,gyrB_D461N,R,1.0,B,D461N,3.0,0.0,-1.9800000000000002,-1.0,2.64,H,AlphaHelix,-71.88999999999999,-39.93000000000001,81.7,1.0,0.0,False,False,False,False,True,False,75.64790414237022,36.0,66.0,11.69428626742857,15.223706008416038,10.457794239999561,64.79000091552734,1.5661131135005826,-0.266
1762,LEV,,,,,gyrB,,gyrB_E501D,R,1.0,B,E501D,-27.30000000000001,0.0,0.8,-14.0,-0.4500000000000002,H,AlphaHelix,-71.87,-38.54000000000002,13.6,2.0,0.0,False,False,False,False,True,False,15.369778026626971,78.0,85.0,17.92544384842089,17.867526289070224,11.782093492314347,63.0099983215332,2.23399611625198,-2.507
1763,LEV,,,,,gyrB,,gyrB_E501V,R,1.0,B,E501V,1.5999999999999943,7.7,-2.14,-30.0,2.7399999999999998,H,AlphaHelix,-71.87,-38.54000000000002,13.6,2.0,0.0,False,False,False,False,True,False,15.369778026626971,72.0,85.0,17.92544384842089,17.867526289070224,11.782093492314347,63.0099983215332,2.23399611625198,-1.177
1764,LEV,,,,,gyrB,,gyrB_N499D,R,1.0,B,N499D,-3.0,0.0,1.9800000000000002,1.0,-2.64,C,Coil,-66.65999999999997,120.5,43.0,2.0,2.0,False,True,False,False,False,False,40.44476788590575,53.0,75.0,21.56535116421654,18.549803147347646,13.333885794815926,62.86000061035156,2.0305274785868135,-0.309
