index,DRUG,MIC,LOG2MIC,BINARY_PHENOTYPE,PHENOTYPE_QUALITY,GENE,POSITION,GENE_MUTATION,CLEAN_BINARY_PHENOTYPE,LABEL_SUPPORT,segid,mutation,d_volume,d_hydropathy_KD,d_hydropathy_WW,d_MW,d_Pi,secondary_structure,secondary_structure_long,phi,psi,residue_sasa,n_hbond_acceptors,n_hbond_donors,B,C,E,G,H,T,SASA,snap2_score,snap2_accuracy,dist_MGB,dist_MGE,dist_drug,temp_factor,depth,deep_ddG
0,MXF,2.0,1.0,R,HIGH,gyrA,94.0,gyrA_D94G,R,0.8189233278955954,A,D94G,-50.99999999999999,3.1,-1.2700000000000002,-58.0,3.1999999999999997,H,AlphaHelix,-58.04000000000002,-41.610000000000014,97.4,1.0,1.0,False,False,False,False,True,False,88.1550888450658,63.0,80.0,18.4946885503575,7.838828370247936,14.503317804823576,46.65999984741211,1.7333416145382428,-0.873
1,MXF,4.0,2.0,R,HIGH,gyrA,90.0,gyrA_A90V,R,0.5555555555555556,A,A90V,51.400000000000006,2.4000000000000004,-0.8600000000000001,28.0,-0.040000000000000036,H,AlphaHelix,-61.829999999999984,-59.75999999999999,47.0,2.0,0.0,False,False,False,False,True,False,55.555815915240146,-64.0,82.0,14.434102224020556,5.4833322787917345,10.609526093749128,40.439998626708984,1.6650776123582791,0.089
2,MXF,>4,3.0,R,MEDIUM,gyrA,94.0,gyrA_D94N,R,0.8235294117647058,A,D94N,3.0,0.0,-1.9800000000000002,-1.0,2.64,H,AlphaHelix,-58.04000000000002,-41.610000000000014,97.4,1.0,1.0,False,False,False,False,True,False,88.1550888450658,56.0,75.0,18.4946885503575,7.838828370247936,14.503317804823576,46.65999984741211,1.7333416145382428,-0.347
3,MXF,2.0,1.0,R,HIGH,gyrA,94.0,gyrA_D94G,R,0.8189233278955954,A,D94G,-50.99999999999999,3.1,-1.2700000000000002,-58.0,3.1999999999999997,H,AlphaHelix,-58.04000000000002,-41.610000000000014,97.4,1.0,1.0,False,False,False,False,True,False,88.1550888450658,63.0,80.0,18.4946885503575,7.838828370247936,14.503317804823576,46.65999984741211,1.7333416145382428,-0.873
4,MXF,>4,3.0,R,HIGH,gyrA,94.0,gyrA_D94N,R,0.8235294117647058,A,D94N,3.0,0.0,-1.9800000000000002,-1.0,2.64,H,AlphaHelix,-58.04000000000002,-41.610000000000014,97.4,1.0,1.0,False,False,False,False,True,False,88.1550888450658,56.0,75.0,18.4946885503575,7.838828370247936,14.503317804823576,46.65999984741211,1.7333416145382428,-0.347
5,MXF,>4,3.0,R,HIGH,gyrA,94.0,gyrA_D94G,R,0.8189233278955954,A,D94G,-50.99999999999999,3.1,-1.2700000000000002,-58.0,3.1999999999999997,H,AlphaHelix,-58.04000000000002,-41.610000000000014,97.4,1.0,1.0,False,False,False,False,True,False,88.1550888450658,63.0,80.0,18.4946885503575,7.838828370247936,14.503317804823576,46.65999984741211,1.7333416145382428,-0.873
6,MXF,>4,3.0,R,HIGH,gyrA,94.0,gyrA_D94N,R,0.8235294117647058,A,D94N,3.0,0.0,-1.9800000000000002,-1.0,2.64,H,AlphaHelix,-58.04000000000002,-41.610000000000014,97.4,1.0,1.0,False,False,False,False,True,False,88.1550888450658,56.0,75.0,18.4946885503575,7.838828370247936,14.503317804823576,46.65999984741211,1.7333416145382428,-0.347
7,MXF,1.0,0.0,S,HIGH,gyrA,94.0,gyrA_D94A,R,0.5232558139534884,A,D94A,-22.5,5.3,-2.08,-44.0,3.23,H,AlphaHelix,-58.04000000000002,-41.610000000000014,97.4,1.0,1.0,False,False,False,False,True,False,88.1550888450658,46.0,71.0,18.4946885503575,7.838828370247936,14.503317804823576,46.65999984741211,1.7333416145382428,-0.421
8,MXF,0.5,-1.0,S,HIGH,gyrB,500.0,gyrB_T500N,S,0.8,B,T500N,-2.0,-2.8,0.32,13.0,-0.1899999999999995,H,AlphaHelix,-57.870000000000005,-37.74000000000001,88.7,1.0,0.0,False,False,False,False,True,False,91.70815715162803,-69.0,82.0,20.980381818326222,18.43322881312501,12.209729764108214,63.970001220703125,1.5446886429143032,0.026
9,MXF,>4,3.0,R,HIGH,gyrA,94.0,gyrA_D94G,R,0.8189233278955954,A,D94G,-50.99999999999999,3.1,-1.2700000000000002,-58.0,3.1999999999999997,H,AlphaHelix,-58.04000000000002,-41.610000000000014,97.4,1.0,1.0,False,False,False,False,True,False,88.1550888450658,63.0,80.0,18.4946885503575,7.838828370247936,14.503317804823576,46.65999984741211,1.7333416145382428,-0.873
10,MXF,>4,3.0,R,HIGH,gyrA,94.0,gyrA_D94G,R,0.8189233278955954,A,D94G,-50.99999999999999,3.1,-1.2700000000000002,-58.0,3.1999999999999997,H,AlphaHelix,-58.04000000000002,-41.610000000000014,97.4,1.0,1.0,False,False,False,False,True,False,88.1550888450658,63.0,80.0,18.4946885503575,7.838828370247936,14.503317804823576,46.65999984741211,1.7333416145382428,-0.873
11,MXF,4.0,2.0,R,HIGH,gyrA,94.0,gyrA_D94G,R,0.8189233278955954,A,D94G,-50.99999999999999,3.1,-1.2700000000000002,-58.0,3.1999999999999997,H,AlphaHelix,-58.04000000000002,-41.610000000000014,97.4,1.0,1.0,False,False,False,False,True,False,88.1550888450658,63.0,80.0,18.4946885503575,7.838828370247936,14.503317804823576,46.65999984741211,1.7333416145382428,-0.873
12,MXF,>4,3.0,R,HIGH,gyrA,94.0,gyrA_D94Y,R,0.847457627118644,A,D94Y,82.5,2.2,-2.18,48.099999999999994,2.89,H,AlphaHelix,-58.04000000000002,-41.610000000000014,97.4,1.0,1.0,False,False,False,False,True,False,88.1550888450658,81.0,91.0,18.4946885503575,7.838828370247936,14.503317804823576,46.65999984741211,1.7333416145382428,-0.376
13,MXF,4.0,2.0,R,MEDIUM,gyrA,94.0,gyrA_D94A,R,0.5232558139534884,A,D94A,-22.5,5.3,-2.08,-44.0,3.23,H,AlphaHelix,-58.04000000000002,-41.610000000000014,97.4,1.0,1.0,False,False,False,False,True,False,88.1550888450658,46.0,71.0,18.4946885503575,7.838828370247936,14.503317804823576,46.65999984741211,1.7333416145382428,-0.421
14,MXF,4.0,2.0,R,HIGH,gyrA,94.0,gyrA_D94A,R,0.5232558139534884,A,D94A,-22.5,5.3,-2.08,-44.0,3.23,H,AlphaHelix,-58.04000000000002,-41.610000000000014,97.4,1.0,1.0,False,False,False,False,True,False,88.1550888450658,46.0,71.0,18.4946885503575,7.838828370247936,14.503317804823576,46.65999984741211,1.7333416145382428,-0.421
15,MXF,<=0.06,-4.06,S,MEDIUM,gyrA,90.0,gyrA_A90V,R,0.5555555555555556,A,A90V,51.400000000000006,2.4000000000000004,-0.8600000000000001,28.0,-0.040000000000000036,H,AlphaHelix,-61.829999999999984,-59.75999999999999,47.0,2.0,0.0,False,False,False,False,True,False,55.555815915240146,-64.0,82.0,14.434102224020556,5.4833322787917345,10.609526093749128,40.439998626708984,1.6650776123582791,0.089
16,MXF,0.25,-2.0,S,MEDIUM,gyrA,94.0,gyrA_D94G,R,0.8189233278955954,A,D94G,-50.99999999999999,3.1,-1.2700000000000002,-58.0,3.1999999999999997,H,AlphaHelix,-58.04000000000002,-41.610000000000014,97.4,1.0,1.0,False,False,False,False,True,False,88.1550888450658,63.0,80.0,18.4946885503575,7.838828370247936,14.503317804823576,46.65999984741211,1.7333416145382428,-0.873
17,MXF,1.0,0.0,S,MEDIUM,gyrA,94.0,gyrA_D94G,R,0.8189233278955954,A,D94G,-50.99999999999999,3.1,-1.2700000000000002,-58.0,3.1999999999999997,H,AlphaHelix,-58.04000000000002,-41.610000000000014,97.4,1.0,1.0,False,False,False,False,True,False,88.1550888450658,63.0,80.0,18.4946885503575,7.838828370247936,14.503317804823576,46.65999984741211,1.7333416145382428,-0.873
18,MXF,1.0,0.0,S,HIGH,gyrA,90.0,gyrA_A90V,R,0.5555555555555556,A,A90V,51.400000000000006,2.4000000000000004,-0.8600000000000001,28.0,-0.040000000000000036,H,AlphaHelix,-61.829999999999984,-59.75999999999999,47.0,2.0,0.0,False,False,False,False,True,False,55.555815915240146,-64.0,82.0,14.434102224020556,5.4833322787917345,10.609526093749128,40.439998626708984,1.6650776123582791,0.089
19,MXF,0.25,-2.0,S,MEDIUM,gyrA,94.0,gyrA_D94G,R,0.8189233278955954,A,D94G,-50.99999999999999,3.1,-1.2700000000000002,-58.0,3.1999999999999997,H,AlphaHelix,-58.04000000000002,-41.610000000000014,97.4,1.0,1.0,False,False,False,False,True,False,88.1550888450658,63.0,80.0,18.4946885503575,7.838828370247936,14.503317804823576,46.65999984741211,1.7333416145382428,-0.873
20,MXF,2.0,1.0,R,HIGH,gyrA,90.0,gyrA_A90V,R,0.5555555555555556,A,A90V,51.400000000000006,2.4000000000000004,-0.8600000000000001,28.0,-0.040000000000000036,H,AlphaHelix,-61.829999999999984,-59.75999999999999,47.0,2.0,0.0,False,False,False,False,True,False,55.555815915240146,-64.0,82.0,14.434102224020556,5.4833322787917345,10.609526093749128,40.439998626708984,1.6650776123582791,0.089
21,MXF,4.0,2.0,R,HIGH,gyrA,94.0,gyrA_D94G,R,0.8189233278955954,A,D94G,-50.99999999999999,3.1,-1.2700000000000002,-58.0,3.1999999999999997,H,AlphaHelix,-58.04000000000002,-41.610000000000014,97.4,1.0,1.0,False,False,False,False,True,False,88.1550888450658,63.0,80.0,18.4946885503575,7.838828370247936,14.503317804823576,46.65999984741211,1.7333416145382428,-0.873
22,MXF,2.0,1.0,R,MEDIUM,gyrA,91.0,gyrA_S91P,R,0.676923076923077,A,S91P,23.700000000000003,-0.8,-0.64,10.0,0.6200000000000001,H,AlphaHelix,-67.14999999999998,-27.149999999999977,64.8,1.0,0.0,False,False,False,False,True,False,65.22815545163408,63.0,80.0,13.712390715773491,5.3811257108513875,11.010229056369285,47.63999938964844,1.5284537092505912,-0.125
23,MXF,>4,3.0,R,MEDIUM,gyrA,94.0,gyrA_D94N,R,0.8235294117647058,A,D94N,3.0,0.0,-1.9800000000000002,-1.0,2.64,H,AlphaHelix,-58.04000000000002,-41.610000000000014,97.4,1.0,1.0,False,False,False,False,True,False,88.1550888450658,56.0,75.0,18.4946885503575,7.838828370247936,14.503317804823576,46.65999984741211,1.7333416145382428,-0.347
24,MXF,>4,3.0,R,HIGH,gyrA,94.0,gyrA_D94N,R,0.8235294117647058,A,D94N,3.0,0.0,-1.9800000000000002,-1.0,2.64,H,AlphaHelix,-58.04000000000002,-41.610000000000014,97.4,1.0,1.0,False,False,False,False,True,False,88.1550888450658,56.0,75.0,18.4946885503575,7.838828370247936,14.503317804823576,46.65999984741211,1.7333416145382428,-0.347
25,MXF,4.0,2.0,R,HIGH,gyrA,94.0,gyrA_D94G,R,0.8189233278955954,A,D94G,-50.99999999999999,3.1,-1.2700000000000002,-58.0,3.1999999999999997,H,AlphaHelix,-58.04000000000002,-41.610000000000014,97.4,1.0,1.0,False,False,False,False,True,False,88.1550888450658,63.0,80.0,18.4946885503575,7.838828370247936,14.503317804823576,46.65999984741211,1.7333416145382428,-0.873
26,MXF,4.0,2.0,R,MEDIUM,gyrA,94.0,gyrA_D94A,R,0.5232558139534884,A,D94A,-22.5,5.3,-2.08,-44.0,3.23,H,AlphaHelix,-58.04000000000002,-41.610000000000014,97.4,1.0,1.0,False,False,False,False,True,False,88.1550888450658,46.0,71.0,18.4946885503575,7.838828370247936,14.503317804823576,46.65999984741211,1.7333416145382428,-0.421
27,MXF,>4,3.0,R,MEDIUM,gyrA,94.0,gyrA_D94N,R,0.8235294117647058,A,D94N,3.0,0.0,-1.9800000000000002,-1.0,2.64,H,AlphaHelix,-58.04000000000002,-41.610000000000014,97.4,1.0,1.0,False,False,False,False,True,False,88.1550888450658,56.0,75.0,18.4946885503575,7.838828370247936,14.503317804823576,46.65999984741211,1.7333416145382428,-0.347
28,MXF,1.0,0.0,S,MEDIUM,gyrA,94.0,gyrA_D94H,R,0.75,A,D94H,42.099999999999994,0.2999999999999998,-1.04,22.099999999999994,4.82,H,AlphaHelix,-58.04000000000002,-41.610000000000014,97.4,1.0,1.0,False,False,False,False,True,False,88.1550888450658,79.0,85.0,18.4946885503575,7.838828370247936,14.503317804823576,46.65999984741211,1.7333416145382428,-0.36
29,MXF,>4,3.0,R,HIGH,gyrA,94.0,gyrA_D94N,R,0.8235294117647058,A,D94N,3.0,0.0,-1.9800000000000002,-1.0,2.64,H,AlphaHelix,-58.04000000000002,-41.610000000000014,97.4,1.0,1.0,False,False,False,False,True,False,88.1550888450658,56.0,75.0,18.4946885503575,7.838828370247936,14.503317804823576,46.65999984741211,1.7333416145382428,-0.347
30,MXF,,,,HIGH,gyrB,501.0,gyrB_E501D,R,0.7857142857142857,B,E501D,-27.30000000000001,0.0,0.8,-14.0,-0.4500000000000002,H,AlphaHelix,-71.87,-38.54000000000002,13.6,2.0,0.0,False,False,False,False,True,False,15.369778026626971,78.0,85.0,18.005379610370586,18.103477446299912,11.656371379938307,63.0099983215332,2.23399611625198,-2.507
31,MXF,1.0,0.0,S,MEDIUM,gyrA,94.0,gyrA_D94Y,R,0.847457627118644,A,D94Y,82.5,2.2,-2.18,48.099999999999994,2.89,H,AlphaHelix,-58.04000000000002,-41.610000000000014,97.4,1.0,1.0,False,False,False,False,True,False,88.1550888450658,81.0,91.0,18.4946885503575,7.838828370247936,14.503317804823576,46.65999984741211,1.7333416145382428,-0.376
32,MXF,0.25,-2.0,S,HIGH,gyrB,526.0,gyrB_K526Q,S,1.0,B,K526Q,-24.799999999999983,0.3999999999999999,-1.62,0.0,-4.09,E,Strand,-131.07,113.53,54.1,1.0,0.0,False,False,True,False,False,False,50.172912107654724,47.0,71.0,23.588987139666717,33.32857742888527,27.423925932788926,67.94999694824219,2.157108657991182,-0.445
33,MXF,>4,3.0,R,MEDIUM,gyrA,91.0,gyrA_S91P,R,0.676923076923077,A,S91P,23.700000000000003,-0.8,-0.64,10.0,0.6200000000000001,H,AlphaHelix,-67.14999999999998,-27.149999999999977,64.8,1.0,0.0,False,False,False,False,True,False,65.22815545163408,63.0,80.0,13.712390715773491,5.3811257108513875,11.010229056369285,47.63999938964844,1.5284537092505912,-0.125
34,MXF,4.0,2.0,R,HIGH,gyrA,94.0,gyrA_D94G,R,0.8189233278955954,A,D94G,-50.99999999999999,3.1,-1.2700000000000002,-58.0,3.1999999999999997,H,AlphaHelix,-58.04000000000002,-41.610000000000014,97.4,1.0,1.0,False,False,False,False,True,False,88.1550888450658,63.0,80.0,18.4946885503575,7.838828370247936,14.503317804823576,46.65999984741211,1.7333416145382428,-0.873
35,MXF,2.0,1.0,R,HIGH,gyrA,94.0,gyrA_D94G,R,0.8189233278955954,A,D94G,-50.99999999999999,3.1,-1.2700000000000002,-58.0,3.1999999999999997,H,AlphaHelix,-58.04000000000002,-41.610000000000014,97.4,1.0,1.0,False,False,False,False,True,False,88.1550888450658,63.0,80.0,18.4946885503575,7.838828370247936,14.503317804823576,46.65999984741211,1.7333416145382428,-0.873
36,MXF,>4,3.0,R,HIGH,gyrA,94.0,gyrA_D94G,R,0.8189233278955954,A,D94G,-50.99999999999999,3.1,-1.2700000000000002,-58.0,3.1999999999999997,H,AlphaHelix,-58.04000000000002,-41.610000000000014,97.4,1.0,1.0,False,False,False,False,True,False,88.1550888450658,63.0,80.0,18.4946885503575,7.838828370247936,14.503317804823576,46.65999984741211,1.7333416145382428,-0.873
37,MXF,2.0,1.0,R,HIGH,gyrB,447.0,gyrB_S447Y,S,0.6666666666666666,B,S447Y,104.6,-0.5,-0.1,76.1,-0.019999999999999574,C,Coil,-66.01999999999998,127.78,10.3,0.0,1.0,False,True,False,False,False,False,7.650214361327759,43.0,71.0,30.854032276322915,38.15801550808711,31.835544590921046,76.79000091552734,2.2854008237144825,-0.51
38,MXF,2.0,1.0,R,HIGH,gyrA,90.0,gyrA_A90V,R,0.5555555555555556,A,A90V,51.400000000000006,2.4000000000000004,-0.8600000000000001,28.0,-0.040000000000000036,H,AlphaHelix,-61.829999999999984,-59.75999999999999,47.0,2.0,0.0,False,False,False,False,True,False,55.555815915240146,-64.0,82.0,14.434102224020556,5.4833322787917345,10.609526093749128,40.439998626708984,1.6650776123582791,0.089
39,MXF,0.12,-3.06,S,HIGH,gyrA,193.0,gyrA_N193S,S,1.0,A,N193S,-25.099999999999994,2.7,-0.09999999999999998,-27.0,0.2699999999999996,C,Coil,-78.75,123.63,5.4,2.0,0.0,False,True,False,False,False,False,3.9785882839510753,-22.0,61.0,38.56834762344578,31.614916234348744,37.544471341104654,50.119998931884766,3.1142630176941593,-1.229
40,MXF,0.12,-3.06,S,HIGH,gyrB,575.0,gyrB_R575H,S,1.0,B,R575H,-20.200000000000017,1.2999999999999998,0.3700000000000001,-19.0,-3.17,T,Turn,-120.16,-30.30000000000001,242.0,0.0,0.0,False,False,False,False,False,True,239.63741200348562,16.0,59.0,30.96580126290871,42.77069317524258,41.55315264548222,96.72000122070312,1.5111154341675028,-0.183
41,MXF,0.5,-1.0,S,HIGH,gyrA,90.0,gyrA_A90V,R,0.5555555555555556,A,A90V,51.400000000000006,2.4000000000000004,-0.8600000000000001,28.0,-0.040000000000000036,H,AlphaHelix,-61.829999999999984,-59.75999999999999,47.0,2.0,0.0,False,False,False,False,True,False,55.555815915240146,-64.0,82.0,14.434102224020556,5.4833322787917345,10.609526093749128,40.439998626708984,1.6650776123582791,0.089
42,MXF,>4,3.0,R,HIGH,gyrA,94.0,gyrA_D94G,R,0.8189233278955954,A,D94G,-50.99999999999999,3.1,-1.2700000000000002,-58.0,3.1999999999999997,H,AlphaHelix,-58.04000000000002,-41.610000000000014,97.4,1.0,1.0,False,False,False,False,True,False,88.1550888450658,63.0,80.0,18.4946885503575,7.838828370247936,14.503317804823576,46.65999984741211,1.7333416145382428,-0.873
43,MXF,<=0.06,-4.06,S,MEDIUM,gyrA,223.0,gyrA_V223I,S,1.0,A,V223I,26.69999999999999,0.2999999999999998,-0.28,14.099999999999994,0.05999999999999961,C,Coil,-86.38999999999999,98.73,0.6,0.0,1.0,False,True,False,False,False,False,0.6983986458148704,-96.0,97.0,41.918340020593185,36.60297567212203,41.898744808903835,48.58000183105469,3.980985694826388,0.627
44,MXF,4.0,2.0,R,HIGH,gyrA,90.0,gyrA_A90V,R,0.5555555555555556,A,A90V,51.400000000000006,2.4000000000000004,-0.8600000000000001,28.0,-0.040000000000000036,H,AlphaHelix,-61.829999999999984,-59.75999999999999,47.0,2.0,0.0,False,False,False,False,True,False,55.555815915240146,-64.0,82.0,14.434102224020556,5.4833322787917345,10.609526093749128,40.439998626708984,1.6650776123582791,0.089
45,MXF,0.5,-1.0,S,MEDIUM,gyrA,94.0,gyrA_D94G,R,0.8189233278955954,A,D94G,-50.99999999999999,3.1,-1.2700000000000002,-58.0,3.1999999999999997,H,AlphaHelix,-58.04000000000002,-41.610000000000014,97.4,1.0,1.0,False,False,False,False,True,False,88.1550888450658,63.0,80.0,18.4946885503575,7.838828370247936,14.503317804823576,46.65999984741211,1.7333416145382428,-0.873
46,MXF,0.12,-3.06,S,HIGH,gyrA,362.0,gyrA_I362M,S,1.0,A,I362M,-3.799999999999983,-2.6,0.37000000000000005,18.0,-0.27999999999999936,H,AlphaHelix,-62.45999999999998,-53.74000000000001,0.2,2.0,1.0,False,False,False,False,True,False,0.06670203677323285,-79.0,87.0,36.467694227211496,34.8799470302587,39.706813262673805,48.84000015258789,6.30232925399375,-1.527
47,MXF,>4,3.0,R,HIGH,gyrA,94.0,gyrA_D94G,R,0.8189233278955954,A,D94G,-50.99999999999999,3.1,-1.2700000000000002,-58.0,3.1999999999999997,H,AlphaHelix,-58.04000000000002,-41.610000000000014,97.4,1.0,1.0,False,False,False,False,True,False,88.1550888450658,63.0,80.0,18.4946885503575,7.838828370247936,14.503317804823576,46.65999984741211,1.7333416145382428,-0.873
48,MXF,2.0,1.0,R,HIGH,gyrA,94.0,gyrA_D94Y,R,0.847457627118644,A,D94Y,82.5,2.2,-2.18,48.099999999999994,2.89,H,AlphaHelix,-58.04000000000002,-41.610000000000014,97.4,1.0,1.0,False,False,False,False,True,False,88.1550888450658,81.0,91.0,18.4946885503575,7.838828370247936,14.503317804823576,46.65999984741211,1.7333416145382428,-0.376
49,MXF,4.0,2.0,R,HIGH,gyrA,94.0,gyrA_D94N,R,0.8235294117647058,A,D94N,3.0,0.0,-1.9800000000000002,-1.0,2.64,H,AlphaHelix,-58.04000000000002,-41.610000000000014,97.4,1.0,1.0,False,False,False,False,True,False,88.1550888450658,56.0,75.0,18.4946885503575,7.838828370247936,14.503317804823576,46.65999984741211,1.7333416145382428,-0.347
50,MXF,0.12,-3.06,S,MEDIUM,gyrB,668.0,gyrB_K668E,S,1.0,B,K668E,-30.19999999999999,0.3999999999999999,-0.19999999999999996,0.9000000000000057,-6.52,G,310Helix,-58.01999999999998,-23.889999999999986,163.3,0.0,0.0,False,False,False,True,False,False,167.7401654703288,7.0,53.0,24.5333655601667,33.32455790079611,33.36337460998285,73.08999633789062,1.5099538354745605,-0.467
51,MXF,0.25,-2.0,S,HIGH,gyrA,236.0,gyrA_G236V,S,1.0,A,G236V,79.9,4.6000000000000005,-1.67,42.0,-0.009999999999999787,C,Coil,92.83,175.24,12.0,0.0,1.0,False,True,False,False,False,False,9.42431998248234,71.0,85.0,45.92003767914014,38.05230400778327,42.28735513679223,65.19000244140625,1.728989378748296,-2.197
52,MXF,1.0,0.0,S,HIGH,gyrA,90.0,gyrA_A90V,R,0.5555555555555556,A,A90V,51.400000000000006,2.4000000000000004,-0.8600000000000001,28.0,-0.040000000000000036,H,AlphaHelix,-61.829999999999984,-59.75999999999999,47.0,2.0,0.0,False,False,False,False,True,False,55.555815915240146,-64.0,82.0,14.434102224020556,5.4833322787917345,10.609526093749128,40.439998626708984,1.6650776123582791,0.089
53,MXF,2.0,1.0,R,MEDIUM,gyrA,94.0,gyrA_D94G,R,0.8189233278955954,A,D94G,-50.99999999999999,3.1,-1.2700000000000002,-58.0,3.1999999999999997,H,AlphaHelix,-58.04000000000002,-41.610000000000014,97.4,1.0,1.0,False,False,False,False,True,False,88.1550888450658,63.0,80.0,18.4946885503575,7.838828370247936,14.503317804823576,46.65999984741211,1.7333416145382428,-0.873
54,MXF,0.5,-1.0,S,HIGH,gyrA,90.0,gyrA_A90V,R,0.5555555555555556,A,A90V,51.400000000000006,2.4000000000000004,-0.8600000000000001,28.0,-0.040000000000000036,H,AlphaHelix,-61.829999999999984,-59.75999999999999,47.0,2.0,0.0,False,False,False,False,True,False,55.555815915240146,-64.0,82.0,14.434102224020556,5.4833322787917345,10.609526093749128,40.439998626708984,1.6650776123582791,0.089
55,MXF,4.0,2.0,R,HIGH,gyrA,90.0,gyrA_A90V,R,0.5555555555555556,A,A90V,51.400000000000006,2.4000000000000004,-0.8600000000000001,28.0,-0.040000000000000036,H,AlphaHelix,-61.829999999999984,-59.75999999999999,47.0,2.0,0.0,False,False,False,False,True,False,55.555815915240146,-64.0,82.0,14.434102224020556,5.4833322787917345,10.609526093749128,40.439998626708984,1.6650776123582791,0.089
56,MXF,>4,3.0,R,HIGH,gyrA,94.0,gyrA_D94G,R,0.8189233278955954,A,D94G,-50.99999999999999,3.1,-1.2700000000000002,-58.0,3.1999999999999997,H,AlphaHelix,-58.04000000000002,-41.610000000000014,97.4,1.0,1.0,False,False,False,False,True,False,88.1550888450658,63.0,80.0,18.4946885503575,7.838828370247936,14.503317804823576,46.65999984741211,1.7333416145382428,-0.873
57,MXF,4.0,2.0,R,HIGH,gyrA,94.0,gyrA_D94G,R,0.8189233278955954,A,D94G,-50.99999999999999,3.1,-1.2700000000000002,-58.0,3.1999999999999997,H,AlphaHelix,-58.04000000000002,-41.610000000000014,97.4,1.0,1.0,False,False,False,False,True,False,88.1550888450658,63.0,80.0,18.4946885503575,7.838828370247936,14.503317804823576,46.65999984741211,1.7333416145382428,-0.873
58,MXF,0.12,-3.06,S,MEDIUM,gyrA,94.0,gyrA_D94G,R,0.8189233278955954,A,D94G,-50.99999999999999,3.1,-1.2700000000000002,-58.0,3.1999999999999997,H,AlphaHelix,-58.04000000000002,-41.610000000000014,97.4,1.0,1.0,False,False,False,False,True,False,88.1550888450658,63.0,80.0,18.4946885503575,7.838828370247936,14.503317804823576,46.65999984741211,1.7333416145382428,-0.873
59,MXF,>4,3.0,R,HIGH,gyrA,94.0,gyrA_D94G,R,0.8189233278955954,A,D94G,-50.99999999999999,3.1,-1.2700000000000002,-58.0,3.1999999999999997,H,AlphaHelix,-58.04000000000002,-41.610000000000014,97.4,1.0,1.0,False,False,False,False,True,False,88.1550888450658,63.0,80.0,18.4946885503575,7.838828370247936,14.503317804823576,46.65999984741211,1.7333416145382428,-0.873
60,MXF,1.0,0.0,S,HIGH,gyrA,90.0,gyrA_A90V,R,0.5555555555555556,A,A90V,51.400000000000006,2.4000000000000004,-0.8600000000000001,28.0,-0.040000000000000036,H,AlphaHelix,-61.829999999999984,-59.75999999999999,47.0,2.0,0.0,False,False,False,False,True,False,55.555815915240146,-64.0,82.0,14.434102224020556,5.4833322787917345,10.609526093749128,40.439998626708984,1.6650776123582791,0.089
61,MXF,1.0,0.0,S,MEDIUM,gyrA,90.0,gyrA_A90V,R,0.5555555555555556,A,A90V,51.400000000000006,2.4000000000000004,-0.8600000000000001,28.0,-0.040000000000000036,H,AlphaHelix,-61.829999999999984,-59.75999999999999,47.0,2.0,0.0,False,False,False,False,True,False,55.555815915240146,-64.0,82.0,14.434102224020556,5.4833322787917345,10.609526093749128,40.439998626708984,1.6650776123582791,0.089
62,MXF,4.0,2.0,R,MEDIUM,gyrA,90.0,gyrA_A90V,R,0.5555555555555556,A,A90V,51.400000000000006,2.4000000000000004,-0.8600000000000001,28.0,-0.040000000000000036,H,AlphaHelix,-61.829999999999984,-59.75999999999999,47.0,2.0,0.0,False,False,False,False,True,False,55.555815915240146,-64.0,82.0,14.434102224020556,5.4833322787917345,10.609526093749128,40.439998626708984,1.6650776123582791,0.089
63,MXF,4.0,2.0,R,MEDIUM,gyrA,90.0,gyrA_A90V,R,0.5555555555555556,A,A90V,51.400000000000006,2.4000000000000004,-0.8600000000000001,28.0,-0.040000000000000036,H,AlphaHelix,-61.829999999999984,-59.75999999999999,47.0,2.0,0.0,False,False,False,False,True,False,55.555815915240146,-64.0,82.0,14.434102224020556,5.4833322787917345,10.609526093749128,40.439998626708984,1.6650776123582791,0.089
64,MXF,0.5,-1.0,S,MEDIUM,gyrA,90.0,gyrA_A90V,R,0.5555555555555556,A,A90V,51.400000000000006,2.4000000000000004,-0.8600000000000001,28.0,-0.040000000000000036,H,AlphaHelix,-61.829999999999984,-59.75999999999999,47.0,2.0,0.0,False,False,False,False,True,False,55.555815915240146,-64.0,82.0,14.434102224020556,5.4833322787917345,10.609526093749128,40.439998626708984,1.6650776123582791,0.089
65,MXF,>4,3.0,R,MEDIUM,gyrA,94.0,gyrA_D94G,R,0.8189233278955954,A,D94G,-50.99999999999999,3.1,-1.2700000000000002,-58.0,3.1999999999999997,H,AlphaHelix,-58.04000000000002,-41.610000000000014,97.4,1.0,1.0,False,False,False,False,True,False,88.1550888450658,63.0,80.0,18.4946885503575,7.838828370247936,14.503317804823576,46.65999984741211,1.7333416145382428,-0.873
66,MXF,1.0,0.0,S,MEDIUM,gyrA,94.0,gyrA_D94A,R,0.5232558139534884,A,D94A,-22.5,5.3,-2.08,-44.0,3.23,H,AlphaHelix,-58.04000000000002,-41.610000000000014,97.4,1.0,1.0,False,False,False,False,True,False,88.1550888450658,46.0,71.0,18.4946885503575,7.838828370247936,14.503317804823576,46.65999984741211,1.7333416145382428,-0.421
67,MXF,0.5,-1.0,S,HIGH,gyrA,319.0,gyrA_K319N,S,1.0,A,K319N,-54.5,0.3999999999999999,-1.3800000000000001,-14.099999999999994,-4.33,T,Turn,-65.74000000000001,160.42,94.3,1.0,1.0,False,False,False,False,False,True,95.1545785165288,35.0,66.0,57.25612581269454,43.761195790950765,46.6633323424031,94.86000061035156,1.7456780647078958,-0.833
68,MXF,4.0,2.0,R,MEDIUM,gyrA,94.0,gyrA_D94G,R,0.8189233278955954,A,D94G,-50.99999999999999,3.1,-1.2700000000000002,-58.0,3.1999999999999997,H,AlphaHelix,-58.04000000000002,-41.610000000000014,97.4,1.0,1.0,False,False,False,False,True,False,88.1550888450658,63.0,80.0,18.4946885503575,7.838828370247936,14.503317804823576,46.65999984741211,1.7333416145382428,-0.873
69,MXF,,,,MEDIUM,gyrA,488.0,gyrA_D488E,S,1.0,A,D488E,27.30000000000001,0.0,-0.8,14.0,0.4500000000000002,H,AlphaHelix,-60.85000000000002,-36.24000000000001,137.6,0.0,1.0,False,False,False,False,True,False,124.59428249051729,-96.0,97.0,44.541856277941726,38.62003539981389,45.082591454978015,66.62000274658203,1.6772284577989571,0.011
70,MXF,,,,HIGH,gyrA,90.0,gyrA_A90V,R,0.5555555555555556,A,A90V,51.400000000000006,2.4000000000000004,-0.8600000000000001,28.0,-0.040000000000000036,H,AlphaHelix,-61.829999999999984,-59.75999999999999,47.0,2.0,0.0,False,False,False,False,True,False,55.555815915240146,-64.0,82.0,14.434102224020556,5.4833322787917345,10.609526093749128,40.439998626708984,1.6650776123582791,0.089
71,MXF,>4,3.0,R,HIGH,gyrA,94.0,gyrA_D94G,R,0.8189233278955954,A,D94G,-50.99999999999999,3.1,-1.2700000000000002,-58.0,3.1999999999999997,H,AlphaHelix,-58.04000000000002,-41.610000000000014,97.4,1.0,1.0,False,False,False,False,True,False,88.1550888450658,63.0,80.0,18.4946885503575,7.838828370247936,14.503317804823576,46.65999984741211,1.7333416145382428,-0.873
72,MXF,4.0,2.0,R,HIGH,gyrA,94.0,gyrA_D94G,R,0.8189233278955954,A,D94G,-50.99999999999999,3.1,-1.2700000000000002,-58.0,3.1999999999999997,H,AlphaHelix,-58.04000000000002,-41.610000000000014,97.4,1.0,1.0,False,False,False,False,True,False,88.1550888450658,63.0,80.0,18.4946885503575,7.838828370247936,14.503317804823576,46.65999984741211,1.7333416145382428,-0.873
73,MXF,1.0,0.0,S,HIGH,gyrA,90.0,gyrA_A90V,R,0.5555555555555556,A,A90V,51.400000000000006,2.4000000000000004,-0.8600000000000001,28.0,-0.040000000000000036,H,AlphaHelix,-61.829999999999984,-59.75999999999999,47.0,2.0,0.0,False,False,False,False,True,False,55.555815915240146,-64.0,82.0,14.434102224020556,5.4833322787917345,10.609526093749128,40.439998626708984,1.6650776123582791,0.089
74,MXF,0.12,-3.06,S,HIGH,gyrB,446.0,gyrB_R446C,S,0.9,B,R446C,-64.9,7.0,-0.78,-52.999999999999986,-5.6899999999999995,C,Coil,-102.64999999999998,-28.920000000000016,47.7,0.0,2.0,False,True,False,False,False,False,48.145590821945774,28.0,63.0,29.51837897988494,35.92512580140432,29.680615443555677,77.33999633789062,1.8834134115420547,-0.926
75,MXF,,,,MEDIUM,gyrA,94.0,gyrA_D94G,R,0.8189233278955954,A,D94G,-50.99999999999999,3.1,-1.2700000000000002,-58.0,3.1999999999999997,H,AlphaHelix,-58.04000000000002,-41.610000000000014,97.4,1.0,1.0,False,False,False,False,True,False,88.1550888450658,63.0,80.0,18.4946885503575,7.838828370247936,14.503317804823576,46.65999984741211,1.7333416145382428,-0.873
76,MXF,1.0,0.0,S,MEDIUM,gyrA,94.0,gyrA_D94G,R,0.8189233278955954,A,D94G,-50.99999999999999,3.1,-1.2700000000000002,-58.0,3.1999999999999997,H,AlphaHelix,-58.04000000000002,-41.610000000000014,97.4,1.0,1.0,False,False,False,False,True,False,88.1550888450658,63.0,80.0,18.4946885503575,7.838828370247936,14.503317804823576,46.65999984741211,1.7333416145382428,-0.873
77,MXF,>4,3.0,R,HIGH,gyrA,94.0,gyrA_D94G,R,0.8189233278955954,A,D94G,-50.99999999999999,3.1,-1.2700000000000002,-58.0,3.1999999999999997,H,AlphaHelix,-58.04000000000002,-41.610000000000014,97.4,1.0,1.0,False,False,False,False,True,False,88.1550888450658,63.0,80.0,18.4946885503575,7.838828370247936,14.503317804823576,46.65999984741211,1.7333416145382428,-0.873
78,MXF,0.25,-2.0,S,MEDIUM,gyrA,94.0,gyrA_D94Y,R,0.847457627118644,A,D94Y,82.5,2.2,-2.18,48.099999999999994,2.89,H,AlphaHelix,-58.04000000000002,-41.610000000000014,97.4,1.0,1.0,False,False,False,False,True,False,88.1550888450658,81.0,91.0,18.4946885503575,7.838828370247936,14.503317804823576,46.65999984741211,1.7333416145382428,-0.376
79,MXF,4.0,2.0,R,HIGH,gyrA,94.0,gyrA_D94G,R,0.8189233278955954,A,D94G,-50.99999999999999,3.1,-1.2700000000000002,-58.0,3.1999999999999997,H,AlphaHelix,-58.04000000000002,-41.610000000000014,97.4,1.0,1.0,False,False,False,False,True,False,88.1550888450658,63.0,80.0,18.4946885503575,7.838828370247936,14.503317804823576,46.65999984741211,1.7333416145382428,-0.873
80,MXF,2.0,1.0,R,MEDIUM,gyrA,94.0,gyrA_D94H,R,0.75,A,D94H,42.099999999999994,0.2999999999999998,-1.04,22.099999999999994,4.82,H,AlphaHelix,-58.04000000000002,-41.610000000000014,97.4,1.0,1.0,False,False,False,False,True,False,88.1550888450658,79.0,85.0,18.4946885503575,7.838828370247936,14.503317804823576,46.65999984741211,1.7333416145382428,-0.36
81,MXF,2.0,1.0,R,MEDIUM,gyrA,94.0,gyrA_D94G,R,0.8189233278955954,A,D94G,-50.99999999999999,3.1,-1.2700000000000002,-58.0,3.1999999999999997,H,AlphaHelix,-58.04000000000002,-41.610000000000014,97.4,1.0,1.0,False,False,False,False,True,False,88.1550888450658,63.0,80.0,18.4946885503575,7.838828370247936,14.503317804823576,46.65999984741211,1.7333416145382428,-0.873
82,MXF,2.0,1.0,R,HIGH,gyrA,94.0,gyrA_D94Y,R,0.847457627118644,A,D94Y,82.5,2.2,-2.18,48.099999999999994,2.89,H,AlphaHelix,-58.04000000000002,-41.610000000000014,97.4,1.0,1.0,False,False,False,False,True,False,88.1550888450658,81.0,91.0,18.4946885503575,7.838828370247936,14.503317804823576,46.65999984741211,1.7333416145382428,-0.376
83,MXF,0.12,-3.06,S,MEDIUM,gyrA,94.0,gyrA_D94G,R,0.8189233278955954,A,D94G,-50.99999999999999,3.1,-1.2700000000000002,-58.0,3.1999999999999997,H,AlphaHelix,-58.04000000000002,-41.610000000000014,97.4,1.0,1.0,False,False,False,False,True,False,88.1550888450658,63.0,80.0,18.4946885503575,7.838828370247936,14.503317804823576,46.65999984741211,1.7333416145382428,-0.873
84,MXF,<=0.06,-4.06,S,HIGH,gyrA,427.0,gyrA_I427V,S,1.0,A,I427V,-26.69999999999999,-0.2999999999999998,0.28,-14.099999999999994,-0.05999999999999961,C,Coil,-120.47,154.2,13.3,0.0,1.0,False,True,False,False,False,False,12.539597399974156,-43.0,72.0,56.14075756289037,62.34591244388206,66.15716641282305,120.4000015258789,3.1160726675939294,-0.381
85,MXF,>4,3.0,R,MEDIUM,gyrA,94.0,gyrA_D94G,R,0.8189233278955954,A,D94G,-50.99999999999999,3.1,-1.2700000000000002,-58.0,3.1999999999999997,H,AlphaHelix,-58.04000000000002,-41.610000000000014,97.4,1.0,1.0,False,False,False,False,True,False,88.1550888450658,63.0,80.0,18.4946885503575,7.838828370247936,14.503317804823576,46.65999984741211,1.7333416145382428,-0.873
86,MXF,>4,3.0,R,HIGH,gyrA,94.0,gyrA_D94A,R,0.5232558139534884,A,D94A,-22.5,5.3,-2.08,-44.0,3.23,H,AlphaHelix,-58.04000000000002,-41.610000000000014,97.4,1.0,1.0,False,False,False,False,True,False,88.1550888450658,46.0,71.0,18.4946885503575,7.838828370247936,14.503317804823576,46.65999984741211,1.7333416145382428,-0.421
87,MXF,>4,3.0,R,MEDIUM,gyrA,94.0,gyrA_D94G,R,0.8189233278955954,A,D94G,-50.99999999999999,3.1,-1.2700000000000002,-58.0,3.1999999999999997,H,AlphaHelix,-58.04000000000002,-41.610000000000014,97.4,1.0,1.0,False,False,False,False,True,False,88.1550888450658,63.0,80.0,18.4946885503575,7.838828370247936,14.503317804823576,46.65999984741211,1.7333416145382428,-0.873
88,MXF,4.0,2.0,R,MEDIUM,gyrA,94.0,gyrA_D94G,R,0.8189233278955954,A,D94G,-50.99999999999999,3.1,-1.2700000000000002,-58.0,3.1999999999999997,H,AlphaHelix,-58.04000000000002,-41.610000000000014,97.4,1.0,1.0,False,False,False,False,True,False,88.1550888450658,63.0,80.0,18.4946885503575,7.838828370247936,14.503317804823576,46.65999984741211,1.7333416145382428,-0.873
89,MXF,2.0,1.0,R,HIGH,gyrA,94.0,gyrA_D94Y,R,0.847457627118644,A,D94Y,82.5,2.2,-2.18,48.099999999999994,2.89,H,AlphaHelix,-58.04000000000002,-41.610000000000014,97.4,1.0,1.0,False,False,False,False,True,False,88.1550888450658,81.0,91.0,18.4946885503575,7.838828370247936,14.503317804823576,46.65999984741211,1.7333416145382428,-0.376
90,MXF,0.12,-3.06,S,HIGH,gyrA,94.0,gyrA_D94G,R,0.8189233278955954,A,D94G,-50.99999999999999,3.1,-1.2700000000000002,-58.0,3.1999999999999997,H,AlphaHelix,-58.04000000000002,-41.610000000000014,97.4,1.0,1.0,False,False,False,False,True,False,88.1550888450658,63.0,80.0,18.4946885503575,7.838828370247936,14.503317804823576,46.65999984741211,1.7333416145382428,-0.873
91,MXF,>4,3.0,R,HIGH,gyrA,94.0,gyrA_D94G,R,0.8189233278955954,A,D94G,-50.99999999999999,3.1,-1.2700000000000002,-58.0,3.1999999999999997,H,AlphaHelix,-58.04000000000002,-41.610000000000014,97.4,1.0,1.0,False,False,False,False,True,False,88.1550888450658,63.0,80.0,18.4946885503575,7.838828370247936,14.503317804823576,46.65999984741211,1.7333416145382428,-0.873
92,MXF,>4,3.0,R,MEDIUM,gyrA,94.0,gyrA_D94G,R,0.8189233278955954,A,D94G,-50.99999999999999,3.1,-1.2700000000000002,-58.0,3.1999999999999997,H,AlphaHelix,-58.04000000000002,-41.610000000000014,97.4,1.0,1.0,False,False,False,False,True,False,88.1550888450658,63.0,80.0,18.4946885503575,7.838828370247936,14.503317804823576,46.65999984741211,1.7333416145382428,-0.873
93,MXF,4.0,2.0,R,HIGH,gyrA,94.0,gyrA_D94G,R,0.8189233278955954,A,D94G,-50.99999999999999,3.1,-1.2700000000000002,-58.0,3.1999999999999997,H,AlphaHelix,-58.04000000000002,-41.610000000000014,97.4,1.0,1.0,False,False,False,False,True,False,88.1550888450658,63.0,80.0,18.4946885503575,7.838828370247936,14.503317804823576,46.65999984741211,1.7333416145382428,-0.873
94,MXF,4.0,2.0,R,MEDIUM,gyrA,94.0,gyrA_D94N,R,0.8235294117647058,A,D94N,3.0,0.0,-1.9800000000000002,-1.0,2.64,H,AlphaHelix,-58.04000000000002,-41.610000000000014,97.4,1.0,1.0,False,False,False,False,True,False,88.1550888450658,56.0,75.0,18.4946885503575,7.838828370247936,14.503317804823576,46.65999984741211,1.7333416145382428,-0.347
95,MXF,>4,3.0,R,HIGH,gyrA,94.0,gyrA_D94N,R,0.8235294117647058,A,D94N,3.0,0.0,-1.9800000000000002,-1.0,2.64,H,AlphaHelix,-58.04000000000002,-41.610000000000014,97.4,1.0,1.0,False,False,False,False,True,False,88.1550888450658,56.0,75.0,18.4946885503575,7.838828370247936,14.503317804823576,46.65999984741211,1.7333416145382428,-0.347
96,MXF,>4,3.0,R,HIGH,gyrA,94.0,gyrA_D94G,R,0.8189233278955954,A,D94G,-50.99999999999999,3.1,-1.2700000000000002,-58.0,3.1999999999999997,H,AlphaHelix,-58.04000000000002,-41.610000000000014,97.4,1.0,1.0,False,False,False,False,True,False,88.1550888450658,63.0,80.0,18.4946885503575,7.838828370247936,14.503317804823576,46.65999984741211,1.7333416145382428,-0.873
97,MXF,>4,3.0,R,HIGH,gyrA,94.0,gyrA_D94N,R,0.8235294117647058,A,D94N,3.0,0.0,-1.9800000000000002,-1.0,2.64,H,AlphaHelix,-58.04000000000002,-41.610000000000014,97.4,1.0,1.0,False,False,False,False,True,False,88.1550888450658,56.0,75.0,18.4946885503575,7.838828370247936,14.503317804823576,46.65999984741211,1.7333416145382428,-0.347
98,MXF,2.0,1.0,R,HIGH,gyrA,94.0,gyrA_D94Y,R,0.847457627118644,A,D94Y,82.5,2.2,-2.18,48.099999999999994,2.89,H,AlphaHelix,-58.04000000000002,-41.610000000000014,97.4,1.0,1.0,False,False,False,False,True,False,88.1550888450658,81.0,91.0,18.4946885503575,7.838828370247936,14.503317804823576,46.65999984741211,1.7333416145382428,-0.376
99,MXF,>4,3.0,R,MEDIUM,gyrA,94.0,gyrA_D94A,R,0.5232558139534884,A,D94A,-22.5,5.3,-2.08,-44.0,3.23,H,AlphaHelix,-58.04000000000002,-41.610000000000014,97.4,1.0,1.0,False,False,False,False,True,False,88.1550888450658,46.0,71.0,18.4946885503575,7.838828370247936,14.503317804823576,46.65999984741211,1.7333416145382428,-0.421
100,MXF,1.0,0.0,S,HIGH,gyrA,91.0,gyrA_S91P,R,0.676923076923077,A,S91P,23.700000000000003,-0.8,-0.64,10.0,0.6200000000000001,H,AlphaHelix,-67.14999999999998,-27.149999999999977,64.8,1.0,0.0,False,False,False,False,True,False,65.22815545163408,63.0,80.0,13.712390715773491,5.3811257108513875,11.010229056369285,47.63999938964844,1.5284537092505912,-0.125
101,MXF,2.0,1.0,R,MEDIUM,gyrA,94.0,gyrA_D94G,R,0.8189233278955954,A,D94G,-50.99999999999999,3.1,-1.2700000000000002,-58.0,3.1999999999999997,H,AlphaHelix,-58.04000000000002,-41.610000000000014,97.4,1.0,1.0,False,False,False,False,True,False,88.1550888450658,63.0,80.0,18.4946885503575,7.838828370247936,14.503317804823576,46.65999984741211,1.7333416145382428,-0.873
102,MXF,0.5,-1.0,S,HIGH,gyrA,90.0,gyrA_A90V,R,0.5555555555555556,A,A90V,51.400000000000006,2.4000000000000004,-0.8600000000000001,28.0,-0.040000000000000036,H,AlphaHelix,-61.829999999999984,-59.75999999999999,47.0,2.0,0.0,False,False,False,False,True,False,55.555815915240146,-64.0,82.0,14.434102224020556,5.4833322787917345,10.609526093749128,40.439998626708984,1.6650776123582791,0.089
103,MXF,>4,3.0,R,HIGH,gyrA,94.0,gyrA_D94G,R,0.8189233278955954,A,D94G,-50.99999999999999,3.1,-1.2700000000000002,-58.0,3.1999999999999997,H,AlphaHelix,-58.04000000000002,-41.610000000000014,97.4,1.0,1.0,False,False,False,False,True,False,88.1550888450658,63.0,80.0,18.4946885503575,7.838828370247936,14.503317804823576,46.65999984741211,1.7333416145382428,-0.873
104,MXF,2.0,1.0,R,HIGH,gyrA,94.0,gyrA_D94G,R,0.8189233278955954,A,D94G,-50.99999999999999,3.1,-1.2700000000000002,-58.0,3.1999999999999997,H,AlphaHelix,-58.04000000000002,-41.610000000000014,97.4,1.0,1.0,False,False,False,False,True,False,88.1550888450658,63.0,80.0,18.4946885503575,7.838828370247936,14.503317804823576,46.65999984741211,1.7333416145382428,-0.873
105,MXF,0.12,-3.06,S,HIGH,gyrA,94.0,gyrA_D94G,R,0.8189233278955954,A,D94G,-50.99999999999999,3.1,-1.2700000000000002,-58.0,3.1999999999999997,H,AlphaHelix,-58.04000000000002,-41.610000000000014,97.4,1.0,1.0,False,False,False,False,True,False,88.1550888450658,63.0,80.0,18.4946885503575,7.838828370247936,14.503317804823576,46.65999984741211,1.7333416145382428,-0.873
106,MXF,0.12,-3.06,S,HIGH,gyrA,90.0,gyrA_A90V,R,0.5555555555555556,A,A90V,51.400000000000006,2.4000000000000004,-0.8600000000000001,28.0,-0.040000000000000036,H,AlphaHelix,-61.829999999999984,-59.75999999999999,47.0,2.0,0.0,False,False,False,False,True,False,55.555815915240146,-64.0,82.0,14.434102224020556,5.4833322787917345,10.609526093749128,40.439998626708984,1.6650776123582791,0.089
107,MXF,2.0,1.0,R,MEDIUM,gyrA,90.0,gyrA_A90V,R,0.5555555555555556,A,A90V,51.400000000000006,2.4000000000000004,-0.8600000000000001,28.0,-0.040000000000000036,H,AlphaHelix,-61.829999999999984,-59.75999999999999,47.0,2.0,0.0,False,False,False,False,True,False,55.555815915240146,-64.0,82.0,14.434102224020556,5.4833322787917345,10.609526093749128,40.439998626708984,1.6650776123582791,0.089
108,MXF,0.5,-1.0,S,MEDIUM,gyrA,94.0,gyrA_D94N,R,0.8235294117647058,A,D94N,3.0,0.0,-1.9800000000000002,-1.0,2.64,H,AlphaHelix,-58.04000000000002,-41.610000000000014,97.4,1.0,1.0,False,False,False,False,True,False,88.1550888450658,56.0,75.0,18.4946885503575,7.838828370247936,14.503317804823576,46.65999984741211,1.7333416145382428,-0.347
109,MXF,0.12,-3.06,S,MEDIUM,gyrA,94.0,gyrA_D94A,R,0.5232558139534884,A,D94A,-22.5,5.3,-2.08,-44.0,3.23,H,AlphaHelix,-58.04000000000002,-41.610000000000014,97.4,1.0,1.0,False,False,False,False,True,False,88.1550888450658,46.0,71.0,18.4946885503575,7.838828370247936,14.503317804823576,46.65999984741211,1.7333416145382428,-0.421
110,MXF,>4,3.0,R,HIGH,gyrA,94.0,gyrA_D94G,R,0.8189233278955954,A,D94G,-50.99999999999999,3.1,-1.2700000000000002,-58.0,3.1999999999999997,H,AlphaHelix,-58.04000000000002,-41.610000000000014,97.4,1.0,1.0,False,False,False,False,True,False,88.1550888450658,63.0,80.0,18.4946885503575,7.838828370247936,14.503317804823576,46.65999984741211,1.7333416145382428,-0.873
111,MXF,>4,3.0,R,MEDIUM,gyrA,94.0,gyrA_D94G,R,0.8189233278955954,A,D94G,-50.99999999999999,3.1,-1.2700000000000002,-58.0,3.1999999999999997,H,AlphaHelix,-58.04000000000002,-41.610000000000014,97.4,1.0,1.0,False,False,False,False,True,False,88.1550888450658,63.0,80.0,18.4946885503575,7.838828370247936,14.503317804823576,46.65999984741211,1.7333416145382428,-0.873
112,MXF,>4,3.0,R,HIGH,gyrB,501.0,gyrB_E501D,R,0.7857142857142857,B,E501D,-27.30000000000001,0.0,0.8,-14.0,-0.4500000000000002,H,AlphaHelix,-71.87,-38.54000000000002,13.6,2.0,0.0,False,False,False,False,True,False,15.369778026626971,78.0,85.0,18.005379610370586,18.103477446299912,11.656371379938307,63.0099983215332,2.23399611625198,-2.507
113,MXF,>4,3.0,R,HIGH,gyrA,94.0,gyrA_D94G,R,0.8189233278955954,A,D94G,-50.99999999999999,3.1,-1.2700000000000002,-58.0,3.1999999999999997,H,AlphaHelix,-58.04000000000002,-41.610000000000014,97.4,1.0,1.0,False,False,False,False,True,False,88.1550888450658,63.0,80.0,18.4946885503575,7.838828370247936,14.503317804823576,46.65999984741211,1.7333416145382428,-0.873
114,MXF,>4,3.0,R,HIGH,gyrA,94.0,gyrA_D94G,R,0.8189233278955954,A,D94G,-50.99999999999999,3.1,-1.2700000000000002,-58.0,3.1999999999999997,H,AlphaHelix,-58.04000000000002,-41.610000000000014,97.4,1.0,1.0,False,False,False,False,True,False,88.1550888450658,63.0,80.0,18.4946885503575,7.838828370247936,14.503317804823576,46.65999984741211,1.7333416145382428,-0.873
115,MXF,>4,3.0,R,HIGH,gyrA,94.0,gyrA_D94G,R,0.8189233278955954,A,D94G,-50.99999999999999,3.1,-1.2700000000000002,-58.0,3.1999999999999997,H,AlphaHelix,-58.04000000000002,-41.610000000000014,97.4,1.0,1.0,False,False,False,False,True,False,88.1550888450658,63.0,80.0,18.4946885503575,7.838828370247936,14.503317804823576,46.65999984741211,1.7333416145382428,-0.873
116,MXF,0.25,-2.0,S,MEDIUM,gyrA,94.0,gyrA_D94N,R,0.8235294117647058,A,D94N,3.0,0.0,-1.9800000000000002,-1.0,2.64,H,AlphaHelix,-58.04000000000002,-41.610000000000014,97.4,1.0,1.0,False,False,False,False,True,False,88.1550888450658,56.0,75.0,18.4946885503575,7.838828370247936,14.503317804823576,46.65999984741211,1.7333416145382428,-0.347
117,MXF,0.25,-2.0,S,MEDIUM,gyrA,94.0,gyrA_D94H,R,0.75,A,D94H,42.099999999999994,0.2999999999999998,-1.04,22.099999999999994,4.82,H,AlphaHelix,-58.04000000000002,-41.610000000000014,97.4,1.0,1.0,False,False,False,False,True,False,88.1550888450658,79.0,85.0,18.4946885503575,7.838828370247936,14.503317804823576,46.65999984741211,1.7333416145382428,-0.36
118,MXF,0.25,-2.0,S,HIGH,gyrA,193.0,gyrA_N193S,S,1.0,A,N193S,-25.099999999999994,2.7,-0.09999999999999998,-27.0,0.2699999999999996,C,Coil,-78.75,123.63,5.4,2.0,0.0,False,True,False,False,False,False,3.9785882839510753,-22.0,61.0,38.56834762344578,31.614916234348744,37.544471341104654,50.119998931884766,3.1142630176941593,-1.229
119,MXF,>4,3.0,R,HIGH,gyrA,94.0,gyrA_D94G,R,0.8189233278955954,A,D94G,-50.99999999999999,3.1,-1.2700000000000002,-58.0,3.1999999999999997,H,AlphaHelix,-58.04000000000002,-41.610000000000014,97.4,1.0,1.0,False,False,False,False,True,False,88.1550888450658,63.0,80.0,18.4946885503575,7.838828370247936,14.503317804823576,46.65999984741211,1.7333416145382428,-0.873
120,MXF,4.0,2.0,R,HIGH,gyrA,94.0,gyrA_D94A,R,0.5232558139534884,A,D94A,-22.5,5.3,-2.08,-44.0,3.23,H,AlphaHelix,-58.04000000000002,-41.610000000000014,97.4,1.0,1.0,False,False,False,False,True,False,88.1550888450658,46.0,71.0,18.4946885503575,7.838828370247936,14.503317804823576,46.65999984741211,1.7333416145382428,-0.421
121,MXF,2.0,1.0,R,HIGH,gyrA,94.0,gyrA_D94A,R,0.5232558139534884,A,D94A,-22.5,5.3,-2.08,-44.0,3.23,H,AlphaHelix,-58.04000000000002,-41.610000000000014,97.4,1.0,1.0,False,False,False,False,True,False,88.1550888450658,46.0,71.0,18.4946885503575,7.838828370247936,14.503317804823576,46.65999984741211,1.7333416145382428,-0.421
122,MXF,2.0,1.0,R,HIGH,gyrA,90.0,gyrA_A90V,R,0.5555555555555556,A,A90V,51.400000000000006,2.4000000000000004,-0.8600000000000001,28.0,-0.040000000000000036,H,AlphaHelix,-61.829999999999984,-59.75999999999999,47.0,2.0,0.0,False,False,False,False,True,False,55.555815915240146,-64.0,82.0,14.434102224020556,5.4833322787917345,10.609526093749128,40.439998626708984,1.6650776123582791,0.089
123,MXF,4.0,2.0,R,MEDIUM,gyrA,94.0,gyrA_D94G,R,0.8189233278955954,A,D94G,-50.99999999999999,3.1,-1.2700000000000002,-58.0,3.1999999999999997,H,AlphaHelix,-58.04000000000002,-41.610000000000014,97.4,1.0,1.0,False,False,False,False,True,False,88.1550888450658,63.0,80.0,18.4946885503575,7.838828370247936,14.503317804823576,46.65999984741211,1.7333416145382428,-0.873
124,MXF,2.0,1.0,R,HIGH,gyrA,94.0,gyrA_D94A,R,0.5232558139534884,A,D94A,-22.5,5.3,-2.08,-44.0,3.23,H,AlphaHelix,-58.04000000000002,-41.610000000000014,97.4,1.0,1.0,False,False,False,False,True,False,88.1550888450658,46.0,71.0,18.4946885503575,7.838828370247936,14.503317804823576,46.65999984741211,1.7333416145382428,-0.421
125,MXF,>4,3.0,R,HIGH,gyrA,88.0,gyrA_G88C,R,0.9090909090909091,A,G88C,48.4,2.9,-0.9199999999999999,46.10000000000001,-0.8999999999999995,C,Coil,-77.02999999999997,152.43,8.6,0.0,0.0,False,True,False,False,False,False,9.936179450376525,50.0,75.0,9.426612506997063,8.72870415742702,11.188927476312779,57.560001373291016,1.9098223702260209,-0.725
126,MXF,4.0,2.0,R,HIGH,gyrA,90.0,gyrA_A90V,R,0.5555555555555556,A,A90V,51.400000000000006,2.4000000000000004,-0.8600000000000001,28.0,-0.040000000000000036,H,AlphaHelix,-61.829999999999984,-59.75999999999999,47.0,2.0,0.0,False,False,False,False,True,False,55.555815915240146,-64.0,82.0,14.434102224020556,5.4833322787917345,10.609526093749128,40.439998626708984,1.6650776123582791,0.089
127,MXF,0.12,-3.06,S,MEDIUM,gyrA,94.0,gyrA_D94G,R,0.8189233278955954,A,D94G,-50.99999999999999,3.1,-1.2700000000000002,-58.0,3.1999999999999997,H,AlphaHelix,-58.04000000000002,-41.610000000000014,97.4,1.0,1.0,False,False,False,False,True,False,88.1550888450658,63.0,80.0,18.4946885503575,7.838828370247936,14.503317804823576,46.65999984741211,1.7333416145382428,-0.873
128,MXF,>4,3.0,R,HIGH,gyrA,94.0,gyrA_D94G,R,0.8189233278955954,A,D94G,-50.99999999999999,3.1,-1.2700000000000002,-58.0,3.1999999999999997,H,AlphaHelix,-58.04000000000002,-41.610000000000014,97.4,1.0,1.0,False,False,False,False,True,False,88.1550888450658,63.0,80.0,18.4946885503575,7.838828370247936,14.503317804823576,46.65999984741211,1.7333416145382428,-0.873
129,MXF,>4,3.0,R,HIGH,gyrA,94.0,gyrA_D94G,R,0.8189233278955954,A,D94G,-50.99999999999999,3.1,-1.2700000000000002,-58.0,3.1999999999999997,H,AlphaHelix,-58.04000000000002,-41.610000000000014,97.4,1.0,1.0,False,False,False,False,True,False,88.1550888450658,63.0,80.0,18.4946885503575,7.838828370247936,14.503317804823576,46.65999984741211,1.7333416145382428,-0.873
130,MXF,<=0.06,-4.06,S,HIGH,gyrB,530.0,gyrB_M530T,S,1.0,B,M530T,-46.80000000000001,-2.5999999999999996,0.55,-30.099999999999994,-0.14000000000000057,E,Strand,-122.85,107.05,2.2,1.0,1.0,False,False,True,False,False,False,1.705944906703178,75.0,85.0,11.351705344151126,23.123954228615727,18.442212229674155,57.58000183105469,4.257380695840078,-2.438
131,MXF,4.0,2.0,R,HIGH,gyrA,90.0,gyrA_A90V,R,0.5555555555555556,A,A90V,51.400000000000006,2.4000000000000004,-0.8600000000000001,28.0,-0.040000000000000036,H,AlphaHelix,-61.829999999999984,-59.75999999999999,47.0,2.0,0.0,False,False,False,False,True,False,55.555815915240146,-64.0,82.0,14.434102224020556,5.4833322787917345,10.609526093749128,40.439998626708984,1.6650776123582791,0.089
132,MXF,2.0,1.0,R,HIGH,gyrA,90.0,gyrA_A90V,R,0.5555555555555556,A,A90V,51.400000000000006,2.4000000000000004,-0.8600000000000001,28.0,-0.040000000000000036,H,AlphaHelix,-61.829999999999984,-59.75999999999999,47.0,2.0,0.0,False,False,False,False,True,False,55.555815915240146,-64.0,82.0,14.434102224020556,5.4833322787917345,10.609526093749128,40.439998626708984,1.6650776123582791,0.089
133,MXF,>4,3.0,R,HIGH,gyrA,94.0,gyrA_D94A,R,0.5232558139534884,A,D94A,-22.5,5.3,-2.08,-44.0,3.23,H,AlphaHelix,-58.04000000000002,-41.610000000000014,97.4,1.0,1.0,False,False,False,False,True,False,88.1550888450658,46.0,71.0,18.4946885503575,7.838828370247936,14.503317804823576,46.65999984741211,1.7333416145382428,-0.421
134,MXF,2.0,1.0,R,HIGH,gyrA,90.0,gyrA_A90V,R,0.5555555555555556,A,A90V,51.400000000000006,2.4000000000000004,-0.8600000000000001,28.0,-0.040000000000000036,H,AlphaHelix,-61.829999999999984,-59.75999999999999,47.0,2.0,0.0,False,False,False,False,True,False,55.555815915240146,-64.0,82.0,14.434102224020556,5.4833322787917345,10.609526093749128,40.439998626708984,1.6650776123582791,0.089
135,MXF,1.0,0.0,S,MEDIUM,gyrB,499.0,gyrB_N499I,S,1.0,B,N499I,52.599999999999994,8.0,-1.24,-0.9000000000000057,0.6099999999999994,C,Coil,-66.65999999999997,120.5,43.0,2.0,2.0,False,True,False,False,False,False,40.44476788590575,48.0,71.0,21.727521249200905,18.74934841945492,13.214297718613494,62.86000061035156,2.0305274785868135,-0.556
136,MXF,0.12,-3.06,S,HIGH,gyrB,494.0,gyrB_D494A,S,1.0,B,D494A,-22.5,5.3,-2.08,-44.0,3.23,H,AlphaHelix,-59.95999999999998,-34.629999999999995,105.9,2.0,0.0,False,False,False,False,True,False,95.06488356132519,-5.0,53.0,29.135792653201527,25.924850323928386,21.425742553842586,93.16999816894531,1.5610368156152548,-0.379
137,MXF,2.0,1.0,R,HIGH,gyrA,90.0,gyrA_A90V,R,0.5555555555555556,A,A90V,51.400000000000006,2.4000000000000004,-0.8600000000000001,28.0,-0.040000000000000036,H,AlphaHelix,-61.829999999999984,-59.75999999999999,47.0,2.0,0.0,False,False,False,False,True,False,55.555815915240146,-64.0,82.0,14.434102224020556,5.4833322787917345,10.609526093749128,40.439998626708984,1.6650776123582791,0.089
138,MXF,0.12,-3.06,S,HIGH,gyrA,94.0,gyrA_D94N,R,0.8235294117647058,A,D94N,3.0,0.0,-1.9800000000000002,-1.0,2.64,H,AlphaHelix,-58.04000000000002,-41.610000000000014,97.4,1.0,1.0,False,False,False,False,True,False,88.1550888450658,56.0,75.0,18.4946885503575,7.838828370247936,14.503317804823576,46.65999984741211,1.7333416145382428,-0.347
139,MXF,1.0,0.0,S,MEDIUM,gyrA,90.0,gyrA_A90V,R,0.5555555555555556,A,A90V,51.400000000000006,2.4000000000000004,-0.8600000000000001,28.0,-0.040000000000000036,H,AlphaHelix,-61.829999999999984,-59.75999999999999,47.0,2.0,0.0,False,False,False,False,True,False,55.555815915240146,-64.0,82.0,14.434102224020556,5.4833322787917345,10.609526093749128,40.439998626708984,1.6650776123582791,0.089
140,MXF,>4,3.0,R,HIGH,gyrA,94.0,gyrA_D94G,R,0.8189233278955954,A,D94G,-50.99999999999999,3.1,-1.2700000000000002,-58.0,3.1999999999999997,H,AlphaHelix,-58.04000000000002,-41.610000000000014,97.4,1.0,1.0,False,False,False,False,True,False,88.1550888450658,63.0,80.0,18.4946885503575,7.838828370247936,14.503317804823576,46.65999984741211,1.7333416145382428,-0.873
141,MXF,4.0,2.0,R,HIGH,gyrA,94.0,gyrA_D94N,R,0.8235294117647058,A,D94N,3.0,0.0,-1.9800000000000002,-1.0,2.64,H,AlphaHelix,-58.04000000000002,-41.610000000000014,97.4,1.0,1.0,False,False,False,False,True,False,88.1550888450658,56.0,75.0,18.4946885503575,7.838828370247936,14.503317804823576,46.65999984741211,1.7333416145382428,-0.347
142,MXF,>4,3.0,R,HIGH,gyrA,94.0,gyrA_D94N,R,0.8235294117647058,A,D94N,3.0,0.0,-1.9800000000000002,-1.0,2.64,H,AlphaHelix,-58.04000000000002,-41.610000000000014,97.4,1.0,1.0,False,False,False,False,True,False,88.1550888450658,56.0,75.0,18.4946885503575,7.838828370247936,14.503317804823576,46.65999984741211,1.7333416145382428,-0.347
143,MXF,1.0,0.0,S,HIGH,gyrA,90.0,gyrA_A90V,R,0.5555555555555556,A,A90V,51.400000000000006,2.4000000000000004,-0.8600000000000001,28.0,-0.040000000000000036,H,AlphaHelix,-61.829999999999984,-59.75999999999999,47.0,2.0,0.0,False,False,False,False,True,False,55.555815915240146,-64.0,82.0,14.434102224020556,5.4833322787917345,10.609526093749128,40.439998626708984,1.6650776123582791,0.089
144,MXF,4.0,2.0,R,HIGH,gyrA,90.0,gyrA_A90V,R,0.5555555555555556,A,A90V,51.400000000000006,2.4000000000000004,-0.8600000000000001,28.0,-0.040000000000000036,H,AlphaHelix,-61.829999999999984,-59.75999999999999,47.0,2.0,0.0,False,False,False,False,True,False,55.555815915240146,-64.0,82.0,14.434102224020556,5.4833322787917345,10.609526093749128,40.439998626708984,1.6650776123582791,0.089
145,MXF,4.0,2.0,R,MEDIUM,gyrA,94.0,gyrA_D94G,R,0.8189233278955954,A,D94G,-50.99999999999999,3.1,-1.2700000000000002,-58.0,3.1999999999999997,H,AlphaHelix,-58.04000000000002,-41.610000000000014,97.4,1.0,1.0,False,False,False,False,True,False,88.1550888450658,63.0,80.0,18.4946885503575,7.838828370247936,14.503317804823576,46.65999984741211,1.7333416145382428,-0.873
146,MXF,2.0,1.0,R,MEDIUM,gyrA,94.0,gyrA_D94G,R,0.8189233278955954,A,D94G,-50.99999999999999,3.1,-1.2700000000000002,-58.0,3.1999999999999997,H,AlphaHelix,-58.04000000000002,-41.610000000000014,97.4,1.0,1.0,False,False,False,False,True,False,88.1550888450658,63.0,80.0,18.4946885503575,7.838828370247936,14.503317804823576,46.65999984741211,1.7333416145382428,-0.873
147,MXF,4.0,2.0,R,HIGH,gyrA,90.0,gyrA_A90V,R,0.5555555555555556,A,A90V,51.400000000000006,2.4000000000000004,-0.8600000000000001,28.0,-0.040000000000000036,H,AlphaHelix,-61.829999999999984,-59.75999999999999,47.0,2.0,0.0,False,False,False,False,True,False,55.555815915240146,-64.0,82.0,14.434102224020556,5.4833322787917345,10.609526093749128,40.439998626708984,1.6650776123582791,0.089
148,MXF,4.0,2.0,R,HIGH,gyrA,94.0,gyrA_D94N,R,0.8235294117647058,A,D94N,3.0,0.0,-1.9800000000000002,-1.0,2.64,H,AlphaHelix,-58.04000000000002,-41.610000000000014,97.4,1.0,1.0,False,False,False,False,True,False,88.1550888450658,56.0,75.0,18.4946885503575,7.838828370247936,14.503317804823576,46.65999984741211,1.7333416145382428,-0.347
149,MXF,0.5,-1.0,S,MEDIUM,gyrA,90.0,gyrA_A90V,R,0.5555555555555556,A,A90V,51.400000000000006,2.4000000000000004,-0.8600000000000001,28.0,-0.040000000000000036,H,AlphaHelix,-61.829999999999984,-59.75999999999999,47.0,2.0,0.0,False,False,False,False,True,False,55.555815915240146,-64.0,82.0,14.434102224020556,5.4833322787917345,10.609526093749128,40.439998626708984,1.6650776123582791,0.089
150,MXF,0.12,-3.06,S,HIGH,gyrB,439.0,gyrB_P439R,S,1.0,B,P439R,60.7,-2.9,1.31,59.099999999999994,4.46,T,Turn,-55.93000000000001,141.63,19.2,1.0,0.0,False,False,False,False,False,True,19.37997495166946,76.0,85.0,23.87613982836854,24.509225570903897,17.82996920027745,90.58000183105469,2.070872824242787,-2.506
151,MXF,1.0,0.0,S,MEDIUM,gyrA,90.0,gyrA_A90V,R,0.5555555555555556,A,A90V,51.400000000000006,2.4000000000000004,-0.8600000000000001,28.0,-0.040000000000000036,H,AlphaHelix,-61.829999999999984,-59.75999999999999,47.0,2.0,0.0,False,False,False,False,True,False,55.555815915240146,-64.0,82.0,14.434102224020556,5.4833322787917345,10.609526093749128,40.439998626708984,1.6650776123582791,0.089
152,MXF,0.25,-2.0,S,HIGH,gyrA,90.0,gyrA_A90V,R,0.5555555555555556,A,A90V,51.400000000000006,2.4000000000000004,-0.8600000000000001,28.0,-0.040000000000000036,H,AlphaHelix,-61.829999999999984,-59.75999999999999,47.0,2.0,0.0,False,False,False,False,True,False,55.555815915240146,-64.0,82.0,14.434102224020556,5.4833322787917345,10.609526093749128,40.439998626708984,1.6650776123582791,0.089
153,MXF,,,,MEDIUM,gyrA,94.0,gyrA_D94G,R,0.8189233278955954,A,D94G,-50.99999999999999,3.1,-1.2700000000000002,-58.0,3.1999999999999997,H,AlphaHelix,-58.04000000000002,-41.610000000000014,97.4,1.0,1.0,False,False,False,False,True,False,88.1550888450658,63.0,80.0,18.4946885503575,7.838828370247936,14.503317804823576,46.65999984741211,1.7333416145382428,-0.873
154,MXF,1.0,0.0,S,MEDIUM,gyrA,90.0,gyrA_A90V,R,0.5555555555555556,A,A90V,51.400000000000006,2.4000000000000004,-0.8600000000000001,28.0,-0.040000000000000036,H,AlphaHelix,-61.829999999999984,-59.75999999999999,47.0,2.0,0.0,False,False,False,False,True,False,55.555815915240146,-64.0,82.0,14.434102224020556,5.4833322787917345,10.609526093749128,40.439998626708984,1.6650776123582791,0.089
155,MXF,4.0,2.0,R,HIGH,gyrA,94.0,gyrA_D94N,R,0.8235294117647058,A,D94N,3.0,0.0,-1.9800000000000002,-1.0,2.64,H,AlphaHelix,-58.04000000000002,-41.610000000000014,97.4,1.0,1.0,False,False,False,False,True,False,88.1550888450658,56.0,75.0,18.4946885503575,7.838828370247936,14.503317804823576,46.65999984741211,1.7333416145382428,-0.347
156,MXF,0.5,-1.0,S,MEDIUM,gyrA,91.0,gyrA_S91P,R,0.676923076923077,A,S91P,23.700000000000003,-0.8,-0.64,10.0,0.6200000000000001,H,AlphaHelix,-67.14999999999998,-27.149999999999977,64.8,1.0,0.0,False,False,False,False,True,False,65.22815545163408,63.0,80.0,13.712390715773491,5.3811257108513875,11.010229056369285,47.63999938964844,1.5284537092505912,-0.125
157,MXF,>4,3.0,R,MEDIUM,gyrA,94.0,gyrA_D94N,R,0.8235294117647058,A,D94N,3.0,0.0,-1.9800000000000002,-1.0,2.64,H,AlphaHelix,-58.04000000000002,-41.610000000000014,97.4,1.0,1.0,False,False,False,False,True,False,88.1550888450658,56.0,75.0,18.4946885503575,7.838828370247936,14.503317804823576,46.65999984741211,1.7333416145382428,-0.347
158,MXF,2.0,1.0,R,MEDIUM,gyrA,90.0,gyrA_A90V,R,0.5555555555555556,A,A90V,51.400000000000006,2.4000000000000004,-0.8600000000000001,28.0,-0.040000000000000036,H,AlphaHelix,-61.829999999999984,-59.75999999999999,47.0,2.0,0.0,False,False,False,False,True,False,55.555815915240146,-64.0,82.0,14.434102224020556,5.4833322787917345,10.609526093749128,40.439998626708984,1.6650776123582791,0.089
159,MXF,>4,3.0,R,HIGH,gyrA,94.0,gyrA_D94G,R,0.8189233278955954,A,D94G,-50.99999999999999,3.1,-1.2700000000000002,-58.0,3.1999999999999997,H,AlphaHelix,-58.04000000000002,-41.610000000000014,97.4,1.0,1.0,False,False,False,False,True,False,88.1550888450658,63.0,80.0,18.4946885503575,7.838828370247936,14.503317804823576,46.65999984741211,1.7333416145382428,-0.873
160,MXF,0.25,-2.0,S,MEDIUM,gyrA,90.0,gyrA_A90V,R,0.5555555555555556,A,A90V,51.400000000000006,2.4000000000000004,-0.8600000000000001,28.0,-0.040000000000000036,H,AlphaHelix,-61.829999999999984,-59.75999999999999,47.0,2.0,0.0,False,False,False,False,True,False,55.555815915240146,-64.0,82.0,14.434102224020556,5.4833322787917345,10.609526093749128,40.439998626708984,1.6650776123582791,0.089
161,MXF,>4,3.0,R,HIGH,gyrA,94.0,gyrA_D94N,R,0.8235294117647058,A,D94N,3.0,0.0,-1.9800000000000002,-1.0,2.64,H,AlphaHelix,-58.04000000000002,-41.610000000000014,97.4,1.0,1.0,False,False,False,False,True,False,88.1550888450658,56.0,75.0,18.4946885503575,7.838828370247936,14.503317804823576,46.65999984741211,1.7333416145382428,-0.347
162,MXF,0.25,-2.0,S,HIGH,gyrA,94.0,gyrA_D94G,R,0.8189233278955954,A,D94G,-50.99999999999999,3.1,-1.2700000000000002,-58.0,3.1999999999999997,H,AlphaHelix,-58.04000000000002,-41.610000000000014,97.4,1.0,1.0,False,False,False,False,True,False,88.1550888450658,63.0,80.0,18.4946885503575,7.838828370247936,14.503317804823576,46.65999984741211,1.7333416145382428,-0.873
163,MXF,0.25,-2.0,S,HIGH,gyrA,94.0,gyrA_D94G,R,0.8189233278955954,A,D94G,-50.99999999999999,3.1,-1.2700000000000002,-58.0,3.1999999999999997,H,AlphaHelix,-58.04000000000002,-41.610000000000014,97.4,1.0,1.0,False,False,False,False,True,False,88.1550888450658,63.0,80.0,18.4946885503575,7.838828370247936,14.503317804823576,46.65999984741211,1.7333416145382428,-0.873
164,MXF,>4,3.0,R,HIGH,gyrA,94.0,gyrA_D94N,R,0.8235294117647058,A,D94N,3.0,0.0,-1.9800000000000002,-1.0,2.64,H,AlphaHelix,-58.04000000000002,-41.610000000000014,97.4,1.0,1.0,False,False,False,False,True,False,88.1550888450658,56.0,75.0,18.4946885503575,7.838828370247936,14.503317804823576,46.65999984741211,1.7333416145382428,-0.347
165,MXF,2.0,1.0,R,HIGH,gyrA,90.0,gyrA_A90V,R,0.5555555555555556,A,A90V,51.400000000000006,2.4000000000000004,-0.8600000000000001,28.0,-0.040000000000000036,H,AlphaHelix,-61.829999999999984,-59.75999999999999,47.0,2.0,0.0,False,False,False,False,True,False,55.555815915240146,-64.0,82.0,14.434102224020556,5.4833322787917345,10.609526093749128,40.439998626708984,1.6650776123582791,0.089
166,MXF,>4,3.0,R,HIGH,gyrA,94.0,gyrA_D94G,R,0.8189233278955954,A,D94G,-50.99999999999999,3.1,-1.2700000000000002,-58.0,3.1999999999999997,H,AlphaHelix,-58.04000000000002,-41.610000000000014,97.4,1.0,1.0,False,False,False,False,True,False,88.1550888450658,63.0,80.0,18.4946885503575,7.838828370247936,14.503317804823576,46.65999984741211,1.7333416145382428,-0.873
167,MXF,>4,3.0,R,HIGH,gyrA,88.0,gyrA_G88C,R,0.9090909090909091,A,G88C,48.4,2.9,-0.9199999999999999,46.10000000000001,-0.8999999999999995,C,Coil,-77.02999999999997,152.43,8.6,0.0,0.0,False,True,False,False,False,False,9.936179450376525,50.0,75.0,9.426612506997063,8.72870415742702,11.188927476312779,57.560001373291016,1.9098223702260209,-0.725
168,MXF,>4,3.0,R,MEDIUM,gyrA,94.0,gyrA_D94G,R,0.8189233278955954,A,D94G,-50.99999999999999,3.1,-1.2700000000000002,-58.0,3.1999999999999997,H,AlphaHelix,-58.04000000000002,-41.610000000000014,97.4,1.0,1.0,False,False,False,False,True,False,88.1550888450658,63.0,80.0,18.4946885503575,7.838828370247936,14.503317804823576,46.65999984741211,1.7333416145382428,-0.873
169,MXF,0.12,-3.06,S,HIGH,gyrB,575.0,gyrB_R575H,S,1.0,B,R575H,-20.200000000000017,1.2999999999999998,0.3700000000000001,-19.0,-3.17,T,Turn,-120.16,-30.30000000000001,242.0,0.0,0.0,False,False,False,False,False,True,239.63741200348562,16.0,59.0,30.96580126290871,42.77069317524258,41.55315264548222,96.72000122070312,1.5111154341675028,-0.183
170,MXF,4.0,2.0,R,HIGH,gyrA,94.0,gyrA_D94G,R,0.8189233278955954,A,D94G,-50.99999999999999,3.1,-1.2700000000000002,-58.0,3.1999999999999997,H,AlphaHelix,-58.04000000000002,-41.610000000000014,97.4,1.0,1.0,False,False,False,False,True,False,88.1550888450658,63.0,80.0,18.4946885503575,7.838828370247936,14.503317804823576,46.65999984741211,1.7333416145382428,-0.873
171,MXF,1.0,0.0,S,MEDIUM,gyrA,94.0,gyrA_D94A,R,0.5232558139534884,A,D94A,-22.5,5.3,-2.08,-44.0,3.23,H,AlphaHelix,-58.04000000000002,-41.610000000000014,97.4,1.0,1.0,False,False,False,False,True,False,88.1550888450658,46.0,71.0,18.4946885503575,7.838828370247936,14.503317804823576,46.65999984741211,1.7333416145382428,-0.421
172,MXF,<=0.06,-4.06,S,MEDIUM,gyrA,456.0,gyrA_A456V,S,1.0,A,A456V,51.400000000000006,2.4000000000000004,-0.8600000000000001,28.0,-0.040000000000000036,H,AlphaHelix,-58.15999999999997,-39.00999999999999,56.3,1.0,1.0,False,False,False,False,True,False,60.601798048066534,-91.0,97.0,56.68023105547945,58.552117579104866,63.82078347493738,83.72000122070312,1.5066398395405183,-0.259
173,MXF,4.0,2.0,R,HIGH,gyrA,90.0,gyrA_A90V,R,0.5555555555555556,A,A90V,51.400000000000006,2.4000000000000004,-0.8600000000000001,28.0,-0.040000000000000036,H,AlphaHelix,-61.829999999999984,-59.75999999999999,47.0,2.0,0.0,False,False,False,False,True,False,55.555815915240146,-64.0,82.0,14.434102224020556,5.4833322787917345,10.609526093749128,40.439998626708984,1.6650776123582791,0.089
174,MXF,<=0.06,-4.06,S,MEDIUM,gyrA,377.0,gyrA_T377I,S,1.0,A,T377I,50.599999999999994,5.2,-0.92,12.099999999999994,0.41999999999999993,H,AlphaHelix,-60.45999999999998,-42.18000000000001,2.0,1.0,1.0,False,False,False,False,True,False,2.296226438190095,28.0,63.0,40.94703321595036,43.43402042881499,48.36270169027231,59.95000076293945,2.4948907301929295,-0.633
175,MXF,2.0,1.0,R,HIGH,gyrA,90.0,gyrA_A90V,R,0.5555555555555556,A,A90V,51.400000000000006,2.4000000000000004,-0.8600000000000001,28.0,-0.040000000000000036,H,AlphaHelix,-61.829999999999984,-59.75999999999999,47.0,2.0,0.0,False,False,False,False,True,False,55.555815915240146,-64.0,82.0,14.434102224020556,5.4833322787917345,10.609526093749128,40.439998626708984,1.6650776123582791,0.089
176,MXF,2.0,1.0,R,HIGH,gyrA,94.0,gyrA_D94G,R,0.8189233278955954,A,D94G,-50.99999999999999,3.1,-1.2700000000000002,-58.0,3.1999999999999997,H,AlphaHelix,-58.04000000000002,-41.610000000000014,97.4,1.0,1.0,False,False,False,False,True,False,88.1550888450658,63.0,80.0,18.4946885503575,7.838828370247936,14.503317804823576,46.65999984741211,1.7333416145382428,-0.873
177,MXF,>4,3.0,R,HIGH,gyrA,94.0,gyrA_D94G,R,0.8189233278955954,A,D94G,-50.99999999999999,3.1,-1.2700000000000002,-58.0,3.1999999999999997,H,AlphaHelix,-58.04000000000002,-41.610000000000014,97.4,1.0,1.0,False,False,False,False,True,False,88.1550888450658,63.0,80.0,18.4946885503575,7.838828370247936,14.503317804823576,46.65999984741211,1.7333416145382428,-0.873
178,MXF,4.0,2.0,R,HIGH,gyrA,94.0,gyrA_D94G,R,0.8189233278955954,A,D94G,-50.99999999999999,3.1,-1.2700000000000002,-58.0,3.1999999999999997,H,AlphaHelix,-58.04000000000002,-41.610000000000014,97.4,1.0,1.0,False,False,False,False,True,False,88.1550888450658,63.0,80.0,18.4946885503575,7.838828370247936,14.503317804823576,46.65999984741211,1.7333416145382428,-0.873
179,MXF,0.5,-1.0,S,HIGH,gyrA,288.0,gyrA_A288V,S,1.0,A,A288V,51.400000000000006,2.4000000000000004,-0.8600000000000001,28.0,-0.040000000000000036,H,AlphaHelix,-55.73000000000002,-52.079999999999984,11.3,2.0,1.0,False,False,False,False,True,False,11.676533963816869,-66.0,82.0,42.918834465722156,29.384776103472706,31.706489039944646,85.9800033569336,1.9848467404953554,-0.718
180,MXF,>4,3.0,R,HIGH,gyrA,91.0,gyrA_S91P,R,0.676923076923077,A,S91P,23.700000000000003,-0.8,-0.64,10.0,0.6200000000000001,H,AlphaHelix,-67.14999999999998,-27.149999999999977,64.8,1.0,0.0,False,False,False,False,True,False,65.22815545163408,63.0,80.0,13.712390715773491,5.3811257108513875,11.010229056369285,47.63999938964844,1.5284537092505912,-0.125
181,MXF,>4,3.0,R,HIGH,gyrA,90.0,gyrA_A90V,R,0.5555555555555556,A,A90V,51.400000000000006,2.4000000000000004,-0.8600000000000001,28.0,-0.040000000000000036,H,AlphaHelix,-61.829999999999984,-59.75999999999999,47.0,2.0,0.0,False,False,False,False,True,False,55.555815915240146,-64.0,82.0,14.434102224020556,5.4833322787917345,10.609526093749128,40.439998626708984,1.6650776123582791,0.089
182,MXF,4.0,2.0,R,HIGH,gyrA,90.0,gyrA_A90V,R,0.5555555555555556,A,A90V,51.400000000000006,2.4000000000000004,-0.8600000000000001,28.0,-0.040000000000000036,H,AlphaHelix,-61.829999999999984,-59.75999999999999,47.0,2.0,0.0,False,False,False,False,True,False,55.555815915240146,-64.0,82.0,14.434102224020556,5.4833322787917345,10.609526093749128,40.439998626708984,1.6650776123582791,0.089
183,MXF,0.5,-1.0,S,HIGH,gyrA,406.0,gyrA_A406T,S,1.0,A,A406T,27.5,-2.5,-0.22000000000000003,30.0,-0.40000000000000036,H,AlphaHelix,-53.73000000000002,-36.620000000000005,65.1,0.0,0.0,False,False,False,False,True,False,66.03920305408036,-89.0,93.0,66.12087748224901,71.08074659192245,74.99181527581226,116.52999877929688,1.5008010163522503,-0.654
184,MXF,2.0,1.0,R,HIGH,gyrA,94.0,gyrA_D94G,R,0.8189233278955954,A,D94G,-50.99999999999999,3.1,-1.2700000000000002,-58.0,3.1999999999999997,H,AlphaHelix,-58.04000000000002,-41.610000000000014,97.4,1.0,1.0,False,False,False,False,True,False,88.1550888450658,63.0,80.0,18.4946885503575,7.838828370247936,14.503317804823576,46.65999984741211,1.7333416145382428,-0.873
185,MXF,>4,3.0,R,MEDIUM,gyrA,88.0,gyrA_G88C,R,0.9090909090909091,A,G88C,48.4,2.9,-0.9199999999999999,46.10000000000001,-0.8999999999999995,C,Coil,-77.02999999999997,152.43,8.6,0.0,0.0,False,True,False,False,False,False,9.936179450376525,50.0,75.0,9.426612506997063,8.72870415742702,11.188927476312779,57.560001373291016,1.9098223702260209,-0.725
186,MXF,>4,3.0,R,HIGH,gyrA,94.0,gyrA_D94N,R,0.8235294117647058,A,D94N,3.0,0.0,-1.9800000000000002,-1.0,2.64,H,AlphaHelix,-58.04000000000002,-41.610000000000014,97.4,1.0,1.0,False,False,False,False,True,False,88.1550888450658,56.0,75.0,18.4946885503575,7.838828370247936,14.503317804823576,46.65999984741211,1.7333416145382428,-0.347
187,MXF,4.0,2.0,R,HIGH,gyrA,91.0,gyrA_S91P,R,0.676923076923077,A,S91P,23.700000000000003,-0.8,-0.64,10.0,0.6200000000000001,H,AlphaHelix,-67.14999999999998,-27.149999999999977,64.8,1.0,0.0,False,False,False,False,True,False,65.22815545163408,63.0,80.0,13.712390715773491,5.3811257108513875,11.010229056369285,47.63999938964844,1.5284537092505912,-0.125
188,MXF,2.0,1.0,R,HIGH,gyrA,91.0,gyrA_S91P,R,0.676923076923077,A,S91P,23.700000000000003,-0.8,-0.64,10.0,0.6200000000000001,H,AlphaHelix,-67.14999999999998,-27.149999999999977,64.8,1.0,0.0,False,False,False,False,True,False,65.22815545163408,63.0,80.0,13.712390715773491,5.3811257108513875,11.010229056369285,47.63999938964844,1.5284537092505912,-0.125
189,MXF,4.0,2.0,R,HIGH,gyrA,94.0,gyrA_D94G,R,0.8189233278955954,A,D94G,-50.99999999999999,3.1,-1.2700000000000002,-58.0,3.1999999999999997,H,AlphaHelix,-58.04000000000002,-41.610000000000014,97.4,1.0,1.0,False,False,False,False,True,False,88.1550888450658,63.0,80.0,18.4946885503575,7.838828370247936,14.503317804823576,46.65999984741211,1.7333416145382428,-0.873
190,MXF,>4,3.0,R,HIGH,gyrA,94.0,gyrA_D94G,R,0.8189233278955954,A,D94G,-50.99999999999999,3.1,-1.2700000000000002,-58.0,3.1999999999999997,H,AlphaHelix,-58.04000000000002,-41.610000000000014,97.4,1.0,1.0,False,False,False,False,True,False,88.1550888450658,63.0,80.0,18.4946885503575,7.838828370247936,14.503317804823576,46.65999984741211,1.7333416145382428,-0.873
191,MXF,>4,3.0,R,HIGH,gyrA,94.0,gyrA_D94G,R,0.8189233278955954,A,D94G,-50.99999999999999,3.1,-1.2700000000000002,-58.0,3.1999999999999997,H,AlphaHelix,-58.04000000000002,-41.610000000000014,97.4,1.0,1.0,False,False,False,False,True,False,88.1550888450658,63.0,80.0,18.4946885503575,7.838828370247936,14.503317804823576,46.65999984741211,1.7333416145382428,-0.873
192,MXF,>4,3.0,R,HIGH,gyrA,94.0,gyrA_D94G,R,0.8189233278955954,A,D94G,-50.99999999999999,3.1,-1.2700000000000002,-58.0,3.1999999999999997,H,AlphaHelix,-58.04000000000002,-41.610000000000014,97.4,1.0,1.0,False,False,False,False,True,False,88.1550888450658,63.0,80.0,18.4946885503575,7.838828370247936,14.503317804823576,46.65999984741211,1.7333416145382428,-0.873
193,MXF,1.0,0.0,S,MEDIUM,gyrB,446.0,gyrB_R446H,S,1.0,B,R446H,-20.200000000000017,1.2999999999999998,0.3700000000000001,-19.0,-3.17,C,Coil,-102.64999999999998,-28.920000000000016,47.7,0.0,2.0,False,True,False,False,False,False,48.145590821945774,23.0,63.0,29.51837897988494,35.92512580140432,29.680615443555677,77.33999633789062,1.8834134115420547,-0.988
194,MXF,4.0,2.0,R,HIGH,gyrA,94.0,gyrA_D94G,R,0.8189233278955954,A,D94G,-50.99999999999999,3.1,-1.2700000000000002,-58.0,3.1999999999999997,H,AlphaHelix,-58.04000000000002,-41.610000000000014,97.4,1.0,1.0,False,False,False,False,True,False,88.1550888450658,63.0,80.0,18.4946885503575,7.838828370247936,14.503317804823576,46.65999984741211,1.7333416145382428,-0.873
195,MXF,>4,3.0,R,HIGH,gyrA,94.0,gyrA_D94N,R,0.8235294117647058,A,D94N,3.0,0.0,-1.9800000000000002,-1.0,2.64,H,AlphaHelix,-58.04000000000002,-41.610000000000014,97.4,1.0,1.0,False,False,False,False,True,False,88.1550888450658,56.0,75.0,18.4946885503575,7.838828370247936,14.503317804823576,46.65999984741211,1.7333416145382428,-0.347
196,MXF,4.0,2.0,R,HIGH,gyrA,94.0,gyrA_D94G,R,0.8189233278955954,A,D94G,-50.99999999999999,3.1,-1.2700000000000002,-58.0,3.1999999999999997,H,AlphaHelix,-58.04000000000002,-41.610000000000014,97.4,1.0,1.0,False,False,False,False,True,False,88.1550888450658,63.0,80.0,18.4946885503575,7.838828370247936,14.503317804823576,46.65999984741211,1.7333416145382428,-0.873
197,MXF,0.12,-3.06,S,HIGH,gyrB,575.0,gyrB_R575H,S,1.0,B,R575H,-20.200000000000017,1.2999999999999998,0.3700000000000001,-19.0,-3.17,T,Turn,-120.16,-30.30000000000001,242.0,0.0,0.0,False,False,False,False,False,True,239.63741200348562,16.0,59.0,30.96580126290871,42.77069317524258,41.55315264548222,96.72000122070312,1.5111154341675028,-0.183
198,MXF,4.0,2.0,R,MEDIUM,gyrA,94.0,gyrA_D94G,R,0.8189233278955954,A,D94G,-50.99999999999999,3.1,-1.2700000000000002,-58.0,3.1999999999999997,H,AlphaHelix,-58.04000000000002,-41.610000000000014,97.4,1.0,1.0,False,False,False,False,True,False,88.1550888450658,63.0,80.0,18.4946885503575,7.838828370247936,14.503317804823576,46.65999984741211,1.7333416145382428,-0.873
199,MXF,2.0,1.0,R,HIGH,gyrA,90.0,gyrA_A90V,R,0.5555555555555556,A,A90V,51.400000000000006,2.4000000000000004,-0.8600000000000001,28.0,-0.040000000000000036,H,AlphaHelix,-61.829999999999984,-59.75999999999999,47.0,2.0,0.0,False,False,False,False,True,False,55.555815915240146,-64.0,82.0,14.434102224020556,5.4833322787917345,10.609526093749128,40.439998626708984,1.6650776123582791,0.089
200,MXF,1.0,0.0,S,HIGH,gyrB,446.0,gyrB_R446C,S,0.9,B,R446C,-64.9,7.0,-0.78,-52.999999999999986,-5.6899999999999995,C,Coil,-102.64999999999998,-28.920000000000016,47.7,0.0,2.0,False,True,False,False,False,False,48.145590821945774,28.0,63.0,29.51837897988494,35.92512580140432,29.680615443555677,77.33999633789062,1.8834134115420547,-0.926
201,MXF,0.5,-1.0,S,HIGH,gyrB,661.0,gyrB_S661T,S,1.0,B,S661T,27.099999999999994,0.10000000000000009,-0.22000000000000003,14.0,-0.08000000000000007,H,AlphaHelix,-65.99000000000001,-33.72000000000003,64.0,1.0,1.0,False,False,False,False,True,False,61.496519316702106,-77.0,87.0,27.404862087267972,31.653565009328855,31.545509602200013,62.41999816894531,1.65126816690675,-0.388
202,MXF,4.0,2.0,R,MEDIUM,gyrA,94.0,gyrA_D94G,R,0.8189233278955954,A,D94G,-50.99999999999999,3.1,-1.2700000000000002,-58.0,3.1999999999999997,H,AlphaHelix,-58.04000000000002,-41.610000000000014,97.4,1.0,1.0,False,False,False,False,True,False,88.1550888450658,63.0,80.0,18.4946885503575,7.838828370247936,14.503317804823576,46.65999984741211,1.7333416145382428,-0.873
203,MXF,2.0,1.0,R,HIGH,gyrA,94.0,gyrA_D94G,R,0.8189233278955954,A,D94G,-50.99999999999999,3.1,-1.2700000000000002,-58.0,3.1999999999999997,H,AlphaHelix,-58.04000000000002,-41.610000000000014,97.4,1.0,1.0,False,False,False,False,True,False,88.1550888450658,63.0,80.0,18.4946885503575,7.838828370247936,14.503317804823576,46.65999984741211,1.7333416145382428,-0.873
204,MXF,4.0,2.0,R,HIGH,gyrA,94.0,gyrA_D94G,R,0.8189233278955954,A,D94G,-50.99999999999999,3.1,-1.2700000000000002,-58.0,3.1999999999999997,H,AlphaHelix,-58.04000000000002,-41.610000000000014,97.4,1.0,1.0,False,False,False,False,True,False,88.1550888450658,63.0,80.0,18.4946885503575,7.838828370247936,14.503317804823576,46.65999984741211,1.7333416145382428,-0.873
205,MXF,2.0,1.0,R,MEDIUM,gyrA,94.0,gyrA_D94G,R,0.8189233278955954,A,D94G,-50.99999999999999,3.1,-1.2700000000000002,-58.0,3.1999999999999997,H,AlphaHelix,-58.04000000000002,-41.610000000000014,97.4,1.0,1.0,False,False,False,False,True,False,88.1550888450658,63.0,80.0,18.4946885503575,7.838828370247936,14.503317804823576,46.65999984741211,1.7333416145382428,-0.873
206,MXF,0.5,-1.0,S,HIGH,gyrA,90.0,gyrA_A90V,R,0.5555555555555556,A,A90V,51.400000000000006,2.4000000000000004,-0.8600000000000001,28.0,-0.040000000000000036,H,AlphaHelix,-61.829999999999984,-59.75999999999999,47.0,2.0,0.0,False,False,False,False,True,False,55.555815915240146,-64.0,82.0,14.434102224020556,5.4833322787917345,10.609526093749128,40.439998626708984,1.6650776123582791,0.089
207,MXF,>4,3.0,R,HIGH,gyrA,94.0,gyrA_D94H,R,0.75,A,D94H,42.099999999999994,0.2999999999999998,-1.04,22.099999999999994,4.82,H,AlphaHelix,-58.04000000000002,-41.610000000000014,97.4,1.0,1.0,False,False,False,False,True,False,88.1550888450658,79.0,85.0,18.4946885503575,7.838828370247936,14.503317804823576,46.65999984741211,1.7333416145382428,-0.36
208,MXF,1.0,0.0,S,HIGH,gyrA,90.0,gyrA_A90V,R,0.5555555555555556,A,A90V,51.400000000000006,2.4000000000000004,-0.8600000000000001,28.0,-0.040000000000000036,H,AlphaHelix,-61.829999999999984,-59.75999999999999,47.0,2.0,0.0,False,False,False,False,True,False,55.555815915240146,-64.0,82.0,14.434102224020556,5.4833322787917345,10.609526093749128,40.439998626708984,1.6650776123582791,0.089
209,MXF,0.25,-2.0,S,HIGH,gyrA,472.0,gyrA_P472S,S,0.9285714285714286,A,P472S,-23.700000000000003,0.8,0.64,-10.0,-0.6200000000000001,H,AlphaHelix,-59.70999999999998,-28.170000000000016,71.0,1.0,0.0,False,False,False,False,True,False,78.73791501370572,-68.0,82.0,46.44317945930904,48.133935316451236,53.0020285473169,69.8499984741211,1.6707895195538032,-1.116
210,MXF,4.0,2.0,R,HIGH,gyrA,90.0,gyrA_A90V,R,0.5555555555555556,A,A90V,51.400000000000006,2.4000000000000004,-0.8600000000000001,28.0,-0.040000000000000036,H,AlphaHelix,-61.829999999999984,-59.75999999999999,47.0,2.0,0.0,False,False,False,False,True,False,55.555815915240146,-64.0,82.0,14.434102224020556,5.4833322787917345,10.609526093749128,40.439998626708984,1.6650776123582791,0.089
211,MXF,0.12,-3.06,S,HIGH,gyrA,488.0,gyrA_D488E,S,1.0,A,D488E,27.30000000000001,0.0,-0.8,14.0,0.4500000000000002,H,AlphaHelix,-60.85000000000002,-36.24000000000001,137.6,0.0,1.0,False,False,False,False,True,False,124.59428249051729,-96.0,97.0,44.541856277941726,38.62003539981389,45.082591454978015,66.62000274658203,1.6772284577989571,0.011
212,MXF,2.0,1.0,R,MEDIUM,gyrA,94.0,gyrA_D94G,R,0.8189233278955954,A,D94G,-50.99999999999999,3.1,-1.2700000000000002,-58.0,3.1999999999999997,H,AlphaHelix,-58.04000000000002,-41.610000000000014,97.4,1.0,1.0,False,False,False,False,True,False,88.1550888450658,63.0,80.0,18.4946885503575,7.838828370247936,14.503317804823576,46.65999984741211,1.7333416145382428,-0.873
213,MXF,1.0,0.0,S,HIGH,gyrA,90.0,gyrA_A90V,R,0.5555555555555556,A,A90V,51.400000000000006,2.4000000000000004,-0.8600000000000001,28.0,-0.040000000000000036,H,AlphaHelix,-61.829999999999984,-59.75999999999999,47.0,2.0,0.0,False,False,False,False,True,False,55.555815915240146,-64.0,82.0,14.434102224020556,5.4833322787917345,10.609526093749128,40.439998626708984,1.6650776123582791,0.089
214,MXF,2.0,1.0,R,MEDIUM,gyrA,90.0,gyrA_A90V,R,0.5555555555555556,A,A90V,51.400000000000006,2.4000000000000004,-0.8600000000000001,28.0,-0.040000000000000036,H,AlphaHelix,-61.829999999999984,-59.75999999999999,47.0,2.0,0.0,False,False,False,False,True,False,55.555815915240146,-64.0,82.0,14.434102224020556,5.4833322787917345,10.609526093749128,40.439998626708984,1.6650776123582791,0.089
215,MXF,>4,3.0,R,HIGH,gyrA,94.0,gyrA_D94G,R,0.8189233278955954,A,D94G,-50.99999999999999,3.1,-1.2700000000000002,-58.0,3.1999999999999997,H,AlphaHelix,-58.04000000000002,-41.610000000000014,97.4,1.0,1.0,False,False,False,False,True,False,88.1550888450658,63.0,80.0,18.4946885503575,7.838828370247936,14.503317804823576,46.65999984741211,1.7333416145382428,-0.873
216,MXF,0.12,-3.06,S,HIGH,gyrA,296.0,gyrA_L296P,S,1.0,A,L296P,-53.999999999999986,-5.4,0.37999999999999995,-16.099999999999994,0.3199999999999994,T,Turn,-125.38,61.34,3.1,1.0,1.0,False,False,False,False,False,True,2.3395371508822462,29.0,63.0,48.582496167125214,36.23125663804953,38.403671065163216,88.44000244140625,3.103329357635494,-5.471
217,MXF,2.0,1.0,R,MEDIUM,gyrA,90.0,gyrA_A90V,R,0.5555555555555556,A,A90V,51.400000000000006,2.4000000000000004,-0.8600000000000001,28.0,-0.040000000000000036,H,AlphaHelix,-61.829999999999984,-59.75999999999999,47.0,2.0,0.0,False,False,False,False,True,False,55.555815915240146,-64.0,82.0,14.434102224020556,5.4833322787917345,10.609526093749128,40.439998626708984,1.6650776123582791,0.089
218,MXF,>4,3.0,R,MEDIUM,gyrA,94.0,gyrA_D94N,R,0.8235294117647058,A,D94N,3.0,0.0,-1.9800000000000002,-1.0,2.64,H,AlphaHelix,-58.04000000000002,-41.610000000000014,97.4,1.0,1.0,False,False,False,False,True,False,88.1550888450658,56.0,75.0,18.4946885503575,7.838828370247936,14.503317804823576,46.65999984741211,1.7333416145382428,-0.347
219,MXF,>4,3.0,R,HIGH,gyrA,94.0,gyrA_D94G,R,0.8189233278955954,A,D94G,-50.99999999999999,3.1,-1.2700000000000002,-58.0,3.1999999999999997,H,AlphaHelix,-58.04000000000002,-41.610000000000014,97.4,1.0,1.0,False,False,False,False,True,False,88.1550888450658,63.0,80.0,18.4946885503575,7.838828370247936,14.503317804823576,46.65999984741211,1.7333416145382428,-0.873
220,MXF,>4,3.0,R,MEDIUM,gyrB,499.0,gyrB_N499D,R,1.0,B,N499D,-3.0,0.0,1.9800000000000002,1.0,-2.64,C,Coil,-66.65999999999997,120.5,43.0,2.0,2.0,False,True,False,False,False,False,40.44476788590575,53.0,75.0,21.727521249200905,18.74934841945492,13.214297718613494,62.86000061035156,2.0305274785868135,-0.309
221,MXF,>4,3.0,R,MEDIUM,gyrA,94.0,gyrA_D94N,R,0.8235294117647058,A,D94N,3.0,0.0,-1.9800000000000002,-1.0,2.64,H,AlphaHelix,-58.04000000000002,-41.610000000000014,97.4,1.0,1.0,False,False,False,False,True,False,88.1550888450658,56.0,75.0,18.4946885503575,7.838828370247936,14.503317804823576,46.65999984741211,1.7333416145382428,-0.347
222,MXF,4.0,2.0,R,HIGH,gyrA,94.0,gyrA_D94G,R,0.8189233278955954,A,D94G,-50.99999999999999,3.1,-1.2700000000000002,-58.0,3.1999999999999997,H,AlphaHelix,-58.04000000000002,-41.610000000000014,97.4,1.0,1.0,False,False,False,False,True,False,88.1550888450658,63.0,80.0,18.4946885503575,7.838828370247936,14.503317804823576,46.65999984741211,1.7333416145382428,-0.873
223,MXF,>4,3.0,R,HIGH,gyrA,94.0,gyrA_D94G,R,0.8189233278955954,A,D94G,-50.99999999999999,3.1,-1.2700000000000002,-58.0,3.1999999999999997,H,AlphaHelix,-58.04000000000002,-41.610000000000014,97.4,1.0,1.0,False,False,False,False,True,False,88.1550888450658,63.0,80.0,18.4946885503575,7.838828370247936,14.503317804823576,46.65999984741211,1.7333416145382428,-0.873
224,MXF,>4,3.0,R,HIGH,gyrA,94.0,gyrA_D94G,R,0.8189233278955954,A,D94G,-50.99999999999999,3.1,-1.2700000000000002,-58.0,3.1999999999999997,H,AlphaHelix,-58.04000000000002,-41.610000000000014,97.4,1.0,1.0,False,False,False,False,True,False,88.1550888450658,63.0,80.0,18.4946885503575,7.838828370247936,14.503317804823576,46.65999984741211,1.7333416145382428,-0.873
225,MXF,4.0,2.0,R,MEDIUM,gyrA,91.0,gyrA_S91P,R,0.676923076923077,A,S91P,23.700000000000003,-0.8,-0.64,10.0,0.6200000000000001,H,AlphaHelix,-67.14999999999998,-27.149999999999977,64.8,1.0,0.0,False,False,False,False,True,False,65.22815545163408,63.0,80.0,13.712390715773491,5.3811257108513875,11.010229056369285,47.63999938964844,1.5284537092505912,-0.125
226,MXF,<=0.06,-4.06,S,MEDIUM,gyrA,88.0,gyrA_G88C,R,0.9090909090909091,A,G88C,48.4,2.9,-0.9199999999999999,46.10000000000001,-0.8999999999999995,C,Coil,-77.02999999999997,152.43,8.6,0.0,0.0,False,True,False,False,False,False,9.936179450376525,50.0,75.0,9.426612506997063,8.72870415742702,11.188927476312779,57.560001373291016,1.9098223702260209,-0.725
227,MXF,1.0,0.0,S,MEDIUM,gyrA,94.0,gyrA_D94A,R,0.5232558139534884,A,D94A,-22.5,5.3,-2.08,-44.0,3.23,H,AlphaHelix,-58.04000000000002,-41.610000000000014,97.4,1.0,1.0,False,False,False,False,True,False,88.1550888450658,46.0,71.0,18.4946885503575,7.838828370247936,14.503317804823576,46.65999984741211,1.7333416145382428,-0.421
228,MXF,>4,3.0,R,HIGH,gyrA,94.0,gyrA_D94G,R,0.8189233278955954,A,D94G,-50.99999999999999,3.1,-1.2700000000000002,-58.0,3.1999999999999997,H,AlphaHelix,-58.04000000000002,-41.610000000000014,97.4,1.0,1.0,False,False,False,False,True,False,88.1550888450658,63.0,80.0,18.4946885503575,7.838828370247936,14.503317804823576,46.65999984741211,1.7333416145382428,-0.873
229,MXF,4.0,2.0,R,HIGH,gyrA,94.0,gyrA_D94N,R,0.8235294117647058,A,D94N,3.0,0.0,-1.9800000000000002,-1.0,2.64,H,AlphaHelix,-58.04000000000002,-41.610000000000014,97.4,1.0,1.0,False,False,False,False,True,False,88.1550888450658,56.0,75.0,18.4946885503575,7.838828370247936,14.503317804823576,46.65999984741211,1.7333416145382428,-0.347
230,MXF,2.0,1.0,R,HIGH,gyrA,90.0,gyrA_A90V,R,0.5555555555555556,A,A90V,51.400000000000006,2.4000000000000004,-0.8600000000000001,28.0,-0.040000000000000036,H,AlphaHelix,-61.829999999999984,-59.75999999999999,47.0,2.0,0.0,False,False,False,False,True,False,55.555815915240146,-64.0,82.0,14.434102224020556,5.4833322787917345,10.609526093749128,40.439998626708984,1.6650776123582791,0.089
231,MXF,2.0,1.0,R,HIGH,gyrA,90.0,gyrA_A90V,R,0.5555555555555556,A,A90V,51.400000000000006,2.4000000000000004,-0.8600000000000001,28.0,-0.040000000000000036,H,AlphaHelix,-61.829999999999984,-59.75999999999999,47.0,2.0,0.0,False,False,False,False,True,False,55.555815915240146,-64.0,82.0,14.434102224020556,5.4833322787917345,10.609526093749128,40.439998626708984,1.6650776123582791,0.089
232,MXF,2.0,1.0,R,HIGH,gyrA,94.0,gyrA_D94G,R,0.8189233278955954,A,D94G,-50.99999999999999,3.1,-1.2700000000000002,-58.0,3.1999999999999997,H,AlphaHelix,-58.04000000000002,-41.610000000000014,97.4,1.0,1.0,False,False,False,False,True,False,88.1550888450658,63.0,80.0,18.4946885503575,7.838828370247936,14.503317804823576,46.65999984741211,1.7333416145382428,-0.873
233,MXF,1.0,0.0,S,MEDIUM,gyrA,90.0,gyrA_A90V,R,0.5555555555555556,A,A90V,51.400000000000006,2.4000000000000004,-0.8600000000000001,28.0,-0.040000000000000036,H,AlphaHelix,-61.829999999999984,-59.75999999999999,47.0,2.0,0.0,False,False,False,False,True,False,55.555815915240146,-64.0,82.0,14.434102224020556,5.4833322787917345,10.609526093749128,40.439998626708984,1.6650776123582791,0.089
234,MXF,1.0,0.0,S,HIGH,gyrA,94.0,gyrA_D94G,R,0.8189233278955954,A,D94G,-50.99999999999999,3.1,-1.2700000000000002,-58.0,3.1999999999999997,H,AlphaHelix,-58.04000000000002,-41.610000000000014,97.4,1.0,1.0,False,False,False,False,True,False,88.1550888450658,63.0,80.0,18.4946885503575,7.838828370247936,14.503317804823576,46.65999984741211,1.7333416145382428,-0.873
235,MXF,>4,3.0,R,HIGH,gyrA,94.0,gyrA_D94G,R,0.8189233278955954,A,D94G,-50.99999999999999,3.1,-1.2700000000000002,-58.0,3.1999999999999997,H,AlphaHelix,-58.04000000000002,-41.610000000000014,97.4,1.0,1.0,False,False,False,False,True,False,88.1550888450658,63.0,80.0,18.4946885503575,7.838828370247936,14.503317804823576,46.65999984741211,1.7333416145382428,-0.873
236,MXF,>4,3.0,R,HIGH,gyrA,94.0,gyrA_D94G,R,0.8189233278955954,A,D94G,-50.99999999999999,3.1,-1.2700000000000002,-58.0,3.1999999999999997,H,AlphaHelix,-58.04000000000002,-41.610000000000014,97.4,1.0,1.0,False,False,False,False,True,False,88.1550888450658,63.0,80.0,18.4946885503575,7.838828370247936,14.503317804823576,46.65999984741211,1.7333416145382428,-0.873
237,MXF,0.12,-3.06,S,HIGH,gyrA,205.0,gyrA_L205V,S,1.0,A,L205V,-26.69999999999999,0.40000000000000036,0.15999999999999992,-14.099999999999994,-0.020000000000000462,H,AlphaHelix,-71.44,-45.70999999999998,6.6,0.0,2.0,False,False,False,False,True,False,5.724711931593553,-58.0,78.0,44.321219698028465,43.30039647370029,48.49135200733131,61.79999923706055,2.223224331610429,-2.379
238,MXF,4.0,2.0,R,HIGH,gyrA,94.0,gyrA_D94N,R,0.8235294117647058,A,D94N,3.0,0.0,-1.9800000000000002,-1.0,2.64,H,AlphaHelix,-58.04000000000002,-41.610000000000014,97.4,1.0,1.0,False,False,False,False,True,False,88.1550888450658,56.0,75.0,18.4946885503575,7.838828370247936,14.503317804823576,46.65999984741211,1.7333416145382428,-0.347
239,MXF,2.0,1.0,R,MEDIUM,gyrA,90.0,gyrA_A90V,R,0.5555555555555556,A,A90V,51.400000000000006,2.4000000000000004,-0.8600000000000001,28.0,-0.040000000000000036,H,AlphaHelix,-61.829999999999984,-59.75999999999999,47.0,2.0,0.0,False,False,False,False,True,False,55.555815915240146,-64.0,82.0,14.434102224020556,5.4833322787917345,10.609526093749128,40.439998626708984,1.6650776123582791,0.089
240,MXF,0.5,-1.0,S,HIGH,gyrA,236.0,gyrA_G236V,S,1.0,A,G236V,79.9,4.6000000000000005,-1.67,42.0,-0.009999999999999787,C,Coil,92.83,175.24,12.0,0.0,1.0,False,True,False,False,False,False,9.42431998248234,71.0,85.0,45.92003767914014,38.05230400778327,42.28735513679223,65.19000244140625,1.728989378748296,-2.197
241,MXF,2.0,1.0,R,MEDIUM,gyrA,94.0,gyrA_D94G,R,0.8189233278955954,A,D94G,-50.99999999999999,3.1,-1.2700000000000002,-58.0,3.1999999999999997,H,AlphaHelix,-58.04000000000002,-41.610000000000014,97.4,1.0,1.0,False,False,False,False,True,False,88.1550888450658,63.0,80.0,18.4946885503575,7.838828370247936,14.503317804823576,46.65999984741211,1.7333416145382428,-0.873
242,MXF,1.0,0.0,S,HIGH,gyrA,90.0,gyrA_A90V,R,0.5555555555555556,A,A90V,51.400000000000006,2.4000000000000004,-0.8600000000000001,28.0,-0.040000000000000036,H,AlphaHelix,-61.829999999999984,-59.75999999999999,47.0,2.0,0.0,False,False,False,False,True,False,55.555815915240146,-64.0,82.0,14.434102224020556,5.4833322787917345,10.609526093749128,40.439998626708984,1.6650776123582791,0.089
243,MXF,1.0,0.0,S,MEDIUM,gyrB,500.0,gyrB_T500N,S,0.8,B,T500N,-2.0,-2.8,0.32,13.0,-0.1899999999999995,H,AlphaHelix,-57.870000000000005,-37.74000000000001,88.7,1.0,0.0,False,False,False,False,True,False,91.70815715162803,-69.0,82.0,20.980381818326222,18.43322881312501,12.209729764108214,63.970001220703125,1.5446886429143032,0.026
244,MXF,0.25,-2.0,S,HIGH,gyrA,94.0,gyrA_D94G,R,0.8189233278955954,A,D94G,-50.99999999999999,3.1,-1.2700000000000002,-58.0,3.1999999999999997,H,AlphaHelix,-58.04000000000002,-41.610000000000014,97.4,1.0,1.0,False,False,False,False,True,False,88.1550888450658,63.0,80.0,18.4946885503575,7.838828370247936,14.503317804823576,46.65999984741211,1.7333416145382428,-0.873
245,MXF,>4,3.0,R,HIGH,gyrA,94.0,gyrA_D94G,R,0.8189233278955954,A,D94G,-50.99999999999999,3.1,-1.2700000000000002,-58.0,3.1999999999999997,H,AlphaHelix,-58.04000000000002,-41.610000000000014,97.4,1.0,1.0,False,False,False,False,True,False,88.1550888450658,63.0,80.0,18.4946885503575,7.838828370247936,14.503317804823576,46.65999984741211,1.7333416145382428,-0.873
246,MXF,2.0,1.0,R,MEDIUM,gyrA,91.0,gyrA_S91P,R,0.676923076923077,A,S91P,23.700000000000003,-0.8,-0.64,10.0,0.6200000000000001,H,AlphaHelix,-67.14999999999998,-27.149999999999977,64.8,1.0,0.0,False,False,False,False,True,False,65.22815545163408,63.0,80.0,13.712390715773491,5.3811257108513875,11.010229056369285,47.63999938964844,1.5284537092505912,-0.125
247,MXF,0.5,-1.0,S,HIGH,gyrA,252.0,gyrA_R252G,S,1.0,A,R252G,-113.30000000000001,4.1,0.1399999999999999,-99.1,-4.79,E,Strand,-79.32999999999998,120.91,123.9,1.0,0.0,False,False,True,False,False,False,117.78942249915038,25.0,63.0,40.090283011967834,31.538535716762993,35.523880925970246,61.540000915527344,1.7694428377579756,-1.407
248,MXF,,,,HIGH,gyrA,94.0,gyrA_D94G,R,0.8189233278955954,A,D94G,-50.99999999999999,3.1,-1.2700000000000002,-58.0,3.1999999999999997,H,AlphaHelix,-58.04000000000002,-41.610000000000014,97.4,1.0,1.0,False,False,False,False,True,False,88.1550888450658,63.0,80.0,18.4946885503575,7.838828370247936,14.503317804823576,46.65999984741211,1.7333416145382428,-0.873
249,MXF,4.0,2.0,R,HIGH,gyrA,94.0,gyrA_D94Y,R,0.847457627118644,A,D94Y,82.5,2.2,-2.18,48.099999999999994,2.89,H,AlphaHelix,-58.04000000000002,-41.610000000000014,97.4,1.0,1.0,False,False,False,False,True,False,88.1550888450658,81.0,91.0,18.4946885503575,7.838828370247936,14.503317804823576,46.65999984741211,1.7333416145382428,-0.376
250,MXF,1.0,0.0,S,HIGH,gyrA,94.0,gyrA_D94G,R,0.8189233278955954,A,D94G,-50.99999999999999,3.1,-1.2700000000000002,-58.0,3.1999999999999997,H,AlphaHelix,-58.04000000000002,-41.610000000000014,97.4,1.0,1.0,False,False,False,False,True,False,88.1550888450658,63.0,80.0,18.4946885503575,7.838828370247936,14.503317804823576,46.65999984741211,1.7333416145382428,-0.873
251,MXF,>4,3.0,R,HIGH,gyrA,94.0,gyrA_D94G,R,0.8189233278955954,A,D94G,-50.99999999999999,3.1,-1.2700000000000002,-58.0,3.1999999999999997,H,AlphaHelix,-58.04000000000002,-41.610000000000014,97.4,1.0,1.0,False,False,False,False,True,False,88.1550888450658,63.0,80.0,18.4946885503575,7.838828370247936,14.503317804823576,46.65999984741211,1.7333416145382428,-0.873
252,MXF,4.0,2.0,R,MEDIUM,gyrA,94.0,gyrA_D94G,R,0.8189233278955954,A,D94G,-50.99999999999999,3.1,-1.2700000000000002,-58.0,3.1999999999999997,H,AlphaHelix,-58.04000000000002,-41.610000000000014,97.4,1.0,1.0,False,False,False,False,True,False,88.1550888450658,63.0,80.0,18.4946885503575,7.838828370247936,14.503317804823576,46.65999984741211,1.7333416145382428,-0.873
253,MXF,2.0,1.0,R,MEDIUM,gyrA,90.0,gyrA_A90V,R,0.5555555555555556,A,A90V,51.400000000000006,2.4000000000000004,-0.8600000000000001,28.0,-0.040000000000000036,H,AlphaHelix,-61.829999999999984,-59.75999999999999,47.0,2.0,0.0,False,False,False,False,True,False,55.555815915240146,-64.0,82.0,14.434102224020556,5.4833322787917345,10.609526093749128,40.439998626708984,1.6650776123582791,0.089
254,MXF,1.0,0.0,S,HIGH,gyrA,94.0,gyrA_D94H,R,0.75,A,D94H,42.099999999999994,0.2999999999999998,-1.04,22.099999999999994,4.82,H,AlphaHelix,-58.04000000000002,-41.610000000000014,97.4,1.0,1.0,False,False,False,False,True,False,88.1550888450658,79.0,85.0,18.4946885503575,7.838828370247936,14.503317804823576,46.65999984741211,1.7333416145382428,-0.36
255,MXF,>4,3.0,R,HIGH,gyrA,94.0,gyrA_D94N,R,0.8235294117647058,A,D94N,3.0,0.0,-1.9800000000000002,-1.0,2.64,H,AlphaHelix,-58.04000000000002,-41.610000000000014,97.4,1.0,1.0,False,False,False,False,True,False,88.1550888450658,56.0,75.0,18.4946885503575,7.838828370247936,14.503317804823576,46.65999984741211,1.7333416145382428,-0.347
256,MXF,4.0,2.0,R,MEDIUM,gyrA,94.0,gyrA_D94Y,R,0.847457627118644,A,D94Y,82.5,2.2,-2.18,48.099999999999994,2.89,H,AlphaHelix,-58.04000000000002,-41.610000000000014,97.4,1.0,1.0,False,False,False,False,True,False,88.1550888450658,81.0,91.0,18.4946885503575,7.838828370247936,14.503317804823576,46.65999984741211,1.7333416145382428,-0.376
257,MXF,>4,3.0,R,HIGH,gyrA,88.0,gyrA_G88C,R,0.9090909090909091,A,G88C,48.4,2.9,-0.9199999999999999,46.10000000000001,-0.8999999999999995,C,Coil,-77.02999999999997,152.43,8.6,0.0,0.0,False,True,False,False,False,False,9.936179450376525,50.0,75.0,9.426612506997063,8.72870415742702,11.188927476312779,57.560001373291016,1.9098223702260209,-0.725
258,MXF,2.0,1.0,R,HIGH,gyrA,91.0,gyrA_S91P,R,0.676923076923077,A,S91P,23.700000000000003,-0.8,-0.64,10.0,0.6200000000000001,H,AlphaHelix,-67.14999999999998,-27.149999999999977,64.8,1.0,0.0,False,False,False,False,True,False,65.22815545163408,63.0,80.0,13.712390715773491,5.3811257108513875,11.010229056369285,47.63999938964844,1.5284537092505912,-0.125
259,MXF,4.0,2.0,R,MEDIUM,gyrA,94.0,gyrA_D94G,R,0.8189233278955954,A,D94G,-50.99999999999999,3.1,-1.2700000000000002,-58.0,3.1999999999999997,H,AlphaHelix,-58.04000000000002,-41.610000000000014,97.4,1.0,1.0,False,False,False,False,True,False,88.1550888450658,63.0,80.0,18.4946885503575,7.838828370247936,14.503317804823576,46.65999984741211,1.7333416145382428,-0.873
260,MXF,4.0,2.0,R,MEDIUM,gyrA,94.0,gyrA_D94G,R,0.8189233278955954,A,D94G,-50.99999999999999,3.1,-1.2700000000000002,-58.0,3.1999999999999997,H,AlphaHelix,-58.04000000000002,-41.610000000000014,97.4,1.0,1.0,False,False,False,False,True,False,88.1550888450658,63.0,80.0,18.4946885503575,7.838828370247936,14.503317804823576,46.65999984741211,1.7333416145382428,-0.873
261,MXF,2.0,1.0,R,MEDIUM,gyrA,94.0,gyrA_D94G,R,0.8189233278955954,A,D94G,-50.99999999999999,3.1,-1.2700000000000002,-58.0,3.1999999999999997,H,AlphaHelix,-58.04000000000002,-41.610000000000014,97.4,1.0,1.0,False,False,False,False,True,False,88.1550888450658,63.0,80.0,18.4946885503575,7.838828370247936,14.503317804823576,46.65999984741211,1.7333416145382428,-0.873
262,MXF,1.0,0.0,S,HIGH,gyrA,90.0,gyrA_A90V,R,0.5555555555555556,A,A90V,51.400000000000006,2.4000000000000004,-0.8600000000000001,28.0,-0.040000000000000036,H,AlphaHelix,-61.829999999999984,-59.75999999999999,47.0,2.0,0.0,False,False,False,False,True,False,55.555815915240146,-64.0,82.0,14.434102224020556,5.4833322787917345,10.609526093749128,40.439998626708984,1.6650776123582791,0.089
263,MXF,0.5,-1.0,S,HIGH,gyrA,90.0,gyrA_A90V,R,0.5555555555555556,A,A90V,51.400000000000006,2.4000000000000004,-0.8600000000000001,28.0,-0.040000000000000036,H,AlphaHelix,-61.829999999999984,-59.75999999999999,47.0,2.0,0.0,False,False,False,False,True,False,55.555815915240146,-64.0,82.0,14.434102224020556,5.4833322787917345,10.609526093749128,40.439998626708984,1.6650776123582791,0.089
264,MXF,>4,3.0,R,HIGH,gyrA,90.0,gyrA_A90V,R,0.5555555555555556,A,A90V,51.400000000000006,2.4000000000000004,-0.8600000000000001,28.0,-0.040000000000000036,H,AlphaHelix,-61.829999999999984,-59.75999999999999,47.0,2.0,0.0,False,False,False,False,True,False,55.555815915240146,-64.0,82.0,14.434102224020556,5.4833322787917345,10.609526093749128,40.439998626708984,1.6650776123582791,0.089
265,MXF,<=0.06,-4.06,S,HIGH,gyrB,508.0,gyrB_A508V,S,1.0,B,A508V,51.400000000000006,2.4000000000000004,-0.8600000000000001,28.0,-0.040000000000000036,H,AlphaHelix,-70.34000000000003,-39.19,0.0,0.0,2.0,False,False,False,False,True,False,0.0,75.0,85.0,24.042584191251493,27.812470125084396,21.112484962008903,65.5199966430664,4.40824307999007,-1.502
266,MXF,2.0,1.0,R,HIGH,gyrA,91.0,gyrA_S91P,R,0.676923076923077,A,S91P,23.700000000000003,-0.8,-0.64,10.0,0.6200000000000001,H,AlphaHelix,-67.14999999999998,-27.149999999999977,64.8,1.0,0.0,False,False,False,False,True,False,65.22815545163408,63.0,80.0,13.712390715773491,5.3811257108513875,11.010229056369285,47.63999938964844,1.5284537092505912,-0.125
267,MXF,2.0,1.0,R,HIGH,gyrA,94.0,gyrA_D94N,R,0.8235294117647058,A,D94N,3.0,0.0,-1.9800000000000002,-1.0,2.64,H,AlphaHelix,-58.04000000000002,-41.610000000000014,97.4,1.0,1.0,False,False,False,False,True,False,88.1550888450658,56.0,75.0,18.4946885503575,7.838828370247936,14.503317804823576,46.65999984741211,1.7333416145382428,-0.347
268,MXF,4.0,2.0,R,HIGH,gyrA,90.0,gyrA_A90V,R,0.5555555555555556,A,A90V,51.400000000000006,2.4000000000000004,-0.8600000000000001,28.0,-0.040000000000000036,H,AlphaHelix,-61.829999999999984,-59.75999999999999,47.0,2.0,0.0,False,False,False,False,True,False,55.555815915240146,-64.0,82.0,14.434102224020556,5.4833322787917345,10.609526093749128,40.439998626708984,1.6650776123582791,0.089
269,MXF,2.0,1.0,R,MEDIUM,gyrA,90.0,gyrA_A90V,R,0.5555555555555556,A,A90V,51.400000000000006,2.4000000000000004,-0.8600000000000001,28.0,-0.040000000000000036,H,AlphaHelix,-61.829999999999984,-59.75999999999999,47.0,2.0,0.0,False,False,False,False,True,False,55.555815915240146,-64.0,82.0,14.434102224020556,5.4833322787917345,10.609526093749128,40.439998626708984,1.6650776123582791,0.089
270,MXF,0.12,-3.06,S,HIGH,gyrA,91.0,gyrA_S91P,R,0.676923076923077,A,S91P,23.700000000000003,-0.8,-0.64,10.0,0.6200000000000001,H,AlphaHelix,-67.14999999999998,-27.149999999999977,64.8,1.0,0.0,False,False,False,False,True,False,65.22815545163408,63.0,80.0,13.712390715773491,5.3811257108513875,11.010229056369285,47.63999938964844,1.5284537092505912,-0.125
271,MXF,4.0,2.0,R,HIGH,gyrA,94.0,gyrA_D94G,R,0.8189233278955954,A,D94G,-50.99999999999999,3.1,-1.2700000000000002,-58.0,3.1999999999999997,H,AlphaHelix,-58.04000000000002,-41.610000000000014,97.4,1.0,1.0,False,False,False,False,True,False,88.1550888450658,63.0,80.0,18.4946885503575,7.838828370247936,14.503317804823576,46.65999984741211,1.7333416145382428,-0.873
272,MXF,2.0,1.0,R,MEDIUM,gyrA,94.0,gyrA_D94H,R,0.75,A,D94H,42.099999999999994,0.2999999999999998,-1.04,22.099999999999994,4.82,H,AlphaHelix,-58.04000000000002,-41.610000000000014,97.4,1.0,1.0,False,False,False,False,True,False,88.1550888450658,79.0,85.0,18.4946885503575,7.838828370247936,14.503317804823576,46.65999984741211,1.7333416145382428,-0.36
273,MXF,0.12,-3.06,S,MEDIUM,gyrB,447.0,gyrB_S447F,S,0.6,B,S447F,100.9,3.5999999999999996,-0.9099999999999999,60.099999999999994,-0.1999999999999993,C,Coil,-66.01999999999998,127.78,10.3,0.0,1.0,False,True,False,False,False,False,7.650214361327759,35.0,66.0,30.854032276322915,38.15801550808711,31.835544590921046,76.79000091552734,2.2854008237144825,-0.561
274,MXF,2.0,1.0,R,MEDIUM,gyrA,94.0,gyrA_D94Y,R,0.847457627118644,A,D94Y,82.5,2.2,-2.18,48.099999999999994,2.89,H,AlphaHelix,-58.04000000000002,-41.610000000000014,97.4,1.0,1.0,False,False,False,False,True,False,88.1550888450658,81.0,91.0,18.4946885503575,7.838828370247936,14.503317804823576,46.65999984741211,1.7333416145382428,-0.376
275,MXF,>4,3.0,R,HIGH,gyrA,94.0,gyrA_D94Y,R,0.847457627118644,A,D94Y,82.5,2.2,-2.18,48.099999999999994,2.89,H,AlphaHelix,-58.04000000000002,-41.610000000000014,97.4,1.0,1.0,False,False,False,False,True,False,88.1550888450658,81.0,91.0,18.4946885503575,7.838828370247936,14.503317804823576,46.65999984741211,1.7333416145382428,-0.376
276,MXF,0.5,-1.0,S,MEDIUM,gyrA,94.0,gyrA_D94G,R,0.8189233278955954,A,D94G,-50.99999999999999,3.1,-1.2700000000000002,-58.0,3.1999999999999997,H,AlphaHelix,-58.04000000000002,-41.610000000000014,97.4,1.0,1.0,False,False,False,False,True,False,88.1550888450658,63.0,80.0,18.4946885503575,7.838828370247936,14.503317804823576,46.65999984741211,1.7333416145382428,-0.873
277,MXF,0.25,-2.0,S,HIGH,gyrB,446.0,gyrB_R446C,S,0.9,B,R446C,-64.9,7.0,-0.78,-52.999999999999986,-5.6899999999999995,C,Coil,-102.64999999999998,-28.920000000000016,47.7,0.0,2.0,False,True,False,False,False,False,48.145590821945774,28.0,63.0,29.51837897988494,35.92512580140432,29.680615443555677,77.33999633789062,1.8834134115420547,-0.926
278,MXF,>4,3.0,R,HIGH,gyrA,94.0,gyrA_D94G,R,0.8189233278955954,A,D94G,-50.99999999999999,3.1,-1.2700000000000002,-58.0,3.1999999999999997,H,AlphaHelix,-58.04000000000002,-41.610000000000014,97.4,1.0,1.0,False,False,False,False,True,False,88.1550888450658,63.0,80.0,18.4946885503575,7.838828370247936,14.503317804823576,46.65999984741211,1.7333416145382428,-0.873
279,MXF,1.0,0.0,S,HIGH,gyrA,94.0,gyrA_D94N,R,0.8235294117647058,A,D94N,3.0,0.0,-1.9800000000000002,-1.0,2.64,H,AlphaHelix,-58.04000000000002,-41.610000000000014,97.4,1.0,1.0,False,False,False,False,True,False,88.1550888450658,56.0,75.0,18.4946885503575,7.838828370247936,14.503317804823576,46.65999984741211,1.7333416145382428,-0.347
280,MXF,>4,3.0,R,MEDIUM,gyrA,94.0,gyrA_D94G,R,0.8189233278955954,A,D94G,-50.99999999999999,3.1,-1.2700000000000002,-58.0,3.1999999999999997,H,AlphaHelix,-58.04000000000002,-41.610000000000014,97.4,1.0,1.0,False,False,False,False,True,False,88.1550888450658,63.0,80.0,18.4946885503575,7.838828370247936,14.503317804823576,46.65999984741211,1.7333416145382428,-0.873
281,MXF,2.0,1.0,R,HIGH,gyrA,94.0,gyrA_D94G,R,0.8189233278955954,A,D94G,-50.99999999999999,3.1,-1.2700000000000002,-58.0,3.1999999999999997,H,AlphaHelix,-58.04000000000002,-41.610000000000014,97.4,1.0,1.0,False,False,False,False,True,False,88.1550888450658,63.0,80.0,18.4946885503575,7.838828370247936,14.503317804823576,46.65999984741211,1.7333416145382428,-0.873
282,MXF,>4,3.0,R,HIGH,gyrA,94.0,gyrA_D94G,R,0.8189233278955954,A,D94G,-50.99999999999999,3.1,-1.2700000000000002,-58.0,3.1999999999999997,H,AlphaHelix,-58.04000000000002,-41.610000000000014,97.4,1.0,1.0,False,False,False,False,True,False,88.1550888450658,63.0,80.0,18.4946885503575,7.838828370247936,14.503317804823576,46.65999984741211,1.7333416145382428,-0.873
283,MXF,>4,3.0,R,HIGH,gyrA,90.0,gyrA_A90V,R,0.5555555555555556,A,A90V,51.400000000000006,2.4000000000000004,-0.8600000000000001,28.0,-0.040000000000000036,H,AlphaHelix,-61.829999999999984,-59.75999999999999,47.0,2.0,0.0,False,False,False,False,True,False,55.555815915240146,-64.0,82.0,14.434102224020556,5.4833322787917345,10.609526093749128,40.439998626708984,1.6650776123582791,0.089
284,MXF,4.0,2.0,R,HIGH,gyrA,90.0,gyrA_A90V,R,0.5555555555555556,A,A90V,51.400000000000006,2.4000000000000004,-0.8600000000000001,28.0,-0.040000000000000036,H,AlphaHelix,-61.829999999999984,-59.75999999999999,47.0,2.0,0.0,False,False,False,False,True,False,55.555815915240146,-64.0,82.0,14.434102224020556,5.4833322787917345,10.609526093749128,40.439998626708984,1.6650776123582791,0.089
285,MXF,>4,3.0,R,HIGH,gyrA,94.0,gyrA_D94G,R,0.8189233278955954,A,D94G,-50.99999999999999,3.1,-1.2700000000000002,-58.0,3.1999999999999997,H,AlphaHelix,-58.04000000000002,-41.610000000000014,97.4,1.0,1.0,False,False,False,False,True,False,88.1550888450658,63.0,80.0,18.4946885503575,7.838828370247936,14.503317804823576,46.65999984741211,1.7333416145382428,-0.873
286,MXF,0.5,-1.0,S,HIGH,gyrA,90.0,gyrA_A90V,R,0.5555555555555556,A,A90V,51.400000000000006,2.4000000000000004,-0.8600000000000001,28.0,-0.040000000000000036,H,AlphaHelix,-61.829999999999984,-59.75999999999999,47.0,2.0,0.0,False,False,False,False,True,False,55.555815915240146,-64.0,82.0,14.434102224020556,5.4833322787917345,10.609526093749128,40.439998626708984,1.6650776123582791,0.089
287,MXF,>4,3.0,R,HIGH,gyrA,94.0,gyrA_D94G,R,0.8189233278955954,A,D94G,-50.99999999999999,3.1,-1.2700000000000002,-58.0,3.1999999999999997,H,AlphaHelix,-58.04000000000002,-41.610000000000014,97.4,1.0,1.0,False,False,False,False,True,False,88.1550888450658,63.0,80.0,18.4946885503575,7.838828370247936,14.503317804823576,46.65999984741211,1.7333416145382428,-0.873
288,MXF,>4,3.0,R,HIGH,gyrA,94.0,gyrA_D94G,R,0.8189233278955954,A,D94G,-50.99999999999999,3.1,-1.2700000000000002,-58.0,3.1999999999999997,H,AlphaHelix,-58.04000000000002,-41.610000000000014,97.4,1.0,1.0,False,False,False,False,True,False,88.1550888450658,63.0,80.0,18.4946885503575,7.838828370247936,14.503317804823576,46.65999984741211,1.7333416145382428,-0.873
289,MXF,0.12,-3.06,S,HIGH,gyrA,94.0,gyrA_D94N,R,0.8235294117647058,A,D94N,3.0,0.0,-1.9800000000000002,-1.0,2.64,H,AlphaHelix,-58.04000000000002,-41.610000000000014,97.4,1.0,1.0,False,False,False,False,True,False,88.1550888450658,56.0,75.0,18.4946885503575,7.838828370247936,14.503317804823576,46.65999984741211,1.7333416145382428,-0.347
290,MXF,4.0,2.0,R,MEDIUM,gyrA,94.0,gyrA_D94G,R,0.8189233278955954,A,D94G,-50.99999999999999,3.1,-1.2700000000000002,-58.0,3.1999999999999997,H,AlphaHelix,-58.04000000000002,-41.610000000000014,97.4,1.0,1.0,False,False,False,False,True,False,88.1550888450658,63.0,80.0,18.4946885503575,7.838828370247936,14.503317804823576,46.65999984741211,1.7333416145382428,-0.873
291,MXF,0.12,-3.06,S,HIGH,gyrA,401.0,gyrA_L401V,S,1.0,A,L401V,-26.69999999999999,0.40000000000000036,0.15999999999999992,-14.099999999999994,-0.020000000000000462,H,AlphaHelix,-61.56,-42.639999999999986,13.1,1.0,1.0,False,False,False,False,True,False,11.826331860547526,-48.0,72.0,64.46953288639241,68.27552173716077,72.75566524424319,110.76000213623047,2.5649652850626627,-1.489
292,MXF,>4,3.0,R,HIGH,gyrA,94.0,gyrA_D94N,R,0.8235294117647058,A,D94N,3.0,0.0,-1.9800000000000002,-1.0,2.64,H,AlphaHelix,-58.04000000000002,-41.610000000000014,97.4,1.0,1.0,False,False,False,False,True,False,88.1550888450658,56.0,75.0,18.4946885503575,7.838828370247936,14.503317804823576,46.65999984741211,1.7333416145382428,-0.347
293,MXF,4.0,2.0,R,HIGH,gyrA,94.0,gyrA_D94G,R,0.8189233278955954,A,D94G,-50.99999999999999,3.1,-1.2700000000000002,-58.0,3.1999999999999997,H,AlphaHelix,-58.04000000000002,-41.610000000000014,97.4,1.0,1.0,False,False,False,False,True,False,88.1550888450658,63.0,80.0,18.4946885503575,7.838828370247936,14.503317804823576,46.65999984741211,1.7333416145382428,-0.873
294,MXF,1.0,0.0,S,HIGH,gyrA,90.0,gyrA_A90V,R,0.5555555555555556,A,A90V,51.400000000000006,2.4000000000000004,-0.8600000000000001,28.0,-0.040000000000000036,H,AlphaHelix,-61.829999999999984,-59.75999999999999,47.0,2.0,0.0,False,False,False,False,True,False,55.555815915240146,-64.0,82.0,14.434102224020556,5.4833322787917345,10.609526093749128,40.439998626708984,1.6650776123582791,0.089
295,MXF,0.12,-3.06,S,HIGH,gyrA,322.0,gyrA_A322S,S,1.0,A,A322S,0.4000000000000057,-2.6,0.0,16.0,-0.3200000000000003,T,Turn,-136.04,139.32,24.4,0.0,1.0,False,False,False,False,False,True,25.50589572549015,-84.0,93.0,58.08232473106529,45.29274470742526,48.22396511198643,91.58000183105469,1.675020300704687,-1.187
296,MXF,>4,3.0,R,MEDIUM,gyrA,94.0,gyrA_D94N,R,0.8235294117647058,A,D94N,3.0,0.0,-1.9800000000000002,-1.0,2.64,H,AlphaHelix,-58.04000000000002,-41.610000000000014,97.4,1.0,1.0,False,False,False,False,True,False,88.1550888450658,56.0,75.0,18.4946885503575,7.838828370247936,14.503317804823576,46.65999984741211,1.7333416145382428,-0.347
297,MXF,0.5,-1.0,S,MEDIUM,gyrA,90.0,gyrA_A90V,R,0.5555555555555556,A,A90V,51.400000000000006,2.4000000000000004,-0.8600000000000001,28.0,-0.040000000000000036,H,AlphaHelix,-61.829999999999984,-59.75999999999999,47.0,2.0,0.0,False,False,False,False,True,False,55.555815915240146,-64.0,82.0,14.434102224020556,5.4833322787917345,10.609526093749128,40.439998626708984,1.6650776123582791,0.089
298,MXF,0.5,-1.0,S,MEDIUM,gyrA,472.0,gyrA_P472S,S,0.9285714285714286,A,P472S,-23.700000000000003,0.8,0.64,-10.0,-0.6200000000000001,H,AlphaHelix,-59.70999999999998,-28.170000000000016,71.0,1.0,0.0,False,False,False,False,True,False,78.73791501370572,-68.0,82.0,46.44317945930904,48.133935316451236,53.0020285473169,69.8499984741211,1.6707895195538032,-1.116
299,MXF,1.0,0.0,S,HIGH,gyrA,90.0,gyrA_A90V,R,0.5555555555555556,A,A90V,51.400000000000006,2.4000000000000004,-0.8600000000000001,28.0,-0.040000000000000036,H,AlphaHelix,-61.829999999999984,-59.75999999999999,47.0,2.0,0.0,False,False,False,False,True,False,55.555815915240146,-64.0,82.0,14.434102224020556,5.4833322787917345,10.609526093749128,40.439998626708984,1.6650776123582791,0.089
300,MXF,4.0,2.0,R,HIGH,gyrA,94.0,gyrA_D94H,R,0.75,A,D94H,42.099999999999994,0.2999999999999998,-1.04,22.099999999999994,4.82,H,AlphaHelix,-58.04000000000002,-41.610000000000014,97.4,1.0,1.0,False,False,False,False,True,False,88.1550888450658,79.0,85.0,18.4946885503575,7.838828370247936,14.503317804823576,46.65999984741211,1.7333416145382428,-0.36
301,MXF,1.0,0.0,S,HIGH,gyrA,94.0,gyrA_D94A,R,0.5232558139534884,A,D94A,-22.5,5.3,-2.08,-44.0,3.23,H,AlphaHelix,-58.04000000000002,-41.610000000000014,97.4,1.0,1.0,False,False,False,False,True,False,88.1550888450658,46.0,71.0,18.4946885503575,7.838828370247936,14.503317804823576,46.65999984741211,1.7333416145382428,-0.421
302,MXF,2.0,1.0,R,HIGH,gyrA,91.0,gyrA_S91P,R,0.676923076923077,A,S91P,23.700000000000003,-0.8,-0.64,10.0,0.6200000000000001,H,AlphaHelix,-67.14999999999998,-27.149999999999977,64.8,1.0,0.0,False,False,False,False,True,False,65.22815545163408,63.0,80.0,13.712390715773491,5.3811257108513875,11.010229056369285,47.63999938964844,1.5284537092505912,-0.125
303,MXF,>4,3.0,R,HIGH,gyrA,94.0,gyrA_D94A,R,0.5232558139534884,A,D94A,-22.5,5.3,-2.08,-44.0,3.23,H,AlphaHelix,-58.04000000000002,-41.610000000000014,97.4,1.0,1.0,False,False,False,False,True,False,88.1550888450658,46.0,71.0,18.4946885503575,7.838828370247936,14.503317804823576,46.65999984741211,1.7333416145382428,-0.421
304,MXF,0.5,-1.0,S,MEDIUM,gyrA,94.0,gyrA_D94G,R,0.8189233278955954,A,D94G,-50.99999999999999,3.1,-1.2700000000000002,-58.0,3.1999999999999997,H,AlphaHelix,-58.04000000000002,-41.610000000000014,97.4,1.0,1.0,False,False,False,False,True,False,88.1550888450658,63.0,80.0,18.4946885503575,7.838828370247936,14.503317804823576,46.65999984741211,1.7333416145382428,-0.873
305,MXF,4.0,2.0,R,HIGH,gyrB,501.0,gyrB_E501D,R,0.7857142857142857,B,E501D,-27.30000000000001,0.0,0.8,-14.0,-0.4500000000000002,H,AlphaHelix,-71.87,-38.54000000000002,13.6,2.0,0.0,False,False,False,False,True,False,15.369778026626971,78.0,85.0,18.005379610370586,18.103477446299912,11.656371379938307,63.0099983215332,2.23399611625198,-2.507
306,MXF,<=0.06,-4.06,S,HIGH,gyrA,317.0,gyrA_E317G,S,1.0,A,E317G,-78.30000000000001,3.1,-0.4700000000000002,-72.0,2.7499999999999996,E,Strand,-72.92000000000002,126.97,36.7,2.0,1.0,False,False,True,False,False,False,34.618169071089426,-11.0,57.0,52.69788934620018,38.7904014653169,42.33178650197613,83.0199966430664,2.0955377099632146,-2.756
307,MXF,0.5,-1.0,S,HIGH,gyrA,319.0,gyrA_K319N,S,1.0,A,K319N,-54.5,0.3999999999999999,-1.3800000000000001,-14.099999999999994,-4.33,T,Turn,-65.74000000000001,160.42,94.3,1.0,1.0,False,False,False,False,False,True,95.1545785165288,35.0,66.0,57.25612581269454,43.761195790950765,46.6633323424031,94.86000061035156,1.7456780647078958,-0.833
308,MXF,4.0,2.0,R,MEDIUM,gyrA,90.0,gyrA_A90V,R,0.5555555555555556,A,A90V,51.400000000000006,2.4000000000000004,-0.8600000000000001,28.0,-0.040000000000000036,H,AlphaHelix,-61.829999999999984,-59.75999999999999,47.0,2.0,0.0,False,False,False,False,True,False,55.555815915240146,-64.0,82.0,14.434102224020556,5.4833322787917345,10.609526093749128,40.439998626708984,1.6650776123582791,0.089
309,MXF,2.0,1.0,R,MEDIUM,gyrA,94.0,gyrA_D94G,R,0.8189233278955954,A,D94G,-50.99999999999999,3.1,-1.2700000000000002,-58.0,3.1999999999999997,H,AlphaHelix,-58.04000000000002,-41.610000000000014,97.4,1.0,1.0,False,False,False,False,True,False,88.1550888450658,63.0,80.0,18.4946885503575,7.838828370247936,14.503317804823576,46.65999984741211,1.7333416145382428,-0.873
310,MXF,>4,3.0,R,HIGH,gyrA,94.0,gyrA_D94G,R,0.8189233278955954,A,D94G,-50.99999999999999,3.1,-1.2700000000000002,-58.0,3.1999999999999997,H,AlphaHelix,-58.04000000000002,-41.610000000000014,97.4,1.0,1.0,False,False,False,False,True,False,88.1550888450658,63.0,80.0,18.4946885503575,7.838828370247936,14.503317804823576,46.65999984741211,1.7333416145382428,-0.873
311,MXF,4.0,2.0,R,HIGH,gyrA,94.0,gyrA_D94G,R,0.8189233278955954,A,D94G,-50.99999999999999,3.1,-1.2700000000000002,-58.0,3.1999999999999997,H,AlphaHelix,-58.04000000000002,-41.610000000000014,97.4,1.0,1.0,False,False,False,False,True,False,88.1550888450658,63.0,80.0,18.4946885503575,7.838828370247936,14.503317804823576,46.65999984741211,1.7333416145382428,-0.873
312,MXF,1.0,0.0,S,HIGH,gyrA,90.0,gyrA_A90V,R,0.5555555555555556,A,A90V,51.400000000000006,2.4000000000000004,-0.8600000000000001,28.0,-0.040000000000000036,H,AlphaHelix,-61.829999999999984,-59.75999999999999,47.0,2.0,0.0,False,False,False,False,True,False,55.555815915240146,-64.0,82.0,14.434102224020556,5.4833322787917345,10.609526093749128,40.439998626708984,1.6650776123582791,0.089
313,MXF,0.5,-1.0,S,MEDIUM,gyrA,94.0,gyrA_D94A,R,0.5232558139534884,A,D94A,-22.5,5.3,-2.08,-44.0,3.23,H,AlphaHelix,-58.04000000000002,-41.610000000000014,97.4,1.0,1.0,False,False,False,False,True,False,88.1550888450658,46.0,71.0,18.4946885503575,7.838828370247936,14.503317804823576,46.65999984741211,1.7333416145382428,-0.421
314,MXF,0.5,-1.0,S,HIGH,gyrA,91.0,gyrA_S91P,R,0.676923076923077,A,S91P,23.700000000000003,-0.8,-0.64,10.0,0.6200000000000001,H,AlphaHelix,-67.14999999999998,-27.149999999999977,64.8,1.0,0.0,False,False,False,False,True,False,65.22815545163408,63.0,80.0,13.712390715773491,5.3811257108513875,11.010229056369285,47.63999938964844,1.5284537092505912,-0.125
315,MXF,1.0,0.0,S,MEDIUM,gyrA,94.0,gyrA_D94G,R,0.8189233278955954,A,D94G,-50.99999999999999,3.1,-1.2700000000000002,-58.0,3.1999999999999997,H,AlphaHelix,-58.04000000000002,-41.610000000000014,97.4,1.0,1.0,False,False,False,False,True,False,88.1550888450658,63.0,80.0,18.4946885503575,7.838828370247936,14.503317804823576,46.65999984741211,1.7333416145382428,-0.873
316,MXF,2.0,1.0,R,HIGH,gyrA,94.0,gyrA_D94G,R,0.8189233278955954,A,D94G,-50.99999999999999,3.1,-1.2700000000000002,-58.0,3.1999999999999997,H,AlphaHelix,-58.04000000000002,-41.610000000000014,97.4,1.0,1.0,False,False,False,False,True,False,88.1550888450658,63.0,80.0,18.4946885503575,7.838828370247936,14.503317804823576,46.65999984741211,1.7333416145382428,-0.873
317,MXF,1.0,0.0,S,HIGH,gyrB,446.0,gyrB_R446C,S,0.9,B,R446C,-64.9,7.0,-0.78,-52.999999999999986,-5.6899999999999995,C,Coil,-102.64999999999998,-28.920000000000016,47.7,0.0,2.0,False,True,False,False,False,False,48.145590821945774,28.0,63.0,29.51837897988494,35.92512580140432,29.680615443555677,77.33999633789062,1.8834134115420547,-0.926
318,MXF,1.0,0.0,S,HIGH,gyrA,94.0,gyrA_D94G,R,0.8189233278955954,A,D94G,-50.99999999999999,3.1,-1.2700000000000002,-58.0,3.1999999999999997,H,AlphaHelix,-58.04000000000002,-41.610000000000014,97.4,1.0,1.0,False,False,False,False,True,False,88.1550888450658,63.0,80.0,18.4946885503575,7.838828370247936,14.503317804823576,46.65999984741211,1.7333416145382428,-0.873
319,MXF,0.5,-1.0,S,MEDIUM,gyrB,446.0,gyrB_R446C,S,0.9,B,R446C,-64.9,7.0,-0.78,-52.999999999999986,-5.6899999999999995,C,Coil,-102.64999999999998,-28.920000000000016,47.7,0.0,2.0,False,True,False,False,False,False,48.145590821945774,28.0,63.0,29.51837897988494,35.92512580140432,29.680615443555677,77.33999633789062,1.8834134115420547,-0.926
320,MXF,1.0,0.0,S,MEDIUM,gyrA,90.0,gyrA_A90V,R,0.5555555555555556,A,A90V,51.400000000000006,2.4000000000000004,-0.8600000000000001,28.0,-0.040000000000000036,H,AlphaHelix,-61.829999999999984,-59.75999999999999,47.0,2.0,0.0,False,False,False,False,True,False,55.555815915240146,-64.0,82.0,14.434102224020556,5.4833322787917345,10.609526093749128,40.439998626708984,1.6650776123582791,0.089
321,MXF,2.0,1.0,R,MEDIUM,gyrA,94.0,gyrA_D94G,R,0.8189233278955954,A,D94G,-50.99999999999999,3.1,-1.2700000000000002,-58.0,3.1999999999999997,H,AlphaHelix,-58.04000000000002,-41.610000000000014,97.4,1.0,1.0,False,False,False,False,True,False,88.1550888450658,63.0,80.0,18.4946885503575,7.838828370247936,14.503317804823576,46.65999984741211,1.7333416145382428,-0.873
322,MXF,>4,3.0,R,MEDIUM,gyrA,94.0,gyrA_D94N,R,0.8235294117647058,A,D94N,3.0,0.0,-1.9800000000000002,-1.0,2.64,H,AlphaHelix,-58.04000000000002,-41.610000000000014,97.4,1.0,1.0,False,False,False,False,True,False,88.1550888450658,56.0,75.0,18.4946885503575,7.838828370247936,14.503317804823576,46.65999984741211,1.7333416145382428,-0.347
323,MXF,0.5,-1.0,S,MEDIUM,gyrA,94.0,gyrA_D94A,R,0.5232558139534884,A,D94A,-22.5,5.3,-2.08,-44.0,3.23,H,AlphaHelix,-58.04000000000002,-41.610000000000014,97.4,1.0,1.0,False,False,False,False,True,False,88.1550888450658,46.0,71.0,18.4946885503575,7.838828370247936,14.503317804823576,46.65999984741211,1.7333416145382428,-0.421
324,MXF,<=0.06,-4.06,S,HIGH,gyrA,22.0,gyrA_Q22H,S,1.0,A,Q22H,9.399999999999977,0.2999999999999998,1.1800000000000002,9.0,1.9399999999999995,H,AlphaHelix,-60.110000000000014,-48.85000000000002,62.5,1.0,1.0,False,False,False,False,True,False,67.49987667696941,-92.0,97.0,21.761317806948387,32.755347068898686,29.791444779020672,69.0199966430664,1.6177398561763245,-0.274
325,MXF,0.5,-1.0,S,MEDIUM,gyrA,94.0,gyrA_D94A,R,0.5232558139534884,A,D94A,-22.5,5.3,-2.08,-44.0,3.23,H,AlphaHelix,-58.04000000000002,-41.610000000000014,97.4,1.0,1.0,False,False,False,False,True,False,88.1550888450658,46.0,71.0,18.4946885503575,7.838828370247936,14.503317804823576,46.65999984741211,1.7333416145382428,-0.421
326,MXF,>4,3.0,R,MEDIUM,gyrB,447.0,gyrB_S447F,S,0.6,B,S447F,100.9,3.5999999999999996,-0.9099999999999999,60.099999999999994,-0.1999999999999993,C,Coil,-66.01999999999998,127.78,10.3,0.0,1.0,False,True,False,False,False,False,7.650214361327759,35.0,66.0,30.854032276322915,38.15801550808711,31.835544590921046,76.79000091552734,2.2854008237144825,-0.561
327,MXF,1.0,0.0,S,HIGH,gyrB,447.0,gyrB_S447Y,S,0.6666666666666666,B,S447Y,104.6,-0.5,-0.1,76.1,-0.019999999999999574,C,Coil,-66.01999999999998,127.78,10.3,0.0,1.0,False,True,False,False,False,False,7.650214361327759,43.0,71.0,30.854032276322915,38.15801550808711,31.835544590921046,76.79000091552734,2.2854008237144825,-0.51
328,MXF,<=0.06,-4.06,S,HIGH,gyrA,368.0,gyrA_H368Q,S,1.0,A,H368Q,-9.399999999999977,-0.2999999999999998,-1.1800000000000002,-9.0,-1.9399999999999995,H,AlphaHelix,-63.379999999999995,-38.889999999999986,5.5,1.0,2.0,False,False,False,False,True,False,6.459046324491969,-32.0,66.0,33.04221972079281,34.427061135919395,39.08654304984172,51.2599983215332,2.4362416088347554,-1.403
329,MXF,>4,3.0,R,HIGH,gyrA,94.0,gyrA_D94N,R,0.8235294117647058,A,D94N,3.0,0.0,-1.9800000000000002,-1.0,2.64,H,AlphaHelix,-58.04000000000002,-41.610000000000014,97.4,1.0,1.0,False,False,False,False,True,False,88.1550888450658,56.0,75.0,18.4946885503575,7.838828370247936,14.503317804823576,46.65999984741211,1.7333416145382428,-0.347
330,MXF,<=0.06,-4.06,S,MEDIUM,gyrA,94.0,gyrA_D94G,R,0.8189233278955954,A,D94G,-50.99999999999999,3.1,-1.2700000000000002,-58.0,3.1999999999999997,H,AlphaHelix,-58.04000000000002,-41.610000000000014,97.4,1.0,1.0,False,False,False,False,True,False,88.1550888450658,63.0,80.0,18.4946885503575,7.838828370247936,14.503317804823576,46.65999984741211,1.7333416145382428,-0.873
331,MXF,2.0,1.0,R,HIGH,gyrA,94.0,gyrA_D94G,R,0.8189233278955954,A,D94G,-50.99999999999999,3.1,-1.2700000000000002,-58.0,3.1999999999999997,H,AlphaHelix,-58.04000000000002,-41.610000000000014,97.4,1.0,1.0,False,False,False,False,True,False,88.1550888450658,63.0,80.0,18.4946885503575,7.838828370247936,14.503317804823576,46.65999984741211,1.7333416145382428,-0.873
332,MXF,<=0.06,-4.06,S,HIGH,gyrA,94.0,gyrA_D94G,R,0.8189233278955954,A,D94G,-50.99999999999999,3.1,-1.2700000000000002,-58.0,3.1999999999999997,H,AlphaHelix,-58.04000000000002,-41.610000000000014,97.4,1.0,1.0,False,False,False,False,True,False,88.1550888450658,63.0,80.0,18.4946885503575,7.838828370247936,14.503317804823576,46.65999984741211,1.7333416145382428,-0.873
333,MXF,4.0,2.0,R,HIGH,gyrA,94.0,gyrA_D94G,R,0.8189233278955954,A,D94G,-50.99999999999999,3.1,-1.2700000000000002,-58.0,3.1999999999999997,H,AlphaHelix,-58.04000000000002,-41.610000000000014,97.4,1.0,1.0,False,False,False,False,True,False,88.1550888450658,63.0,80.0,18.4946885503575,7.838828370247936,14.503317804823576,46.65999984741211,1.7333416145382428,-0.873
334,MXF,>4,3.0,R,HIGH,gyrA,90.0,gyrA_A90V,R,0.5555555555555556,A,A90V,51.400000000000006,2.4000000000000004,-0.8600000000000001,28.0,-0.040000000000000036,H,AlphaHelix,-61.829999999999984,-59.75999999999999,47.0,2.0,0.0,False,False,False,False,True,False,55.555815915240146,-64.0,82.0,14.434102224020556,5.4833322787917345,10.609526093749128,40.439998626708984,1.6650776123582791,0.089
335,MXF,2.0,1.0,R,MEDIUM,gyrA,94.0,gyrA_D94N,R,0.8235294117647058,A,D94N,3.0,0.0,-1.9800000000000002,-1.0,2.64,H,AlphaHelix,-58.04000000000002,-41.610000000000014,97.4,1.0,1.0,False,False,False,False,True,False,88.1550888450658,56.0,75.0,18.4946885503575,7.838828370247936,14.503317804823576,46.65999984741211,1.7333416145382428,-0.347
336,MXF,0.12,-3.06,S,HIGH,gyrA,477.0,gyrA_G477E,S,1.0,A,G477E,78.30000000000001,-3.1,0.4700000000000002,72.0,-2.7499999999999996,H,AlphaHelix,-63.920000000000016,-40.56999999999999,8.0,1.0,1.0,False,False,False,False,True,False,10.746012693489345,-89.0,93.0,46.5075247640279,45.65711034499251,51.215775510680416,59.06999969482422,1.68526150535633,0.735
337,MXF,>4,3.0,R,MEDIUM,gyrA,94.0,gyrA_D94G,R,0.8189233278955954,A,D94G,-50.99999999999999,3.1,-1.2700000000000002,-58.0,3.1999999999999997,H,AlphaHelix,-58.04000000000002,-41.610000000000014,97.4,1.0,1.0,False,False,False,False,True,False,88.1550888450658,63.0,80.0,18.4946885503575,7.838828370247936,14.503317804823576,46.65999984741211,1.7333416145382428,-0.873
338,MXF,1.0,0.0,S,HIGH,gyrA,94.0,gyrA_D94G,R,0.8189233278955954,A,D94G,-50.99999999999999,3.1,-1.2700000000000002,-58.0,3.1999999999999997,H,AlphaHelix,-58.04000000000002,-41.610000000000014,97.4,1.0,1.0,False,False,False,False,True,False,88.1550888450658,63.0,80.0,18.4946885503575,7.838828370247936,14.503317804823576,46.65999984741211,1.7333416145382428,-0.873
339,MXF,0.12,-3.06,S,HIGH,gyrB,501.0,gyrB_E501D,R,0.7857142857142857,B,E501D,-27.30000000000001,0.0,0.8,-14.0,-0.4500000000000002,H,AlphaHelix,-71.87,-38.54000000000002,13.6,2.0,0.0,False,False,False,False,True,False,15.369778026626971,78.0,85.0,18.005379610370586,18.103477446299912,11.656371379938307,63.0099983215332,2.23399611625198,-2.507
340,MXF,0.5,-1.0,S,HIGH,gyrB,549.0,gyrB_F549L,S,1.0,B,F549L,-23.200000000000017,1.0,-0.10999999999999999,-34.0,0.5,H,AlphaHelix,-64.74000000000001,-30.829999999999984,1.1,0.0,1.0,False,False,False,False,True,False,1.0654762184487068,61.0,80.0,23.89745031339421,30.230249948389634,25.32319860549515,67.12999725341797,3.8869302901834146,-1.534
341,MXF,1.0,0.0,S,MEDIUM,gyrA,90.0,gyrA_A90V,R,0.5555555555555556,A,A90V,51.400000000000006,2.4000000000000004,-0.8600000000000001,28.0,-0.040000000000000036,H,AlphaHelix,-61.829999999999984,-59.75999999999999,47.0,2.0,0.0,False,False,False,False,True,False,55.555815915240146,-64.0,82.0,14.434102224020556,5.4833322787917345,10.609526093749128,40.439998626708984,1.6650776123582791,0.089
342,MXF,2.0,1.0,R,HIGH,gyrA,94.0,gyrA_D94G,R,0.8189233278955954,A,D94G,-50.99999999999999,3.1,-1.2700000000000002,-58.0,3.1999999999999997,H,AlphaHelix,-58.04000000000002,-41.610000000000014,97.4,1.0,1.0,False,False,False,False,True,False,88.1550888450658,63.0,80.0,18.4946885503575,7.838828370247936,14.503317804823576,46.65999984741211,1.7333416145382428,-0.873
343,MXF,>4,3.0,R,HIGH,gyrA,94.0,gyrA_D94H,R,0.75,A,D94H,42.099999999999994,0.2999999999999998,-1.04,22.099999999999994,4.82,H,AlphaHelix,-58.04000000000002,-41.610000000000014,97.4,1.0,1.0,False,False,False,False,True,False,88.1550888450658,79.0,85.0,18.4946885503575,7.838828370247936,14.503317804823576,46.65999984741211,1.7333416145382428,-0.36
344,MXF,4.0,2.0,R,HIGH,gyrA,94.0,gyrA_D94G,R,0.8189233278955954,A,D94G,-50.99999999999999,3.1,-1.2700000000000002,-58.0,3.1999999999999997,H,AlphaHelix,-58.04000000000002,-41.610000000000014,97.4,1.0,1.0,False,False,False,False,True,False,88.1550888450658,63.0,80.0,18.4946885503575,7.838828370247936,14.503317804823576,46.65999984741211,1.7333416145382428,-0.873
345,MXF,1.0,0.0,S,HIGH,gyrB,447.0,gyrB_S447Y,S,0.6666666666666666,B,S447Y,104.6,-0.5,-0.1,76.1,-0.019999999999999574,C,Coil,-66.01999999999998,127.78,10.3,0.0,1.0,False,True,False,False,False,False,7.650214361327759,43.0,71.0,30.854032276322915,38.15801550808711,31.835544590921046,76.79000091552734,2.2854008237144825,-0.51
346,MXF,2.0,1.0,R,MEDIUM,gyrA,90.0,gyrA_A90V,R,0.5555555555555556,A,A90V,51.400000000000006,2.4000000000000004,-0.8600000000000001,28.0,-0.040000000000000036,H,AlphaHelix,-61.829999999999984,-59.75999999999999,47.0,2.0,0.0,False,False,False,False,True,False,55.555815915240146,-64.0,82.0,14.434102224020556,5.4833322787917345,10.609526093749128,40.439998626708984,1.6650776123582791,0.089
347,MXF,4.0,2.0,R,HIGH,gyrA,90.0,gyrA_A90V,R,0.5555555555555556,A,A90V,51.400000000000006,2.4000000000000004,-0.8600000000000001,28.0,-0.040000000000000036,H,AlphaHelix,-61.829999999999984,-59.75999999999999,47.0,2.0,0.0,False,False,False,False,True,False,55.555815915240146,-64.0,82.0,14.434102224020556,5.4833322787917345,10.609526093749128,40.439998626708984,1.6650776123582791,0.089
348,MXF,0.5,-1.0,S,HIGH,gyrA,481.0,gyrA_D481G,S,1.0,A,D481G,-50.99999999999999,3.1,-1.2700000000000002,-58.0,3.1999999999999997,H,AlphaHelix,-68.02999999999997,-43.39999999999998,89.0,1.0,1.0,False,False,False,False,True,False,77.66519293994125,-75.0,87.0,45.24611843237347,42.73439111760475,48.694739448348344,68.87000274658203,1.7758179992275929,-1.004
349,MXF,0.12,-3.06,S,HIGH,gyrA,94.0,gyrA_D94G,R,0.8189233278955954,A,D94G,-50.99999999999999,3.1,-1.2700000000000002,-58.0,3.1999999999999997,H,AlphaHelix,-58.04000000000002,-41.610000000000014,97.4,1.0,1.0,False,False,False,False,True,False,88.1550888450658,63.0,80.0,18.4946885503575,7.838828370247936,14.503317804823576,46.65999984741211,1.7333416145382428,-0.873
350,MXF,0.5,-1.0,S,HIGH,gyrA,90.0,gyrA_A90V,R,0.5555555555555556,A,A90V,51.400000000000006,2.4000000000000004,-0.8600000000000001,28.0,-0.040000000000000036,H,AlphaHelix,-61.829999999999984,-59.75999999999999,47.0,2.0,0.0,False,False,False,False,True,False,55.555815915240146,-64.0,82.0,14.434102224020556,5.4833322787917345,10.609526093749128,40.439998626708984,1.6650776123582791,0.089
351,MXF,0.12,-3.06,S,HIGH,gyrA,94.0,gyrA_D94G,R,0.8189233278955954,A,D94G,-50.99999999999999,3.1,-1.2700000000000002,-58.0,3.1999999999999997,H,AlphaHelix,-58.04000000000002,-41.610000000000014,97.4,1.0,1.0,False,False,False,False,True,False,88.1550888450658,63.0,80.0,18.4946885503575,7.838828370247936,14.503317804823576,46.65999984741211,1.7333416145382428,-0.873
352,MXF,0.25,-2.0,S,MEDIUM,gyrA,88.0,gyrA_G88A,S,1.0,A,G88A,28.499999999999993,2.2,-0.8099999999999998,14.0,0.03000000000000025,C,Coil,-77.02999999999997,152.43,8.6,0.0,0.0,False,True,False,False,False,False,9.936179450376525,47.0,71.0,9.426612506997063,8.72870415742702,11.188927476312779,57.560001373291016,1.9098223702260209,-1.185
353,MXF,4.0,2.0,R,MEDIUM,gyrA,94.0,gyrA_D94G,R,0.8189233278955954,A,D94G,-50.99999999999999,3.1,-1.2700000000000002,-58.0,3.1999999999999997,H,AlphaHelix,-58.04000000000002,-41.610000000000014,97.4,1.0,1.0,False,False,False,False,True,False,88.1550888450658,63.0,80.0,18.4946885503575,7.838828370247936,14.503317804823576,46.65999984741211,1.7333416145382428,-0.873
354,MXF,0.12,-3.06,S,MEDIUM,gyrA,465.0,gyrA_L465Q,S,1.0,A,L465Q,-22.899999999999977,-7.3,0.8799999999999999,15.0,-0.33000000000000007,H,AlphaHelix,-62.670000000000016,-45.06,16.4,2.0,1.0,False,False,False,False,True,False,18.99964644998461,-11.0,57.0,47.107068088364834,49.305687766586125,54.39117601324156,67.08000183105469,2.469527449860376,-4.046
355,MXF,0.25,-2.0,S,HIGH,gyrA,267.0,gyrA_T267I,S,0.9166666666666666,A,T267I,50.599999999999994,5.2,-0.92,12.099999999999994,0.41999999999999993,E,Strand,-110.84,147.57,41.6,1.0,0.0,False,False,True,False,False,False,44.1202990107675,-63.0,82.0,57.41807769187446,43.77226482698894,47.65815783374425,101.37999725341797,1.7631484448394852,-0.037
356,MXF,1.0,0.0,S,HIGH,gyrA,94.0,gyrA_D94A,R,0.5232558139534884,A,D94A,-22.5,5.3,-2.08,-44.0,3.23,H,AlphaHelix,-58.04000000000002,-41.610000000000014,97.4,1.0,1.0,False,False,False,False,True,False,88.1550888450658,46.0,71.0,18.4946885503575,7.838828370247936,14.503317804823576,46.65999984741211,1.7333416145382428,-0.421
357,MXF,2.0,1.0,R,HIGH,gyrA,94.0,gyrA_D94G,R,0.8189233278955954,A,D94G,-50.99999999999999,3.1,-1.2700000000000002,-58.0,3.1999999999999997,H,AlphaHelix,-58.04000000000002,-41.610000000000014,97.4,1.0,1.0,False,False,False,False,True,False,88.1550888450658,63.0,80.0,18.4946885503575,7.838828370247936,14.503317804823576,46.65999984741211,1.7333416145382428,-0.873
358,MXF,>4,3.0,R,HIGH,gyrA,94.0,gyrA_D94H,R,0.75,A,D94H,42.099999999999994,0.2999999999999998,-1.04,22.099999999999994,4.82,H,AlphaHelix,-58.04000000000002,-41.610000000000014,97.4,1.0,1.0,False,False,False,False,True,False,88.1550888450658,79.0,85.0,18.4946885503575,7.838828370247936,14.503317804823576,46.65999984741211,1.7333416145382428,-0.36
359,MXF,1.0,0.0,S,MEDIUM,gyrA,94.0,gyrA_D94G,R,0.8189233278955954,A,D94G,-50.99999999999999,3.1,-1.2700000000000002,-58.0,3.1999999999999997,H,AlphaHelix,-58.04000000000002,-41.610000000000014,97.4,1.0,1.0,False,False,False,False,True,False,88.1550888450658,63.0,80.0,18.4946885503575,7.838828370247936,14.503317804823576,46.65999984741211,1.7333416145382428,-0.873
360,MXF,4.0,2.0,R,HIGH,gyrA,94.0,gyrA_D94A,R,0.5232558139534884,A,D94A,-22.5,5.3,-2.08,-44.0,3.23,H,AlphaHelix,-58.04000000000002,-41.610000000000014,97.4,1.0,1.0,False,False,False,False,True,False,88.1550888450658,46.0,71.0,18.4946885503575,7.838828370247936,14.503317804823576,46.65999984741211,1.7333416145382428,-0.421
361,MXF,>4,3.0,R,HIGH,gyrA,94.0,gyrA_D94G,R,0.8189233278955954,A,D94G,-50.99999999999999,3.1,-1.2700000000000002,-58.0,3.1999999999999997,H,AlphaHelix,-58.04000000000002,-41.610000000000014,97.4,1.0,1.0,False,False,False,False,True,False,88.1550888450658,63.0,80.0,18.4946885503575,7.838828370247936,14.503317804823576,46.65999984741211,1.7333416145382428,-0.873
362,MXF,4.0,2.0,R,HIGH,gyrA,94.0,gyrA_D94A,R,0.5232558139534884,A,D94A,-22.5,5.3,-2.08,-44.0,3.23,H,AlphaHelix,-58.04000000000002,-41.610000000000014,97.4,1.0,1.0,False,False,False,False,True,False,88.1550888450658,46.0,71.0,18.4946885503575,7.838828370247936,14.503317804823576,46.65999984741211,1.7333416145382428,-0.421
363,MXF,>4,3.0,R,HIGH,gyrA,94.0,gyrA_D94N,R,0.8235294117647058,A,D94N,3.0,0.0,-1.9800000000000002,-1.0,2.64,H,AlphaHelix,-58.04000000000002,-41.610000000000014,97.4,1.0,1.0,False,False,False,False,True,False,88.1550888450658,56.0,75.0,18.4946885503575,7.838828370247936,14.503317804823576,46.65999984741211,1.7333416145382428,-0.347
364,MXF,>4,3.0,R,HIGH,gyrA,94.0,gyrA_D94G,R,0.8189233278955954,A,D94G,-50.99999999999999,3.1,-1.2700000000000002,-58.0,3.1999999999999997,H,AlphaHelix,-58.04000000000002,-41.610000000000014,97.4,1.0,1.0,False,False,False,False,True,False,88.1550888450658,63.0,80.0,18.4946885503575,7.838828370247936,14.503317804823576,46.65999984741211,1.7333416145382428,-0.873
365,MXF,4.0,2.0,R,HIGH,gyrA,91.0,gyrA_S91P,R,0.676923076923077,A,S91P,23.700000000000003,-0.8,-0.64,10.0,0.6200000000000001,H,AlphaHelix,-67.14999999999998,-27.149999999999977,64.8,1.0,0.0,False,False,False,False,True,False,65.22815545163408,63.0,80.0,13.712390715773491,5.3811257108513875,11.010229056369285,47.63999938964844,1.5284537092505912,-0.125
366,MXF,1.0,0.0,S,HIGH,gyrA,94.0,gyrA_D94A,R,0.5232558139534884,A,D94A,-22.5,5.3,-2.08,-44.0,3.23,H,AlphaHelix,-58.04000000000002,-41.610000000000014,97.4,1.0,1.0,False,False,False,False,True,False,88.1550888450658,46.0,71.0,18.4946885503575,7.838828370247936,14.503317804823576,46.65999984741211,1.7333416145382428,-0.421
367,MXF,0.25,-2.0,S,MEDIUM,gyrA,94.0,gyrA_D94N,R,0.8235294117647058,A,D94N,3.0,0.0,-1.9800000000000002,-1.0,2.64,H,AlphaHelix,-58.04000000000002,-41.610000000000014,97.4,1.0,1.0,False,False,False,False,True,False,88.1550888450658,56.0,75.0,18.4946885503575,7.838828370247936,14.503317804823576,46.65999984741211,1.7333416145382428,-0.347
368,MXF,>4,3.0,R,HIGH,gyrA,94.0,gyrA_D94G,R,0.8189233278955954,A,D94G,-50.99999999999999,3.1,-1.2700000000000002,-58.0,3.1999999999999997,H,AlphaHelix,-58.04000000000002,-41.610000000000014,97.4,1.0,1.0,False,False,False,False,True,False,88.1550888450658,63.0,80.0,18.4946885503575,7.838828370247936,14.503317804823576,46.65999984741211,1.7333416145382428,-0.873
369,MXF,>4,3.0,R,HIGH,gyrA,94.0,gyrA_D94G,R,0.8189233278955954,A,D94G,-50.99999999999999,3.1,-1.2700000000000002,-58.0,3.1999999999999997,H,AlphaHelix,-58.04000000000002,-41.610000000000014,97.4,1.0,1.0,False,False,False,False,True,False,88.1550888450658,63.0,80.0,18.4946885503575,7.838828370247936,14.503317804823576,46.65999984741211,1.7333416145382428,-0.873
370,MXF,2.0,1.0,R,HIGH,gyrA,94.0,gyrA_D94G,R,0.8189233278955954,A,D94G,-50.99999999999999,3.1,-1.2700000000000002,-58.0,3.1999999999999997,H,AlphaHelix,-58.04000000000002,-41.610000000000014,97.4,1.0,1.0,False,False,False,False,True,False,88.1550888450658,63.0,80.0,18.4946885503575,7.838828370247936,14.503317804823576,46.65999984741211,1.7333416145382428,-0.873
371,MXF,0.25,-2.0,S,HIGH,gyrA,267.0,gyrA_T267I,S,0.9166666666666666,A,T267I,50.599999999999994,5.2,-0.92,12.099999999999994,0.41999999999999993,E,Strand,-110.84,147.57,41.6,1.0,0.0,False,False,True,False,False,False,44.1202990107675,-63.0,82.0,57.41807769187446,43.77226482698894,47.65815783374425,101.37999725341797,1.7631484448394852,-0.037
372,MXF,2.0,1.0,R,HIGH,gyrA,90.0,gyrA_A90V,R,0.5555555555555556,A,A90V,51.400000000000006,2.4000000000000004,-0.8600000000000001,28.0,-0.040000000000000036,H,AlphaHelix,-61.829999999999984,-59.75999999999999,47.0,2.0,0.0,False,False,False,False,True,False,55.555815915240146,-64.0,82.0,14.434102224020556,5.4833322787917345,10.609526093749128,40.439998626708984,1.6650776123582791,0.089
373,MXF,>4,3.0,R,HIGH,gyrA,94.0,gyrA_D94G,R,0.8189233278955954,A,D94G,-50.99999999999999,3.1,-1.2700000000000002,-58.0,3.1999999999999997,H,AlphaHelix,-58.04000000000002,-41.610000000000014,97.4,1.0,1.0,False,False,False,False,True,False,88.1550888450658,63.0,80.0,18.4946885503575,7.838828370247936,14.503317804823576,46.65999984741211,1.7333416145382428,-0.873
374,MXF,2.0,1.0,R,HIGH,gyrB,501.0,gyrB_E501D,R,0.7857142857142857,B,E501D,-27.30000000000001,0.0,0.8,-14.0,-0.4500000000000002,H,AlphaHelix,-71.87,-38.54000000000002,13.6,2.0,0.0,False,False,False,False,True,False,15.369778026626971,78.0,85.0,18.005379610370586,18.103477446299912,11.656371379938307,63.0099983215332,2.23399611625198,-2.507
375,MXF,0.25,-2.0,S,MEDIUM,gyrA,94.0,gyrA_D94A,R,0.5232558139534884,A,D94A,-22.5,5.3,-2.08,-44.0,3.23,H,AlphaHelix,-58.04000000000002,-41.610000000000014,97.4,1.0,1.0,False,False,False,False,True,False,88.1550888450658,46.0,71.0,18.4946885503575,7.838828370247936,14.503317804823576,46.65999984741211,1.7333416145382428,-0.421
376,MXF,>4,3.0,R,MEDIUM,gyrA,94.0,gyrA_D94G,R,0.8189233278955954,A,D94G,-50.99999999999999,3.1,-1.2700000000000002,-58.0,3.1999999999999997,H,AlphaHelix,-58.04000000000002,-41.610000000000014,97.4,1.0,1.0,False,False,False,False,True,False,88.1550888450658,63.0,80.0,18.4946885503575,7.838828370247936,14.503317804823576,46.65999984741211,1.7333416145382428,-0.873
377,MXF,1.0,0.0,S,HIGH,gyrB,461.0,gyrB_D461N,S,0.8888888888888888,B,D461N,3.0,0.0,-1.9800000000000002,-1.0,2.64,H,AlphaHelix,-71.88999999999999,-39.93000000000001,81.7,1.0,0.0,False,False,False,False,True,False,75.64790414237022,36.0,66.0,11.848330371804606,15.309593699828135,10.195622879537305,64.79000091552734,1.5661131135005826,-0.266
378,MXF,4.0,2.0,R,MEDIUM,gyrA,90.0,gyrA_A90V,R,0.5555555555555556,A,A90V,51.400000000000006,2.4000000000000004,-0.8600000000000001,28.0,-0.040000000000000036,H,AlphaHelix,-61.829999999999984,-59.75999999999999,47.0,2.0,0.0,False,False,False,False,True,False,55.555815915240146,-64.0,82.0,14.434102224020556,5.4833322787917345,10.609526093749128,40.439998626708984,1.6650776123582791,0.089
379,MXF,1.0,0.0,S,HIGH,gyrA,90.0,gyrA_A90V,R,0.5555555555555556,A,A90V,51.400000000000006,2.4000000000000004,-0.8600000000000001,28.0,-0.040000000000000036,H,AlphaHelix,-61.829999999999984,-59.75999999999999,47.0,2.0,0.0,False,False,False,False,True,False,55.555815915240146,-64.0,82.0,14.434102224020556,5.4833322787917345,10.609526093749128,40.439998626708984,1.6650776123582791,0.089
380,MXF,1.0,0.0,S,HIGH,gyrA,94.0,gyrA_D94G,R,0.8189233278955954,A,D94G,-50.99999999999999,3.1,-1.2700000000000002,-58.0,3.1999999999999997,H,AlphaHelix,-58.04000000000002,-41.610000000000014,97.4,1.0,1.0,False,False,False,False,True,False,88.1550888450658,63.0,80.0,18.4946885503575,7.838828370247936,14.503317804823576,46.65999984741211,1.7333416145382428,-0.873
381,MXF,>4,3.0,R,HIGH,gyrA,94.0,gyrA_D94N,R,0.8235294117647058,A,D94N,3.0,0.0,-1.9800000000000002,-1.0,2.64,H,AlphaHelix,-58.04000000000002,-41.610000000000014,97.4,1.0,1.0,False,False,False,False,True,False,88.1550888450658,56.0,75.0,18.4946885503575,7.838828370247936,14.503317804823576,46.65999984741211,1.7333416145382428,-0.347
382,MXF,<=0.06,-4.06,S,MEDIUM,gyrA,237.0,gyrA_S237P,S,1.0,A,S237P,23.700000000000003,-0.8,-0.64,10.0,0.6200000000000001,H,AlphaHelix,-132.83,-15.470000000000027,93.4,2.0,0.0,False,False,False,False,True,False,84.98805596902513,-56.0,78.0,45.136314908675246,38.32592733331883,42.63468680393152,64.45999908447266,1.5215639229475377,-0.596
383,MXF,0.12,-3.06,S,HIGH,gyrA,193.0,gyrA_N193S,S,1.0,A,N193S,-25.099999999999994,2.7,-0.09999999999999998,-27.0,0.2699999999999996,C,Coil,-78.75,123.63,5.4,2.0,0.0,False,True,False,False,False,False,3.9785882839510753,-22.0,61.0,38.56834762344578,31.614916234348744,37.544471341104654,50.119998931884766,3.1142630176941593,-1.229
384,MXF,>4,3.0,R,HIGH,gyrB,501.0,gyrB_E501D,R,0.7857142857142857,B,E501D,-27.30000000000001,0.0,0.8,-14.0,-0.4500000000000002,H,AlphaHelix,-71.87,-38.54000000000002,13.6,2.0,0.0,False,False,False,False,True,False,15.369778026626971,78.0,85.0,18.005379610370586,18.103477446299912,11.656371379938307,63.0099983215332,2.23399611625198,-2.507
385,MXF,>4,3.0,R,HIGH,gyrA,94.0,gyrA_D94G,R,0.8189233278955954,A,D94G,-50.99999999999999,3.1,-1.2700000000000002,-58.0,3.1999999999999997,H,AlphaHelix,-58.04000000000002,-41.610000000000014,97.4,1.0,1.0,False,False,False,False,True,False,88.1550888450658,63.0,80.0,18.4946885503575,7.838828370247936,14.503317804823576,46.65999984741211,1.7333416145382428,-0.873
386,MXF,0.25,-2.0,S,HIGH,gyrA,193.0,gyrA_N193S,S,1.0,A,N193S,-25.099999999999994,2.7,-0.09999999999999998,-27.0,0.2699999999999996,C,Coil,-78.75,123.63,5.4,2.0,0.0,False,True,False,False,False,False,3.9785882839510753,-22.0,61.0,38.56834762344578,31.614916234348744,37.544471341104654,50.119998931884766,3.1142630176941593,-1.229
387,MXF,4.0,2.0,R,HIGH,gyrB,501.0,gyrB_E501D,R,0.7857142857142857,B,E501D,-27.30000000000001,0.0,0.8,-14.0,-0.4500000000000002,H,AlphaHelix,-71.87,-38.54000000000002,13.6,2.0,0.0,False,False,False,False,True,False,15.369778026626971,78.0,85.0,18.005379610370586,18.103477446299912,11.656371379938307,63.0099983215332,2.23399611625198,-2.507
388,MXF,2.0,1.0,R,HIGH,gyrA,94.0,gyrA_D94N,R,0.8235294117647058,A,D94N,3.0,0.0,-1.9800000000000002,-1.0,2.64,H,AlphaHelix,-58.04000000000002,-41.610000000000014,97.4,1.0,1.0,False,False,False,False,True,False,88.1550888450658,56.0,75.0,18.4946885503575,7.838828370247936,14.503317804823576,46.65999984741211,1.7333416145382428,-0.347
389,MXF,>4,3.0,R,HIGH,gyrA,94.0,gyrA_D94G,R,0.8189233278955954,A,D94G,-50.99999999999999,3.1,-1.2700000000000002,-58.0,3.1999999999999997,H,AlphaHelix,-58.04000000000002,-41.610000000000014,97.4,1.0,1.0,False,False,False,False,True,False,88.1550888450658,63.0,80.0,18.4946885503575,7.838828370247936,14.503317804823576,46.65999984741211,1.7333416145382428,-0.873
390,MXF,0.12,-3.06,S,HIGH,gyrB,576.0,gyrB_S576T,S,1.0,B,S576T,27.099999999999994,0.10000000000000009,-0.22000000000000003,14.0,-0.08000000000000007,T,Turn,-87.82,165.99,48.2,0.0,0.0,False,False,False,False,False,True,42.3535160540792,-68.0,82.0,29.398017128043875,41.97870257838379,40.31890015976532,79.62000274658203,1.7504695491044315,-0.057
391,MXF,0.25,-2.0,S,HIGH,gyrA,254.0,gyrA_R254C,S,1.0,A,R254C,-64.9,7.0,-0.78,-52.999999999999986,-5.6899999999999995,E,Strand,-140.52,150.5,54.1,1.0,1.0,False,False,True,False,False,False,52.62668666740882,49.0,71.0,41.78050033328739,31.11595076201683,35.612514761003474,51.56999969482422,3.1563712888508726,-0.999
392,MXF,0.5,-1.0,S,HIGH,gyrA,140.0,gyrA_E140G,S,1.0,A,E140G,-78.30000000000001,3.1,-0.4700000000000002,-72.0,2.7499999999999996,H,AlphaHelix,-81.62,-23.910000000000025,24.7,1.0,2.0,False,False,False,False,True,False,22.825559017296953,22.0,63.0,33.09807601504467,30.024475615258016,36.09292909840121,56.13999938964844,2.491491356809073,-2.126
393,MXF,0.12,-3.06,S,HIGH,gyrA,346.0,gyrA_L346V,S,1.0,A,L346V,-26.69999999999999,0.40000000000000036,0.15999999999999992,-14.099999999999994,-0.020000000000000462,E,Strand,-105.4,125.94,8.8,0.0,1.0,False,False,True,False,False,False,10.348432794704593,-89.0,93.0,26.90590856572466,25.894158702165782,29.24562602600237,52.459999084472656,2.9672121812905234,-0.753
394,MXF,>4,3.0,R,HIGH,gyrA,94.0,gyrA_D94N,R,0.8235294117647058,A,D94N,3.0,0.0,-1.9800000000000002,-1.0,2.64,H,AlphaHelix,-58.04000000000002,-41.610000000000014,97.4,1.0,1.0,False,False,False,False,True,False,88.1550888450658,56.0,75.0,18.4946885503575,7.838828370247936,14.503317804823576,46.65999984741211,1.7333416145382428,-0.347
395,MXF,<=0.06,-4.06,S,MEDIUM,gyrA,91.0,gyrA_S91P,R,0.676923076923077,A,S91P,23.700000000000003,-0.8,-0.64,10.0,0.6200000000000001,H,AlphaHelix,-67.14999999999998,-27.149999999999977,64.8,1.0,0.0,False,False,False,False,True,False,65.22815545163408,63.0,80.0,13.712390715773491,5.3811257108513875,11.010229056369285,47.63999938964844,1.5284537092505912,-0.125
396,MXF,>4,3.0,R,HIGH,gyrA,94.0,gyrA_D94G,R,0.8189233278955954,A,D94G,-50.99999999999999,3.1,-1.2700000000000002,-58.0,3.1999999999999997,H,AlphaHelix,-58.04000000000002,-41.610000000000014,97.4,1.0,1.0,False,False,False,False,True,False,88.1550888450658,63.0,80.0,18.4946885503575,7.838828370247936,14.503317804823576,46.65999984741211,1.7333416145382428,-0.873
397,MXF,4.0,2.0,R,HIGH,gyrA,94.0,gyrA_D94G,R,0.8189233278955954,A,D94G,-50.99999999999999,3.1,-1.2700000000000002,-58.0,3.1999999999999997,H,AlphaHelix,-58.04000000000002,-41.610000000000014,97.4,1.0,1.0,False,False,False,False,True,False,88.1550888450658,63.0,80.0,18.4946885503575,7.838828370247936,14.503317804823576,46.65999984741211,1.7333416145382428,-0.873
398,MXF,4.0,2.0,R,MEDIUM,gyrA,94.0,gyrA_D94G,R,0.8189233278955954,A,D94G,-50.99999999999999,3.1,-1.2700000000000002,-58.0,3.1999999999999997,H,AlphaHelix,-58.04000000000002,-41.610000000000014,97.4,1.0,1.0,False,False,False,False,True,False,88.1550888450658,63.0,80.0,18.4946885503575,7.838828370247936,14.503317804823576,46.65999984741211,1.7333416145382428,-0.873
399,MXF,0.12,-3.06,S,HIGH,gyrB,603.0,gyrB_K603R,S,1.0,B,K603R,4.800000000000011,-0.6000000000000001,-0.81,28.0,1.0199999999999996,T,Turn,-89.38,2.44,211.1,0.0,0.0,False,False,False,False,False,True,210.29341831527432,3.0,53.0,25.564674169502705,35.98054858249533,36.85252623405608,121.87000274658203,1.4753946778895397,-0.145
400,MXF,4.0,2.0,R,HIGH,gyrA,90.0,gyrA_A90V,R,0.5555555555555556,A,A90V,51.400000000000006,2.4000000000000004,-0.8600000000000001,28.0,-0.040000000000000036,H,AlphaHelix,-61.829999999999984,-59.75999999999999,47.0,2.0,0.0,False,False,False,False,True,False,55.555815915240146,-64.0,82.0,14.434102224020556,5.4833322787917345,10.609526093749128,40.439998626708984,1.6650776123582791,0.089
401,MXF,<=0.06,-4.06,S,HIGH,gyrB,630.0,gyrB_V630I,S,1.0,B,V630I,26.69999999999999,0.2999999999999998,-0.28,14.099999999999994,0.05999999999999961,T,Turn,-139.96,-13.269999999999982,72.1,0.0,1.0,False,False,False,False,False,True,77.78988107783795,11.0,59.0,22.783956495126983,36.494804254359636,32.431649110745845,73.91000366210938,1.6407011428927754,0.086
402,MXF,2.0,1.0,R,HIGH,gyrA,94.0,gyrA_D94A,R,0.5232558139534884,A,D94A,-22.5,5.3,-2.08,-44.0,3.23,H,AlphaHelix,-58.04000000000002,-41.610000000000014,97.4,1.0,1.0,False,False,False,False,True,False,88.1550888450658,46.0,71.0,18.4946885503575,7.838828370247936,14.503317804823576,46.65999984741211,1.7333416145382428,-0.421
403,MXF,>4,3.0,R,HIGH,gyrA,94.0,gyrA_D94A,R,0.5232558139534884,A,D94A,-22.5,5.3,-2.08,-44.0,3.23,H,AlphaHelix,-58.04000000000002,-41.610000000000014,97.4,1.0,1.0,False,False,False,False,True,False,88.1550888450658,46.0,71.0,18.4946885503575,7.838828370247936,14.503317804823576,46.65999984741211,1.7333416145382428,-0.421
404,MXF,>4,3.0,R,HIGH,gyrB,501.0,gyrB_E501D,R,0.7857142857142857,B,E501D,-27.30000000000001,0.0,0.8,-14.0,-0.4500000000000002,H,AlphaHelix,-71.87,-38.54000000000002,13.6,2.0,0.0,False,False,False,False,True,False,15.369778026626971,78.0,85.0,18.005379610370586,18.103477446299912,11.656371379938307,63.0099983215332,2.23399611625198,-2.507
405,MXF,0.5,-1.0,S,MEDIUM,gyrB,576.0,gyrB_S576G,S,1.0,B,S576G,-28.9,0.4,0.8099999999999998,-30.0,0.29000000000000004,T,Turn,-87.82,165.99,48.2,0.0,0.0,False,False,False,False,False,True,42.3535160540792,-47.0,72.0,29.398017128043875,41.97870257838379,40.31890015976532,79.62000274658203,1.7504695491044315,-0.072
406,MXF,>4,3.0,R,MEDIUM,gyrA,94.0,gyrA_D94G,R,0.8189233278955954,A,D94G,-50.99999999999999,3.1,-1.2700000000000002,-58.0,3.1999999999999997,H,AlphaHelix,-58.04000000000002,-41.610000000000014,97.4,1.0,1.0,False,False,False,False,True,False,88.1550888450658,63.0,80.0,18.4946885503575,7.838828370247936,14.503317804823576,46.65999984741211,1.7333416145382428,-0.873
407,MXF,>4,3.0,R,MEDIUM,gyrA,94.0,gyrA_D94N,R,0.8235294117647058,A,D94N,3.0,0.0,-1.9800000000000002,-1.0,2.64,H,AlphaHelix,-58.04000000000002,-41.610000000000014,97.4,1.0,1.0,False,False,False,False,True,False,88.1550888450658,56.0,75.0,18.4946885503575,7.838828370247936,14.503317804823576,46.65999984741211,1.7333416145382428,-0.347
408,MXF,0.25,-2.0,S,MEDIUM,gyrA,154.0,gyrA_P154R,S,1.0,A,P154R,60.7,-2.9,1.31,59.099999999999994,4.46,E,Strand,-63.26999999999998,149.75,74.5,0.0,0.0,False,False,True,False,False,False,79.18597057272785,41.0,71.0,19.118048030681603,27.697803616910868,30.165253260701736,57.20000076293945,1.6282709707753908,-0.523
409,MXF,>4,3.0,R,HIGH,gyrA,94.0,gyrA_D94G,R,0.8189233278955954,A,D94G,-50.99999999999999,3.1,-1.2700000000000002,-58.0,3.1999999999999997,H,AlphaHelix,-58.04000000000002,-41.610000000000014,97.4,1.0,1.0,False,False,False,False,True,False,88.1550888450658,63.0,80.0,18.4946885503575,7.838828370247936,14.503317804823576,46.65999984741211,1.7333416145382428,-0.873
410,MXF,>4,3.0,R,HIGH,gyrA,94.0,gyrA_D94G,R,0.8189233278955954,A,D94G,-50.99999999999999,3.1,-1.2700000000000002,-58.0,3.1999999999999997,H,AlphaHelix,-58.04000000000002,-41.610000000000014,97.4,1.0,1.0,False,False,False,False,True,False,88.1550888450658,63.0,80.0,18.4946885503575,7.838828370247936,14.503317804823576,46.65999984741211,1.7333416145382428,-0.873
411,MXF,4.0,2.0,R,HIGH,gyrA,94.0,gyrA_D94N,R,0.8235294117647058,A,D94N,3.0,0.0,-1.9800000000000002,-1.0,2.64,H,AlphaHelix,-58.04000000000002,-41.610000000000014,97.4,1.0,1.0,False,False,False,False,True,False,88.1550888450658,56.0,75.0,18.4946885503575,7.838828370247936,14.503317804823576,46.65999984741211,1.7333416145382428,-0.347
412,MXF,>4,3.0,R,HIGH,gyrA,94.0,gyrA_D94N,R,0.8235294117647058,A,D94N,3.0,0.0,-1.9800000000000002,-1.0,2.64,H,AlphaHelix,-58.04000000000002,-41.610000000000014,97.4,1.0,1.0,False,False,False,False,True,False,88.1550888450658,56.0,75.0,18.4946885503575,7.838828370247936,14.503317804823576,46.65999984741211,1.7333416145382428,-0.347
413,MXF,0.5,-1.0,S,MEDIUM,gyrA,90.0,gyrA_A90V,R,0.5555555555555556,A,A90V,51.400000000000006,2.4000000000000004,-0.8600000000000001,28.0,-0.040000000000000036,H,AlphaHelix,-61.829999999999984,-59.75999999999999,47.0,2.0,0.0,False,False,False,False,True,False,55.555815915240146,-64.0,82.0,14.434102224020556,5.4833322787917345,10.609526093749128,40.439998626708984,1.6650776123582791,0.089
414,MXF,4.0,2.0,R,HIGH,gyrA,94.0,gyrA_D94A,R,0.5232558139534884,A,D94A,-22.5,5.3,-2.08,-44.0,3.23,H,AlphaHelix,-58.04000000000002,-41.610000000000014,97.4,1.0,1.0,False,False,False,False,True,False,88.1550888450658,46.0,71.0,18.4946885503575,7.838828370247936,14.503317804823576,46.65999984741211,1.7333416145382428,-0.421
415,MXF,<=0.06,-4.06,S,HIGH,gyrA,90.0,gyrA_A90V,R,0.5555555555555556,A,A90V,51.400000000000006,2.4000000000000004,-0.8600000000000001,28.0,-0.040000000000000036,H,AlphaHelix,-61.829999999999984,-59.75999999999999,47.0,2.0,0.0,False,False,False,False,True,False,55.555815915240146,-64.0,82.0,14.434102224020556,5.4833322787917345,10.609526093749128,40.439998626708984,1.6650776123582791,0.089
416,MXF,2.0,1.0,R,HIGH,gyrA,94.0,gyrA_D94N,R,0.8235294117647058,A,D94N,3.0,0.0,-1.9800000000000002,-1.0,2.64,H,AlphaHelix,-58.04000000000002,-41.610000000000014,97.4,1.0,1.0,False,False,False,False,True,False,88.1550888450658,56.0,75.0,18.4946885503575,7.838828370247936,14.503317804823576,46.65999984741211,1.7333416145382428,-0.347
417,MXF,0.25,-2.0,S,MEDIUM,gyrA,90.0,gyrA_A90V,R,0.5555555555555556,A,A90V,51.400000000000006,2.4000000000000004,-0.8600000000000001,28.0,-0.040000000000000036,H,AlphaHelix,-61.829999999999984,-59.75999999999999,47.0,2.0,0.0,False,False,False,False,True,False,55.555815915240146,-64.0,82.0,14.434102224020556,5.4833322787917345,10.609526093749128,40.439998626708984,1.6650776123582791,0.089
418,MXF,>4,3.0,R,HIGH,gyrA,94.0,gyrA_D94G,R,0.8189233278955954,A,D94G,-50.99999999999999,3.1,-1.2700000000000002,-58.0,3.1999999999999997,H,AlphaHelix,-58.04000000000002,-41.610000000000014,97.4,1.0,1.0,False,False,False,False,True,False,88.1550888450658,63.0,80.0,18.4946885503575,7.838828370247936,14.503317804823576,46.65999984741211,1.7333416145382428,-0.873
419,MXF,2.0,1.0,R,MEDIUM,gyrA,90.0,gyrA_A90V,R,0.5555555555555556,A,A90V,51.400000000000006,2.4000000000000004,-0.8600000000000001,28.0,-0.040000000000000036,H,AlphaHelix,-61.829999999999984,-59.75999999999999,47.0,2.0,0.0,False,False,False,False,True,False,55.555815915240146,-64.0,82.0,14.434102224020556,5.4833322787917345,10.609526093749128,40.439998626708984,1.6650776123582791,0.089
420,MXF,>4,3.0,R,HIGH,gyrA,94.0,gyrA_D94A,R,0.5232558139534884,A,D94A,-22.5,5.3,-2.08,-44.0,3.23,H,AlphaHelix,-58.04000000000002,-41.610000000000014,97.4,1.0,1.0,False,False,False,False,True,False,88.1550888450658,46.0,71.0,18.4946885503575,7.838828370247936,14.503317804823576,46.65999984741211,1.7333416145382428,-0.421
421,MXF,>4,3.0,R,MEDIUM,gyrA,94.0,gyrA_D94G,R,0.8189233278955954,A,D94G,-50.99999999999999,3.1,-1.2700000000000002,-58.0,3.1999999999999997,H,AlphaHelix,-58.04000000000002,-41.610000000000014,97.4,1.0,1.0,False,False,False,False,True,False,88.1550888450658,63.0,80.0,18.4946885503575,7.838828370247936,14.503317804823576,46.65999984741211,1.7333416145382428,-0.873
422,MXF,0.25,-2.0,S,HIGH,gyrA,267.0,gyrA_T267I,S,0.9166666666666666,A,T267I,50.599999999999994,5.2,-0.92,12.099999999999994,0.41999999999999993,E,Strand,-110.84,147.57,41.6,1.0,0.0,False,False,True,False,False,False,44.1202990107675,-63.0,82.0,57.41807769187446,43.77226482698894,47.65815783374425,101.37999725341797,1.7631484448394852,-0.037
423,MXF,4.0,2.0,R,MEDIUM,gyrA,94.0,gyrA_D94G,R,0.8189233278955954,A,D94G,-50.99999999999999,3.1,-1.2700000000000002,-58.0,3.1999999999999997,H,AlphaHelix,-58.04000000000002,-41.610000000000014,97.4,1.0,1.0,False,False,False,False,True,False,88.1550888450658,63.0,80.0,18.4946885503575,7.838828370247936,14.503317804823576,46.65999984741211,1.7333416145382428,-0.873
424,MXF,0.25,-2.0,S,HIGH,gyrA,90.0,gyrA_A90V,R,0.5555555555555556,A,A90V,51.400000000000006,2.4000000000000004,-0.8600000000000001,28.0,-0.040000000000000036,H,AlphaHelix,-61.829999999999984,-59.75999999999999,47.0,2.0,0.0,False,False,False,False,True,False,55.555815915240146,-64.0,82.0,14.434102224020556,5.4833322787917345,10.609526093749128,40.439998626708984,1.6650776123582791,0.089
425,MXF,0.12,-3.06,S,HIGH,gyrA,94.0,gyrA_D94G,R,0.8189233278955954,A,D94G,-50.99999999999999,3.1,-1.2700000000000002,-58.0,3.1999999999999997,H,AlphaHelix,-58.04000000000002,-41.610000000000014,97.4,1.0,1.0,False,False,False,False,True,False,88.1550888450658,63.0,80.0,18.4946885503575,7.838828370247936,14.503317804823576,46.65999984741211,1.7333416145382428,-0.873
426,MXF,2.0,1.0,R,MEDIUM,gyrA,94.0,gyrA_D94N,R,0.8235294117647058,A,D94N,3.0,0.0,-1.9800000000000002,-1.0,2.64,H,AlphaHelix,-58.04000000000002,-41.610000000000014,97.4,1.0,1.0,False,False,False,False,True,False,88.1550888450658,56.0,75.0,18.4946885503575,7.838828370247936,14.503317804823576,46.65999984741211,1.7333416145382428,-0.347
427,MXF,4.0,2.0,R,HIGH,gyrA,94.0,gyrA_D94G,R,0.8189233278955954,A,D94G,-50.99999999999999,3.1,-1.2700000000000002,-58.0,3.1999999999999997,H,AlphaHelix,-58.04000000000002,-41.610000000000014,97.4,1.0,1.0,False,False,False,False,True,False,88.1550888450658,63.0,80.0,18.4946885503575,7.838828370247936,14.503317804823576,46.65999984741211,1.7333416145382428,-0.873
428,MXF,4.0,2.0,R,HIGH,gyrA,94.0,gyrA_D94G,R,0.8189233278955954,A,D94G,-50.99999999999999,3.1,-1.2700000000000002,-58.0,3.1999999999999997,H,AlphaHelix,-58.04000000000002,-41.610000000000014,97.4,1.0,1.0,False,False,False,False,True,False,88.1550888450658,63.0,80.0,18.4946885503575,7.838828370247936,14.503317804823576,46.65999984741211,1.7333416145382428,-0.873
429,MXF,>4,3.0,R,MEDIUM,gyrA,94.0,gyrA_D94G,R,0.8189233278955954,A,D94G,-50.99999999999999,3.1,-1.2700000000000002,-58.0,3.1999999999999997,H,AlphaHelix,-58.04000000000002,-41.610000000000014,97.4,1.0,1.0,False,False,False,False,True,False,88.1550888450658,63.0,80.0,18.4946885503575,7.838828370247936,14.503317804823576,46.65999984741211,1.7333416145382428,-0.873
430,MXF,0.5,-1.0,S,HIGH,gyrB,664.0,gyrB_T664I,S,1.0,B,T664I,50.599999999999994,5.2,-0.92,12.099999999999994,0.41999999999999993,H,AlphaHelix,-62.73000000000002,-25.089999999999975,96.5,0.0,1.0,False,False,False,False,True,False,90.89037836003459,20.0,63.0,25.245356999068637,31.048053627709557,31.334477455256273,73.5199966430664,1.7420153901407731,0.192
431,MXF,4.0,2.0,R,HIGH,gyrA,94.0,gyrA_D94G,R,0.8189233278955954,A,D94G,-50.99999999999999,3.1,-1.2700000000000002,-58.0,3.1999999999999997,H,AlphaHelix,-58.04000000000002,-41.610000000000014,97.4,1.0,1.0,False,False,False,False,True,False,88.1550888450658,63.0,80.0,18.4946885503575,7.838828370247936,14.503317804823576,46.65999984741211,1.7333416145382428,-0.873
432,MXF,>4,3.0,R,HIGH,gyrA,94.0,gyrA_D94G,R,0.8189233278955954,A,D94G,-50.99999999999999,3.1,-1.2700000000000002,-58.0,3.1999999999999997,H,AlphaHelix,-58.04000000000002,-41.610000000000014,97.4,1.0,1.0,False,False,False,False,True,False,88.1550888450658,63.0,80.0,18.4946885503575,7.838828370247936,14.503317804823576,46.65999984741211,1.7333416145382428,-0.873
433,MXF,0.5,-1.0,S,MEDIUM,gyrA,94.0,gyrA_D94G,R,0.8189233278955954,A,D94G,-50.99999999999999,3.1,-1.2700000000000002,-58.0,3.1999999999999997,H,AlphaHelix,-58.04000000000002,-41.610000000000014,97.4,1.0,1.0,False,False,False,False,True,False,88.1550888450658,63.0,80.0,18.4946885503575,7.838828370247936,14.503317804823576,46.65999984741211,1.7333416145382428,-0.873
434,MXF,0.25,-2.0,S,HIGH,gyrA,288.0,gyrA_A288V,S,1.0,A,A288V,51.400000000000006,2.4000000000000004,-0.8600000000000001,28.0,-0.040000000000000036,H,AlphaHelix,-55.73000000000002,-52.079999999999984,11.3,2.0,1.0,False,False,False,False,True,False,11.676533963816869,-66.0,82.0,42.918834465722156,29.384776103472706,31.706489039944646,85.9800033569336,1.9848467404953554,-0.718
435,MXF,2.0,1.0,R,HIGH,gyrA,90.0,gyrA_A90V,R,0.5555555555555556,A,A90V,51.400000000000006,2.4000000000000004,-0.8600000000000001,28.0,-0.040000000000000036,H,AlphaHelix,-61.829999999999984,-59.75999999999999,47.0,2.0,0.0,False,False,False,False,True,False,55.555815915240146,-64.0,82.0,14.434102224020556,5.4833322787917345,10.609526093749128,40.439998626708984,1.6650776123582791,0.089
436,MXF,>4,3.0,R,HIGH,gyrA,94.0,gyrA_D94G,R,0.8189233278955954,A,D94G,-50.99999999999999,3.1,-1.2700000000000002,-58.0,3.1999999999999997,H,AlphaHelix,-58.04000000000002,-41.610000000000014,97.4,1.0,1.0,False,False,False,False,True,False,88.1550888450658,63.0,80.0,18.4946885503575,7.838828370247936,14.503317804823576,46.65999984741211,1.7333416145382428,-0.873
437,MXF,2.0,1.0,R,HIGH,gyrA,94.0,gyrA_D94A,R,0.5232558139534884,A,D94A,-22.5,5.3,-2.08,-44.0,3.23,H,AlphaHelix,-58.04000000000002,-41.610000000000014,97.4,1.0,1.0,False,False,False,False,True,False,88.1550888450658,46.0,71.0,18.4946885503575,7.838828370247936,14.503317804823576,46.65999984741211,1.7333416145382428,-0.421
438,MXF,1.0,0.0,S,HIGH,gyrA,94.0,gyrA_D94H,R,0.75,A,D94H,42.099999999999994,0.2999999999999998,-1.04,22.099999999999994,4.82,H,AlphaHelix,-58.04000000000002,-41.610000000000014,97.4,1.0,1.0,False,False,False,False,True,False,88.1550888450658,79.0,85.0,18.4946885503575,7.838828370247936,14.503317804823576,46.65999984741211,1.7333416145382428,-0.36
439,MXF,>4,3.0,R,HIGH,gyrB,501.0,gyrB_E501D,R,0.7857142857142857,B,E501D,-27.30000000000001,0.0,0.8,-14.0,-0.4500000000000002,H,AlphaHelix,-71.87,-38.54000000000002,13.6,2.0,0.0,False,False,False,False,True,False,15.369778026626971,78.0,85.0,18.005379610370586,18.103477446299912,11.656371379938307,63.0099983215332,2.23399611625198,-2.507
440,MXF,2.0,1.0,R,HIGH,gyrA,90.0,gyrA_A90V,R,0.5555555555555556,A,A90V,51.400000000000006,2.4000000000000004,-0.8600000000000001,28.0,-0.040000000000000036,H,AlphaHelix,-61.829999999999984,-59.75999999999999,47.0,2.0,0.0,False,False,False,False,True,False,55.555815915240146,-64.0,82.0,14.434102224020556,5.4833322787917345,10.609526093749128,40.439998626708984,1.6650776123582791,0.089
441,MXF,2.0,1.0,R,HIGH,gyrA,94.0,gyrA_D94G,R,0.8189233278955954,A,D94G,-50.99999999999999,3.1,-1.2700000000000002,-58.0,3.1999999999999997,H,AlphaHelix,-58.04000000000002,-41.610000000000014,97.4,1.0,1.0,False,False,False,False,True,False,88.1550888450658,63.0,80.0,18.4946885503575,7.838828370247936,14.503317804823576,46.65999984741211,1.7333416145382428,-0.873
442,MXF,0.5,-1.0,S,MEDIUM,gyrA,94.0,gyrA_D94G,R,0.8189233278955954,A,D94G,-50.99999999999999,3.1,-1.2700000000000002,-58.0,3.1999999999999997,H,AlphaHelix,-58.04000000000002,-41.610000000000014,97.4,1.0,1.0,False,False,False,False,True,False,88.1550888450658,63.0,80.0,18.4946885503575,7.838828370247936,14.503317804823576,46.65999984741211,1.7333416145382428,-0.873
443,MXF,0.12,-3.06,S,HIGH,gyrA,91.0,gyrA_S91P,R,0.676923076923077,A,S91P,23.700000000000003,-0.8,-0.64,10.0,0.6200000000000001,H,AlphaHelix,-67.14999999999998,-27.149999999999977,64.8,1.0,0.0,False,False,False,False,True,False,65.22815545163408,63.0,80.0,13.712390715773491,5.3811257108513875,11.010229056369285,47.63999938964844,1.5284537092505912,-0.125
444,MXF,2.0,1.0,R,MEDIUM,gyrA,94.0,gyrA_D94A,R,0.5232558139534884,A,D94A,-22.5,5.3,-2.08,-44.0,3.23,H,AlphaHelix,-58.04000000000002,-41.610000000000014,97.4,1.0,1.0,False,False,False,False,True,False,88.1550888450658,46.0,71.0,18.4946885503575,7.838828370247936,14.503317804823576,46.65999984741211,1.7333416145382428,-0.421
445,MXF,>4,3.0,R,HIGH,gyrA,94.0,gyrA_D94G,R,0.8189233278955954,A,D94G,-50.99999999999999,3.1,-1.2700000000000002,-58.0,3.1999999999999997,H,AlphaHelix,-58.04000000000002,-41.610000000000014,97.4,1.0,1.0,False,False,False,False,True,False,88.1550888450658,63.0,80.0,18.4946885503575,7.838828370247936,14.503317804823576,46.65999984741211,1.7333416145382428,-0.873
446,MXF,2.0,1.0,R,HIGH,gyrA,90.0,gyrA_A90V,R,0.5555555555555556,A,A90V,51.400000000000006,2.4000000000000004,-0.8600000000000001,28.0,-0.040000000000000036,H,AlphaHelix,-61.829999999999984,-59.75999999999999,47.0,2.0,0.0,False,False,False,False,True,False,55.555815915240146,-64.0,82.0,14.434102224020556,5.4833322787917345,10.609526093749128,40.439998626708984,1.6650776123582791,0.089
447,MXF,2.0,1.0,R,HIGH,gyrA,90.0,gyrA_A90V,R,0.5555555555555556,A,A90V,51.400000000000006,2.4000000000000004,-0.8600000000000001,28.0,-0.040000000000000036,H,AlphaHelix,-61.829999999999984,-59.75999999999999,47.0,2.0,0.0,False,False,False,False,True,False,55.555815915240146,-64.0,82.0,14.434102224020556,5.4833322787917345,10.609526093749128,40.439998626708984,1.6650776123582791,0.089
448,MXF,>4,3.0,R,HIGH,gyrA,94.0,gyrA_D94G,R,0.8189233278955954,A,D94G,-50.99999999999999,3.1,-1.2700000000000002,-58.0,3.1999999999999997,H,AlphaHelix,-58.04000000000002,-41.610000000000014,97.4,1.0,1.0,False,False,False,False,True,False,88.1550888450658,63.0,80.0,18.4946885503575,7.838828370247936,14.503317804823576,46.65999984741211,1.7333416145382428,-0.873
449,MXF,0.5,-1.0,S,HIGH,gyrB,461.0,gyrB_D461N,S,0.8888888888888888,B,D461N,3.0,0.0,-1.9800000000000002,-1.0,2.64,H,AlphaHelix,-71.88999999999999,-39.93000000000001,81.7,1.0,0.0,False,False,False,False,True,False,75.64790414237022,36.0,66.0,11.848330371804606,15.309593699828135,10.195622879537305,64.79000091552734,1.5661131135005826,-0.266
450,MXF,>4,3.0,R,HIGH,gyrA,94.0,gyrA_D94Y,R,0.847457627118644,A,D94Y,82.5,2.2,-2.18,48.099999999999994,2.89,H,AlphaHelix,-58.04000000000002,-41.610000000000014,97.4,1.0,1.0,False,False,False,False,True,False,88.1550888450658,81.0,91.0,18.4946885503575,7.838828370247936,14.503317804823576,46.65999984741211,1.7333416145382428,-0.376
451,MXF,4.0,2.0,R,HIGH,gyrA,94.0,gyrA_D94G,R,0.8189233278955954,A,D94G,-50.99999999999999,3.1,-1.2700000000000002,-58.0,3.1999999999999997,H,AlphaHelix,-58.04000000000002,-41.610000000000014,97.4,1.0,1.0,False,False,False,False,True,False,88.1550888450658,63.0,80.0,18.4946885503575,7.838828370247936,14.503317804823576,46.65999984741211,1.7333416145382428,-0.873
452,MXF,4.0,2.0,R,HIGH,gyrA,94.0,gyrA_D94G,R,0.8189233278955954,A,D94G,-50.99999999999999,3.1,-1.2700000000000002,-58.0,3.1999999999999997,H,AlphaHelix,-58.04000000000002,-41.610000000000014,97.4,1.0,1.0,False,False,False,False,True,False,88.1550888450658,63.0,80.0,18.4946885503575,7.838828370247936,14.503317804823576,46.65999984741211,1.7333416145382428,-0.873
453,MXF,<=0.06,-4.06,S,HIGH,gyrA,94.0,gyrA_D94G,R,0.8189233278955954,A,D94G,-50.99999999999999,3.1,-1.2700000000000002,-58.0,3.1999999999999997,H,AlphaHelix,-58.04000000000002,-41.610000000000014,97.4,1.0,1.0,False,False,False,False,True,False,88.1550888450658,63.0,80.0,18.4946885503575,7.838828370247936,14.503317804823576,46.65999984741211,1.7333416145382428,-0.873
454,MXF,<=0.06,-4.06,S,MEDIUM,gyrA,237.0,gyrA_S237P,S,1.0,A,S237P,23.700000000000003,-0.8,-0.64,10.0,0.6200000000000001,H,AlphaHelix,-132.83,-15.470000000000027,93.4,2.0,0.0,False,False,False,False,True,False,84.98805596902513,-56.0,78.0,45.136314908675246,38.32592733331883,42.63468680393152,64.45999908447266,1.5215639229475377,-0.596
455,MXF,2.0,1.0,R,HIGH,gyrA,94.0,gyrA_D94A,R,0.5232558139534884,A,D94A,-22.5,5.3,-2.08,-44.0,3.23,H,AlphaHelix,-58.04000000000002,-41.610000000000014,97.4,1.0,1.0,False,False,False,False,True,False,88.1550888450658,46.0,71.0,18.4946885503575,7.838828370247936,14.503317804823576,46.65999984741211,1.7333416145382428,-0.421
456,MXF,2.0,1.0,R,HIGH,gyrA,105.0,gyrA_L105R,R,1.0,A,L105R,6.700000000000017,-8.3,1.69,43.0,4.779999999999999,T,Turn,-96.65999999999997,129.45,8.4,0.0,1.0,False,False,False,False,False,True,8.473817427497078,67.0,80.0,29.0836421900777,20.283452824674235,26.567282563669615,47.790000915527344,2.719683482946903,-1.786
457,MXF,0.25,-2.0,S,HIGH,gyrA,472.0,gyrA_P472S,S,0.9285714285714286,A,P472S,-23.700000000000003,0.8,0.64,-10.0,-0.6200000000000001,H,AlphaHelix,-59.70999999999998,-28.170000000000016,71.0,1.0,0.0,False,False,False,False,True,False,78.73791501370572,-68.0,82.0,46.44317945930904,48.133935316451236,53.0020285473169,69.8499984741211,1.6707895195538032,-1.116
458,MXF,>4,3.0,R,HIGH,gyrA,94.0,gyrA_D94G,R,0.8189233278955954,A,D94G,-50.99999999999999,3.1,-1.2700000000000002,-58.0,3.1999999999999997,H,AlphaHelix,-58.04000000000002,-41.610000000000014,97.4,1.0,1.0,False,False,False,False,True,False,88.1550888450658,63.0,80.0,18.4946885503575,7.838828370247936,14.503317804823576,46.65999984741211,1.7333416145382428,-0.873
459,MXF,>4,3.0,R,HIGH,gyrA,90.0,gyrA_A90V,R,0.5555555555555556,A,A90V,51.400000000000006,2.4000000000000004,-0.8600000000000001,28.0,-0.040000000000000036,H,AlphaHelix,-61.829999999999984,-59.75999999999999,47.0,2.0,0.0,False,False,False,False,True,False,55.555815915240146,-64.0,82.0,14.434102224020556,5.4833322787917345,10.609526093749128,40.439998626708984,1.6650776123582791,0.089
460,MXF,>4,3.0,R,HIGH,gyrA,94.0,gyrA_D94G,R,0.8189233278955954,A,D94G,-50.99999999999999,3.1,-1.2700000000000002,-58.0,3.1999999999999997,H,AlphaHelix,-58.04000000000002,-41.610000000000014,97.4,1.0,1.0,False,False,False,False,True,False,88.1550888450658,63.0,80.0,18.4946885503575,7.838828370247936,14.503317804823576,46.65999984741211,1.7333416145382428,-0.873
461,MXF,0.5,-1.0,S,MEDIUM,gyrA,90.0,gyrA_A90V,R,0.5555555555555556,A,A90V,51.400000000000006,2.4000000000000004,-0.8600000000000001,28.0,-0.040000000000000036,H,AlphaHelix,-61.829999999999984,-59.75999999999999,47.0,2.0,0.0,False,False,False,False,True,False,55.555815915240146,-64.0,82.0,14.434102224020556,5.4833322787917345,10.609526093749128,40.439998626708984,1.6650776123582791,0.089
462,MXF,2.0,1.0,R,HIGH,gyrA,94.0,gyrA_D94G,R,0.8189233278955954,A,D94G,-50.99999999999999,3.1,-1.2700000000000002,-58.0,3.1999999999999997,H,AlphaHelix,-58.04000000000002,-41.610000000000014,97.4,1.0,1.0,False,False,False,False,True,False,88.1550888450658,63.0,80.0,18.4946885503575,7.838828370247936,14.503317804823576,46.65999984741211,1.7333416145382428,-0.873
463,MXF,0.5,-1.0,S,MEDIUM,gyrA,94.0,gyrA_D94A,R,0.5232558139534884,A,D94A,-22.5,5.3,-2.08,-44.0,3.23,H,AlphaHelix,-58.04000000000002,-41.610000000000014,97.4,1.0,1.0,False,False,False,False,True,False,88.1550888450658,46.0,71.0,18.4946885503575,7.838828370247936,14.503317804823576,46.65999984741211,1.7333416145382428,-0.421
464,MXF,0.5,-1.0,S,HIGH,gyrA,94.0,gyrA_D94A,R,0.5232558139534884,A,D94A,-22.5,5.3,-2.08,-44.0,3.23,H,AlphaHelix,-58.04000000000002,-41.610000000000014,97.4,1.0,1.0,False,False,False,False,True,False,88.1550888450658,46.0,71.0,18.4946885503575,7.838828370247936,14.503317804823576,46.65999984741211,1.7333416145382428,-0.421
465,MXF,0.25,-2.0,S,HIGH,gyrA,90.0,gyrA_A90V,R,0.5555555555555556,A,A90V,51.400000000000006,2.4000000000000004,-0.8600000000000001,28.0,-0.040000000000000036,H,AlphaHelix,-61.829999999999984,-59.75999999999999,47.0,2.0,0.0,False,False,False,False,True,False,55.555815915240146,-64.0,82.0,14.434102224020556,5.4833322787917345,10.609526093749128,40.439998626708984,1.6650776123582791,0.089
466,MXF,>4,3.0,R,HIGH,gyrB,504.0,gyrB_A504V,S,0.6666666666666666,B,A504V,51.400000000000006,2.4000000000000004,-0.8600000000000001,28.0,-0.040000000000000036,H,AlphaHelix,-59.64999999999998,-42.079999999999984,10.1,1.0,2.0,False,False,False,False,True,False,11.414866074723719,5.0,53.0,21.169802031203538,22.5262580893872,15.850445728045397,54.0,2.050575642556502,-0.618
467,MXF,0.25,-2.0,S,MEDIUM,gyrA,154.0,gyrA_P154R,S,1.0,A,P154R,60.7,-2.9,1.31,59.099999999999994,4.46,E,Strand,-63.26999999999998,149.75,74.5,0.0,0.0,False,False,True,False,False,False,79.18597057272785,41.0,71.0,19.118048030681603,27.697803616910868,30.165253260701736,57.20000076293945,1.6282709707753908,-0.523
468,MXF,0.12,-3.06,S,HIGH,gyrB,526.0,gyrB_K526Q,S,1.0,B,K526Q,-24.799999999999983,0.3999999999999999,-1.62,0.0,-4.09,E,Strand,-131.07,113.53,54.1,1.0,0.0,False,False,True,False,False,False,50.172912107654724,47.0,71.0,23.588987139666717,33.32857742888527,27.423925932788926,67.94999694824219,2.157108657991182,-0.445
469,MXF,>4,3.0,R,HIGH,gyrA,89.0,gyrA_D89N,R,0.7142857142857143,A,D89N,3.0,0.0,-1.9800000000000002,-1.0,2.64,H,AlphaHelix,-67.79000000000002,-35.15999999999997,27.1,1.0,0.0,False,False,False,False,True,False,24.84916086555452,54.0,75.0,13.15472132034126,8.939840896240382,12.899553368087723,49.52000045776367,2.2988834846000192,-0.812
470,MXF,0.25,-2.0,S,HIGH,gyrA,148.0,gyrA_E148D,S,1.0,A,E148D,-27.30000000000001,0.0,0.8,-14.0,-0.4500000000000002,T,Turn,56.27,42.41,100.1,0.0,0.0,False,False,False,False,False,True,90.43881587146727,-96.0,97.0,31.930368297551986,35.79170864625866,40.22149968380899,68.19000244140625,1.590644618767662,0.02
471,MXF,0.5,-1.0,S,HIGH,gyrA,267.0,gyrA_T267I,S,0.9166666666666666,A,T267I,50.599999999999994,5.2,-0.92,12.099999999999994,0.41999999999999993,E,Strand,-110.84,147.57,41.6,1.0,0.0,False,False,True,False,False,False,44.1202990107675,-63.0,82.0,57.41807769187446,43.77226482698894,47.65815783374425,101.37999725341797,1.7631484448394852,-0.037
472,MXF,>4,3.0,R,HIGH,gyrB,499.0,gyrB_N499T,S,0.6666666666666666,B,N499T,2.0,2.8,-0.32,-13.0,0.1899999999999995,C,Coil,-66.65999999999997,120.5,43.0,2.0,2.0,False,True,False,False,False,False,40.44476788590575,15.0,59.0,21.727521249200905,18.74934841945492,13.214297718613494,62.86000061035156,2.0305274785868135,-1.227
473,MXF,0.5,-1.0,S,MEDIUM,gyrA,91.0,gyrA_S91P,R,0.676923076923077,A,S91P,23.700000000000003,-0.8,-0.64,10.0,0.6200000000000001,H,AlphaHelix,-67.14999999999998,-27.149999999999977,64.8,1.0,0.0,False,False,False,False,True,False,65.22815545163408,63.0,80.0,13.712390715773491,5.3811257108513875,11.010229056369285,47.63999938964844,1.5284537092505912,-0.125
474,MXF,4.0,2.0,R,MEDIUM,gyrA,90.0,gyrA_A90V,R,0.5555555555555556,A,A90V,51.400000000000006,2.4000000000000004,-0.8600000000000001,28.0,-0.040000000000000036,H,AlphaHelix,-61.829999999999984,-59.75999999999999,47.0,2.0,0.0,False,False,False,False,True,False,55.555815915240146,-64.0,82.0,14.434102224020556,5.4833322787917345,10.609526093749128,40.439998626708984,1.6650776123582791,0.089
475,MXF,0.25,-2.0,S,HIGH,gyrA,267.0,gyrA_T267I,S,0.9166666666666666,A,T267I,50.599999999999994,5.2,-0.92,12.099999999999994,0.41999999999999993,E,Strand,-110.84,147.57,41.6,1.0,0.0,False,False,True,False,False,False,44.1202990107675,-63.0,82.0,57.41807769187446,43.77226482698894,47.65815783374425,101.37999725341797,1.7631484448394852,-0.037
476,MXF,1.0,0.0,S,HIGH,gyrA,94.0,gyrA_D94G,R,0.8189233278955954,A,D94G,-50.99999999999999,3.1,-1.2700000000000002,-58.0,3.1999999999999997,H,AlphaHelix,-58.04000000000002,-41.610000000000014,97.4,1.0,1.0,False,False,False,False,True,False,88.1550888450658,63.0,80.0,18.4946885503575,7.838828370247936,14.503317804823576,46.65999984741211,1.7333416145382428,-0.873
477,MXF,>4,3.0,R,HIGH,gyrA,94.0,gyrA_D94G,R,0.8189233278955954,A,D94G,-50.99999999999999,3.1,-1.2700000000000002,-58.0,3.1999999999999997,H,AlphaHelix,-58.04000000000002,-41.610000000000014,97.4,1.0,1.0,False,False,False,False,True,False,88.1550888450658,63.0,80.0,18.4946885503575,7.838828370247936,14.503317804823576,46.65999984741211,1.7333416145382428,-0.873
478,MXF,>4,3.0,R,HIGH,gyrA,94.0,gyrA_D94N,R,0.8235294117647058,A,D94N,3.0,0.0,-1.9800000000000002,-1.0,2.64,H,AlphaHelix,-58.04000000000002,-41.610000000000014,97.4,1.0,1.0,False,False,False,False,True,False,88.1550888450658,56.0,75.0,18.4946885503575,7.838828370247936,14.503317804823576,46.65999984741211,1.7333416145382428,-0.347
479,MXF,1.0,0.0,S,HIGH,gyrA,91.0,gyrA_S91P,R,0.676923076923077,A,S91P,23.700000000000003,-0.8,-0.64,10.0,0.6200000000000001,H,AlphaHelix,-67.14999999999998,-27.149999999999977,64.8,1.0,0.0,False,False,False,False,True,False,65.22815545163408,63.0,80.0,13.712390715773491,5.3811257108513875,11.010229056369285,47.63999938964844,1.5284537092505912,-0.125
480,MXF,4.0,2.0,R,MEDIUM,gyrA,94.0,gyrA_D94G,R,0.8189233278955954,A,D94G,-50.99999999999999,3.1,-1.2700000000000002,-58.0,3.1999999999999997,H,AlphaHelix,-58.04000000000002,-41.610000000000014,97.4,1.0,1.0,False,False,False,False,True,False,88.1550888450658,63.0,80.0,18.4946885503575,7.838828370247936,14.503317804823576,46.65999984741211,1.7333416145382428,-0.873
481,MXF,0.12,-3.06,S,MEDIUM,gyrA,94.0,gyrA_D94A,R,0.5232558139534884,A,D94A,-22.5,5.3,-2.08,-44.0,3.23,H,AlphaHelix,-58.04000000000002,-41.610000000000014,97.4,1.0,1.0,False,False,False,False,True,False,88.1550888450658,46.0,71.0,18.4946885503575,7.838828370247936,14.503317804823576,46.65999984741211,1.7333416145382428,-0.421
482,MXF,4.0,2.0,R,HIGH,gyrA,94.0,gyrA_D94G,R,0.8189233278955954,A,D94G,-50.99999999999999,3.1,-1.2700000000000002,-58.0,3.1999999999999997,H,AlphaHelix,-58.04000000000002,-41.610000000000014,97.4,1.0,1.0,False,False,False,False,True,False,88.1550888450658,63.0,80.0,18.4946885503575,7.838828370247936,14.503317804823576,46.65999984741211,1.7333416145382428,-0.873
483,MXF,>4,3.0,R,HIGH,gyrA,94.0,gyrA_D94G,R,0.8189233278955954,A,D94G,-50.99999999999999,3.1,-1.2700000000000002,-58.0,3.1999999999999997,H,AlphaHelix,-58.04000000000002,-41.610000000000014,97.4,1.0,1.0,False,False,False,False,True,False,88.1550888450658,63.0,80.0,18.4946885503575,7.838828370247936,14.503317804823576,46.65999984741211,1.7333416145382428,-0.873
484,MXF,>4,3.0,R,HIGH,gyrA,94.0,gyrA_D94G,R,0.8189233278955954,A,D94G,-50.99999999999999,3.1,-1.2700000000000002,-58.0,3.1999999999999997,H,AlphaHelix,-58.04000000000002,-41.610000000000014,97.4,1.0,1.0,False,False,False,False,True,False,88.1550888450658,63.0,80.0,18.4946885503575,7.838828370247936,14.503317804823576,46.65999984741211,1.7333416145382428,-0.873
485,MXF,>4,3.0,R,HIGH,gyrA,89.0,gyrA_D89G,R,1.0,A,D89G,-50.99999999999999,3.1,-1.2700000000000002,-58.0,3.1999999999999997,H,AlphaHelix,-67.79000000000002,-35.15999999999997,27.1,1.0,0.0,False,False,False,False,True,False,24.84916086555452,65.0,80.0,13.15472132034126,8.939840896240382,12.899553368087723,49.52000045776367,2.2988834846000192,-1.598
486,MXF,>4,3.0,R,HIGH,gyrA,94.0,gyrA_D94G,R,0.8189233278955954,A,D94G,-50.99999999999999,3.1,-1.2700000000000002,-58.0,3.1999999999999997,H,AlphaHelix,-58.04000000000002,-41.610000000000014,97.4,1.0,1.0,False,False,False,False,True,False,88.1550888450658,63.0,80.0,18.4946885503575,7.838828370247936,14.503317804823576,46.65999984741211,1.7333416145382428,-0.873
487,MXF,>4,3.0,R,MEDIUM,gyrA,88.0,gyrA_G88C,R,0.9090909090909091,A,G88C,48.4,2.9,-0.9199999999999999,46.10000000000001,-0.8999999999999995,C,Coil,-77.02999999999997,152.43,8.6,0.0,0.0,False,True,False,False,False,False,9.936179450376525,50.0,75.0,9.426612506997063,8.72870415742702,11.188927476312779,57.560001373291016,1.9098223702260209,-0.725
488,MXF,2.0,1.0,R,HIGH,gyrA,90.0,gyrA_A90V,R,0.5555555555555556,A,A90V,51.400000000000006,2.4000000000000004,-0.8600000000000001,28.0,-0.040000000000000036,H,AlphaHelix,-61.829999999999984,-59.75999999999999,47.0,2.0,0.0,False,False,False,False,True,False,55.555815915240146,-64.0,82.0,14.434102224020556,5.4833322787917345,10.609526093749128,40.439998626708984,1.6650776123582791,0.089
489,MXF,4.0,2.0,R,MEDIUM,gyrA,94.0,gyrA_D94G,R,0.8189233278955954,A,D94G,-50.99999999999999,3.1,-1.2700000000000002,-58.0,3.1999999999999997,H,AlphaHelix,-58.04000000000002,-41.610000000000014,97.4,1.0,1.0,False,False,False,False,True,False,88.1550888450658,63.0,80.0,18.4946885503575,7.838828370247936,14.503317804823576,46.65999984741211,1.7333416145382428,-0.873
490,MXF,>4,3.0,R,HIGH,gyrA,94.0,gyrA_D94G,R,0.8189233278955954,A,D94G,-50.99999999999999,3.1,-1.2700000000000002,-58.0,3.1999999999999997,H,AlphaHelix,-58.04000000000002,-41.610000000000014,97.4,1.0,1.0,False,False,False,False,True,False,88.1550888450658,63.0,80.0,18.4946885503575,7.838828370247936,14.503317804823576,46.65999984741211,1.7333416145382428,-0.873
491,MXF,>4,3.0,R,MEDIUM,gyrA,94.0,gyrA_D94G,R,0.8189233278955954,A,D94G,-50.99999999999999,3.1,-1.2700000000000002,-58.0,3.1999999999999997,H,AlphaHelix,-58.04000000000002,-41.610000000000014,97.4,1.0,1.0,False,False,False,False,True,False,88.1550888450658,63.0,80.0,18.4946885503575,7.838828370247936,14.503317804823576,46.65999984741211,1.7333416145382428,-0.873
492,MXF,0.5,-1.0,S,HIGH,gyrA,351.0,gyrA_G351A,S,1.0,A,G351A,28.499999999999993,2.2,-0.8099999999999998,14.0,0.03000000000000025,T,Turn,78.93,12.86,39.3,0.0,0.0,False,False,False,False,False,True,39.82673161025771,12.0,59.0,22.844769115963054,28.244458408142997,30.783932056784984,51.04999923706055,1.505625513846473,-1.764
493,MXF,0.12,-3.06,S,HIGH,gyrA,94.0,gyrA_D94G,R,0.8189233278955954,A,D94G,-50.99999999999999,3.1,-1.2700000000000002,-58.0,3.1999999999999997,H,AlphaHelix,-58.04000000000002,-41.610000000000014,97.4,1.0,1.0,False,False,False,False,True,False,88.1550888450658,63.0,80.0,18.4946885503575,7.838828370247936,14.503317804823576,46.65999984741211,1.7333416145382428,-0.873
494,MXF,<=0.06,-4.06,S,HIGH,gyrA,282.0,gyrA_N282K,S,0.8,A,N282K,54.5,-0.3999999999999999,1.3800000000000001,14.099999999999994,4.33,H,AlphaHelix,-64.48000000000002,-35.73000000000002,80.0,1.0,0.0,False,False,False,False,True,False,79.79765719660747,-72.0,87.0,34.06851876228447,20.565156123121184,23.870427032333804,67.81999969482422,1.6829211647617668,-0.498
495,MXF,4.0,2.0,R,HIGH,gyrA,94.0,gyrA_D94G,R,0.8189233278955954,A,D94G,-50.99999999999999,3.1,-1.2700000000000002,-58.0,3.1999999999999997,H,AlphaHelix,-58.04000000000002,-41.610000000000014,97.4,1.0,1.0,False,False,False,False,True,False,88.1550888450658,63.0,80.0,18.4946885503575,7.838828370247936,14.503317804823576,46.65999984741211,1.7333416145382428,-0.873
496,MXF,<=0.06,-4.06,S,MEDIUM,gyrB,500.0,gyrB_T500N,S,0.8,B,T500N,-2.0,-2.8,0.32,13.0,-0.1899999999999995,H,AlphaHelix,-57.870000000000005,-37.74000000000001,88.7,1.0,0.0,False,False,False,False,True,False,91.70815715162803,-69.0,82.0,20.980381818326222,18.43322881312501,12.209729764108214,63.970001220703125,1.5446886429143032,0.026
497,MXF,0.12,-3.06,S,MEDIUM,gyrA,91.0,gyrA_S91P,R,0.676923076923077,A,S91P,23.700000000000003,-0.8,-0.64,10.0,0.6200000000000001,H,AlphaHelix,-67.14999999999998,-27.149999999999977,64.8,1.0,0.0,False,False,False,False,True,False,65.22815545163408,63.0,80.0,13.712390715773491,5.3811257108513875,11.010229056369285,47.63999938964844,1.5284537092505912,-0.125
498,MXF,>4,3.0,R,HIGH,gyrA,88.0,gyrA_G88C,R,0.9090909090909091,A,G88C,48.4,2.9,-0.9199999999999999,46.10000000000001,-0.8999999999999995,C,Coil,-77.02999999999997,152.43,8.6,0.0,0.0,False,True,False,False,False,False,9.936179450376525,50.0,75.0,9.426612506997063,8.72870415742702,11.188927476312779,57.560001373291016,1.9098223702260209,-0.725
499,MXF,1.0,0.0,S,HIGH,gyrA,90.0,gyrA_A90V,R,0.5555555555555556,A,A90V,51.400000000000006,2.4000000000000004,-0.8600000000000001,28.0,-0.040000000000000036,H,AlphaHelix,-61.829999999999984,-59.75999999999999,47.0,2.0,0.0,False,False,False,False,True,False,55.555815915240146,-64.0,82.0,14.434102224020556,5.4833322787917345,10.609526093749128,40.439998626708984,1.6650776123582791,0.089
500,MXF,0.5,-1.0,S,MEDIUM,gyrB,578.0,gyrB_P578A,S,1.0,B,P578A,-24.10000000000001,3.4000000000000004,0.64,-26.0,-0.2999999999999998,C,Coil,-71.84000000000003,148.13,51.5,0.0,0.0,False,True,False,False,False,False,58.820950348148,-48.0,72.0,23.179621785924805,36.09202271438644,34.175233182733486,74.37000274658203,1.6960195799458653,-0.713
501,MXF,>4,3.0,R,HIGH,gyrA,94.0,gyrA_D94G,R,0.8189233278955954,A,D94G,-50.99999999999999,3.1,-1.2700000000000002,-58.0,3.1999999999999997,H,AlphaHelix,-58.04000000000002,-41.610000000000014,97.4,1.0,1.0,False,False,False,False,True,False,88.1550888450658,63.0,80.0,18.4946885503575,7.838828370247936,14.503317804823576,46.65999984741211,1.7333416145382428,-0.873
502,MXF,>4,3.0,R,HIGH,gyrA,94.0,gyrA_D94G,R,0.8189233278955954,A,D94G,-50.99999999999999,3.1,-1.2700000000000002,-58.0,3.1999999999999997,H,AlphaHelix,-58.04000000000002,-41.610000000000014,97.4,1.0,1.0,False,False,False,False,True,False,88.1550888450658,63.0,80.0,18.4946885503575,7.838828370247936,14.503317804823576,46.65999984741211,1.7333416145382428,-0.873
503,MXF,0.5,-1.0,S,HIGH,gyrA,94.0,gyrA_D94G,R,0.8189233278955954,A,D94G,-50.99999999999999,3.1,-1.2700000000000002,-58.0,3.1999999999999997,H,AlphaHelix,-58.04000000000002,-41.610000000000014,97.4,1.0,1.0,False,False,False,False,True,False,88.1550888450658,63.0,80.0,18.4946885503575,7.838828370247936,14.503317804823576,46.65999984741211,1.7333416145382428,-0.873
504,MXF,2.0,1.0,R,HIGH,gyrA,94.0,gyrA_D94G,R,0.8189233278955954,A,D94G,-50.99999999999999,3.1,-1.2700000000000002,-58.0,3.1999999999999997,H,AlphaHelix,-58.04000000000002,-41.610000000000014,97.4,1.0,1.0,False,False,False,False,True,False,88.1550888450658,63.0,80.0,18.4946885503575,7.838828370247936,14.503317804823576,46.65999984741211,1.7333416145382428,-0.873
505,MXF,2.0,1.0,R,HIGH,gyrA,94.0,gyrA_D94G,R,0.8189233278955954,A,D94G,-50.99999999999999,3.1,-1.2700000000000002,-58.0,3.1999999999999997,H,AlphaHelix,-58.04000000000002,-41.610000000000014,97.4,1.0,1.0,False,False,False,False,True,False,88.1550888450658,63.0,80.0,18.4946885503575,7.838828370247936,14.503317804823576,46.65999984741211,1.7333416145382428,-0.873
506,MXF,4.0,2.0,R,HIGH,gyrA,94.0,gyrA_D94G,R,0.8189233278955954,A,D94G,-50.99999999999999,3.1,-1.2700000000000002,-58.0,3.1999999999999997,H,AlphaHelix,-58.04000000000002,-41.610000000000014,97.4,1.0,1.0,False,False,False,False,True,False,88.1550888450658,63.0,80.0,18.4946885503575,7.838828370247936,14.503317804823576,46.65999984741211,1.7333416145382428,-0.873
507,MXF,2.0,1.0,R,MEDIUM,gyrA,90.0,gyrA_A90V,R,0.5555555555555556,A,A90V,51.400000000000006,2.4000000000000004,-0.8600000000000001,28.0,-0.040000000000000036,H,AlphaHelix,-61.829999999999984,-59.75999999999999,47.0,2.0,0.0,False,False,False,False,True,False,55.555815915240146,-64.0,82.0,14.434102224020556,5.4833322787917345,10.609526093749128,40.439998626708984,1.6650776123582791,0.089
508,MXF,2.0,1.0,R,HIGH,gyrA,94.0,gyrA_D94N,R,0.8235294117647058,A,D94N,3.0,0.0,-1.9800000000000002,-1.0,2.64,H,AlphaHelix,-58.04000000000002,-41.610000000000014,97.4,1.0,1.0,False,False,False,False,True,False,88.1550888450658,56.0,75.0,18.4946885503575,7.838828370247936,14.503317804823576,46.65999984741211,1.7333416145382428,-0.347
509,MXF,4.0,2.0,R,HIGH,gyrA,94.0,gyrA_D94G,R,0.8189233278955954,A,D94G,-50.99999999999999,3.1,-1.2700000000000002,-58.0,3.1999999999999997,H,AlphaHelix,-58.04000000000002,-41.610000000000014,97.4,1.0,1.0,False,False,False,False,True,False,88.1550888450658,63.0,80.0,18.4946885503575,7.838828370247936,14.503317804823576,46.65999984741211,1.7333416145382428,-0.873
510,MXF,4.0,2.0,R,HIGH,gyrA,94.0,gyrA_D94G,R,0.8189233278955954,A,D94G,-50.99999999999999,3.1,-1.2700000000000002,-58.0,3.1999999999999997,H,AlphaHelix,-58.04000000000002,-41.610000000000014,97.4,1.0,1.0,False,False,False,False,True,False,88.1550888450658,63.0,80.0,18.4946885503575,7.838828370247936,14.503317804823576,46.65999984741211,1.7333416145382428,-0.873
511,MXF,>4,3.0,R,HIGH,gyrA,94.0,gyrA_D94G,R,0.8189233278955954,A,D94G,-50.99999999999999,3.1,-1.2700000000000002,-58.0,3.1999999999999997,H,AlphaHelix,-58.04000000000002,-41.610000000000014,97.4,1.0,1.0,False,False,False,False,True,False,88.1550888450658,63.0,80.0,18.4946885503575,7.838828370247936,14.503317804823576,46.65999984741211,1.7333416145382428,-0.873
512,MXF,4.0,2.0,R,MEDIUM,gyrA,94.0,gyrA_D94Y,R,0.847457627118644,A,D94Y,82.5,2.2,-2.18,48.099999999999994,2.89,H,AlphaHelix,-58.04000000000002,-41.610000000000014,97.4,1.0,1.0,False,False,False,False,True,False,88.1550888450658,81.0,91.0,18.4946885503575,7.838828370247936,14.503317804823576,46.65999984741211,1.7333416145382428,-0.376
513,MXF,<=0.06,-4.06,S,HIGH,gyrB,586.0,gyrB_E586K,S,1.0,B,E586K,30.19999999999999,-0.3999999999999999,0.19999999999999996,-0.9000000000000057,6.52,H,AlphaHelix,-61.870000000000005,-38.22000000000003,74.7,2.0,0.0,False,False,False,False,True,False,66.62538256846523,40.0,71.0,21.086767378311237,35.85632520752112,34.31069357842604,65.0199966430664,1.7430206785365188,-0.909
514,MXF,1.0,0.0,S,HIGH,gyrA,90.0,gyrA_A90V,R,0.5555555555555556,A,A90V,51.400000000000006,2.4000000000000004,-0.8600000000000001,28.0,-0.040000000000000036,H,AlphaHelix,-61.829999999999984,-59.75999999999999,47.0,2.0,0.0,False,False,False,False,True,False,55.555815915240146,-64.0,82.0,14.434102224020556,5.4833322787917345,10.609526093749128,40.439998626708984,1.6650776123582791,0.089
515,MXF,0.25,-2.0,S,HIGH,gyrA,346.0,gyrA_L346V,S,1.0,A,L346V,-26.69999999999999,0.40000000000000036,0.15999999999999992,-14.099999999999994,-0.020000000000000462,E,Strand,-105.4,125.94,8.8,0.0,1.0,False,False,True,False,False,False,10.348432794704593,-89.0,93.0,26.90590856572466,25.894158702165782,29.24562602600237,52.459999084472656,2.9672121812905234,-0.753
516,MXF,1.0,0.0,S,HIGH,gyrA,90.0,gyrA_A90V,R,0.5555555555555556,A,A90V,51.400000000000006,2.4000000000000004,-0.8600000000000001,28.0,-0.040000000000000036,H,AlphaHelix,-61.829999999999984,-59.75999999999999,47.0,2.0,0.0,False,False,False,False,True,False,55.555815915240146,-64.0,82.0,14.434102224020556,5.4833322787917345,10.609526093749128,40.439998626708984,1.6650776123582791,0.089
517,MXF,>4,3.0,R,MEDIUM,gyrA,88.0,gyrA_G88C,R,0.9090909090909091,A,G88C,48.4,2.9,-0.9199999999999999,46.10000000000001,-0.8999999999999995,C,Coil,-77.02999999999997,152.43,8.6,0.0,0.0,False,True,False,False,False,False,9.936179450376525,50.0,75.0,9.426612506997063,8.72870415742702,11.188927476312779,57.560001373291016,1.9098223702260209,-0.725
518,MXF,4.0,2.0,R,HIGH,gyrA,94.0,gyrA_D94N,R,0.8235294117647058,A,D94N,3.0,0.0,-1.9800000000000002,-1.0,2.64,H,AlphaHelix,-58.04000000000002,-41.610000000000014,97.4,1.0,1.0,False,False,False,False,True,False,88.1550888450658,56.0,75.0,18.4946885503575,7.838828370247936,14.503317804823576,46.65999984741211,1.7333416145382428,-0.347
519,MXF,>4,3.0,R,MEDIUM,gyrA,94.0,gyrA_D94N,R,0.8235294117647058,A,D94N,3.0,0.0,-1.9800000000000002,-1.0,2.64,H,AlphaHelix,-58.04000000000002,-41.610000000000014,97.4,1.0,1.0,False,False,False,False,True,False,88.1550888450658,56.0,75.0,18.4946885503575,7.838828370247936,14.503317804823576,46.65999984741211,1.7333416145382428,-0.347
520,MXF,4.0,2.0,R,HIGH,gyrA,94.0,gyrA_D94G,R,0.8189233278955954,A,D94G,-50.99999999999999,3.1,-1.2700000000000002,-58.0,3.1999999999999997,H,AlphaHelix,-58.04000000000002,-41.610000000000014,97.4,1.0,1.0,False,False,False,False,True,False,88.1550888450658,63.0,80.0,18.4946885503575,7.838828370247936,14.503317804823576,46.65999984741211,1.7333416145382428,-0.873
521,MXF,>4,3.0,R,HIGH,gyrA,90.0,gyrA_A90V,R,0.5555555555555556,A,A90V,51.400000000000006,2.4000000000000004,-0.8600000000000001,28.0,-0.040000000000000036,H,AlphaHelix,-61.829999999999984,-59.75999999999999,47.0,2.0,0.0,False,False,False,False,True,False,55.555815915240146,-64.0,82.0,14.434102224020556,5.4833322787917345,10.609526093749128,40.439998626708984,1.6650776123582791,0.089
522,MXF,>4,3.0,R,HIGH,gyrA,94.0,gyrA_D94N,R,0.8235294117647058,A,D94N,3.0,0.0,-1.9800000000000002,-1.0,2.64,H,AlphaHelix,-58.04000000000002,-41.610000000000014,97.4,1.0,1.0,False,False,False,False,True,False,88.1550888450658,56.0,75.0,18.4946885503575,7.838828370247936,14.503317804823576,46.65999984741211,1.7333416145382428,-0.347
523,MXF,>4,3.0,R,MEDIUM,gyrA,94.0,gyrA_D94G,R,0.8189233278955954,A,D94G,-50.99999999999999,3.1,-1.2700000000000002,-58.0,3.1999999999999997,H,AlphaHelix,-58.04000000000002,-41.610000000000014,97.4,1.0,1.0,False,False,False,False,True,False,88.1550888450658,63.0,80.0,18.4946885503575,7.838828370247936,14.503317804823576,46.65999984741211,1.7333416145382428,-0.873
524,MXF,0.5,-1.0,S,MEDIUM,gyrA,94.0,gyrA_D94A,R,0.5232558139534884,A,D94A,-22.5,5.3,-2.08,-44.0,3.23,H,AlphaHelix,-58.04000000000002,-41.610000000000014,97.4,1.0,1.0,False,False,False,False,True,False,88.1550888450658,46.0,71.0,18.4946885503575,7.838828370247936,14.503317804823576,46.65999984741211,1.7333416145382428,-0.421
525,MXF,0.25,-2.0,S,MEDIUM,gyrA,90.0,gyrA_A90V,R,0.5555555555555556,A,A90V,51.400000000000006,2.4000000000000004,-0.8600000000000001,28.0,-0.040000000000000036,H,AlphaHelix,-61.829999999999984,-59.75999999999999,47.0,2.0,0.0,False,False,False,False,True,False,55.555815915240146,-64.0,82.0,14.434102224020556,5.4833322787917345,10.609526093749128,40.439998626708984,1.6650776123582791,0.089
526,MXF,>4,3.0,R,HIGH,gyrA,94.0,gyrA_D94G,R,0.8189233278955954,A,D94G,-50.99999999999999,3.1,-1.2700000000000002,-58.0,3.1999999999999997,H,AlphaHelix,-58.04000000000002,-41.610000000000014,97.4,1.0,1.0,False,False,False,False,True,False,88.1550888450658,63.0,80.0,18.4946885503575,7.838828370247936,14.503317804823576,46.65999984741211,1.7333416145382428,-0.873
527,MXF,4.0,2.0,R,HIGH,gyrA,94.0,gyrA_D94N,R,0.8235294117647058,A,D94N,3.0,0.0,-1.9800000000000002,-1.0,2.64,H,AlphaHelix,-58.04000000000002,-41.610000000000014,97.4,1.0,1.0,False,False,False,False,True,False,88.1550888450658,56.0,75.0,18.4946885503575,7.838828370247936,14.503317804823576,46.65999984741211,1.7333416145382428,-0.347
528,MXF,>4,3.0,R,HIGH,gyrA,94.0,gyrA_D94N,R,0.8235294117647058,A,D94N,3.0,0.0,-1.9800000000000002,-1.0,2.64,H,AlphaHelix,-58.04000000000002,-41.610000000000014,97.4,1.0,1.0,False,False,False,False,True,False,88.1550888450658,56.0,75.0,18.4946885503575,7.838828370247936,14.503317804823576,46.65999984741211,1.7333416145382428,-0.347
529,MXF,>4,3.0,R,MEDIUM,gyrA,94.0,gyrA_D94N,R,0.8235294117647058,A,D94N,3.0,0.0,-1.9800000000000002,-1.0,2.64,H,AlphaHelix,-58.04000000000002,-41.610000000000014,97.4,1.0,1.0,False,False,False,False,True,False,88.1550888450658,56.0,75.0,18.4946885503575,7.838828370247936,14.503317804823576,46.65999984741211,1.7333416145382428,-0.347
530,MXF,0.5,-1.0,S,HIGH,gyrA,94.0,gyrA_D94A,R,0.5232558139534884,A,D94A,-22.5,5.3,-2.08,-44.0,3.23,H,AlphaHelix,-58.04000000000002,-41.610000000000014,97.4,1.0,1.0,False,False,False,False,True,False,88.1550888450658,46.0,71.0,18.4946885503575,7.838828370247936,14.503317804823576,46.65999984741211,1.7333416145382428,-0.421
531,MXF,1.0,0.0,S,MEDIUM,gyrA,94.0,gyrA_D94G,R,0.8189233278955954,A,D94G,-50.99999999999999,3.1,-1.2700000000000002,-58.0,3.1999999999999997,H,AlphaHelix,-58.04000000000002,-41.610000000000014,97.4,1.0,1.0,False,False,False,False,True,False,88.1550888450658,63.0,80.0,18.4946885503575,7.838828370247936,14.503317804823576,46.65999984741211,1.7333416145382428,-0.873
532,MXF,2.0,1.0,R,HIGH,gyrA,94.0,gyrA_D94G,R,0.8189233278955954,A,D94G,-50.99999999999999,3.1,-1.2700000000000002,-58.0,3.1999999999999997,H,AlphaHelix,-58.04000000000002,-41.610000000000014,97.4,1.0,1.0,False,False,False,False,True,False,88.1550888450658,63.0,80.0,18.4946885503575,7.838828370247936,14.503317804823576,46.65999984741211,1.7333416145382428,-0.873
533,MXF,4.0,2.0,R,HIGH,gyrA,94.0,gyrA_D94N,R,0.8235294117647058,A,D94N,3.0,0.0,-1.9800000000000002,-1.0,2.64,H,AlphaHelix,-58.04000000000002,-41.610000000000014,97.4,1.0,1.0,False,False,False,False,True,False,88.1550888450658,56.0,75.0,18.4946885503575,7.838828370247936,14.503317804823576,46.65999984741211,1.7333416145382428,-0.347
534,MXF,2.0,1.0,R,HIGH,gyrA,90.0,gyrA_A90V,R,0.5555555555555556,A,A90V,51.400000000000006,2.4000000000000004,-0.8600000000000001,28.0,-0.040000000000000036,H,AlphaHelix,-61.829999999999984,-59.75999999999999,47.0,2.0,0.0,False,False,False,False,True,False,55.555815915240146,-64.0,82.0,14.434102224020556,5.4833322787917345,10.609526093749128,40.439998626708984,1.6650776123582791,0.089
535,MXF,>4,3.0,R,HIGH,gyrA,94.0,gyrA_D94G,R,0.8189233278955954,A,D94G,-50.99999999999999,3.1,-1.2700000000000002,-58.0,3.1999999999999997,H,AlphaHelix,-58.04000000000002,-41.610000000000014,97.4,1.0,1.0,False,False,False,False,True,False,88.1550888450658,63.0,80.0,18.4946885503575,7.838828370247936,14.503317804823576,46.65999984741211,1.7333416145382428,-0.873
536,MXF,0.25,-2.0,S,MEDIUM,gyrA,472.0,gyrA_P472S,S,0.9285714285714286,A,P472S,-23.700000000000003,0.8,0.64,-10.0,-0.6200000000000001,H,AlphaHelix,-59.70999999999998,-28.170000000000016,71.0,1.0,0.0,False,False,False,False,True,False,78.73791501370572,-68.0,82.0,46.44317945930904,48.133935316451236,53.0020285473169,69.8499984741211,1.6707895195538032,-1.116
537,MXF,0.25,-2.0,S,MEDIUM,gyrA,91.0,gyrA_S91P,R,0.676923076923077,A,S91P,23.700000000000003,-0.8,-0.64,10.0,0.6200000000000001,H,AlphaHelix,-67.14999999999998,-27.149999999999977,64.8,1.0,0.0,False,False,False,False,True,False,65.22815545163408,63.0,80.0,13.712390715773491,5.3811257108513875,11.010229056369285,47.63999938964844,1.5284537092505912,-0.125
538,MXF,0.25,-2.0,S,MEDIUM,gyrA,94.0,gyrA_D94G,R,0.8189233278955954,A,D94G,-50.99999999999999,3.1,-1.2700000000000002,-58.0,3.1999999999999997,H,AlphaHelix,-58.04000000000002,-41.610000000000014,97.4,1.0,1.0,False,False,False,False,True,False,88.1550888450658,63.0,80.0,18.4946885503575,7.838828370247936,14.503317804823576,46.65999984741211,1.7333416145382428,-0.873
539,MXF,0.12,-3.06,S,HIGH,gyrA,210.0,gyrA_A210V,S,1.0,A,A210V,51.400000000000006,2.4000000000000004,-0.8600000000000001,28.0,-0.040000000000000036,T,Turn,-59.75,137.42,17.3,0.0,1.0,False,False,False,False,False,True,21.890134117638297,-66.0,82.0,47.51815612993418,47.37203483978227,51.81097005918567,69.98999786376953,1.7880208742571901,-0.875
540,MXF,2.0,1.0,R,HIGH,gyrA,94.0,gyrA_D94A,R,0.5232558139534884,A,D94A,-22.5,5.3,-2.08,-44.0,3.23,H,AlphaHelix,-58.04000000000002,-41.610000000000014,97.4,1.0,1.0,False,False,False,False,True,False,88.1550888450658,46.0,71.0,18.4946885503575,7.838828370247936,14.503317804823576,46.65999984741211,1.7333416145382428,-0.421
541,MXF,4.0,2.0,R,HIGH,gyrA,94.0,gyrA_D94Y,R,0.847457627118644,A,D94Y,82.5,2.2,-2.18,48.099999999999994,2.89,H,AlphaHelix,-58.04000000000002,-41.610000000000014,97.4,1.0,1.0,False,False,False,False,True,False,88.1550888450658,81.0,91.0,18.4946885503575,7.838828370247936,14.503317804823576,46.65999984741211,1.7333416145382428,-0.376
542,MXF,0.5,-1.0,S,MEDIUM,gyrA,94.0,gyrA_D94G,R,0.8189233278955954,A,D94G,-50.99999999999999,3.1,-1.2700000000000002,-58.0,3.1999999999999997,H,AlphaHelix,-58.04000000000002,-41.610000000000014,97.4,1.0,1.0,False,False,False,False,True,False,88.1550888450658,63.0,80.0,18.4946885503575,7.838828370247936,14.503317804823576,46.65999984741211,1.7333416145382428,-0.873
543,MXF,2.0,1.0,R,MEDIUM,gyrA,94.0,gyrA_D94G,R,0.8189233278955954,A,D94G,-50.99999999999999,3.1,-1.2700000000000002,-58.0,3.1999999999999997,H,AlphaHelix,-58.04000000000002,-41.610000000000014,97.4,1.0,1.0,False,False,False,False,True,False,88.1550888450658,63.0,80.0,18.4946885503575,7.838828370247936,14.503317804823576,46.65999984741211,1.7333416145382428,-0.873
544,MXF,2.0,1.0,R,HIGH,gyrA,90.0,gyrA_A90V,R,0.5555555555555556,A,A90V,51.400000000000006,2.4000000000000004,-0.8600000000000001,28.0,-0.040000000000000036,H,AlphaHelix,-61.829999999999984,-59.75999999999999,47.0,2.0,0.0,False,False,False,False,True,False,55.555815915240146,-64.0,82.0,14.434102224020556,5.4833322787917345,10.609526093749128,40.439998626708984,1.6650776123582791,0.089
545,MXF,4.0,2.0,R,HIGH,gyrA,94.0,gyrA_D94Y,R,0.847457627118644,A,D94Y,82.5,2.2,-2.18,48.099999999999994,2.89,H,AlphaHelix,-58.04000000000002,-41.610000000000014,97.4,1.0,1.0,False,False,False,False,True,False,88.1550888450658,81.0,91.0,18.4946885503575,7.838828370247936,14.503317804823576,46.65999984741211,1.7333416145382428,-0.376
546,MXF,4.0,2.0,R,HIGH,gyrA,94.0,gyrA_D94N,R,0.8235294117647058,A,D94N,3.0,0.0,-1.9800000000000002,-1.0,2.64,H,AlphaHelix,-58.04000000000002,-41.610000000000014,97.4,1.0,1.0,False,False,False,False,True,False,88.1550888450658,56.0,75.0,18.4946885503575,7.838828370247936,14.503317804823576,46.65999984741211,1.7333416145382428,-0.347
547,MXF,2.0,1.0,R,HIGH,gyrA,94.0,gyrA_D94G,R,0.8189233278955954,A,D94G,-50.99999999999999,3.1,-1.2700000000000002,-58.0,3.1999999999999997,H,AlphaHelix,-58.04000000000002,-41.610000000000014,97.4,1.0,1.0,False,False,False,False,True,False,88.1550888450658,63.0,80.0,18.4946885503575,7.838828370247936,14.503317804823576,46.65999984741211,1.7333416145382428,-0.873
548,MXF,2.0,1.0,R,HIGH,gyrA,94.0,gyrA_D94N,R,0.8235294117647058,A,D94N,3.0,0.0,-1.9800000000000002,-1.0,2.64,H,AlphaHelix,-58.04000000000002,-41.610000000000014,97.4,1.0,1.0,False,False,False,False,True,False,88.1550888450658,56.0,75.0,18.4946885503575,7.838828370247936,14.503317804823576,46.65999984741211,1.7333416145382428,-0.347
549,MXF,>4,3.0,R,HIGH,gyrA,91.0,gyrA_S91P,R,0.676923076923077,A,S91P,23.700000000000003,-0.8,-0.64,10.0,0.6200000000000001,H,AlphaHelix,-67.14999999999998,-27.149999999999977,64.8,1.0,0.0,False,False,False,False,True,False,65.22815545163408,63.0,80.0,13.712390715773491,5.3811257108513875,11.010229056369285,47.63999938964844,1.5284537092505912,-0.125
550,MXF,4.0,2.0,R,MEDIUM,gyrA,94.0,gyrA_D94Y,R,0.847457627118644,A,D94Y,82.5,2.2,-2.18,48.099999999999994,2.89,H,AlphaHelix,-58.04000000000002,-41.610000000000014,97.4,1.0,1.0,False,False,False,False,True,False,88.1550888450658,81.0,91.0,18.4946885503575,7.838828370247936,14.503317804823576,46.65999984741211,1.7333416145382428,-0.376
551,MXF,4.0,2.0,R,HIGH,gyrA,94.0,gyrA_D94G,R,0.8189233278955954,A,D94G,-50.99999999999999,3.1,-1.2700000000000002,-58.0,3.1999999999999997,H,AlphaHelix,-58.04000000000002,-41.610000000000014,97.4,1.0,1.0,False,False,False,False,True,False,88.1550888450658,63.0,80.0,18.4946885503575,7.838828370247936,14.503317804823576,46.65999984741211,1.7333416145382428,-0.873
552,MXF,0.12,-3.06,S,MEDIUM,gyrA,90.0,gyrA_A90V,R,0.5555555555555556,A,A90V,51.400000000000006,2.4000000000000004,-0.8600000000000001,28.0,-0.040000000000000036,H,AlphaHelix,-61.829999999999984,-59.75999999999999,47.0,2.0,0.0,False,False,False,False,True,False,55.555815915240146,-64.0,82.0,14.434102224020556,5.4833322787917345,10.609526093749128,40.439998626708984,1.6650776123582791,0.089
553,MXF,>4,3.0,R,HIGH,gyrA,94.0,gyrA_D94G,R,0.8189233278955954,A,D94G,-50.99999999999999,3.1,-1.2700000000000002,-58.0,3.1999999999999997,H,AlphaHelix,-58.04000000000002,-41.610000000000014,97.4,1.0,1.0,False,False,False,False,True,False,88.1550888450658,63.0,80.0,18.4946885503575,7.838828370247936,14.503317804823576,46.65999984741211,1.7333416145382428,-0.873
554,MXF,1.0,0.0,S,HIGH,gyrA,94.0,gyrA_D94A,R,0.5232558139534884,A,D94A,-22.5,5.3,-2.08,-44.0,3.23,H,AlphaHelix,-58.04000000000002,-41.610000000000014,97.4,1.0,1.0,False,False,False,False,True,False,88.1550888450658,46.0,71.0,18.4946885503575,7.838828370247936,14.503317804823576,46.65999984741211,1.7333416145382428,-0.421
555,MXF,0.25,-2.0,S,HIGH,gyrA,193.0,gyrA_N193S,S,1.0,A,N193S,-25.099999999999994,2.7,-0.09999999999999998,-27.0,0.2699999999999996,C,Coil,-78.75,123.63,5.4,2.0,0.0,False,True,False,False,False,False,3.9785882839510753,-22.0,61.0,38.56834762344578,31.614916234348744,37.544471341104654,50.119998931884766,3.1142630176941593,-1.229
556,MXF,0.25,-2.0,S,HIGH,gyrB,434.0,gyrB_D434E,S,1.0,B,D434E,27.30000000000001,0.0,-0.8,14.0,0.4500000000000002,,,,,,,,,,,,,,0.0,-52.0,78.0,,,,,,0.0
557,MXF,2.0,1.0,R,MEDIUM,gyrA,94.0,gyrA_D94A,R,0.5232558139534884,A,D94A,-22.5,5.3,-2.08,-44.0,3.23,H,AlphaHelix,-58.04000000000002,-41.610000000000014,97.4,1.0,1.0,False,False,False,False,True,False,88.1550888450658,46.0,71.0,18.4946885503575,7.838828370247936,14.503317804823576,46.65999984741211,1.7333416145382428,-0.421
558,MXF,4.0,2.0,R,HIGH,gyrA,94.0,gyrA_D94H,R,0.75,A,D94H,42.099999999999994,0.2999999999999998,-1.04,22.099999999999994,4.82,H,AlphaHelix,-58.04000000000002,-41.610000000000014,97.4,1.0,1.0,False,False,False,False,True,False,88.1550888450658,79.0,85.0,18.4946885503575,7.838828370247936,14.503317804823576,46.65999984741211,1.7333416145382428,-0.36
559,MXF,>4,3.0,R,MEDIUM,gyrA,88.0,gyrA_G88C,R,0.9090909090909091,A,G88C,48.4,2.9,-0.9199999999999999,46.10000000000001,-0.8999999999999995,C,Coil,-77.02999999999997,152.43,8.6,0.0,0.0,False,True,False,False,False,False,9.936179450376525,50.0,75.0,9.426612506997063,8.72870415742702,11.188927476312779,57.560001373291016,1.9098223702260209,-0.725
560,MXF,1.0,0.0,S,MEDIUM,gyrA,94.0,gyrA_D94A,R,0.5232558139534884,A,D94A,-22.5,5.3,-2.08,-44.0,3.23,H,AlphaHelix,-58.04000000000002,-41.610000000000014,97.4,1.0,1.0,False,False,False,False,True,False,88.1550888450658,46.0,71.0,18.4946885503575,7.838828370247936,14.503317804823576,46.65999984741211,1.7333416145382428,-0.421
561,MXF,4.0,2.0,R,MEDIUM,gyrA,94.0,gyrA_D94G,R,0.8189233278955954,A,D94G,-50.99999999999999,3.1,-1.2700000000000002,-58.0,3.1999999999999997,H,AlphaHelix,-58.04000000000002,-41.610000000000014,97.4,1.0,1.0,False,False,False,False,True,False,88.1550888450658,63.0,80.0,18.4946885503575,7.838828370247936,14.503317804823576,46.65999984741211,1.7333416145382428,-0.873
562,MXF,>4,3.0,R,MEDIUM,gyrA,94.0,gyrA_D94G,R,0.8189233278955954,A,D94G,-50.99999999999999,3.1,-1.2700000000000002,-58.0,3.1999999999999997,H,AlphaHelix,-58.04000000000002,-41.610000000000014,97.4,1.0,1.0,False,False,False,False,True,False,88.1550888450658,63.0,80.0,18.4946885503575,7.838828370247936,14.503317804823576,46.65999984741211,1.7333416145382428,-0.873
563,MXF,1.0,0.0,S,HIGH,gyrA,90.0,gyrA_A90V,R,0.5555555555555556,A,A90V,51.400000000000006,2.4000000000000004,-0.8600000000000001,28.0,-0.040000000000000036,H,AlphaHelix,-61.829999999999984,-59.75999999999999,47.0,2.0,0.0,False,False,False,False,True,False,55.555815915240146,-64.0,82.0,14.434102224020556,5.4833322787917345,10.609526093749128,40.439998626708984,1.6650776123582791,0.089
564,MXF,0.25,-2.0,S,HIGH,gyrA,90.0,gyrA_A90V,R,0.5555555555555556,A,A90V,51.400000000000006,2.4000000000000004,-0.8600000000000001,28.0,-0.040000000000000036,H,AlphaHelix,-61.829999999999984,-59.75999999999999,47.0,2.0,0.0,False,False,False,False,True,False,55.555815915240146,-64.0,82.0,14.434102224020556,5.4833322787917345,10.609526093749128,40.439998626708984,1.6650776123582791,0.089
565,MXF,1.0,0.0,S,HIGH,gyrA,90.0,gyrA_A90V,R,0.5555555555555556,A,A90V,51.400000000000006,2.4000000000000004,-0.8600000000000001,28.0,-0.040000000000000036,H,AlphaHelix,-61.829999999999984,-59.75999999999999,47.0,2.0,0.0,False,False,False,False,True,False,55.555815915240146,-64.0,82.0,14.434102224020556,5.4833322787917345,10.609526093749128,40.439998626708984,1.6650776123582791,0.089
566,MXF,1.0,0.0,S,MEDIUM,gyrA,94.0,gyrA_D94N,R,0.8235294117647058,A,D94N,3.0,0.0,-1.9800000000000002,-1.0,2.64,H,AlphaHelix,-58.04000000000002,-41.610000000000014,97.4,1.0,1.0,False,False,False,False,True,False,88.1550888450658,56.0,75.0,18.4946885503575,7.838828370247936,14.503317804823576,46.65999984741211,1.7333416145382428,-0.347
567,MXF,4.0,2.0,R,HIGH,gyrA,90.0,gyrA_A90V,R,0.5555555555555556,A,A90V,51.400000000000006,2.4000000000000004,-0.8600000000000001,28.0,-0.040000000000000036,H,AlphaHelix,-61.829999999999984,-59.75999999999999,47.0,2.0,0.0,False,False,False,False,True,False,55.555815915240146,-64.0,82.0,14.434102224020556,5.4833322787917345,10.609526093749128,40.439998626708984,1.6650776123582791,0.089
568,MXF,4.0,2.0,R,HIGH,gyrA,94.0,gyrA_D94G,R,0.8189233278955954,A,D94G,-50.99999999999999,3.1,-1.2700000000000002,-58.0,3.1999999999999997,H,AlphaHelix,-58.04000000000002,-41.610000000000014,97.4,1.0,1.0,False,False,False,False,True,False,88.1550888450658,63.0,80.0,18.4946885503575,7.838828370247936,14.503317804823576,46.65999984741211,1.7333416145382428,-0.873
569,MXF,0.5,-1.0,S,HIGH,gyrA,288.0,gyrA_A288V,S,1.0,A,A288V,51.400000000000006,2.4000000000000004,-0.8600000000000001,28.0,-0.040000000000000036,H,AlphaHelix,-55.73000000000002,-52.079999999999984,11.3,2.0,1.0,False,False,False,False,True,False,11.676533963816869,-66.0,82.0,42.918834465722156,29.384776103472706,31.706489039944646,85.9800033569336,1.9848467404953554,-0.718
570,MXF,2.0,1.0,R,MEDIUM,gyrA,90.0,gyrA_A90V,R,0.5555555555555556,A,A90V,51.400000000000006,2.4000000000000004,-0.8600000000000001,28.0,-0.040000000000000036,H,AlphaHelix,-61.829999999999984,-59.75999999999999,47.0,2.0,0.0,False,False,False,False,True,False,55.555815915240146,-64.0,82.0,14.434102224020556,5.4833322787917345,10.609526093749128,40.439998626708984,1.6650776123582791,0.089
571,MXF,>4,3.0,R,HIGH,gyrA,94.0,gyrA_D94Y,R,0.847457627118644,A,D94Y,82.5,2.2,-2.18,48.099999999999994,2.89,H,AlphaHelix,-58.04000000000002,-41.610000000000014,97.4,1.0,1.0,False,False,False,False,True,False,88.1550888450658,81.0,91.0,18.4946885503575,7.838828370247936,14.503317804823576,46.65999984741211,1.7333416145382428,-0.376
572,MXF,4.0,2.0,R,HIGH,gyrA,91.0,gyrA_S91P,R,0.676923076923077,A,S91P,23.700000000000003,-0.8,-0.64,10.0,0.6200000000000001,H,AlphaHelix,-67.14999999999998,-27.149999999999977,64.8,1.0,0.0,False,False,False,False,True,False,65.22815545163408,63.0,80.0,13.712390715773491,5.3811257108513875,11.010229056369285,47.63999938964844,1.5284537092505912,-0.125
573,MXF,0.12,-3.06,S,HIGH,gyrB,501.0,gyrB_E501D,R,0.7857142857142857,B,E501D,-27.30000000000001,0.0,0.8,-14.0,-0.4500000000000002,H,AlphaHelix,-71.87,-38.54000000000002,13.6,2.0,0.0,False,False,False,False,True,False,15.369778026626971,78.0,85.0,18.005379610370586,18.103477446299912,11.656371379938307,63.0099983215332,2.23399611625198,-2.507
574,MXF,4.0,2.0,R,MEDIUM,gyrA,94.0,gyrA_D94N,R,0.8235294117647058,A,D94N,3.0,0.0,-1.9800000000000002,-1.0,2.64,H,AlphaHelix,-58.04000000000002,-41.610000000000014,97.4,1.0,1.0,False,False,False,False,True,False,88.1550888450658,56.0,75.0,18.4946885503575,7.838828370247936,14.503317804823576,46.65999984741211,1.7333416145382428,-0.347
575,MXF,>4,3.0,R,HIGH,gyrA,94.0,gyrA_D94A,R,0.5232558139534884,A,D94A,-22.5,5.3,-2.08,-44.0,3.23,H,AlphaHelix,-58.04000000000002,-41.610000000000014,97.4,1.0,1.0,False,False,False,False,True,False,88.1550888450658,46.0,71.0,18.4946885503575,7.838828370247936,14.503317804823576,46.65999984741211,1.7333416145382428,-0.421
576,MXF,2.0,1.0,R,MEDIUM,gyrA,90.0,gyrA_A90V,R,0.5555555555555556,A,A90V,51.400000000000006,2.4000000000000004,-0.8600000000000001,28.0,-0.040000000000000036,H,AlphaHelix,-61.829999999999984,-59.75999999999999,47.0,2.0,0.0,False,False,False,False,True,False,55.555815915240146,-64.0,82.0,14.434102224020556,5.4833322787917345,10.609526093749128,40.439998626708984,1.6650776123582791,0.089
577,MXF,2.0,1.0,R,HIGH,gyrA,90.0,gyrA_A90V,R,0.5555555555555556,A,A90V,51.400000000000006,2.4000000000000004,-0.8600000000000001,28.0,-0.040000000000000036,H,AlphaHelix,-61.829999999999984,-59.75999999999999,47.0,2.0,0.0,False,False,False,False,True,False,55.555815915240146,-64.0,82.0,14.434102224020556,5.4833322787917345,10.609526093749128,40.439998626708984,1.6650776123582791,0.089
578,MXF,0.12,-3.06,S,HIGH,gyrA,90.0,gyrA_A90V,R,0.5555555555555556,A,A90V,51.400000000000006,2.4000000000000004,-0.8600000000000001,28.0,-0.040000000000000036,H,AlphaHelix,-61.829999999999984,-59.75999999999999,47.0,2.0,0.0,False,False,False,False,True,False,55.555815915240146,-64.0,82.0,14.434102224020556,5.4833322787917345,10.609526093749128,40.439998626708984,1.6650776123582791,0.089
579,MXF,2.0,1.0,R,MEDIUM,gyrA,94.0,gyrA_D94G,R,0.8189233278955954,A,D94G,-50.99999999999999,3.1,-1.2700000000000002,-58.0,3.1999999999999997,H,AlphaHelix,-58.04000000000002,-41.610000000000014,97.4,1.0,1.0,False,False,False,False,True,False,88.1550888450658,63.0,80.0,18.4946885503575,7.838828370247936,14.503317804823576,46.65999984741211,1.7333416145382428,-0.873
580,MXF,<=0.06,-4.06,S,HIGH,gyrA,94.0,gyrA_D94G,R,0.8189233278955954,A,D94G,-50.99999999999999,3.1,-1.2700000000000002,-58.0,3.1999999999999997,H,AlphaHelix,-58.04000000000002,-41.610000000000014,97.4,1.0,1.0,False,False,False,False,True,False,88.1550888450658,63.0,80.0,18.4946885503575,7.838828370247936,14.503317804823576,46.65999984741211,1.7333416145382428,-0.873
581,MXF,1.0,0.0,S,HIGH,gyrA,94.0,gyrA_D94A,R,0.5232558139534884,A,D94A,-22.5,5.3,-2.08,-44.0,3.23,H,AlphaHelix,-58.04000000000002,-41.610000000000014,97.4,1.0,1.0,False,False,False,False,True,False,88.1550888450658,46.0,71.0,18.4946885503575,7.838828370247936,14.503317804823576,46.65999984741211,1.7333416145382428,-0.421
582,MXF,>4,3.0,R,HIGH,gyrA,94.0,gyrA_D94G,R,0.8189233278955954,A,D94G,-50.99999999999999,3.1,-1.2700000000000002,-58.0,3.1999999999999997,H,AlphaHelix,-58.04000000000002,-41.610000000000014,97.4,1.0,1.0,False,False,False,False,True,False,88.1550888450658,63.0,80.0,18.4946885503575,7.838828370247936,14.503317804823576,46.65999984741211,1.7333416145382428,-0.873
583,MXF,0.12,-3.06,S,MEDIUM,gyrA,94.0,gyrA_D94Y,R,0.847457627118644,A,D94Y,82.5,2.2,-2.18,48.099999999999994,2.89,H,AlphaHelix,-58.04000000000002,-41.610000000000014,97.4,1.0,1.0,False,False,False,False,True,False,88.1550888450658,81.0,91.0,18.4946885503575,7.838828370247936,14.503317804823576,46.65999984741211,1.7333416145382428,-0.376
584,MXF,0.25,-2.0,S,MEDIUM,gyrA,94.0,gyrA_D94G,R,0.8189233278955954,A,D94G,-50.99999999999999,3.1,-1.2700000000000002,-58.0,3.1999999999999997,H,AlphaHelix,-58.04000000000002,-41.610000000000014,97.4,1.0,1.0,False,False,False,False,True,False,88.1550888450658,63.0,80.0,18.4946885503575,7.838828370247936,14.503317804823576,46.65999984741211,1.7333416145382428,-0.873
585,MXF,>4,3.0,R,MEDIUM,gyrA,94.0,gyrA_D94G,R,0.8189233278955954,A,D94G,-50.99999999999999,3.1,-1.2700000000000002,-58.0,3.1999999999999997,H,AlphaHelix,-58.04000000000002,-41.610000000000014,97.4,1.0,1.0,False,False,False,False,True,False,88.1550888450658,63.0,80.0,18.4946885503575,7.838828370247936,14.503317804823576,46.65999984741211,1.7333416145382428,-0.873
586,MXF,4.0,2.0,R,HIGH,gyrA,90.0,gyrA_A90V,R,0.5555555555555556,A,A90V,51.400000000000006,2.4000000000000004,-0.8600000000000001,28.0,-0.040000000000000036,H,AlphaHelix,-61.829999999999984,-59.75999999999999,47.0,2.0,0.0,False,False,False,False,True,False,55.555815915240146,-64.0,82.0,14.434102224020556,5.4833322787917345,10.609526093749128,40.439998626708984,1.6650776123582791,0.089
587,MXF,0.12,-3.06,S,HIGH,gyrA,91.0,gyrA_S91P,R,0.676923076923077,A,S91P,23.700000000000003,-0.8,-0.64,10.0,0.6200000000000001,H,AlphaHelix,-67.14999999999998,-27.149999999999977,64.8,1.0,0.0,False,False,False,False,True,False,65.22815545163408,63.0,80.0,13.712390715773491,5.3811257108513875,11.010229056369285,47.63999938964844,1.5284537092505912,-0.125
588,MXF,2.0,1.0,R,HIGH,gyrA,90.0,gyrA_A90V,R,0.5555555555555556,A,A90V,51.400000000000006,2.4000000000000004,-0.8600000000000001,28.0,-0.040000000000000036,H,AlphaHelix,-61.829999999999984,-59.75999999999999,47.0,2.0,0.0,False,False,False,False,True,False,55.555815915240146,-64.0,82.0,14.434102224020556,5.4833322787917345,10.609526093749128,40.439998626708984,1.6650776123582791,0.089
589,MXF,>4,3.0,R,HIGH,gyrA,94.0,gyrA_D94N,R,0.8235294117647058,A,D94N,3.0,0.0,-1.9800000000000002,-1.0,2.64,H,AlphaHelix,-58.04000000000002,-41.610000000000014,97.4,1.0,1.0,False,False,False,False,True,False,88.1550888450658,56.0,75.0,18.4946885503575,7.838828370247936,14.503317804823576,46.65999984741211,1.7333416145382428,-0.347
590,MXF,0.25,-2.0,S,MEDIUM,gyrA,94.0,gyrA_D94G,R,0.8189233278955954,A,D94G,-50.99999999999999,3.1,-1.2700000000000002,-58.0,3.1999999999999997,H,AlphaHelix,-58.04000000000002,-41.610000000000014,97.4,1.0,1.0,False,False,False,False,True,False,88.1550888450658,63.0,80.0,18.4946885503575,7.838828370247936,14.503317804823576,46.65999984741211,1.7333416145382428,-0.873
591,MXF,4.0,2.0,R,HIGH,gyrA,94.0,gyrA_D94G,R,0.8189233278955954,A,D94G,-50.99999999999999,3.1,-1.2700000000000002,-58.0,3.1999999999999997,H,AlphaHelix,-58.04000000000002,-41.610000000000014,97.4,1.0,1.0,False,False,False,False,True,False,88.1550888450658,63.0,80.0,18.4946885503575,7.838828370247936,14.503317804823576,46.65999984741211,1.7333416145382428,-0.873
592,MXF,4.0,2.0,R,HIGH,gyrA,89.0,gyrA_D89N,R,0.7142857142857143,A,D89N,3.0,0.0,-1.9800000000000002,-1.0,2.64,H,AlphaHelix,-67.79000000000002,-35.15999999999997,27.1,1.0,0.0,False,False,False,False,True,False,24.84916086555452,54.0,75.0,13.15472132034126,8.939840896240382,12.899553368087723,49.52000045776367,2.2988834846000192,-0.812
593,MXF,0.25,-2.0,S,HIGH,gyrA,481.0,gyrA_D481A,S,1.0,A,D481A,-22.5,5.3,-2.08,-44.0,3.23,H,AlphaHelix,-68.02999999999997,-43.39999999999998,89.0,1.0,1.0,False,False,False,False,True,False,77.66519293994125,-82.0,93.0,45.24611843237347,42.73439111760475,48.694739448348344,68.87000274658203,1.7758179992275929,-0.439
594,MXF,>4,3.0,R,HIGH,gyrA,94.0,gyrA_D94N,R,0.8235294117647058,A,D94N,3.0,0.0,-1.9800000000000002,-1.0,2.64,H,AlphaHelix,-58.04000000000002,-41.610000000000014,97.4,1.0,1.0,False,False,False,False,True,False,88.1550888450658,56.0,75.0,18.4946885503575,7.838828370247936,14.503317804823576,46.65999984741211,1.7333416145382428,-0.347
595,MXF,0.5,-1.0,S,HIGH,gyrB,549.0,gyrB_F549L,S,1.0,B,F549L,-23.200000000000017,1.0,-0.10999999999999999,-34.0,0.5,H,AlphaHelix,-64.74000000000001,-30.829999999999984,1.1,0.0,1.0,False,False,False,False,True,False,1.0654762184487068,61.0,80.0,23.89745031339421,30.230249948389634,25.32319860549515,67.12999725341797,3.8869302901834146,-1.534
596,MXF,0.5,-1.0,S,HIGH,gyrA,90.0,gyrA_A90V,R,0.5555555555555556,A,A90V,51.400000000000006,2.4000000000000004,-0.8600000000000001,28.0,-0.040000000000000036,H,AlphaHelix,-61.829999999999984,-59.75999999999999,47.0,2.0,0.0,False,False,False,False,True,False,55.555815915240146,-64.0,82.0,14.434102224020556,5.4833322787917345,10.609526093749128,40.439998626708984,1.6650776123582791,0.089
597,MXF,>4,3.0,R,HIGH,gyrA,94.0,gyrA_D94G,R,0.8189233278955954,A,D94G,-50.99999999999999,3.1,-1.2700000000000002,-58.0,3.1999999999999997,H,AlphaHelix,-58.04000000000002,-41.610000000000014,97.4,1.0,1.0,False,False,False,False,True,False,88.1550888450658,63.0,80.0,18.4946885503575,7.838828370247936,14.503317804823576,46.65999984741211,1.7333416145382428,-0.873
598,MXF,0.12,-3.06,S,HIGH,gyrA,472.0,gyrA_P472S,S,0.9285714285714286,A,P472S,-23.700000000000003,0.8,0.64,-10.0,-0.6200000000000001,H,AlphaHelix,-59.70999999999998,-28.170000000000016,71.0,1.0,0.0,False,False,False,False,True,False,78.73791501370572,-68.0,82.0,46.44317945930904,48.133935316451236,53.0020285473169,69.8499984741211,1.6707895195538032,-1.116
599,MXF,0.25,-2.0,S,HIGH,gyrA,267.0,gyrA_T267I,S,0.9166666666666666,A,T267I,50.599999999999994,5.2,-0.92,12.099999999999994,0.41999999999999993,E,Strand,-110.84,147.57,41.6,1.0,0.0,False,False,True,False,False,False,44.1202990107675,-63.0,82.0,57.41807769187446,43.77226482698894,47.65815783374425,101.37999725341797,1.7631484448394852,-0.037
600,MXF,>4,3.0,R,HIGH,gyrA,94.0,gyrA_D94G,R,0.8189233278955954,A,D94G,-50.99999999999999,3.1,-1.2700000000000002,-58.0,3.1999999999999997,H,AlphaHelix,-58.04000000000002,-41.610000000000014,97.4,1.0,1.0,False,False,False,False,True,False,88.1550888450658,63.0,80.0,18.4946885503575,7.838828370247936,14.503317804823576,46.65999984741211,1.7333416145382428,-0.873
601,MXF,4.0,2.0,R,HIGH,gyrA,94.0,gyrA_D94G,R,0.8189233278955954,A,D94G,-50.99999999999999,3.1,-1.2700000000000002,-58.0,3.1999999999999997,H,AlphaHelix,-58.04000000000002,-41.610000000000014,97.4,1.0,1.0,False,False,False,False,True,False,88.1550888450658,63.0,80.0,18.4946885503575,7.838828370247936,14.503317804823576,46.65999984741211,1.7333416145382428,-0.873
602,MXF,<=0.06,-4.06,S,HIGH,gyrA,94.0,gyrA_D94G,R,0.8189233278955954,A,D94G,-50.99999999999999,3.1,-1.2700000000000002,-58.0,3.1999999999999997,H,AlphaHelix,-58.04000000000002,-41.610000000000014,97.4,1.0,1.0,False,False,False,False,True,False,88.1550888450658,63.0,80.0,18.4946885503575,7.838828370247936,14.503317804823576,46.65999984741211,1.7333416145382428,-0.873
603,MXF,4.0,2.0,R,HIGH,gyrA,91.0,gyrA_S91P,R,0.676923076923077,A,S91P,23.700000000000003,-0.8,-0.64,10.0,0.6200000000000001,H,AlphaHelix,-67.14999999999998,-27.149999999999977,64.8,1.0,0.0,False,False,False,False,True,False,65.22815545163408,63.0,80.0,13.712390715773491,5.3811257108513875,11.010229056369285,47.63999938964844,1.5284537092505912,-0.125
604,MXF,2.0,1.0,R,HIGH,gyrA,90.0,gyrA_A90V,R,0.5555555555555556,A,A90V,51.400000000000006,2.4000000000000004,-0.8600000000000001,28.0,-0.040000000000000036,H,AlphaHelix,-61.829999999999984,-59.75999999999999,47.0,2.0,0.0,False,False,False,False,True,False,55.555815915240146,-64.0,82.0,14.434102224020556,5.4833322787917345,10.609526093749128,40.439998626708984,1.6650776123582791,0.089
605,MXF,0.25,-2.0,S,HIGH,gyrA,288.0,gyrA_A288V,S,1.0,A,A288V,51.400000000000006,2.4000000000000004,-0.8600000000000001,28.0,-0.040000000000000036,H,AlphaHelix,-55.73000000000002,-52.079999999999984,11.3,2.0,1.0,False,False,False,False,True,False,11.676533963816869,-66.0,82.0,42.918834465722156,29.384776103472706,31.706489039944646,85.9800033569336,1.9848467404953554,-0.718
606,MXF,4.0,2.0,R,MEDIUM,gyrA,94.0,gyrA_D94Y,R,0.847457627118644,A,D94Y,82.5,2.2,-2.18,48.099999999999994,2.89,H,AlphaHelix,-58.04000000000002,-41.610000000000014,97.4,1.0,1.0,False,False,False,False,True,False,88.1550888450658,81.0,91.0,18.4946885503575,7.838828370247936,14.503317804823576,46.65999984741211,1.7333416145382428,-0.376
607,MXF,4.0,2.0,R,MEDIUM,gyrA,94.0,gyrA_D94G,R,0.8189233278955954,A,D94G,-50.99999999999999,3.1,-1.2700000000000002,-58.0,3.1999999999999997,H,AlphaHelix,-58.04000000000002,-41.610000000000014,97.4,1.0,1.0,False,False,False,False,True,False,88.1550888450658,63.0,80.0,18.4946885503575,7.838828370247936,14.503317804823576,46.65999984741211,1.7333416145382428,-0.873
608,MXF,4.0,2.0,R,MEDIUM,gyrA,90.0,gyrA_A90V,R,0.5555555555555556,A,A90V,51.400000000000006,2.4000000000000004,-0.8600000000000001,28.0,-0.040000000000000036,H,AlphaHelix,-61.829999999999984,-59.75999999999999,47.0,2.0,0.0,False,False,False,False,True,False,55.555815915240146,-64.0,82.0,14.434102224020556,5.4833322787917345,10.609526093749128,40.439998626708984,1.6650776123582791,0.089
609,MXF,2.0,1.0,R,HIGH,gyrA,94.0,gyrA_D94G,R,0.8189233278955954,A,D94G,-50.99999999999999,3.1,-1.2700000000000002,-58.0,3.1999999999999997,H,AlphaHelix,-58.04000000000002,-41.610000000000014,97.4,1.0,1.0,False,False,False,False,True,False,88.1550888450658,63.0,80.0,18.4946885503575,7.838828370247936,14.503317804823576,46.65999984741211,1.7333416145382428,-0.873
610,MXF,4.0,2.0,R,MEDIUM,gyrA,94.0,gyrA_D94G,R,0.8189233278955954,A,D94G,-50.99999999999999,3.1,-1.2700000000000002,-58.0,3.1999999999999997,H,AlphaHelix,-58.04000000000002,-41.610000000000014,97.4,1.0,1.0,False,False,False,False,True,False,88.1550888450658,63.0,80.0,18.4946885503575,7.838828370247936,14.503317804823576,46.65999984741211,1.7333416145382428,-0.873
611,MXF,1.0,0.0,S,HIGH,gyrA,90.0,gyrA_A90V,R,0.5555555555555556,A,A90V,51.400000000000006,2.4000000000000004,-0.8600000000000001,28.0,-0.040000000000000036,H,AlphaHelix,-61.829999999999984,-59.75999999999999,47.0,2.0,0.0,False,False,False,False,True,False,55.555815915240146,-64.0,82.0,14.434102224020556,5.4833322787917345,10.609526093749128,40.439998626708984,1.6650776123582791,0.089
612,MXF,0.25,-2.0,S,HIGH,gyrA,254.0,gyrA_R254C,S,1.0,A,R254C,-64.9,7.0,-0.78,-52.999999999999986,-5.6899999999999995,E,Strand,-140.52,150.5,54.1,1.0,1.0,False,False,True,False,False,False,52.62668666740882,49.0,71.0,41.78050033328739,31.11595076201683,35.612514761003474,51.56999969482422,3.1563712888508726,-0.999
613,MXF,0.12,-3.06,S,HIGH,gyrA,94.0,gyrA_D94A,R,0.5232558139534884,A,D94A,-22.5,5.3,-2.08,-44.0,3.23,H,AlphaHelix,-58.04000000000002,-41.610000000000014,97.4,1.0,1.0,False,False,False,False,True,False,88.1550888450658,46.0,71.0,18.4946885503575,7.838828370247936,14.503317804823576,46.65999984741211,1.7333416145382428,-0.421
614,MXF,1.0,0.0,S,MEDIUM,gyrA,94.0,gyrA_D94N,R,0.8235294117647058,A,D94N,3.0,0.0,-1.9800000000000002,-1.0,2.64,H,AlphaHelix,-58.04000000000002,-41.610000000000014,97.4,1.0,1.0,False,False,False,False,True,False,88.1550888450658,56.0,75.0,18.4946885503575,7.838828370247936,14.503317804823576,46.65999984741211,1.7333416145382428,-0.347
615,MXF,2.0,1.0,R,HIGH,gyrA,90.0,gyrA_A90V,R,0.5555555555555556,A,A90V,51.400000000000006,2.4000000000000004,-0.8600000000000001,28.0,-0.040000000000000036,H,AlphaHelix,-61.829999999999984,-59.75999999999999,47.0,2.0,0.0,False,False,False,False,True,False,55.555815915240146,-64.0,82.0,14.434102224020556,5.4833322787917345,10.609526093749128,40.439998626708984,1.6650776123582791,0.089
616,MXF,0.12,-3.06,S,HIGH,gyrA,193.0,gyrA_N193S,S,1.0,A,N193S,-25.099999999999994,2.7,-0.09999999999999998,-27.0,0.2699999999999996,C,Coil,-78.75,123.63,5.4,2.0,0.0,False,True,False,False,False,False,3.9785882839510753,-22.0,61.0,38.56834762344578,31.614916234348744,37.544471341104654,50.119998931884766,3.1142630176941593,-1.229
617,MXF,4.0,2.0,R,HIGH,gyrA,94.0,gyrA_D94A,R,0.5232558139534884,A,D94A,-22.5,5.3,-2.08,-44.0,3.23,H,AlphaHelix,-58.04000000000002,-41.610000000000014,97.4,1.0,1.0,False,False,False,False,True,False,88.1550888450658,46.0,71.0,18.4946885503575,7.838828370247936,14.503317804823576,46.65999984741211,1.7333416145382428,-0.421
618,MXF,1.0,0.0,S,HIGH,gyrA,90.0,gyrA_A90V,R,0.5555555555555556,A,A90V,51.400000000000006,2.4000000000000004,-0.8600000000000001,28.0,-0.040000000000000036,H,AlphaHelix,-61.829999999999984,-59.75999999999999,47.0,2.0,0.0,False,False,False,False,True,False,55.555815915240146,-64.0,82.0,14.434102224020556,5.4833322787917345,10.609526093749128,40.439998626708984,1.6650776123582791,0.089
619,MXF,>4,3.0,R,MEDIUM,gyrA,94.0,gyrA_D94N,R,0.8235294117647058,A,D94N,3.0,0.0,-1.9800000000000002,-1.0,2.64,H,AlphaHelix,-58.04000000000002,-41.610000000000014,97.4,1.0,1.0,False,False,False,False,True,False,88.1550888450658,56.0,75.0,18.4946885503575,7.838828370247936,14.503317804823576,46.65999984741211,1.7333416145382428,-0.347
620,MXF,1.0,0.0,S,HIGH,gyrB,461.0,gyrB_D461N,S,0.8888888888888888,B,D461N,3.0,0.0,-1.9800000000000002,-1.0,2.64,H,AlphaHelix,-71.88999999999999,-39.93000000000001,81.7,1.0,0.0,False,False,False,False,True,False,75.64790414237022,36.0,66.0,11.848330371804606,15.309593699828135,10.195622879537305,64.79000091552734,1.5661131135005826,-0.266
621,MXF,2.0,1.0,R,MEDIUM,gyrA,94.0,gyrA_D94A,R,0.5232558139534884,A,D94A,-22.5,5.3,-2.08,-44.0,3.23,H,AlphaHelix,-58.04000000000002,-41.610000000000014,97.4,1.0,1.0,False,False,False,False,True,False,88.1550888450658,46.0,71.0,18.4946885503575,7.838828370247936,14.503317804823576,46.65999984741211,1.7333416145382428,-0.421
622,MXF,1.0,0.0,S,HIGH,gyrA,90.0,gyrA_A90V,R,0.5555555555555556,A,A90V,51.400000000000006,2.4000000000000004,-0.8600000000000001,28.0,-0.040000000000000036,H,AlphaHelix,-61.829999999999984,-59.75999999999999,47.0,2.0,0.0,False,False,False,False,True,False,55.555815915240146,-64.0,82.0,14.434102224020556,5.4833322787917345,10.609526093749128,40.439998626708984,1.6650776123582791,0.089
623,MXF,4.0,2.0,R,HIGH,gyrA,94.0,gyrA_D94G,R,0.8189233278955954,A,D94G,-50.99999999999999,3.1,-1.2700000000000002,-58.0,3.1999999999999997,H,AlphaHelix,-58.04000000000002,-41.610000000000014,97.4,1.0,1.0,False,False,False,False,True,False,88.1550888450658,63.0,80.0,18.4946885503575,7.838828370247936,14.503317804823576,46.65999984741211,1.7333416145382428,-0.873
624,MXF,,,,MEDIUM,gyrA,90.0,gyrA_A90V,R,0.5555555555555556,A,A90V,51.400000000000006,2.4000000000000004,-0.8600000000000001,28.0,-0.040000000000000036,H,AlphaHelix,-61.829999999999984,-59.75999999999999,47.0,2.0,0.0,False,False,False,False,True,False,55.555815915240146,-64.0,82.0,14.434102224020556,5.4833322787917345,10.609526093749128,40.439998626708984,1.6650776123582791,0.089
625,MXF,4.0,2.0,R,HIGH,gyrA,91.0,gyrA_S91P,R,0.676923076923077,A,S91P,23.700000000000003,-0.8,-0.64,10.0,0.6200000000000001,H,AlphaHelix,-67.14999999999998,-27.149999999999977,64.8,1.0,0.0,False,False,False,False,True,False,65.22815545163408,63.0,80.0,13.712390715773491,5.3811257108513875,11.010229056369285,47.63999938964844,1.5284537092505912,-0.125
626,MXF,2.0,1.0,R,MEDIUM,gyrA,91.0,gyrA_S91P,R,0.676923076923077,A,S91P,23.700000000000003,-0.8,-0.64,10.0,0.6200000000000001,H,AlphaHelix,-67.14999999999998,-27.149999999999977,64.8,1.0,0.0,False,False,False,False,True,False,65.22815545163408,63.0,80.0,13.712390715773491,5.3811257108513875,11.010229056369285,47.63999938964844,1.5284537092505912,-0.125
627,MXF,4.0,2.0,R,MEDIUM,gyrA,94.0,gyrA_D94G,R,0.8189233278955954,A,D94G,-50.99999999999999,3.1,-1.2700000000000002,-58.0,3.1999999999999997,H,AlphaHelix,-58.04000000000002,-41.610000000000014,97.4,1.0,1.0,False,False,False,False,True,False,88.1550888450658,63.0,80.0,18.4946885503575,7.838828370247936,14.503317804823576,46.65999984741211,1.7333416145382428,-0.873
628,MXF,2.0,1.0,R,HIGH,gyrA,94.0,gyrA_D94Y,R,0.847457627118644,A,D94Y,82.5,2.2,-2.18,48.099999999999994,2.89,H,AlphaHelix,-58.04000000000002,-41.610000000000014,97.4,1.0,1.0,False,False,False,False,True,False,88.1550888450658,81.0,91.0,18.4946885503575,7.838828370247936,14.503317804823576,46.65999984741211,1.7333416145382428,-0.376
629,MXF,4.0,2.0,R,HIGH,gyrA,90.0,gyrA_A90V,R,0.5555555555555556,A,A90V,51.400000000000006,2.4000000000000004,-0.8600000000000001,28.0,-0.040000000000000036,H,AlphaHelix,-61.829999999999984,-59.75999999999999,47.0,2.0,0.0,False,False,False,False,True,False,55.555815915240146,-64.0,82.0,14.434102224020556,5.4833322787917345,10.609526093749128,40.439998626708984,1.6650776123582791,0.089
630,MXF,>4,3.0,R,HIGH,gyrA,94.0,gyrA_D94G,R,0.8189233278955954,A,D94G,-50.99999999999999,3.1,-1.2700000000000002,-58.0,3.1999999999999997,H,AlphaHelix,-58.04000000000002,-41.610000000000014,97.4,1.0,1.0,False,False,False,False,True,False,88.1550888450658,63.0,80.0,18.4946885503575,7.838828370247936,14.503317804823576,46.65999984741211,1.7333416145382428,-0.873
631,MXF,1.0,0.0,S,HIGH,gyrA,90.0,gyrA_A90V,R,0.5555555555555556,A,A90V,51.400000000000006,2.4000000000000004,-0.8600000000000001,28.0,-0.040000000000000036,H,AlphaHelix,-61.829999999999984,-59.75999999999999,47.0,2.0,0.0,False,False,False,False,True,False,55.555815915240146,-64.0,82.0,14.434102224020556,5.4833322787917345,10.609526093749128,40.439998626708984,1.6650776123582791,0.089
632,MXF,4.0,2.0,R,HIGH,gyrA,94.0,gyrA_D94G,R,0.8189233278955954,A,D94G,-50.99999999999999,3.1,-1.2700000000000002,-58.0,3.1999999999999997,H,AlphaHelix,-58.04000000000002,-41.610000000000014,97.4,1.0,1.0,False,False,False,False,True,False,88.1550888450658,63.0,80.0,18.4946885503575,7.838828370247936,14.503317804823576,46.65999984741211,1.7333416145382428,-0.873
633,MXF,4.0,2.0,R,MEDIUM,gyrA,94.0,gyrA_D94N,R,0.8235294117647058,A,D94N,3.0,0.0,-1.9800000000000002,-1.0,2.64,H,AlphaHelix,-58.04000000000002,-41.610000000000014,97.4,1.0,1.0,False,False,False,False,True,False,88.1550888450658,56.0,75.0,18.4946885503575,7.838828370247936,14.503317804823576,46.65999984741211,1.7333416145382428,-0.347
634,MXF,<=0.06,-4.06,S,MEDIUM,gyrA,94.0,gyrA_D94G,R,0.8189233278955954,A,D94G,-50.99999999999999,3.1,-1.2700000000000002,-58.0,3.1999999999999997,H,AlphaHelix,-58.04000000000002,-41.610000000000014,97.4,1.0,1.0,False,False,False,False,True,False,88.1550888450658,63.0,80.0,18.4946885503575,7.838828370247936,14.503317804823576,46.65999984741211,1.7333416145382428,-0.873
635,MXF,1.0,0.0,S,HIGH,gyrA,94.0,gyrA_D94G,R,0.8189233278955954,A,D94G,-50.99999999999999,3.1,-1.2700000000000002,-58.0,3.1999999999999997,H,AlphaHelix,-58.04000000000002,-41.610000000000014,97.4,1.0,1.0,False,False,False,False,True,False,88.1550888450658,63.0,80.0,18.4946885503575,7.838828370247936,14.503317804823576,46.65999984741211,1.7333416145382428,-0.873
636,MXF,4.0,2.0,R,MEDIUM,gyrA,94.0,gyrA_D94Y,R,0.847457627118644,A,D94Y,82.5,2.2,-2.18,48.099999999999994,2.89,H,AlphaHelix,-58.04000000000002,-41.610000000000014,97.4,1.0,1.0,False,False,False,False,True,False,88.1550888450658,81.0,91.0,18.4946885503575,7.838828370247936,14.503317804823576,46.65999984741211,1.7333416145382428,-0.376
637,MXF,2.0,1.0,R,HIGH,gyrA,94.0,gyrA_D94G,R,0.8189233278955954,A,D94G,-50.99999999999999,3.1,-1.2700000000000002,-58.0,3.1999999999999997,H,AlphaHelix,-58.04000000000002,-41.610000000000014,97.4,1.0,1.0,False,False,False,False,True,False,88.1550888450658,63.0,80.0,18.4946885503575,7.838828370247936,14.503317804823576,46.65999984741211,1.7333416145382428,-0.873
638,MXF,0.25,-2.0,S,MEDIUM,gyrA,154.0,gyrA_P154R,S,1.0,A,P154R,60.7,-2.9,1.31,59.099999999999994,4.46,E,Strand,-63.26999999999998,149.75,74.5,0.0,0.0,False,False,True,False,False,False,79.18597057272785,41.0,71.0,19.118048030681603,27.697803616910868,30.165253260701736,57.20000076293945,1.6282709707753908,-0.523
639,MXF,0.12,-3.06,S,MEDIUM,gyrA,322.0,gyrA_A322E,S,1.0,A,A322E,49.80000000000001,-5.3,1.28,58.0,-2.78,T,Turn,-136.04,139.32,24.4,0.0,1.0,False,False,False,False,False,True,25.50589572549015,-65.0,82.0,58.08232473106529,45.29274470742526,48.22396511198643,91.58000183105469,1.675020300704687,-1.67
640,MXF,2.0,1.0,R,MEDIUM,gyrA,94.0,gyrA_D94G,R,0.8189233278955954,A,D94G,-50.99999999999999,3.1,-1.2700000000000002,-58.0,3.1999999999999997,H,AlphaHelix,-58.04000000000002,-41.610000000000014,97.4,1.0,1.0,False,False,False,False,True,False,88.1550888450658,63.0,80.0,18.4946885503575,7.838828370247936,14.503317804823576,46.65999984741211,1.7333416145382428,-0.873
641,MXF,0.12,-3.06,S,HIGH,gyrA,94.0,gyrA_D94G,R,0.8189233278955954,A,D94G,-50.99999999999999,3.1,-1.2700000000000002,-58.0,3.1999999999999997,H,AlphaHelix,-58.04000000000002,-41.610000000000014,97.4,1.0,1.0,False,False,False,False,True,False,88.1550888450658,63.0,80.0,18.4946885503575,7.838828370247936,14.503317804823576,46.65999984741211,1.7333416145382428,-0.873
642,MXF,2.0,1.0,R,HIGH,gyrA,94.0,gyrA_D94G,R,0.8189233278955954,A,D94G,-50.99999999999999,3.1,-1.2700000000000002,-58.0,3.1999999999999997,H,AlphaHelix,-58.04000000000002,-41.610000000000014,97.4,1.0,1.0,False,False,False,False,True,False,88.1550888450658,63.0,80.0,18.4946885503575,7.838828370247936,14.503317804823576,46.65999984741211,1.7333416145382428,-0.873
643,MXF,0.5,-1.0,S,MEDIUM,gyrA,94.0,gyrA_D94N,R,0.8235294117647058,A,D94N,3.0,0.0,-1.9800000000000002,-1.0,2.64,H,AlphaHelix,-58.04000000000002,-41.610000000000014,97.4,1.0,1.0,False,False,False,False,True,False,88.1550888450658,56.0,75.0,18.4946885503575,7.838828370247936,14.503317804823576,46.65999984741211,1.7333416145382428,-0.347
644,MXF,0.25,-2.0,S,HIGH,gyrA,411.0,gyrA_S411A,S,1.0,A,S411A,-0.4000000000000057,2.6,0.0,-16.0,0.3200000000000003,T,Turn,-88.99000000000001,133.67,2.0,1.0,1.0,False,False,False,False,False,True,0.9607835222474564,-81.0,93.0,61.50246662246706,67.94281127011843,71.15936707720213,124.37000274658203,2.1572734972386276,-0.3
645,MXF,>4,3.0,R,MEDIUM,gyrA,88.0,gyrA_G88C,R,0.9090909090909091,A,G88C,48.4,2.9,-0.9199999999999999,46.10000000000001,-0.8999999999999995,C,Coil,-77.02999999999997,152.43,8.6,0.0,0.0,False,True,False,False,False,False,9.936179450376525,50.0,75.0,9.426612506997063,8.72870415742702,11.188927476312779,57.560001373291016,1.9098223702260209,-0.725
646,MXF,>4,3.0,R,HIGH,gyrA,88.0,gyrA_G88C,R,0.9090909090909091,A,G88C,48.4,2.9,-0.9199999999999999,46.10000000000001,-0.8999999999999995,C,Coil,-77.02999999999997,152.43,8.6,0.0,0.0,False,True,False,False,False,False,9.936179450376525,50.0,75.0,9.426612506997063,8.72870415742702,11.188927476312779,57.560001373291016,1.9098223702260209,-0.725
647,MXF,0.25,-2.0,S,HIGH,gyrA,377.0,gyrA_T377I,S,1.0,A,T377I,50.599999999999994,5.2,-0.92,12.099999999999994,0.41999999999999993,H,AlphaHelix,-60.45999999999998,-42.18000000000001,2.0,1.0,1.0,False,False,False,False,True,False,2.296226438190095,28.0,63.0,40.94703321595036,43.43402042881499,48.36270169027231,59.95000076293945,2.4948907301929295,-0.633
648,MXF,2.0,1.0,R,HIGH,gyrA,94.0,gyrA_D94G,R,0.8189233278955954,A,D94G,-50.99999999999999,3.1,-1.2700000000000002,-58.0,3.1999999999999997,H,AlphaHelix,-58.04000000000002,-41.610000000000014,97.4,1.0,1.0,False,False,False,False,True,False,88.1550888450658,63.0,80.0,18.4946885503575,7.838828370247936,14.503317804823576,46.65999984741211,1.7333416145382428,-0.873
649,MXF,1.0,0.0,S,MEDIUM,gyrA,90.0,gyrA_A90V,R,0.5555555555555556,A,A90V,51.400000000000006,2.4000000000000004,-0.8600000000000001,28.0,-0.040000000000000036,H,AlphaHelix,-61.829999999999984,-59.75999999999999,47.0,2.0,0.0,False,False,False,False,True,False,55.555815915240146,-64.0,82.0,14.434102224020556,5.4833322787917345,10.609526093749128,40.439998626708984,1.6650776123582791,0.089
650,MXF,1.0,0.0,S,HIGH,gyrA,94.0,gyrA_D94A,R,0.5232558139534884,A,D94A,-22.5,5.3,-2.08,-44.0,3.23,H,AlphaHelix,-58.04000000000002,-41.610000000000014,97.4,1.0,1.0,False,False,False,False,True,False,88.1550888450658,46.0,71.0,18.4946885503575,7.838828370247936,14.503317804823576,46.65999984741211,1.7333416145382428,-0.421
651,MXF,0.25,-2.0,S,HIGH,gyrA,90.0,gyrA_A90V,R,0.5555555555555556,A,A90V,51.400000000000006,2.4000000000000004,-0.8600000000000001,28.0,-0.040000000000000036,H,AlphaHelix,-61.829999999999984,-59.75999999999999,47.0,2.0,0.0,False,False,False,False,True,False,55.555815915240146,-64.0,82.0,14.434102224020556,5.4833322787917345,10.609526093749128,40.439998626708984,1.6650776123582791,0.089
652,MXF,4.0,2.0,R,MEDIUM,gyrA,94.0,gyrA_D94G,R,0.8189233278955954,A,D94G,-50.99999999999999,3.1,-1.2700000000000002,-58.0,3.1999999999999997,H,AlphaHelix,-58.04000000000002,-41.610000000000014,97.4,1.0,1.0,False,False,False,False,True,False,88.1550888450658,63.0,80.0,18.4946885503575,7.838828370247936,14.503317804823576,46.65999984741211,1.7333416145382428,-0.873
653,MXF,4.0,2.0,R,HIGH,gyrA,94.0,gyrA_D94G,R,0.8189233278955954,A,D94G,-50.99999999999999,3.1,-1.2700000000000002,-58.0,3.1999999999999997,H,AlphaHelix,-58.04000000000002,-41.610000000000014,97.4,1.0,1.0,False,False,False,False,True,False,88.1550888450658,63.0,80.0,18.4946885503575,7.838828370247936,14.503317804823576,46.65999984741211,1.7333416145382428,-0.873
654,MXF,0.12,-3.06,S,HIGH,gyrA,90.0,gyrA_A90V,R,0.5555555555555556,A,A90V,51.400000000000006,2.4000000000000004,-0.8600000000000001,28.0,-0.040000000000000036,H,AlphaHelix,-61.829999999999984,-59.75999999999999,47.0,2.0,0.0,False,False,False,False,True,False,55.555815915240146,-64.0,82.0,14.434102224020556,5.4833322787917345,10.609526093749128,40.439998626708984,1.6650776123582791,0.089
655,MXF,>4,3.0,R,HIGH,gyrA,94.0,gyrA_D94G,R,0.8189233278955954,A,D94G,-50.99999999999999,3.1,-1.2700000000000002,-58.0,3.1999999999999997,H,AlphaHelix,-58.04000000000002,-41.610000000000014,97.4,1.0,1.0,False,False,False,False,True,False,88.1550888450658,63.0,80.0,18.4946885503575,7.838828370247936,14.503317804823576,46.65999984741211,1.7333416145382428,-0.873
656,MXF,0.25,-2.0,S,MEDIUM,gyrA,154.0,gyrA_P154R,S,1.0,A,P154R,60.7,-2.9,1.31,59.099999999999994,4.46,E,Strand,-63.26999999999998,149.75,74.5,0.0,0.0,False,False,True,False,False,False,79.18597057272785,41.0,71.0,19.118048030681603,27.697803616910868,30.165253260701736,57.20000076293945,1.6282709707753908,-0.523
657,MXF,>4,3.0,R,HIGH,gyrA,94.0,gyrA_D94G,R,0.8189233278955954,A,D94G,-50.99999999999999,3.1,-1.2700000000000002,-58.0,3.1999999999999997,H,AlphaHelix,-58.04000000000002,-41.610000000000014,97.4,1.0,1.0,False,False,False,False,True,False,88.1550888450658,63.0,80.0,18.4946885503575,7.838828370247936,14.503317804823576,46.65999984741211,1.7333416145382428,-0.873
658,MXF,1.0,0.0,S,MEDIUM,gyrA,90.0,gyrA_A90V,R,0.5555555555555556,A,A90V,51.400000000000006,2.4000000000000004,-0.8600000000000001,28.0,-0.040000000000000036,H,AlphaHelix,-61.829999999999984,-59.75999999999999,47.0,2.0,0.0,False,False,False,False,True,False,55.555815915240146,-64.0,82.0,14.434102224020556,5.4833322787917345,10.609526093749128,40.439998626708984,1.6650776123582791,0.089
659,MXF,2.0,1.0,R,HIGH,gyrA,90.0,gyrA_A90V,R,0.5555555555555556,A,A90V,51.400000000000006,2.4000000000000004,-0.8600000000000001,28.0,-0.040000000000000036,H,AlphaHelix,-61.829999999999984,-59.75999999999999,47.0,2.0,0.0,False,False,False,False,True,False,55.555815915240146,-64.0,82.0,14.434102224020556,5.4833322787917345,10.609526093749128,40.439998626708984,1.6650776123582791,0.089
660,MXF,0.5,-1.0,S,HIGH,gyrA,90.0,gyrA_A90V,R,0.5555555555555556,A,A90V,51.400000000000006,2.4000000000000004,-0.8600000000000001,28.0,-0.040000000000000036,H,AlphaHelix,-61.829999999999984,-59.75999999999999,47.0,2.0,0.0,False,False,False,False,True,False,55.555815915240146,-64.0,82.0,14.434102224020556,5.4833322787917345,10.609526093749128,40.439998626708984,1.6650776123582791,0.089
661,MXF,>4,3.0,R,HIGH,gyrA,94.0,gyrA_D94N,R,0.8235294117647058,A,D94N,3.0,0.0,-1.9800000000000002,-1.0,2.64,H,AlphaHelix,-58.04000000000002,-41.610000000000014,97.4,1.0,1.0,False,False,False,False,True,False,88.1550888450658,56.0,75.0,18.4946885503575,7.838828370247936,14.503317804823576,46.65999984741211,1.7333416145382428,-0.347
662,MXF,2.0,1.0,R,HIGH,gyrA,90.0,gyrA_A90V,R,0.5555555555555556,A,A90V,51.400000000000006,2.4000000000000004,-0.8600000000000001,28.0,-0.040000000000000036,H,AlphaHelix,-61.829999999999984,-59.75999999999999,47.0,2.0,0.0,False,False,False,False,True,False,55.555815915240146,-64.0,82.0,14.434102224020556,5.4833322787917345,10.609526093749128,40.439998626708984,1.6650776123582791,0.089
663,MXF,>4,3.0,R,HIGH,gyrA,94.0,gyrA_D94Y,R,0.847457627118644,A,D94Y,82.5,2.2,-2.18,48.099999999999994,2.89,H,AlphaHelix,-58.04000000000002,-41.610000000000014,97.4,1.0,1.0,False,False,False,False,True,False,88.1550888450658,81.0,91.0,18.4946885503575,7.838828370247936,14.503317804823576,46.65999984741211,1.7333416145382428,-0.376
664,MXF,2.0,1.0,R,HIGH,gyrA,90.0,gyrA_A90V,R,0.5555555555555556,A,A90V,51.400000000000006,2.4000000000000004,-0.8600000000000001,28.0,-0.040000000000000036,H,AlphaHelix,-61.829999999999984,-59.75999999999999,47.0,2.0,0.0,False,False,False,False,True,False,55.555815915240146,-64.0,82.0,14.434102224020556,5.4833322787917345,10.609526093749128,40.439998626708984,1.6650776123582791,0.089
665,MXF,2.0,1.0,R,HIGH,gyrA,91.0,gyrA_S91P,R,0.676923076923077,A,S91P,23.700000000000003,-0.8,-0.64,10.0,0.6200000000000001,H,AlphaHelix,-67.14999999999998,-27.149999999999977,64.8,1.0,0.0,False,False,False,False,True,False,65.22815545163408,63.0,80.0,13.712390715773491,5.3811257108513875,11.010229056369285,47.63999938964844,1.5284537092505912,-0.125
666,MXF,2.0,1.0,R,MEDIUM,gyrA,94.0,gyrA_D94G,R,0.8189233278955954,A,D94G,-50.99999999999999,3.1,-1.2700000000000002,-58.0,3.1999999999999997,H,AlphaHelix,-58.04000000000002,-41.610000000000014,97.4,1.0,1.0,False,False,False,False,True,False,88.1550888450658,63.0,80.0,18.4946885503575,7.838828370247936,14.503317804823576,46.65999984741211,1.7333416145382428,-0.873
667,MXF,0.25,-2.0,S,HIGH,gyrA,205.0,gyrA_L205V,S,1.0,A,L205V,-26.69999999999999,0.40000000000000036,0.15999999999999992,-14.099999999999994,-0.020000000000000462,H,AlphaHelix,-71.44,-45.70999999999998,6.6,0.0,2.0,False,False,False,False,True,False,5.724711931593553,-58.0,78.0,44.321219698028465,43.30039647370029,48.49135200733131,61.79999923706055,2.223224331610429,-2.379
668,MXF,2.0,1.0,R,HIGH,gyrA,94.0,gyrA_D94G,R,0.8189233278955954,A,D94G,-50.99999999999999,3.1,-1.2700000000000002,-58.0,3.1999999999999997,H,AlphaHelix,-58.04000000000002,-41.610000000000014,97.4,1.0,1.0,False,False,False,False,True,False,88.1550888450658,63.0,80.0,18.4946885503575,7.838828370247936,14.503317804823576,46.65999984741211,1.7333416145382428,-0.873
669,MXF,2.0,1.0,R,HIGH,gyrA,94.0,gyrA_D94G,R,0.8189233278955954,A,D94G,-50.99999999999999,3.1,-1.2700000000000002,-58.0,3.1999999999999997,H,AlphaHelix,-58.04000000000002,-41.610000000000014,97.4,1.0,1.0,False,False,False,False,True,False,88.1550888450658,63.0,80.0,18.4946885503575,7.838828370247936,14.503317804823576,46.65999984741211,1.7333416145382428,-0.873
670,MXF,4.0,2.0,R,HIGH,gyrA,91.0,gyrA_S91P,R,0.676923076923077,A,S91P,23.700000000000003,-0.8,-0.64,10.0,0.6200000000000001,H,AlphaHelix,-67.14999999999998,-27.149999999999977,64.8,1.0,0.0,False,False,False,False,True,False,65.22815545163408,63.0,80.0,13.712390715773491,5.3811257108513875,11.010229056369285,47.63999938964844,1.5284537092505912,-0.125
671,MXF,1.0,0.0,S,MEDIUM,gyrA,94.0,gyrA_D94N,R,0.8235294117647058,A,D94N,3.0,0.0,-1.9800000000000002,-1.0,2.64,H,AlphaHelix,-58.04000000000002,-41.610000000000014,97.4,1.0,1.0,False,False,False,False,True,False,88.1550888450658,56.0,75.0,18.4946885503575,7.838828370247936,14.503317804823576,46.65999984741211,1.7333416145382428,-0.347
672,MXF,4.0,2.0,R,HIGH,gyrA,94.0,gyrA_D94G,R,0.8189233278955954,A,D94G,-50.99999999999999,3.1,-1.2700000000000002,-58.0,3.1999999999999997,H,AlphaHelix,-58.04000000000002,-41.610000000000014,97.4,1.0,1.0,False,False,False,False,True,False,88.1550888450658,63.0,80.0,18.4946885503575,7.838828370247936,14.503317804823576,46.65999984741211,1.7333416145382428,-0.873
673,MXF,>4,3.0,R,MEDIUM,gyrA,94.0,gyrA_D94N,R,0.8235294117647058,A,D94N,3.0,0.0,-1.9800000000000002,-1.0,2.64,H,AlphaHelix,-58.04000000000002,-41.610000000000014,97.4,1.0,1.0,False,False,False,False,True,False,88.1550888450658,56.0,75.0,18.4946885503575,7.838828370247936,14.503317804823576,46.65999984741211,1.7333416145382428,-0.347
674,MXF,0.25,-2.0,S,HIGH,gyrB,638.0,gyrB_L638V,S,1.0,B,L638V,-26.69999999999999,0.40000000000000036,0.15999999999999992,-14.099999999999994,-0.020000000000000462,T,Turn,-125.01999999999998,106.37,30.3,0.0,0.0,False,False,False,False,False,True,30.043134181047513,-74.0,87.0,27.141597122605827,36.828182457609174,32.328676463669886,78.27999877929688,2.292811549393272,-0.192
675,MXF,0.12,-3.06,S,HIGH,gyrA,94.0,gyrA_D94G,R,0.8189233278955954,A,D94G,-50.99999999999999,3.1,-1.2700000000000002,-58.0,3.1999999999999997,H,AlphaHelix,-58.04000000000002,-41.610000000000014,97.4,1.0,1.0,False,False,False,False,True,False,88.1550888450658,63.0,80.0,18.4946885503575,7.838828370247936,14.503317804823576,46.65999984741211,1.7333416145382428,-0.873
676,MXF,<=0.06,-4.06,S,HIGH,gyrA,90.0,gyrA_A90V,R,0.5555555555555556,A,A90V,51.400000000000006,2.4000000000000004,-0.8600000000000001,28.0,-0.040000000000000036,H,AlphaHelix,-61.829999999999984,-59.75999999999999,47.0,2.0,0.0,False,False,False,False,True,False,55.555815915240146,-64.0,82.0,14.434102224020556,5.4833322787917345,10.609526093749128,40.439998626708984,1.6650776123582791,0.089
677,MXF,2.0,1.0,R,HIGH,gyrA,94.0,gyrA_D94G,R,0.8189233278955954,A,D94G,-50.99999999999999,3.1,-1.2700000000000002,-58.0,3.1999999999999997,H,AlphaHelix,-58.04000000000002,-41.610000000000014,97.4,1.0,1.0,False,False,False,False,True,False,88.1550888450658,63.0,80.0,18.4946885503575,7.838828370247936,14.503317804823576,46.65999984741211,1.7333416145382428,-0.873
678,MXF,0.12,-3.06,S,HIGH,gyrA,90.0,gyrA_A90V,R,0.5555555555555556,A,A90V,51.400000000000006,2.4000000000000004,-0.8600000000000001,28.0,-0.040000000000000036,H,AlphaHelix,-61.829999999999984,-59.75999999999999,47.0,2.0,0.0,False,False,False,False,True,False,55.555815915240146,-64.0,82.0,14.434102224020556,5.4833322787917345,10.609526093749128,40.439998626708984,1.6650776123582791,0.089
679,MXF,2.0,1.0,R,HIGH,gyrA,90.0,gyrA_A90V,R,0.5555555555555556,A,A90V,51.400000000000006,2.4000000000000004,-0.8600000000000001,28.0,-0.040000000000000036,H,AlphaHelix,-61.829999999999984,-59.75999999999999,47.0,2.0,0.0,False,False,False,False,True,False,55.555815915240146,-64.0,82.0,14.434102224020556,5.4833322787917345,10.609526093749128,40.439998626708984,1.6650776123582791,0.089
680,MXF,>4,3.0,R,HIGH,gyrA,94.0,gyrA_D94N,R,0.8235294117647058,A,D94N,3.0,0.0,-1.9800000000000002,-1.0,2.64,H,AlphaHelix,-58.04000000000002,-41.610000000000014,97.4,1.0,1.0,False,False,False,False,True,False,88.1550888450658,56.0,75.0,18.4946885503575,7.838828370247936,14.503317804823576,46.65999984741211,1.7333416145382428,-0.347
681,MXF,>4,3.0,R,HIGH,gyrA,94.0,gyrA_D94G,R,0.8189233278955954,A,D94G,-50.99999999999999,3.1,-1.2700000000000002,-58.0,3.1999999999999997,H,AlphaHelix,-58.04000000000002,-41.610000000000014,97.4,1.0,1.0,False,False,False,False,True,False,88.1550888450658,63.0,80.0,18.4946885503575,7.838828370247936,14.503317804823576,46.65999984741211,1.7333416145382428,-0.873
682,MXF,0.25,-2.0,S,MEDIUM,gyrA,91.0,gyrA_S91P,R,0.676923076923077,A,S91P,23.700000000000003,-0.8,-0.64,10.0,0.6200000000000001,H,AlphaHelix,-67.14999999999998,-27.149999999999977,64.8,1.0,0.0,False,False,False,False,True,False,65.22815545163408,63.0,80.0,13.712390715773491,5.3811257108513875,11.010229056369285,47.63999938964844,1.5284537092505912,-0.125
683,MXF,4.0,2.0,R,HIGH,gyrA,94.0,gyrA_D94G,R,0.8189233278955954,A,D94G,-50.99999999999999,3.1,-1.2700000000000002,-58.0,3.1999999999999997,H,AlphaHelix,-58.04000000000002,-41.610000000000014,97.4,1.0,1.0,False,False,False,False,True,False,88.1550888450658,63.0,80.0,18.4946885503575,7.838828370247936,14.503317804823576,46.65999984741211,1.7333416145382428,-0.873
684,MXF,2.0,1.0,R,MEDIUM,gyrB,447.0,gyrB_S447F,S,0.6,B,S447F,100.9,3.5999999999999996,-0.9099999999999999,60.099999999999994,-0.1999999999999993,C,Coil,-66.01999999999998,127.78,10.3,0.0,1.0,False,True,False,False,False,False,7.650214361327759,35.0,66.0,30.854032276322915,38.15801550808711,31.835544590921046,76.79000091552734,2.2854008237144825,-0.561
685,MXF,0.12,-3.06,S,HIGH,gyrA,346.0,gyrA_L346V,S,1.0,A,L346V,-26.69999999999999,0.40000000000000036,0.15999999999999992,-14.099999999999994,-0.020000000000000462,E,Strand,-105.4,125.94,8.8,0.0,1.0,False,False,True,False,False,False,10.348432794704593,-89.0,93.0,26.90590856572466,25.894158702165782,29.24562602600237,52.459999084472656,2.9672121812905234,-0.753
686,MXF,1.0,0.0,S,HIGH,gyrB,446.0,gyrB_R446C,S,0.9,B,R446C,-64.9,7.0,-0.78,-52.999999999999986,-5.6899999999999995,C,Coil,-102.64999999999998,-28.920000000000016,47.7,0.0,2.0,False,True,False,False,False,False,48.145590821945774,28.0,63.0,29.51837897988494,35.92512580140432,29.680615443555677,77.33999633789062,1.8834134115420547,-0.926
687,MXF,2.0,1.0,R,HIGH,gyrA,91.0,gyrA_S91P,R,0.676923076923077,A,S91P,23.700000000000003,-0.8,-0.64,10.0,0.6200000000000001,H,AlphaHelix,-67.14999999999998,-27.149999999999977,64.8,1.0,0.0,False,False,False,False,True,False,65.22815545163408,63.0,80.0,13.712390715773491,5.3811257108513875,11.010229056369285,47.63999938964844,1.5284537092505912,-0.125
688,MXF,>4,3.0,R,HIGH,gyrA,94.0,gyrA_D94G,R,0.8189233278955954,A,D94G,-50.99999999999999,3.1,-1.2700000000000002,-58.0,3.1999999999999997,H,AlphaHelix,-58.04000000000002,-41.610000000000014,97.4,1.0,1.0,False,False,False,False,True,False,88.1550888450658,63.0,80.0,18.4946885503575,7.838828370247936,14.503317804823576,46.65999984741211,1.7333416145382428,-0.873
689,MXF,1.0,0.0,S,MEDIUM,gyrA,90.0,gyrA_A90V,R,0.5555555555555556,A,A90V,51.400000000000006,2.4000000000000004,-0.8600000000000001,28.0,-0.040000000000000036,H,AlphaHelix,-61.829999999999984,-59.75999999999999,47.0,2.0,0.0,False,False,False,False,True,False,55.555815915240146,-64.0,82.0,14.434102224020556,5.4833322787917345,10.609526093749128,40.439998626708984,1.6650776123582791,0.089
690,MXF,4.0,2.0,R,MEDIUM,gyrA,94.0,gyrA_D94G,R,0.8189233278955954,A,D94G,-50.99999999999999,3.1,-1.2700000000000002,-58.0,3.1999999999999997,H,AlphaHelix,-58.04000000000002,-41.610000000000014,97.4,1.0,1.0,False,False,False,False,True,False,88.1550888450658,63.0,80.0,18.4946885503575,7.838828370247936,14.503317804823576,46.65999984741211,1.7333416145382428,-0.873
691,MXF,2.0,1.0,R,MEDIUM,gyrA,94.0,gyrA_D94G,R,0.8189233278955954,A,D94G,-50.99999999999999,3.1,-1.2700000000000002,-58.0,3.1999999999999997,H,AlphaHelix,-58.04000000000002,-41.610000000000014,97.4,1.0,1.0,False,False,False,False,True,False,88.1550888450658,63.0,80.0,18.4946885503575,7.838828370247936,14.503317804823576,46.65999984741211,1.7333416145382428,-0.873
692,MXF,4.0,2.0,R,MEDIUM,gyrA,90.0,gyrA_A90V,R,0.5555555555555556,A,A90V,51.400000000000006,2.4000000000000004,-0.8600000000000001,28.0,-0.040000000000000036,H,AlphaHelix,-61.829999999999984,-59.75999999999999,47.0,2.0,0.0,False,False,False,False,True,False,55.555815915240146,-64.0,82.0,14.434102224020556,5.4833322787917345,10.609526093749128,40.439998626708984,1.6650776123582791,0.089
693,MXF,0.12,-3.06,S,HIGH,gyrA,94.0,gyrA_D94N,R,0.8235294117647058,A,D94N,3.0,0.0,-1.9800000000000002,-1.0,2.64,H,AlphaHelix,-58.04000000000002,-41.610000000000014,97.4,1.0,1.0,False,False,False,False,True,False,88.1550888450658,56.0,75.0,18.4946885503575,7.838828370247936,14.503317804823576,46.65999984741211,1.7333416145382428,-0.347
694,MXF,1.0,0.0,S,HIGH,gyrA,282.0,gyrA_N282K,S,0.8,A,N282K,54.5,-0.3999999999999999,1.3800000000000001,14.099999999999994,4.33,H,AlphaHelix,-64.48000000000002,-35.73000000000002,80.0,1.0,0.0,False,False,False,False,True,False,79.79765719660747,-72.0,87.0,34.06851876228447,20.565156123121184,23.870427032333804,67.81999969482422,1.6829211647617668,-0.498
695,MXF,0.25,-2.0,S,MEDIUM,gyrB,447.0,gyrB_S447F,S,0.6,B,S447F,100.9,3.5999999999999996,-0.9099999999999999,60.099999999999994,-0.1999999999999993,C,Coil,-66.01999999999998,127.78,10.3,0.0,1.0,False,True,False,False,False,False,7.650214361327759,35.0,66.0,30.854032276322915,38.15801550808711,31.835544590921046,76.79000091552734,2.2854008237144825,-0.561
696,MXF,0.25,-2.0,S,MEDIUM,gyrA,90.0,gyrA_A90V,R,0.5555555555555556,A,A90V,51.400000000000006,2.4000000000000004,-0.8600000000000001,28.0,-0.040000000000000036,H,AlphaHelix,-61.829999999999984,-59.75999999999999,47.0,2.0,0.0,False,False,False,False,True,False,55.555815915240146,-64.0,82.0,14.434102224020556,5.4833322787917345,10.609526093749128,40.439998626708984,1.6650776123582791,0.089
697,MXF,2.0,1.0,R,HIGH,gyrA,94.0,gyrA_D94A,R,0.5232558139534884,A,D94A,-22.5,5.3,-2.08,-44.0,3.23,H,AlphaHelix,-58.04000000000002,-41.610000000000014,97.4,1.0,1.0,False,False,False,False,True,False,88.1550888450658,46.0,71.0,18.4946885503575,7.838828370247936,14.503317804823576,46.65999984741211,1.7333416145382428,-0.421
698,MXF,1.0,0.0,S,HIGH,gyrA,94.0,gyrA_D94H,R,0.75,A,D94H,42.099999999999994,0.2999999999999998,-1.04,22.099999999999994,4.82,H,AlphaHelix,-58.04000000000002,-41.610000000000014,97.4,1.0,1.0,False,False,False,False,True,False,88.1550888450658,79.0,85.0,18.4946885503575,7.838828370247936,14.503317804823576,46.65999984741211,1.7333416145382428,-0.36
699,MXF,4.0,2.0,R,HIGH,gyrA,94.0,gyrA_D94G,R,0.8189233278955954,A,D94G,-50.99999999999999,3.1,-1.2700000000000002,-58.0,3.1999999999999997,H,AlphaHelix,-58.04000000000002,-41.610000000000014,97.4,1.0,1.0,False,False,False,False,True,False,88.1550888450658,63.0,80.0,18.4946885503575,7.838828370247936,14.503317804823576,46.65999984741211,1.7333416145382428,-0.873
700,MXF,>4,3.0,R,MEDIUM,gyrA,94.0,gyrA_D94Y,R,0.847457627118644,A,D94Y,82.5,2.2,-2.18,48.099999999999994,2.89,H,AlphaHelix,-58.04000000000002,-41.610000000000014,97.4,1.0,1.0,False,False,False,False,True,False,88.1550888450658,81.0,91.0,18.4946885503575,7.838828370247936,14.503317804823576,46.65999984741211,1.7333416145382428,-0.376
701,MXF,1.0,0.0,S,MEDIUM,gyrA,88.0,gyrA_G88C,R,0.9090909090909091,A,G88C,48.4,2.9,-0.9199999999999999,46.10000000000001,-0.8999999999999995,C,Coil,-77.02999999999997,152.43,8.6,0.0,0.0,False,True,False,False,False,False,9.936179450376525,50.0,75.0,9.426612506997063,8.72870415742702,11.188927476312779,57.560001373291016,1.9098223702260209,-0.725
702,MXF,>4,3.0,R,MEDIUM,gyrA,94.0,gyrA_D94G,R,0.8189233278955954,A,D94G,-50.99999999999999,3.1,-1.2700000000000002,-58.0,3.1999999999999997,H,AlphaHelix,-58.04000000000002,-41.610000000000014,97.4,1.0,1.0,False,False,False,False,True,False,88.1550888450658,63.0,80.0,18.4946885503575,7.838828370247936,14.503317804823576,46.65999984741211,1.7333416145382428,-0.873
703,MXF,2.0,1.0,R,HIGH,gyrA,90.0,gyrA_A90V,R,0.5555555555555556,A,A90V,51.400000000000006,2.4000000000000004,-0.8600000000000001,28.0,-0.040000000000000036,H,AlphaHelix,-61.829999999999984,-59.75999999999999,47.0,2.0,0.0,False,False,False,False,True,False,55.555815915240146,-64.0,82.0,14.434102224020556,5.4833322787917345,10.609526093749128,40.439998626708984,1.6650776123582791,0.089
704,MXF,1.0,0.0,S,HIGH,gyrA,94.0,gyrA_D94G,R,0.8189233278955954,A,D94G,-50.99999999999999,3.1,-1.2700000000000002,-58.0,3.1999999999999997,H,AlphaHelix,-58.04000000000002,-41.610000000000014,97.4,1.0,1.0,False,False,False,False,True,False,88.1550888450658,63.0,80.0,18.4946885503575,7.838828370247936,14.503317804823576,46.65999984741211,1.7333416145382428,-0.873
705,MXF,4.0,2.0,R,MEDIUM,gyrA,94.0,gyrA_D94G,R,0.8189233278955954,A,D94G,-50.99999999999999,3.1,-1.2700000000000002,-58.0,3.1999999999999997,H,AlphaHelix,-58.04000000000002,-41.610000000000014,97.4,1.0,1.0,False,False,False,False,True,False,88.1550888450658,63.0,80.0,18.4946885503575,7.838828370247936,14.503317804823576,46.65999984741211,1.7333416145382428,-0.873
706,MXF,1.0,0.0,S,MEDIUM,gyrA,90.0,gyrA_A90V,R,0.5555555555555556,A,A90V,51.400000000000006,2.4000000000000004,-0.8600000000000001,28.0,-0.040000000000000036,H,AlphaHelix,-61.829999999999984,-59.75999999999999,47.0,2.0,0.0,False,False,False,False,True,False,55.555815915240146,-64.0,82.0,14.434102224020556,5.4833322787917345,10.609526093749128,40.439998626708984,1.6650776123582791,0.089
707,MXF,4.0,2.0,R,HIGH,gyrA,94.0,gyrA_D94N,R,0.8235294117647058,A,D94N,3.0,0.0,-1.9800000000000002,-1.0,2.64,H,AlphaHelix,-58.04000000000002,-41.610000000000014,97.4,1.0,1.0,False,False,False,False,True,False,88.1550888450658,56.0,75.0,18.4946885503575,7.838828370247936,14.503317804823576,46.65999984741211,1.7333416145382428,-0.347
708,MXF,4.0,2.0,R,MEDIUM,gyrA,91.0,gyrA_S91P,R,0.676923076923077,A,S91P,23.700000000000003,-0.8,-0.64,10.0,0.6200000000000001,H,AlphaHelix,-67.14999999999998,-27.149999999999977,64.8,1.0,0.0,False,False,False,False,True,False,65.22815545163408,63.0,80.0,13.712390715773491,5.3811257108513875,11.010229056369285,47.63999938964844,1.5284537092505912,-0.125
709,MXF,0.25,-2.0,S,HIGH,gyrA,235.0,gyrA_V235A,S,1.0,A,V235A,-51.400000000000006,-2.4000000000000004,0.8600000000000001,-28.0,0.040000000000000036,E,Strand,-100.01999999999998,119.78,17.2,0.0,1.0,False,False,True,False,False,False,17.542937645313977,-13.0,57.0,44.81649084209009,35.91388518256853,40.3137154835803,49.0,2.3580077907095567,-1.417
710,MXF,4.0,2.0,R,HIGH,gyrA,94.0,gyrA_D94G,R,0.8189233278955954,A,D94G,-50.99999999999999,3.1,-1.2700000000000002,-58.0,3.1999999999999997,H,AlphaHelix,-58.04000000000002,-41.610000000000014,97.4,1.0,1.0,False,False,False,False,True,False,88.1550888450658,63.0,80.0,18.4946885503575,7.838828370247936,14.503317804823576,46.65999984741211,1.7333416145382428,-0.873
711,MXF,0.5,-1.0,S,MEDIUM,gyrA,88.0,gyrA_G88A,S,1.0,A,G88A,28.499999999999993,2.2,-0.8099999999999998,14.0,0.03000000000000025,C,Coil,-77.02999999999997,152.43,8.6,0.0,0.0,False,True,False,False,False,False,9.936179450376525,47.0,71.0,9.426612506997063,8.72870415742702,11.188927476312779,57.560001373291016,1.9098223702260209,-1.185
712,MXF,4.0,2.0,R,MEDIUM,gyrA,94.0,gyrA_D94G,R,0.8189233278955954,A,D94G,-50.99999999999999,3.1,-1.2700000000000002,-58.0,3.1999999999999997,H,AlphaHelix,-58.04000000000002,-41.610000000000014,97.4,1.0,1.0,False,False,False,False,True,False,88.1550888450658,63.0,80.0,18.4946885503575,7.838828370247936,14.503317804823576,46.65999984741211,1.7333416145382428,-0.873
713,MXF,0.25,-2.0,S,HIGH,gyrA,210.0,gyrA_A210V,S,1.0,A,A210V,51.400000000000006,2.4000000000000004,-0.8600000000000001,28.0,-0.040000000000000036,T,Turn,-59.75,137.42,17.3,0.0,1.0,False,False,False,False,False,True,21.890134117638297,-66.0,82.0,47.51815612993418,47.37203483978227,51.81097005918567,69.98999786376953,1.7880208742571901,-0.875
714,MXF,>4,3.0,R,HIGH,gyrB,501.0,gyrB_E501D,R,0.7857142857142857,B,E501D,-27.30000000000001,0.0,0.8,-14.0,-0.4500000000000002,H,AlphaHelix,-71.87,-38.54000000000002,13.6,2.0,0.0,False,False,False,False,True,False,15.369778026626971,78.0,85.0,18.005379610370586,18.103477446299912,11.656371379938307,63.0099983215332,2.23399611625198,-2.507
715,MXF,>4,3.0,R,MEDIUM,gyrA,94.0,gyrA_D94N,R,0.8235294117647058,A,D94N,3.0,0.0,-1.9800000000000002,-1.0,2.64,H,AlphaHelix,-58.04000000000002,-41.610000000000014,97.4,1.0,1.0,False,False,False,False,True,False,88.1550888450658,56.0,75.0,18.4946885503575,7.838828370247936,14.503317804823576,46.65999984741211,1.7333416145382428,-0.347
716,MXF,,,,HIGH,gyrA,94.0,gyrA_D94G,R,0.8189233278955954,A,D94G,-50.99999999999999,3.1,-1.2700000000000002,-58.0,3.1999999999999997,H,AlphaHelix,-58.04000000000002,-41.610000000000014,97.4,1.0,1.0,False,False,False,False,True,False,88.1550888450658,63.0,80.0,18.4946885503575,7.838828370247936,14.503317804823576,46.65999984741211,1.7333416145382428,-0.873
717,MXF,4.0,2.0,R,HIGH,gyrA,472.0,gyrA_P472S,S,0.9285714285714286,A,P472S,-23.700000000000003,0.8,0.64,-10.0,-0.6200000000000001,H,AlphaHelix,-59.70999999999998,-28.170000000000016,71.0,1.0,0.0,False,False,False,False,True,False,78.73791501370572,-68.0,82.0,46.44317945930904,48.133935316451236,53.0020285473169,69.8499984741211,1.6707895195538032,-1.116
718,MXF,>4,3.0,R,HIGH,gyrA,94.0,gyrA_D94G,R,0.8189233278955954,A,D94G,-50.99999999999999,3.1,-1.2700000000000002,-58.0,3.1999999999999997,H,AlphaHelix,-58.04000000000002,-41.610000000000014,97.4,1.0,1.0,False,False,False,False,True,False,88.1550888450658,63.0,80.0,18.4946885503575,7.838828370247936,14.503317804823576,46.65999984741211,1.7333416145382428,-0.873
719,MXF,2.0,1.0,R,MEDIUM,gyrA,94.0,gyrA_D94G,R,0.8189233278955954,A,D94G,-50.99999999999999,3.1,-1.2700000000000002,-58.0,3.1999999999999997,H,AlphaHelix,-58.04000000000002,-41.610000000000014,97.4,1.0,1.0,False,False,False,False,True,False,88.1550888450658,63.0,80.0,18.4946885503575,7.838828370247936,14.503317804823576,46.65999984741211,1.7333416145382428,-0.873
720,MXF,1.0,0.0,S,HIGH,gyrB,461.0,gyrB_D461N,S,0.8888888888888888,B,D461N,3.0,0.0,-1.9800000000000002,-1.0,2.64,H,AlphaHelix,-71.88999999999999,-39.93000000000001,81.7,1.0,0.0,False,False,False,False,True,False,75.64790414237022,36.0,66.0,11.848330371804606,15.309593699828135,10.195622879537305,64.79000091552734,1.5661131135005826,-0.266
721,MXF,0.25,-2.0,S,HIGH,gyrA,193.0,gyrA_N193S,S,1.0,A,N193S,-25.099999999999994,2.7,-0.09999999999999998,-27.0,0.2699999999999996,C,Coil,-78.75,123.63,5.4,2.0,0.0,False,True,False,False,False,False,3.9785882839510753,-22.0,61.0,38.56834762344578,31.614916234348744,37.544471341104654,50.119998931884766,3.1142630176941593,-1.229
722,MXF,4.0,2.0,R,HIGH,gyrA,94.0,gyrA_D94G,R,0.8189233278955954,A,D94G,-50.99999999999999,3.1,-1.2700000000000002,-58.0,3.1999999999999997,H,AlphaHelix,-58.04000000000002,-41.610000000000014,97.4,1.0,1.0,False,False,False,False,True,False,88.1550888450658,63.0,80.0,18.4946885503575,7.838828370247936,14.503317804823576,46.65999984741211,1.7333416145382428,-0.873
723,MXF,0.5,-1.0,S,HIGH,gyrA,272.0,gyrA_T272I,S,1.0,A,T272I,50.599999999999994,5.2,-0.92,12.099999999999994,0.41999999999999993,E,Strand,-112.11000000000001,-12.70999999999998,37.5,0.0,1.0,False,False,True,False,False,False,40.96354945026428,50.0,75.0,44.213849138416066,31.22939328398453,36.42061242655377,56.79999923706055,2.141009499133353,-0.384
724,MXF,4.0,2.0,R,HIGH,gyrA,94.0,gyrA_D94G,R,0.8189233278955954,A,D94G,-50.99999999999999,3.1,-1.2700000000000002,-58.0,3.1999999999999997,H,AlphaHelix,-58.04000000000002,-41.610000000000014,97.4,1.0,1.0,False,False,False,False,True,False,88.1550888450658,63.0,80.0,18.4946885503575,7.838828370247936,14.503317804823576,46.65999984741211,1.7333416145382428,-0.873
725,MXF,4.0,2.0,R,HIGH,gyrA,94.0,gyrA_D94G,R,0.8189233278955954,A,D94G,-50.99999999999999,3.1,-1.2700000000000002,-58.0,3.1999999999999997,H,AlphaHelix,-58.04000000000002,-41.610000000000014,97.4,1.0,1.0,False,False,False,False,True,False,88.1550888450658,63.0,80.0,18.4946885503575,7.838828370247936,14.503317804823576,46.65999984741211,1.7333416145382428,-0.873
726,MXF,0.12,-3.06,S,MEDIUM,gyrA,90.0,gyrA_A90V,R,0.5555555555555556,A,A90V,51.400000000000006,2.4000000000000004,-0.8600000000000001,28.0,-0.040000000000000036,H,AlphaHelix,-61.829999999999984,-59.75999999999999,47.0,2.0,0.0,False,False,False,False,True,False,55.555815915240146,-64.0,82.0,14.434102224020556,5.4833322787917345,10.609526093749128,40.439998626708984,1.6650776123582791,0.089
727,MXF,>4,3.0,R,HIGH,gyrA,94.0,gyrA_D94G,R,0.8189233278955954,A,D94G,-50.99999999999999,3.1,-1.2700000000000002,-58.0,3.1999999999999997,H,AlphaHelix,-58.04000000000002,-41.610000000000014,97.4,1.0,1.0,False,False,False,False,True,False,88.1550888450658,63.0,80.0,18.4946885503575,7.838828370247936,14.503317804823576,46.65999984741211,1.7333416145382428,-0.873
728,MXF,4.0,2.0,R,MEDIUM,gyrA,94.0,gyrA_D94G,R,0.8189233278955954,A,D94G,-50.99999999999999,3.1,-1.2700000000000002,-58.0,3.1999999999999997,H,AlphaHelix,-58.04000000000002,-41.610000000000014,97.4,1.0,1.0,False,False,False,False,True,False,88.1550888450658,63.0,80.0,18.4946885503575,7.838828370247936,14.503317804823576,46.65999984741211,1.7333416145382428,-0.873
729,MXF,4.0,2.0,R,HIGH,gyrA,94.0,gyrA_D94G,R,0.8189233278955954,A,D94G,-50.99999999999999,3.1,-1.2700000000000002,-58.0,3.1999999999999997,H,AlphaHelix,-58.04000000000002,-41.610000000000014,97.4,1.0,1.0,False,False,False,False,True,False,88.1550888450658,63.0,80.0,18.4946885503575,7.838828370247936,14.503317804823576,46.65999984741211,1.7333416145382428,-0.873
730,MXF,>4,3.0,R,HIGH,gyrB,500.0,gyrB_T500N,S,0.8,B,T500N,-2.0,-2.8,0.32,13.0,-0.1899999999999995,H,AlphaHelix,-57.870000000000005,-37.74000000000001,88.7,1.0,0.0,False,False,False,False,True,False,91.70815715162803,-69.0,82.0,20.980381818326222,18.43322881312501,12.209729764108214,63.970001220703125,1.5446886429143032,0.026
731,MXF,>4,3.0,R,HIGH,gyrA,94.0,gyrA_D94G,R,0.8189233278955954,A,D94G,-50.99999999999999,3.1,-1.2700000000000002,-58.0,3.1999999999999997,H,AlphaHelix,-58.04000000000002,-41.610000000000014,97.4,1.0,1.0,False,False,False,False,True,False,88.1550888450658,63.0,80.0,18.4946885503575,7.838828370247936,14.503317804823576,46.65999984741211,1.7333416145382428,-0.873
732,MXF,>4,3.0,R,HIGH,gyrA,94.0,gyrA_D94G,R,0.8189233278955954,A,D94G,-50.99999999999999,3.1,-1.2700000000000002,-58.0,3.1999999999999997,H,AlphaHelix,-58.04000000000002,-41.610000000000014,97.4,1.0,1.0,False,False,False,False,True,False,88.1550888450658,63.0,80.0,18.4946885503575,7.838828370247936,14.503317804823576,46.65999984741211,1.7333416145382428,-0.873
733,MXF,>4,3.0,R,HIGH,gyrA,94.0,gyrA_D94H,R,0.75,A,D94H,42.099999999999994,0.2999999999999998,-1.04,22.099999999999994,4.82,H,AlphaHelix,-58.04000000000002,-41.610000000000014,97.4,1.0,1.0,False,False,False,False,True,False,88.1550888450658,79.0,85.0,18.4946885503575,7.838828370247936,14.503317804823576,46.65999984741211,1.7333416145382428,-0.36
734,MXF,0.12,-3.06,S,MEDIUM,gyrA,94.0,gyrA_D94A,R,0.5232558139534884,A,D94A,-22.5,5.3,-2.08,-44.0,3.23,H,AlphaHelix,-58.04000000000002,-41.610000000000014,97.4,1.0,1.0,False,False,False,False,True,False,88.1550888450658,46.0,71.0,18.4946885503575,7.838828370247936,14.503317804823576,46.65999984741211,1.7333416145382428,-0.421
735,MXF,4.0,2.0,R,MEDIUM,gyrA,94.0,gyrA_D94H,R,0.75,A,D94H,42.099999999999994,0.2999999999999998,-1.04,22.099999999999994,4.82,H,AlphaHelix,-58.04000000000002,-41.610000000000014,97.4,1.0,1.0,False,False,False,False,True,False,88.1550888450658,79.0,85.0,18.4946885503575,7.838828370247936,14.503317804823576,46.65999984741211,1.7333416145382428,-0.36
736,MXF,>4,3.0,R,HIGH,gyrA,94.0,gyrA_D94N,R,0.8235294117647058,A,D94N,3.0,0.0,-1.9800000000000002,-1.0,2.64,H,AlphaHelix,-58.04000000000002,-41.610000000000014,97.4,1.0,1.0,False,False,False,False,True,False,88.1550888450658,56.0,75.0,18.4946885503575,7.838828370247936,14.503317804823576,46.65999984741211,1.7333416145382428,-0.347
737,MXF,4.0,2.0,R,HIGH,gyrA,94.0,gyrA_D94Y,R,0.847457627118644,A,D94Y,82.5,2.2,-2.18,48.099999999999994,2.89,H,AlphaHelix,-58.04000000000002,-41.610000000000014,97.4,1.0,1.0,False,False,False,False,True,False,88.1550888450658,81.0,91.0,18.4946885503575,7.838828370247936,14.503317804823576,46.65999984741211,1.7333416145382428,-0.376
738,MXF,>4,3.0,R,MEDIUM,gyrA,94.0,gyrA_D94H,R,0.75,A,D94H,42.099999999999994,0.2999999999999998,-1.04,22.099999999999994,4.82,H,AlphaHelix,-58.04000000000002,-41.610000000000014,97.4,1.0,1.0,False,False,False,False,True,False,88.1550888450658,79.0,85.0,18.4946885503575,7.838828370247936,14.503317804823576,46.65999984741211,1.7333416145382428,-0.36
739,MXF,2.0,1.0,R,MEDIUM,gyrA,90.0,gyrA_A90V,R,0.5555555555555556,A,A90V,51.400000000000006,2.4000000000000004,-0.8600000000000001,28.0,-0.040000000000000036,H,AlphaHelix,-61.829999999999984,-59.75999999999999,47.0,2.0,0.0,False,False,False,False,True,False,55.555815915240146,-64.0,82.0,14.434102224020556,5.4833322787917345,10.609526093749128,40.439998626708984,1.6650776123582791,0.089
740,MXF,4.0,2.0,R,HIGH,gyrA,94.0,gyrA_D94G,R,0.8189233278955954,A,D94G,-50.99999999999999,3.1,-1.2700000000000002,-58.0,3.1999999999999997,H,AlphaHelix,-58.04000000000002,-41.610000000000014,97.4,1.0,1.0,False,False,False,False,True,False,88.1550888450658,63.0,80.0,18.4946885503575,7.838828370247936,14.503317804823576,46.65999984741211,1.7333416145382428,-0.873
741,MXF,4.0,2.0,R,MEDIUM,gyrA,94.0,gyrA_D94G,R,0.8189233278955954,A,D94G,-50.99999999999999,3.1,-1.2700000000000002,-58.0,3.1999999999999997,H,AlphaHelix,-58.04000000000002,-41.610000000000014,97.4,1.0,1.0,False,False,False,False,True,False,88.1550888450658,63.0,80.0,18.4946885503575,7.838828370247936,14.503317804823576,46.65999984741211,1.7333416145382428,-0.873
742,MXF,4.0,2.0,R,HIGH,gyrA,94.0,gyrA_D94N,R,0.8235294117647058,A,D94N,3.0,0.0,-1.9800000000000002,-1.0,2.64,H,AlphaHelix,-58.04000000000002,-41.610000000000014,97.4,1.0,1.0,False,False,False,False,True,False,88.1550888450658,56.0,75.0,18.4946885503575,7.838828370247936,14.503317804823576,46.65999984741211,1.7333416145382428,-0.347
743,MXF,0.12,-3.06,S,HIGH,gyrA,230.0,gyrA_T230S,S,1.0,A,T230S,-27.099999999999994,-0.10000000000000009,0.22000000000000003,-14.0,0.08000000000000007,T,Turn,-90.07,11.75,32.1,0.0,0.0,False,False,False,False,False,True,31.5661275522854,-4.0,53.0,36.325556547819765,25.232921399932774,31.018688114638664,53.7599983215332,1.9066785642354738,-0.749
744,MXF,0.25,-2.0,S,MEDIUM,gyrA,90.0,gyrA_A90V,R,0.5555555555555556,A,A90V,51.400000000000006,2.4000000000000004,-0.8600000000000001,28.0,-0.040000000000000036,H,AlphaHelix,-61.829999999999984,-59.75999999999999,47.0,2.0,0.0,False,False,False,False,True,False,55.555815915240146,-64.0,82.0,14.434102224020556,5.4833322787917345,10.609526093749128,40.439998626708984,1.6650776123582791,0.089
745,MXF,1.0,0.0,S,MEDIUM,gyrA,94.0,gyrA_D94A,R,0.5232558139534884,A,D94A,-22.5,5.3,-2.08,-44.0,3.23,H,AlphaHelix,-58.04000000000002,-41.610000000000014,97.4,1.0,1.0,False,False,False,False,True,False,88.1550888450658,46.0,71.0,18.4946885503575,7.838828370247936,14.503317804823576,46.65999984741211,1.7333416145382428,-0.421
746,MXF,4.0,2.0,R,MEDIUM,gyrA,90.0,gyrA_A90V,R,0.5555555555555556,A,A90V,51.400000000000006,2.4000000000000004,-0.8600000000000001,28.0,-0.040000000000000036,H,AlphaHelix,-61.829999999999984,-59.75999999999999,47.0,2.0,0.0,False,False,False,False,True,False,55.555815915240146,-64.0,82.0,14.434102224020556,5.4833322787917345,10.609526093749128,40.439998626708984,1.6650776123582791,0.089
747,MXF,4.0,2.0,R,MEDIUM,gyrA,94.0,gyrA_D94G,R,0.8189233278955954,A,D94G,-50.99999999999999,3.1,-1.2700000000000002,-58.0,3.1999999999999997,H,AlphaHelix,-58.04000000000002,-41.610000000000014,97.4,1.0,1.0,False,False,False,False,True,False,88.1550888450658,63.0,80.0,18.4946885503575,7.838828370247936,14.503317804823576,46.65999984741211,1.7333416145382428,-0.873
748,MXF,1.0,0.0,S,HIGH,gyrA,90.0,gyrA_A90V,R,0.5555555555555556,A,A90V,51.400000000000006,2.4000000000000004,-0.8600000000000001,28.0,-0.040000000000000036,H,AlphaHelix,-61.829999999999984,-59.75999999999999,47.0,2.0,0.0,False,False,False,False,True,False,55.555815915240146,-64.0,82.0,14.434102224020556,5.4833322787917345,10.609526093749128,40.439998626708984,1.6650776123582791,0.089
749,MXF,1.0,0.0,S,HIGH,gyrA,94.0,gyrA_D94G,R,0.8189233278955954,A,D94G,-50.99999999999999,3.1,-1.2700000000000002,-58.0,3.1999999999999997,H,AlphaHelix,-58.04000000000002,-41.610000000000014,97.4,1.0,1.0,False,False,False,False,True,False,88.1550888450658,63.0,80.0,18.4946885503575,7.838828370247936,14.503317804823576,46.65999984741211,1.7333416145382428,-0.873
750,MXF,>4,3.0,R,HIGH,gyrA,94.0,gyrA_D94G,R,0.8189233278955954,A,D94G,-50.99999999999999,3.1,-1.2700000000000002,-58.0,3.1999999999999997,H,AlphaHelix,-58.04000000000002,-41.610000000000014,97.4,1.0,1.0,False,False,False,False,True,False,88.1550888450658,63.0,80.0,18.4946885503575,7.838828370247936,14.503317804823576,46.65999984741211,1.7333416145382428,-0.873
751,MXF,0.25,-2.0,S,HIGH,gyrA,94.0,gyrA_D94G,R,0.8189233278955954,A,D94G,-50.99999999999999,3.1,-1.2700000000000002,-58.0,3.1999999999999997,H,AlphaHelix,-58.04000000000002,-41.610000000000014,97.4,1.0,1.0,False,False,False,False,True,False,88.1550888450658,63.0,80.0,18.4946885503575,7.838828370247936,14.503317804823576,46.65999984741211,1.7333416145382428,-0.873
752,MXF,>4,3.0,R,HIGH,gyrA,94.0,gyrA_D94G,R,0.8189233278955954,A,D94G,-50.99999999999999,3.1,-1.2700000000000002,-58.0,3.1999999999999997,H,AlphaHelix,-58.04000000000002,-41.610000000000014,97.4,1.0,1.0,False,False,False,False,True,False,88.1550888450658,63.0,80.0,18.4946885503575,7.838828370247936,14.503317804823576,46.65999984741211,1.7333416145382428,-0.873
753,MXF,2.0,1.0,R,MEDIUM,gyrA,90.0,gyrA_A90V,R,0.5555555555555556,A,A90V,51.400000000000006,2.4000000000000004,-0.8600000000000001,28.0,-0.040000000000000036,H,AlphaHelix,-61.829999999999984,-59.75999999999999,47.0,2.0,0.0,False,False,False,False,True,False,55.555815915240146,-64.0,82.0,14.434102224020556,5.4833322787917345,10.609526093749128,40.439998626708984,1.6650776123582791,0.089
754,MXF,>4,3.0,R,HIGH,gyrA,94.0,gyrA_D94G,R,0.8189233278955954,A,D94G,-50.99999999999999,3.1,-1.2700000000000002,-58.0,3.1999999999999997,H,AlphaHelix,-58.04000000000002,-41.610000000000014,97.4,1.0,1.0,False,False,False,False,True,False,88.1550888450658,63.0,80.0,18.4946885503575,7.838828370247936,14.503317804823576,46.65999984741211,1.7333416145382428,-0.873
755,MXF,4.0,2.0,R,HIGH,gyrA,94.0,gyrA_D94G,R,0.8189233278955954,A,D94G,-50.99999999999999,3.1,-1.2700000000000002,-58.0,3.1999999999999997,H,AlphaHelix,-58.04000000000002,-41.610000000000014,97.4,1.0,1.0,False,False,False,False,True,False,88.1550888450658,63.0,80.0,18.4946885503575,7.838828370247936,14.503317804823576,46.65999984741211,1.7333416145382428,-0.873
756,MXF,0.25,-2.0,S,HIGH,gyrA,489.0,gyrA_R489K,S,1.0,A,R489K,-4.800000000000011,0.6000000000000001,0.81,-28.0,-1.0199999999999996,H,AlphaHelix,-82.97000000000003,-45.35000000000002,183.0,0.0,2.0,False,False,False,False,True,False,182.5990899325483,-99.0,97.0,42.68069002542901,36.46744346513545,43.03335057664614,76.72000122070312,1.5552796223693524,0.148
757,MXF,>4,3.0,R,MEDIUM,gyrA,90.0,gyrA_A90V,R,0.5555555555555556,A,A90V,51.400000000000006,2.4000000000000004,-0.8600000000000001,28.0,-0.040000000000000036,H,AlphaHelix,-61.829999999999984,-59.75999999999999,47.0,2.0,0.0,False,False,False,False,True,False,55.555815915240146,-64.0,82.0,14.434102224020556,5.4833322787917345,10.609526093749128,40.439998626708984,1.6650776123582791,0.089
758,MXF,2.0,1.0,R,HIGH,gyrA,90.0,gyrA_A90V,R,0.5555555555555556,A,A90V,51.400000000000006,2.4000000000000004,-0.8600000000000001,28.0,-0.040000000000000036,H,AlphaHelix,-61.829999999999984,-59.75999999999999,47.0,2.0,0.0,False,False,False,False,True,False,55.555815915240146,-64.0,82.0,14.434102224020556,5.4833322787917345,10.609526093749128,40.439998626708984,1.6650776123582791,0.089
759,MXF,0.5,-1.0,S,HIGH,gyrA,464.0,gyrA_D464E,S,1.0,A,D464E,27.30000000000001,0.0,-0.8,14.0,0.4500000000000002,H,AlphaHelix,-63.139999999999986,-46.29000000000002,72.1,2.0,1.0,False,False,False,False,True,False,64.24509161765535,-89.0,93.0,50.50539466193031,52.05347062548921,57.342498509860896,72.6500015258789,1.804871929556316,-0.153
760,MXF,>4,3.0,R,HIGH,gyrA,94.0,gyrA_D94G,R,0.8189233278955954,A,D94G,-50.99999999999999,3.1,-1.2700000000000002,-58.0,3.1999999999999997,H,AlphaHelix,-58.04000000000002,-41.610000000000014,97.4,1.0,1.0,False,False,False,False,True,False,88.1550888450658,63.0,80.0,18.4946885503575,7.838828370247936,14.503317804823576,46.65999984741211,1.7333416145382428,-0.873
761,MXF,1.0,0.0,S,MEDIUM,gyrA,94.0,gyrA_D94G,R,0.8189233278955954,A,D94G,-50.99999999999999,3.1,-1.2700000000000002,-58.0,3.1999999999999997,H,AlphaHelix,-58.04000000000002,-41.610000000000014,97.4,1.0,1.0,False,False,False,False,True,False,88.1550888450658,63.0,80.0,18.4946885503575,7.838828370247936,14.503317804823576,46.65999984741211,1.7333416145382428,-0.873
762,MXF,1.0,0.0,S,HIGH,gyrB,499.0,gyrB_N499T,S,0.6666666666666666,B,N499T,2.0,2.8,-0.32,-13.0,0.1899999999999995,C,Coil,-66.65999999999997,120.5,43.0,2.0,2.0,False,True,False,False,False,False,40.44476788590575,15.0,59.0,21.727521249200905,18.74934841945492,13.214297718613494,62.86000061035156,2.0305274785868135,-1.227
763,MXF,4.0,2.0,R,HIGH,gyrA,94.0,gyrA_D94G,R,0.8189233278955954,A,D94G,-50.99999999999999,3.1,-1.2700000000000002,-58.0,3.1999999999999997,H,AlphaHelix,-58.04000000000002,-41.610000000000014,97.4,1.0,1.0,False,False,False,False,True,False,88.1550888450658,63.0,80.0,18.4946885503575,7.838828370247936,14.503317804823576,46.65999984741211,1.7333416145382428,-0.873
764,MXF,>4,3.0,R,HIGH,gyrA,94.0,gyrA_D94G,R,0.8189233278955954,A,D94G,-50.99999999999999,3.1,-1.2700000000000002,-58.0,3.1999999999999997,H,AlphaHelix,-58.04000000000002,-41.610000000000014,97.4,1.0,1.0,False,False,False,False,True,False,88.1550888450658,63.0,80.0,18.4946885503575,7.838828370247936,14.503317804823576,46.65999984741211,1.7333416145382428,-0.873
765,MXF,>4,3.0,R,HIGH,gyrA,90.0,gyrA_A90V,R,0.5555555555555556,A,A90V,51.400000000000006,2.4000000000000004,-0.8600000000000001,28.0,-0.040000000000000036,H,AlphaHelix,-61.829999999999984,-59.75999999999999,47.0,2.0,0.0,False,False,False,False,True,False,55.555815915240146,-64.0,82.0,14.434102224020556,5.4833322787917345,10.609526093749128,40.439998626708984,1.6650776123582791,0.089
766,MXF,0.5,-1.0,S,HIGH,gyrA,90.0,gyrA_A90V,R,0.5555555555555556,A,A90V,51.400000000000006,2.4000000000000004,-0.8600000000000001,28.0,-0.040000000000000036,H,AlphaHelix,-61.829999999999984,-59.75999999999999,47.0,2.0,0.0,False,False,False,False,True,False,55.555815915240146,-64.0,82.0,14.434102224020556,5.4833322787917345,10.609526093749128,40.439998626708984,1.6650776123582791,0.089
767,MXF,1.0,0.0,S,MEDIUM,gyrA,90.0,gyrA_A90V,R,0.5555555555555556,A,A90V,51.400000000000006,2.4000000000000004,-0.8600000000000001,28.0,-0.040000000000000036,H,AlphaHelix,-61.829999999999984,-59.75999999999999,47.0,2.0,0.0,False,False,False,False,True,False,55.555815915240146,-64.0,82.0,14.434102224020556,5.4833322787917345,10.609526093749128,40.439998626708984,1.6650776123582791,0.089
768,MXF,>4,3.0,R,HIGH,gyrA,94.0,gyrA_D94G,R,0.8189233278955954,A,D94G,-50.99999999999999,3.1,-1.2700000000000002,-58.0,3.1999999999999997,H,AlphaHelix,-58.04000000000002,-41.610000000000014,97.4,1.0,1.0,False,False,False,False,True,False,88.1550888450658,63.0,80.0,18.4946885503575,7.838828370247936,14.503317804823576,46.65999984741211,1.7333416145382428,-0.873
769,MXF,<=0.06,-4.06,S,HIGH,gyrA,462.0,gyrA_I462V,S,1.0,A,I462V,-26.69999999999999,-0.2999999999999998,0.28,-14.099999999999994,-0.05999999999999961,H,AlphaHelix,-59.70999999999998,-45.26999999999998,11.4,1.0,1.0,False,False,False,False,True,False,15.18206477149187,-30.0,61.0,49.555352514173066,52.21077372701561,57.228368850462914,77.0,2.3931947756963785,-1.308
770,MXF,>4,3.0,R,HIGH,gyrA,94.0,gyrA_D94Y,R,0.847457627118644,A,D94Y,82.5,2.2,-2.18,48.099999999999994,2.89,H,AlphaHelix,-58.04000000000002,-41.610000000000014,97.4,1.0,1.0,False,False,False,False,True,False,88.1550888450658,81.0,91.0,18.4946885503575,7.838828370247936,14.503317804823576,46.65999984741211,1.7333416145382428,-0.376
771,MXF,0.12,-3.06,S,MEDIUM,gyrA,154.0,gyrA_P154R,S,1.0,A,P154R,60.7,-2.9,1.31,59.099999999999994,4.46,E,Strand,-63.26999999999998,149.75,74.5,0.0,0.0,False,False,True,False,False,False,79.18597057272785,41.0,71.0,19.118048030681603,27.697803616910868,30.165253260701736,57.20000076293945,1.6282709707753908,-0.523
772,MXF,2.0,1.0,R,MEDIUM,gyrA,94.0,gyrA_D94G,R,0.8189233278955954,A,D94G,-50.99999999999999,3.1,-1.2700000000000002,-58.0,3.1999999999999997,H,AlphaHelix,-58.04000000000002,-41.610000000000014,97.4,1.0,1.0,False,False,False,False,True,False,88.1550888450658,63.0,80.0,18.4946885503575,7.838828370247936,14.503317804823576,46.65999984741211,1.7333416145382428,-0.873
773,MXF,4.0,2.0,R,MEDIUM,gyrA,94.0,gyrA_D94G,R,0.8189233278955954,A,D94G,-50.99999999999999,3.1,-1.2700000000000002,-58.0,3.1999999999999997,H,AlphaHelix,-58.04000000000002,-41.610000000000014,97.4,1.0,1.0,False,False,False,False,True,False,88.1550888450658,63.0,80.0,18.4946885503575,7.838828370247936,14.503317804823576,46.65999984741211,1.7333416145382428,-0.873
774,MXF,0.25,-2.0,S,HIGH,gyrA,296.0,gyrA_L296P,S,1.0,A,L296P,-53.999999999999986,-5.4,0.37999999999999995,-16.099999999999994,0.3199999999999994,T,Turn,-125.38,61.34,3.1,1.0,1.0,False,False,False,False,False,True,2.3395371508822462,29.0,63.0,48.582496167125214,36.23125663804953,38.403671065163216,88.44000244140625,3.103329357635494,-5.471
775,MXF,1.0,0.0,S,MEDIUM,gyrB,461.0,gyrB_D461N,S,0.8888888888888888,B,D461N,3.0,0.0,-1.9800000000000002,-1.0,2.64,H,AlphaHelix,-71.88999999999999,-39.93000000000001,81.7,1.0,0.0,False,False,False,False,True,False,75.64790414237022,36.0,66.0,11.848330371804606,15.309593699828135,10.195622879537305,64.79000091552734,1.5661131135005826,-0.266
776,MXF,2.0,1.0,R,MEDIUM,gyrA,94.0,gyrA_D94Y,R,0.847457627118644,A,D94Y,82.5,2.2,-2.18,48.099999999999994,2.89,H,AlphaHelix,-58.04000000000002,-41.610000000000014,97.4,1.0,1.0,False,False,False,False,True,False,88.1550888450658,81.0,91.0,18.4946885503575,7.838828370247936,14.503317804823576,46.65999984741211,1.7333416145382428,-0.376
777,MXF,>4,3.0,R,HIGH,gyrA,94.0,gyrA_D94G,R,0.8189233278955954,A,D94G,-50.99999999999999,3.1,-1.2700000000000002,-58.0,3.1999999999999997,H,AlphaHelix,-58.04000000000002,-41.610000000000014,97.4,1.0,1.0,False,False,False,False,True,False,88.1550888450658,63.0,80.0,18.4946885503575,7.838828370247936,14.503317804823576,46.65999984741211,1.7333416145382428,-0.873
778,MXF,0.5,-1.0,S,HIGH,gyrA,90.0,gyrA_A90V,R,0.5555555555555556,A,A90V,51.400000000000006,2.4000000000000004,-0.8600000000000001,28.0,-0.040000000000000036,H,AlphaHelix,-61.829999999999984,-59.75999999999999,47.0,2.0,0.0,False,False,False,False,True,False,55.555815915240146,-64.0,82.0,14.434102224020556,5.4833322787917345,10.609526093749128,40.439998626708984,1.6650776123582791,0.089
779,MXF,>4,3.0,R,HIGH,gyrA,90.0,gyrA_A90V,R,0.5555555555555556,A,A90V,51.400000000000006,2.4000000000000004,-0.8600000000000001,28.0,-0.040000000000000036,H,AlphaHelix,-61.829999999999984,-59.75999999999999,47.0,2.0,0.0,False,False,False,False,True,False,55.555815915240146,-64.0,82.0,14.434102224020556,5.4833322787917345,10.609526093749128,40.439998626708984,1.6650776123582791,0.089
780,MXF,0.12,-3.06,S,HIGH,gyrA,90.0,gyrA_A90V,R,0.5555555555555556,A,A90V,51.400000000000006,2.4000000000000004,-0.8600000000000001,28.0,-0.040000000000000036,H,AlphaHelix,-61.829999999999984,-59.75999999999999,47.0,2.0,0.0,False,False,False,False,True,False,55.555815915240146,-64.0,82.0,14.434102224020556,5.4833322787917345,10.609526093749128,40.439998626708984,1.6650776123582791,0.089
781,MXF,>4,3.0,R,HIGH,gyrA,94.0,gyrA_D94G,R,0.8189233278955954,A,D94G,-50.99999999999999,3.1,-1.2700000000000002,-58.0,3.1999999999999997,H,AlphaHelix,-58.04000000000002,-41.610000000000014,97.4,1.0,1.0,False,False,False,False,True,False,88.1550888450658,63.0,80.0,18.4946885503575,7.838828370247936,14.503317804823576,46.65999984741211,1.7333416145382428,-0.873
782,MXF,>4,3.0,R,MEDIUM,gyrA,94.0,gyrA_D94G,R,0.8189233278955954,A,D94G,-50.99999999999999,3.1,-1.2700000000000002,-58.0,3.1999999999999997,H,AlphaHelix,-58.04000000000002,-41.610000000000014,97.4,1.0,1.0,False,False,False,False,True,False,88.1550888450658,63.0,80.0,18.4946885503575,7.838828370247936,14.503317804823576,46.65999984741211,1.7333416145382428,-0.873
783,MXF,0.12,-3.06,S,HIGH,gyrB,446.0,gyrB_R446C,S,0.9,B,R446C,-64.9,7.0,-0.78,-52.999999999999986,-5.6899999999999995,C,Coil,-102.64999999999998,-28.920000000000016,47.7,0.0,2.0,False,True,False,False,False,False,48.145590821945774,28.0,63.0,29.51837897988494,35.92512580140432,29.680615443555677,77.33999633789062,1.8834134115420547,-0.926
784,MXF,4.0,2.0,R,HIGH,gyrA,94.0,gyrA_D94N,R,0.8235294117647058,A,D94N,3.0,0.0,-1.9800000000000002,-1.0,2.64,H,AlphaHelix,-58.04000000000002,-41.610000000000014,97.4,1.0,1.0,False,False,False,False,True,False,88.1550888450658,56.0,75.0,18.4946885503575,7.838828370247936,14.503317804823576,46.65999984741211,1.7333416145382428,-0.347
785,MXF,1.0,0.0,S,MEDIUM,gyrA,94.0,gyrA_D94G,R,0.8189233278955954,A,D94G,-50.99999999999999,3.1,-1.2700000000000002,-58.0,3.1999999999999997,H,AlphaHelix,-58.04000000000002,-41.610000000000014,97.4,1.0,1.0,False,False,False,False,True,False,88.1550888450658,63.0,80.0,18.4946885503575,7.838828370247936,14.503317804823576,46.65999984741211,1.7333416145382428,-0.873
786,MXF,1.0,0.0,S,HIGH,gyrA,94.0,gyrA_D94Y,R,0.847457627118644,A,D94Y,82.5,2.2,-2.18,48.099999999999994,2.89,H,AlphaHelix,-58.04000000000002,-41.610000000000014,97.4,1.0,1.0,False,False,False,False,True,False,88.1550888450658,81.0,91.0,18.4946885503575,7.838828370247936,14.503317804823576,46.65999984741211,1.7333416145382428,-0.376
787,MXF,4.0,2.0,R,HIGH,gyrA,94.0,gyrA_D94G,R,0.8189233278955954,A,D94G,-50.99999999999999,3.1,-1.2700000000000002,-58.0,3.1999999999999997,H,AlphaHelix,-58.04000000000002,-41.610000000000014,97.4,1.0,1.0,False,False,False,False,True,False,88.1550888450658,63.0,80.0,18.4946885503575,7.838828370247936,14.503317804823576,46.65999984741211,1.7333416145382428,-0.873
788,MXF,>4,3.0,R,MEDIUM,gyrA,90.0,gyrA_A90V,R,0.5555555555555556,A,A90V,51.400000000000006,2.4000000000000004,-0.8600000000000001,28.0,-0.040000000000000036,H,AlphaHelix,-61.829999999999984,-59.75999999999999,47.0,2.0,0.0,False,False,False,False,True,False,55.555815915240146,-64.0,82.0,14.434102224020556,5.4833322787917345,10.609526093749128,40.439998626708984,1.6650776123582791,0.089
789,MXF,0.12,-3.06,S,HIGH,gyrA,472.0,gyrA_P472S,S,0.9285714285714286,A,P472S,-23.700000000000003,0.8,0.64,-10.0,-0.6200000000000001,H,AlphaHelix,-59.70999999999998,-28.170000000000016,71.0,1.0,0.0,False,False,False,False,True,False,78.73791501370572,-68.0,82.0,46.44317945930904,48.133935316451236,53.0020285473169,69.8499984741211,1.6707895195538032,-1.116
790,MXF,2.0,1.0,R,MEDIUM,gyrA,90.0,gyrA_A90V,R,0.5555555555555556,A,A90V,51.400000000000006,2.4000000000000004,-0.8600000000000001,28.0,-0.040000000000000036,H,AlphaHelix,-61.829999999999984,-59.75999999999999,47.0,2.0,0.0,False,False,False,False,True,False,55.555815915240146,-64.0,82.0,14.434102224020556,5.4833322787917345,10.609526093749128,40.439998626708984,1.6650776123582791,0.089
791,MXF,0.25,-2.0,S,HIGH,gyrA,94.0,gyrA_D94G,R,0.8189233278955954,A,D94G,-50.99999999999999,3.1,-1.2700000000000002,-58.0,3.1999999999999997,H,AlphaHelix,-58.04000000000002,-41.610000000000014,97.4,1.0,1.0,False,False,False,False,True,False,88.1550888450658,63.0,80.0,18.4946885503575,7.838828370247936,14.503317804823576,46.65999984741211,1.7333416145382428,-0.873
792,MXF,>4,3.0,R,HIGH,gyrA,94.0,gyrA_D94Y,R,0.847457627118644,A,D94Y,82.5,2.2,-2.18,48.099999999999994,2.89,H,AlphaHelix,-58.04000000000002,-41.610000000000014,97.4,1.0,1.0,False,False,False,False,True,False,88.1550888450658,81.0,91.0,18.4946885503575,7.838828370247936,14.503317804823576,46.65999984741211,1.7333416145382428,-0.376
793,MXF,4.0,2.0,R,HIGH,gyrA,94.0,gyrA_D94G,R,0.8189233278955954,A,D94G,-50.99999999999999,3.1,-1.2700000000000002,-58.0,3.1999999999999997,H,AlphaHelix,-58.04000000000002,-41.610000000000014,97.4,1.0,1.0,False,False,False,False,True,False,88.1550888450658,63.0,80.0,18.4946885503575,7.838828370247936,14.503317804823576,46.65999984741211,1.7333416145382428,-0.873
794,MXF,1.0,0.0,S,HIGH,gyrB,447.0,gyrB_S447F,S,0.6,B,S447F,100.9,3.5999999999999996,-0.9099999999999999,60.099999999999994,-0.1999999999999993,C,Coil,-66.01999999999998,127.78,10.3,0.0,1.0,False,True,False,False,False,False,7.650214361327759,35.0,66.0,30.854032276322915,38.15801550808711,31.835544590921046,76.79000091552734,2.2854008237144825,-0.561
795,MXF,2.0,1.0,R,HIGH,gyrA,94.0,gyrA_D94G,R,0.8189233278955954,A,D94G,-50.99999999999999,3.1,-1.2700000000000002,-58.0,3.1999999999999997,H,AlphaHelix,-58.04000000000002,-41.610000000000014,97.4,1.0,1.0,False,False,False,False,True,False,88.1550888450658,63.0,80.0,18.4946885503575,7.838828370247936,14.503317804823576,46.65999984741211,1.7333416145382428,-0.873
796,MXF,2.0,1.0,R,MEDIUM,gyrA,94.0,gyrA_D94G,R,0.8189233278955954,A,D94G,-50.99999999999999,3.1,-1.2700000000000002,-58.0,3.1999999999999997,H,AlphaHelix,-58.04000000000002,-41.610000000000014,97.4,1.0,1.0,False,False,False,False,True,False,88.1550888450658,63.0,80.0,18.4946885503575,7.838828370247936,14.503317804823576,46.65999984741211,1.7333416145382428,-0.873
797,MXF,>4,3.0,R,HIGH,gyrA,94.0,gyrA_D94G,R,0.8189233278955954,A,D94G,-50.99999999999999,3.1,-1.2700000000000002,-58.0,3.1999999999999997,H,AlphaHelix,-58.04000000000002,-41.610000000000014,97.4,1.0,1.0,False,False,False,False,True,False,88.1550888450658,63.0,80.0,18.4946885503575,7.838828370247936,14.503317804823576,46.65999984741211,1.7333416145382428,-0.873
798,MXF,0.5,-1.0,S,MEDIUM,gyrA,90.0,gyrA_A90V,R,0.5555555555555556,A,A90V,51.400000000000006,2.4000000000000004,-0.8600000000000001,28.0,-0.040000000000000036,H,AlphaHelix,-61.829999999999984,-59.75999999999999,47.0,2.0,0.0,False,False,False,False,True,False,55.555815915240146,-64.0,82.0,14.434102224020556,5.4833322787917345,10.609526093749128,40.439998626708984,1.6650776123582791,0.089
799,MXF,4.0,2.0,R,HIGH,gyrA,94.0,gyrA_D94G,R,0.8189233278955954,A,D94G,-50.99999999999999,3.1,-1.2700000000000002,-58.0,3.1999999999999997,H,AlphaHelix,-58.04000000000002,-41.610000000000014,97.4,1.0,1.0,False,False,False,False,True,False,88.1550888450658,63.0,80.0,18.4946885503575,7.838828370247936,14.503317804823576,46.65999984741211,1.7333416145382428,-0.873
800,MXF,4.0,2.0,R,HIGH,gyrA,90.0,gyrA_A90V,R,0.5555555555555556,A,A90V,51.400000000000006,2.4000000000000004,-0.8600000000000001,28.0,-0.040000000000000036,H,AlphaHelix,-61.829999999999984,-59.75999999999999,47.0,2.0,0.0,False,False,False,False,True,False,55.555815915240146,-64.0,82.0,14.434102224020556,5.4833322787917345,10.609526093749128,40.439998626708984,1.6650776123582791,0.089
801,MXF,>4,3.0,R,MEDIUM,gyrA,94.0,gyrA_D94G,R,0.8189233278955954,A,D94G,-50.99999999999999,3.1,-1.2700000000000002,-58.0,3.1999999999999997,H,AlphaHelix,-58.04000000000002,-41.610000000000014,97.4,1.0,1.0,False,False,False,False,True,False,88.1550888450658,63.0,80.0,18.4946885503575,7.838828370247936,14.503317804823576,46.65999984741211,1.7333416145382428,-0.873
802,MXF,2.0,1.0,R,HIGH,gyrA,90.0,gyrA_A90V,R,0.5555555555555556,A,A90V,51.400000000000006,2.4000000000000004,-0.8600000000000001,28.0,-0.040000000000000036,H,AlphaHelix,-61.829999999999984,-59.75999999999999,47.0,2.0,0.0,False,False,False,False,True,False,55.555815915240146,-64.0,82.0,14.434102224020556,5.4833322787917345,10.609526093749128,40.439998626708984,1.6650776123582791,0.089
803,MXF,0.25,-2.0,S,HIGH,gyrA,272.0,gyrA_T272I,S,1.0,A,T272I,50.599999999999994,5.2,-0.92,12.099999999999994,0.41999999999999993,E,Strand,-112.11000000000001,-12.70999999999998,37.5,0.0,1.0,False,False,True,False,False,False,40.96354945026428,50.0,75.0,44.213849138416066,31.22939328398453,36.42061242655377,56.79999923706055,2.141009499133353,-0.384
804,MXF,4.0,2.0,R,HIGH,gyrA,94.0,gyrA_D94Y,R,0.847457627118644,A,D94Y,82.5,2.2,-2.18,48.099999999999994,2.89,H,AlphaHelix,-58.04000000000002,-41.610000000000014,97.4,1.0,1.0,False,False,False,False,True,False,88.1550888450658,81.0,91.0,18.4946885503575,7.838828370247936,14.503317804823576,46.65999984741211,1.7333416145382428,-0.376
805,MXF,>4,3.0,R,HIGH,gyrA,94.0,gyrA_D94N,R,0.8235294117647058,A,D94N,3.0,0.0,-1.9800000000000002,-1.0,2.64,H,AlphaHelix,-58.04000000000002,-41.610000000000014,97.4,1.0,1.0,False,False,False,False,True,False,88.1550888450658,56.0,75.0,18.4946885503575,7.838828370247936,14.503317804823576,46.65999984741211,1.7333416145382428,-0.347
806,MXF,0.25,-2.0,S,HIGH,gyrB,634.0,gyrB_R634L,S,1.0,B,R634L,-6.700000000000017,8.3,-1.69,-43.0,-4.779999999999999,E,Strand,-119.94,120.48,42.9,1.0,1.0,False,False,True,False,False,False,46.77655313800065,-54.0,78.0,19.76953326696792,32.81549844300181,28.508529814493702,65.76000213623047,2.4922351928142827,1.142
807,MXF,4.0,2.0,R,HIGH,gyrA,94.0,gyrA_D94G,R,0.8189233278955954,A,D94G,-50.99999999999999,3.1,-1.2700000000000002,-58.0,3.1999999999999997,H,AlphaHelix,-58.04000000000002,-41.610000000000014,97.4,1.0,1.0,False,False,False,False,True,False,88.1550888450658,63.0,80.0,18.4946885503575,7.838828370247936,14.503317804823576,46.65999984741211,1.7333416145382428,-0.873
808,MXF,1.0,0.0,S,HIGH,gyrA,90.0,gyrA_A90V,R,0.5555555555555556,A,A90V,51.400000000000006,2.4000000000000004,-0.8600000000000001,28.0,-0.040000000000000036,H,AlphaHelix,-61.829999999999984,-59.75999999999999,47.0,2.0,0.0,False,False,False,False,True,False,55.555815915240146,-64.0,82.0,14.434102224020556,5.4833322787917345,10.609526093749128,40.439998626708984,1.6650776123582791,0.089
809,MXF,4.0,2.0,R,HIGH,gyrA,90.0,gyrA_A90V,R,0.5555555555555556,A,A90V,51.400000000000006,2.4000000000000004,-0.8600000000000001,28.0,-0.040000000000000036,H,AlphaHelix,-61.829999999999984,-59.75999999999999,47.0,2.0,0.0,False,False,False,False,True,False,55.555815915240146,-64.0,82.0,14.434102224020556,5.4833322787917345,10.609526093749128,40.439998626708984,1.6650776123582791,0.089
810,MXF,2.0,1.0,R,HIGH,gyrA,94.0,gyrA_D94G,R,0.8189233278955954,A,D94G,-50.99999999999999,3.1,-1.2700000000000002,-58.0,3.1999999999999997,H,AlphaHelix,-58.04000000000002,-41.610000000000014,97.4,1.0,1.0,False,False,False,False,True,False,88.1550888450658,63.0,80.0,18.4946885503575,7.838828370247936,14.503317804823576,46.65999984741211,1.7333416145382428,-0.873
811,MXF,>4,3.0,R,HIGH,gyrA,94.0,gyrA_D94G,R,0.8189233278955954,A,D94G,-50.99999999999999,3.1,-1.2700000000000002,-58.0,3.1999999999999997,H,AlphaHelix,-58.04000000000002,-41.610000000000014,97.4,1.0,1.0,False,False,False,False,True,False,88.1550888450658,63.0,80.0,18.4946885503575,7.838828370247936,14.503317804823576,46.65999984741211,1.7333416145382428,-0.873
812,MXF,1.0,0.0,S,HIGH,gyrB,461.0,gyrB_D461N,S,0.8888888888888888,B,D461N,3.0,0.0,-1.9800000000000002,-1.0,2.64,H,AlphaHelix,-71.88999999999999,-39.93000000000001,81.7,1.0,0.0,False,False,False,False,True,False,75.64790414237022,36.0,66.0,11.848330371804606,15.309593699828135,10.195622879537305,64.79000091552734,1.5661131135005826,-0.266
813,MXF,4.0,2.0,R,HIGH,gyrA,94.0,gyrA_D94G,R,0.8189233278955954,A,D94G,-50.99999999999999,3.1,-1.2700000000000002,-58.0,3.1999999999999997,H,AlphaHelix,-58.04000000000002,-41.610000000000014,97.4,1.0,1.0,False,False,False,False,True,False,88.1550888450658,63.0,80.0,18.4946885503575,7.838828370247936,14.503317804823576,46.65999984741211,1.7333416145382428,-0.873
814,MXF,2.0,1.0,R,HIGH,gyrA,90.0,gyrA_A90V,R,0.5555555555555556,A,A90V,51.400000000000006,2.4000000000000004,-0.8600000000000001,28.0,-0.040000000000000036,H,AlphaHelix,-61.829999999999984,-59.75999999999999,47.0,2.0,0.0,False,False,False,False,True,False,55.555815915240146,-64.0,82.0,14.434102224020556,5.4833322787917345,10.609526093749128,40.439998626708984,1.6650776123582791,0.089
815,MXF,0.5,-1.0,S,MEDIUM,gyrA,94.0,gyrA_D94G,R,0.8189233278955954,A,D94G,-50.99999999999999,3.1,-1.2700000000000002,-58.0,3.1999999999999997,H,AlphaHelix,-58.04000000000002,-41.610000000000014,97.4,1.0,1.0,False,False,False,False,True,False,88.1550888450658,63.0,80.0,18.4946885503575,7.838828370247936,14.503317804823576,46.65999984741211,1.7333416145382428,-0.873
816,MXF,2.0,1.0,R,HIGH,gyrA,90.0,gyrA_A90V,R,0.5555555555555556,A,A90V,51.400000000000006,2.4000000000000004,-0.8600000000000001,28.0,-0.040000000000000036,H,AlphaHelix,-61.829999999999984,-59.75999999999999,47.0,2.0,0.0,False,False,False,False,True,False,55.555815915240146,-64.0,82.0,14.434102224020556,5.4833322787917345,10.609526093749128,40.439998626708984,1.6650776123582791,0.089
817,MXF,1.0,0.0,S,HIGH,gyrB,446.0,gyrB_R446C,S,0.9,B,R446C,-64.9,7.0,-0.78,-52.999999999999986,-5.6899999999999995,C,Coil,-102.64999999999998,-28.920000000000016,47.7,0.0,2.0,False,True,False,False,False,False,48.145590821945774,28.0,63.0,29.51837897988494,35.92512580140432,29.680615443555677,77.33999633789062,1.8834134115420547,-0.926
818,MXF,4.0,2.0,R,HIGH,gyrA,94.0,gyrA_D94G,R,0.8189233278955954,A,D94G,-50.99999999999999,3.1,-1.2700000000000002,-58.0,3.1999999999999997,H,AlphaHelix,-58.04000000000002,-41.610000000000014,97.4,1.0,1.0,False,False,False,False,True,False,88.1550888450658,63.0,80.0,18.4946885503575,7.838828370247936,14.503317804823576,46.65999984741211,1.7333416145382428,-0.873
819,MXF,>4,3.0,R,HIGH,gyrA,94.0,gyrA_D94G,R,0.8189233278955954,A,D94G,-50.99999999999999,3.1,-1.2700000000000002,-58.0,3.1999999999999997,H,AlphaHelix,-58.04000000000002,-41.610000000000014,97.4,1.0,1.0,False,False,False,False,True,False,88.1550888450658,63.0,80.0,18.4946885503575,7.838828370247936,14.503317804823576,46.65999984741211,1.7333416145382428,-0.873
820,MXF,>4,3.0,R,MEDIUM,gyrA,94.0,gyrA_D94G,R,0.8189233278955954,A,D94G,-50.99999999999999,3.1,-1.2700000000000002,-58.0,3.1999999999999997,H,AlphaHelix,-58.04000000000002,-41.610000000000014,97.4,1.0,1.0,False,False,False,False,True,False,88.1550888450658,63.0,80.0,18.4946885503575,7.838828370247936,14.503317804823576,46.65999984741211,1.7333416145382428,-0.873
821,MXF,4.0,2.0,R,MEDIUM,gyrA,90.0,gyrA_A90V,R,0.5555555555555556,A,A90V,51.400000000000006,2.4000000000000004,-0.8600000000000001,28.0,-0.040000000000000036,H,AlphaHelix,-61.829999999999984,-59.75999999999999,47.0,2.0,0.0,False,False,False,False,True,False,55.555815915240146,-64.0,82.0,14.434102224020556,5.4833322787917345,10.609526093749128,40.439998626708984,1.6650776123582791,0.089
822,MXF,>4,3.0,R,HIGH,gyrA,94.0,gyrA_D94N,R,0.8235294117647058,A,D94N,3.0,0.0,-1.9800000000000002,-1.0,2.64,H,AlphaHelix,-58.04000000000002,-41.610000000000014,97.4,1.0,1.0,False,False,False,False,True,False,88.1550888450658,56.0,75.0,18.4946885503575,7.838828370247936,14.503317804823576,46.65999984741211,1.7333416145382428,-0.347
823,MXF,2.0,1.0,R,MEDIUM,gyrA,90.0,gyrA_A90V,R,0.5555555555555556,A,A90V,51.400000000000006,2.4000000000000004,-0.8600000000000001,28.0,-0.040000000000000036,H,AlphaHelix,-61.829999999999984,-59.75999999999999,47.0,2.0,0.0,False,False,False,False,True,False,55.555815915240146,-64.0,82.0,14.434102224020556,5.4833322787917345,10.609526093749128,40.439998626708984,1.6650776123582791,0.089
824,MXF,>4,3.0,R,HIGH,gyrA,94.0,gyrA_D94G,R,0.8189233278955954,A,D94G,-50.99999999999999,3.1,-1.2700000000000002,-58.0,3.1999999999999997,H,AlphaHelix,-58.04000000000002,-41.610000000000014,97.4,1.0,1.0,False,False,False,False,True,False,88.1550888450658,63.0,80.0,18.4946885503575,7.838828370247936,14.503317804823576,46.65999984741211,1.7333416145382428,-0.873
825,MXF,2.0,1.0,R,HIGH,gyrA,90.0,gyrA_A90V,R,0.5555555555555556,A,A90V,51.400000000000006,2.4000000000000004,-0.8600000000000001,28.0,-0.040000000000000036,H,AlphaHelix,-61.829999999999984,-59.75999999999999,47.0,2.0,0.0,False,False,False,False,True,False,55.555815915240146,-64.0,82.0,14.434102224020556,5.4833322787917345,10.609526093749128,40.439998626708984,1.6650776123582791,0.089
826,MXF,2.0,1.0,R,HIGH,gyrA,90.0,gyrA_A90V,R,0.5555555555555556,A,A90V,51.400000000000006,2.4000000000000004,-0.8600000000000001,28.0,-0.040000000000000036,H,AlphaHelix,-61.829999999999984,-59.75999999999999,47.0,2.0,0.0,False,False,False,False,True,False,55.555815915240146,-64.0,82.0,14.434102224020556,5.4833322787917345,10.609526093749128,40.439998626708984,1.6650776123582791,0.089
827,MXF,>4,3.0,R,HIGH,gyrA,94.0,gyrA_D94N,R,0.8235294117647058,A,D94N,3.0,0.0,-1.9800000000000002,-1.0,2.64,H,AlphaHelix,-58.04000000000002,-41.610000000000014,97.4,1.0,1.0,False,False,False,False,True,False,88.1550888450658,56.0,75.0,18.4946885503575,7.838828370247936,14.503317804823576,46.65999984741211,1.7333416145382428,-0.347
828,MXF,0.25,-2.0,S,MEDIUM,gyrA,90.0,gyrA_A90V,R,0.5555555555555556,A,A90V,51.400000000000006,2.4000000000000004,-0.8600000000000001,28.0,-0.040000000000000036,H,AlphaHelix,-61.829999999999984,-59.75999999999999,47.0,2.0,0.0,False,False,False,False,True,False,55.555815915240146,-64.0,82.0,14.434102224020556,5.4833322787917345,10.609526093749128,40.439998626708984,1.6650776123582791,0.089
829,MXF,0.25,-2.0,S,MEDIUM,gyrA,94.0,gyrA_D94G,R,0.8189233278955954,A,D94G,-50.99999999999999,3.1,-1.2700000000000002,-58.0,3.1999999999999997,H,AlphaHelix,-58.04000000000002,-41.610000000000014,97.4,1.0,1.0,False,False,False,False,True,False,88.1550888450658,63.0,80.0,18.4946885503575,7.838828370247936,14.503317804823576,46.65999984741211,1.7333416145382428,-0.873
830,MXF,2.0,1.0,R,HIGH,gyrA,94.0,gyrA_D94G,R,0.8189233278955954,A,D94G,-50.99999999999999,3.1,-1.2700000000000002,-58.0,3.1999999999999997,H,AlphaHelix,-58.04000000000002,-41.610000000000014,97.4,1.0,1.0,False,False,False,False,True,False,88.1550888450658,63.0,80.0,18.4946885503575,7.838828370247936,14.503317804823576,46.65999984741211,1.7333416145382428,-0.873
831,MXF,1.0,0.0,S,HIGH,gyrA,90.0,gyrA_A90V,R,0.5555555555555556,A,A90V,51.400000000000006,2.4000000000000004,-0.8600000000000001,28.0,-0.040000000000000036,H,AlphaHelix,-61.829999999999984,-59.75999999999999,47.0,2.0,0.0,False,False,False,False,True,False,55.555815915240146,-64.0,82.0,14.434102224020556,5.4833322787917345,10.609526093749128,40.439998626708984,1.6650776123582791,0.089
832,MXF,>4,3.0,R,MEDIUM,gyrA,94.0,gyrA_D94N,R,0.8235294117647058,A,D94N,3.0,0.0,-1.9800000000000002,-1.0,2.64,H,AlphaHelix,-58.04000000000002,-41.610000000000014,97.4,1.0,1.0,False,False,False,False,True,False,88.1550888450658,56.0,75.0,18.4946885503575,7.838828370247936,14.503317804823576,46.65999984741211,1.7333416145382428,-0.347
833,MXF,>4,3.0,R,HIGH,gyrA,94.0,gyrA_D94G,R,0.8189233278955954,A,D94G,-50.99999999999999,3.1,-1.2700000000000002,-58.0,3.1999999999999997,H,AlphaHelix,-58.04000000000002,-41.610000000000014,97.4,1.0,1.0,False,False,False,False,True,False,88.1550888450658,63.0,80.0,18.4946885503575,7.838828370247936,14.503317804823576,46.65999984741211,1.7333416145382428,-0.873
834,MXF,0.25,-2.0,S,HIGH,gyrB,606.0,gyrB_G606S,S,1.0,B,G606S,28.9,-0.4,-0.8099999999999998,30.0,-0.29000000000000004,T,Turn,57.35,-129.95,8.3,0.0,0.0,False,False,False,False,False,True,7.500778842582963,-31.0,66.0,21.852451918443887,33.22139666936484,33.32199336997674,93.91000366210938,2.0154904248620458,-1.698
835,MXF,2.0,1.0,R,HIGH,gyrA,90.0,gyrA_A90V,R,0.5555555555555556,A,A90V,51.400000000000006,2.4000000000000004,-0.8600000000000001,28.0,-0.040000000000000036,H,AlphaHelix,-61.829999999999984,-59.75999999999999,47.0,2.0,0.0,False,False,False,False,True,False,55.555815915240146,-64.0,82.0,14.434102224020556,5.4833322787917345,10.609526093749128,40.439998626708984,1.6650776123582791,0.089
836,MXF,0.25,-2.0,S,HIGH,gyrA,472.0,gyrA_P472S,S,0.9285714285714286,A,P472S,-23.700000000000003,0.8,0.64,-10.0,-0.6200000000000001,H,AlphaHelix,-59.70999999999998,-28.170000000000016,71.0,1.0,0.0,False,False,False,False,True,False,78.73791501370572,-68.0,82.0,46.44317945930904,48.133935316451236,53.0020285473169,69.8499984741211,1.6707895195538032,-1.116
837,MXF,4.0,2.0,R,HIGH,gyrA,90.0,gyrA_A90V,R,0.5555555555555556,A,A90V,51.400000000000006,2.4000000000000004,-0.8600000000000001,28.0,-0.040000000000000036,H,AlphaHelix,-61.829999999999984,-59.75999999999999,47.0,2.0,0.0,False,False,False,False,True,False,55.555815915240146,-64.0,82.0,14.434102224020556,5.4833322787917345,10.609526093749128,40.439998626708984,1.6650776123582791,0.089
838,MXF,2.0,1.0,R,HIGH,gyrA,90.0,gyrA_A90V,R,0.5555555555555556,A,A90V,51.400000000000006,2.4000000000000004,-0.8600000000000001,28.0,-0.040000000000000036,H,AlphaHelix,-61.829999999999984,-59.75999999999999,47.0,2.0,0.0,False,False,False,False,True,False,55.555815915240146,-64.0,82.0,14.434102224020556,5.4833322787917345,10.609526093749128,40.439998626708984,1.6650776123582791,0.089
839,MXF,<=0.06,-4.06,S,MEDIUM,gyrA,94.0,gyrA_D94G,R,0.8189233278955954,A,D94G,-50.99999999999999,3.1,-1.2700000000000002,-58.0,3.1999999999999997,H,AlphaHelix,-58.04000000000002,-41.610000000000014,97.4,1.0,1.0,False,False,False,False,True,False,88.1550888450658,63.0,80.0,18.4946885503575,7.838828370247936,14.503317804823576,46.65999984741211,1.7333416145382428,-0.873
840,MXF,0.25,-2.0,S,MEDIUM,gyrB,527.0,gyrB_I527V,S,1.0,B,I527V,-26.69999999999999,-0.2999999999999998,0.28,-14.099999999999994,-0.05999999999999961,E,Strand,-111.82999999999998,99.06,2.2,1.0,1.0,False,False,True,False,False,False,1.6493294988361777,-38.0,66.0,20.494337869030378,29.753459605087755,23.888406813363424,66.41999816894531,6.739530383584288,-1.582
841,MXF,,,,HIGH,gyrA,94.0,gyrA_D94G,R,0.8189233278955954,A,D94G,-50.99999999999999,3.1,-1.2700000000000002,-58.0,3.1999999999999997,H,AlphaHelix,-58.04000000000002,-41.610000000000014,97.4,1.0,1.0,False,False,False,False,True,False,88.1550888450658,63.0,80.0,18.4946885503575,7.838828370247936,14.503317804823576,46.65999984741211,1.7333416145382428,-0.873
842,MXF,0.5,-1.0,S,HIGH,gyrA,142.0,gyrA_L142V,S,1.0,A,L142V,-26.69999999999999,0.40000000000000036,0.15999999999999992,-14.099999999999994,-0.020000000000000462,H,AlphaHelix,-106.38,6.21,0.2,1.0,1.0,False,False,False,False,True,False,0.39905420861157465,-82.0,93.0,29.20386245127726,28.128933066598005,33.751465502255996,46.52000045776367,3.5545017406566974,-0.731
843,MXF,1.0,0.0,S,MEDIUM,gyrA,90.0,gyrA_A90V,R,0.5555555555555556,A,A90V,51.400000000000006,2.4000000000000004,-0.8600000000000001,28.0,-0.040000000000000036,H,AlphaHelix,-61.829999999999984,-59.75999999999999,47.0,2.0,0.0,False,False,False,False,True,False,55.555815915240146,-64.0,82.0,14.434102224020556,5.4833322787917345,10.609526093749128,40.439998626708984,1.6650776123582791,0.089
844,MXF,0.25,-2.0,S,HIGH,gyrA,90.0,gyrA_A90V,R,0.5555555555555556,A,A90V,51.400000000000006,2.4000000000000004,-0.8600000000000001,28.0,-0.040000000000000036,H,AlphaHelix,-61.829999999999984,-59.75999999999999,47.0,2.0,0.0,False,False,False,False,True,False,55.555815915240146,-64.0,82.0,14.434102224020556,5.4833322787917345,10.609526093749128,40.439998626708984,1.6650776123582791,0.089
845,MXF,2.0,1.0,R,HIGH,gyrA,94.0,gyrA_D94G,R,0.8189233278955954,A,D94G,-50.99999999999999,3.1,-1.2700000000000002,-58.0,3.1999999999999997,H,AlphaHelix,-58.04000000000002,-41.610000000000014,97.4,1.0,1.0,False,False,False,False,True,False,88.1550888450658,63.0,80.0,18.4946885503575,7.838828370247936,14.503317804823576,46.65999984741211,1.7333416145382428,-0.873
846,MXF,>4,3.0,R,HIGH,gyrA,94.0,gyrA_D94G,R,0.8189233278955954,A,D94G,-50.99999999999999,3.1,-1.2700000000000002,-58.0,3.1999999999999997,H,AlphaHelix,-58.04000000000002,-41.610000000000014,97.4,1.0,1.0,False,False,False,False,True,False,88.1550888450658,63.0,80.0,18.4946885503575,7.838828370247936,14.503317804823576,46.65999984741211,1.7333416145382428,-0.873
847,MXF,0.25,-2.0,S,MEDIUM,gyrA,94.0,gyrA_D94N,R,0.8235294117647058,A,D94N,3.0,0.0,-1.9800000000000002,-1.0,2.64,H,AlphaHelix,-58.04000000000002,-41.610000000000014,97.4,1.0,1.0,False,False,False,False,True,False,88.1550888450658,56.0,75.0,18.4946885503575,7.838828370247936,14.503317804823576,46.65999984741211,1.7333416145382428,-0.347
848,MXF,4.0,2.0,R,HIGH,gyrA,94.0,gyrA_D94G,R,0.8189233278955954,A,D94G,-50.99999999999999,3.1,-1.2700000000000002,-58.0,3.1999999999999997,H,AlphaHelix,-58.04000000000002,-41.610000000000014,97.4,1.0,1.0,False,False,False,False,True,False,88.1550888450658,63.0,80.0,18.4946885503575,7.838828370247936,14.503317804823576,46.65999984741211,1.7333416145382428,-0.873
849,MXF,1.0,0.0,S,MEDIUM,gyrA,91.0,gyrA_S91P,R,0.676923076923077,A,S91P,23.700000000000003,-0.8,-0.64,10.0,0.6200000000000001,H,AlphaHelix,-67.14999999999998,-27.149999999999977,64.8,1.0,0.0,False,False,False,False,True,False,65.22815545163408,63.0,80.0,13.712390715773491,5.3811257108513875,11.010229056369285,47.63999938964844,1.5284537092505912,-0.125
850,MXF,4.0,2.0,R,MEDIUM,gyrA,94.0,gyrA_D94G,R,0.8189233278955954,A,D94G,-50.99999999999999,3.1,-1.2700000000000002,-58.0,3.1999999999999997,H,AlphaHelix,-58.04000000000002,-41.610000000000014,97.4,1.0,1.0,False,False,False,False,True,False,88.1550888450658,63.0,80.0,18.4946885503575,7.838828370247936,14.503317804823576,46.65999984741211,1.7333416145382428,-0.873
851,MXF,0.25,-2.0,S,HIGH,gyrB,512.0,gyrB_G512R,S,0.75,B,G512R,113.30000000000001,-4.1,-0.1399999999999999,99.1,4.79,C,Coil,-78.40999999999997,-153.43,22.3,0.0,0.0,False,True,False,False,False,False,21.149837177377734,56.0,75.0,30.288478501938705,33.28516089347982,27.038826371356006,69.91000366210938,1.8566162191748528,-1.498
852,MXF,2.0,1.0,R,HIGH,gyrA,94.0,gyrA_D94G,R,0.8189233278955954,A,D94G,-50.99999999999999,3.1,-1.2700000000000002,-58.0,3.1999999999999997,H,AlphaHelix,-58.04000000000002,-41.610000000000014,97.4,1.0,1.0,False,False,False,False,True,False,88.1550888450658,63.0,80.0,18.4946885503575,7.838828370247936,14.503317804823576,46.65999984741211,1.7333416145382428,-0.873
853,MXF,>4,3.0,R,HIGH,gyrA,88.0,gyrA_G88C,R,0.9090909090909091,A,G88C,48.4,2.9,-0.9199999999999999,46.10000000000001,-0.8999999999999995,C,Coil,-77.02999999999997,152.43,8.6,0.0,0.0,False,True,False,False,False,False,9.936179450376525,50.0,75.0,9.426612506997063,8.72870415742702,11.188927476312779,57.560001373291016,1.9098223702260209,-0.725
854,MXF,<=0.06,-4.06,S,HIGH,gyrA,481.0,gyrA_D481A,S,1.0,A,D481A,-22.5,5.3,-2.08,-44.0,3.23,H,AlphaHelix,-68.02999999999997,-43.39999999999998,89.0,1.0,1.0,False,False,False,False,True,False,77.66519293994125,-82.0,93.0,45.24611843237347,42.73439111760475,48.694739448348344,68.87000274658203,1.7758179992275929,-0.439
855,MXF,<=0.06,-4.06,S,HIGH,gyrA,455.0,gyrA_L455V,S,1.0,A,L455V,-26.69999999999999,0.40000000000000036,0.15999999999999992,-14.099999999999994,-0.020000000000000462,H,AlphaHelix,-63.370000000000005,-47.98000000000002,20.2,2.0,2.0,False,False,False,False,True,False,22.649757175203753,-44.0,72.0,54.713088049747235,57.149985409741205,62.22741921687236,82.16000366210938,2.3014080433677826,-1.154
856,MXF,2.0,1.0,R,HIGH,gyrA,90.0,gyrA_A90V,R,0.5555555555555556,A,A90V,51.400000000000006,2.4000000000000004,-0.8600000000000001,28.0,-0.040000000000000036,H,AlphaHelix,-61.829999999999984,-59.75999999999999,47.0,2.0,0.0,False,False,False,False,True,False,55.555815915240146,-64.0,82.0,14.434102224020556,5.4833322787917345,10.609526093749128,40.439998626708984,1.6650776123582791,0.089
857,MXF,0.25,-2.0,S,MEDIUM,gyrA,153.0,gyrA_I153M,S,1.0,A,I153M,-3.799999999999983,-2.6,0.37000000000000005,18.0,-0.27999999999999936,E,Strand,-133.23,161.63,79.0,1.0,1.0,False,False,True,False,False,False,83.52544000190358,-94.0,97.0,21.10219354822588,28.664111157302152,31.574289963322634,56.2400016784668,1.9815635690826923,-0.219
858,MXF,>4,3.0,R,HIGH,gyrA,94.0,gyrA_D94G,R,0.8189233278955954,A,D94G,-50.99999999999999,3.1,-1.2700000000000002,-58.0,3.1999999999999997,H,AlphaHelix,-58.04000000000002,-41.610000000000014,97.4,1.0,1.0,False,False,False,False,True,False,88.1550888450658,63.0,80.0,18.4946885503575,7.838828370247936,14.503317804823576,46.65999984741211,1.7333416145382428,-0.873
859,MXF,<=0.06,-4.06,S,HIGH,gyrA,324.0,gyrA_A324V,S,1.0,A,A324V,51.400000000000006,2.4000000000000004,-0.8600000000000001,28.0,-0.040000000000000036,H,AlphaHelix,-58.49000000000001,-47.44,24.4,1.0,0.0,False,False,False,False,True,False,23.862235430569925,-77.0,87.0,55.097187468380945,42.51972940310868,46.14936880585582,104.04000091552734,2.108260957325491,-0.323
860,MXF,0.12,-3.06,S,HIGH,gyrA,94.0,gyrA_D94G,R,0.8189233278955954,A,D94G,-50.99999999999999,3.1,-1.2700000000000002,-58.0,3.1999999999999997,H,AlphaHelix,-58.04000000000002,-41.610000000000014,97.4,1.0,1.0,False,False,False,False,True,False,88.1550888450658,63.0,80.0,18.4946885503575,7.838828370247936,14.503317804823576,46.65999984741211,1.7333416145382428,-0.873
861,MXF,2.0,1.0,R,HIGH,gyrA,94.0,gyrA_D94A,R,0.5232558139534884,A,D94A,-22.5,5.3,-2.08,-44.0,3.23,H,AlphaHelix,-58.04000000000002,-41.610000000000014,97.4,1.0,1.0,False,False,False,False,True,False,88.1550888450658,46.0,71.0,18.4946885503575,7.838828370247936,14.503317804823576,46.65999984741211,1.7333416145382428,-0.421
862,MXF,2.0,1.0,R,MEDIUM,gyrA,94.0,gyrA_D94G,R,0.8189233278955954,A,D94G,-50.99999999999999,3.1,-1.2700000000000002,-58.0,3.1999999999999997,H,AlphaHelix,-58.04000000000002,-41.610000000000014,97.4,1.0,1.0,False,False,False,False,True,False,88.1550888450658,63.0,80.0,18.4946885503575,7.838828370247936,14.503317804823576,46.65999984741211,1.7333416145382428,-0.873
863,MXF,>4,3.0,R,MEDIUM,gyrA,94.0,gyrA_D94G,R,0.8189233278955954,A,D94G,-50.99999999999999,3.1,-1.2700000000000002,-58.0,3.1999999999999997,H,AlphaHelix,-58.04000000000002,-41.610000000000014,97.4,1.0,1.0,False,False,False,False,True,False,88.1550888450658,63.0,80.0,18.4946885503575,7.838828370247936,14.503317804823576,46.65999984741211,1.7333416145382428,-0.873
864,MXF,2.0,1.0,R,HIGH,gyrA,94.0,gyrA_D94A,R,0.5232558139534884,A,D94A,-22.5,5.3,-2.08,-44.0,3.23,H,AlphaHelix,-58.04000000000002,-41.610000000000014,97.4,1.0,1.0,False,False,False,False,True,False,88.1550888450658,46.0,71.0,18.4946885503575,7.838828370247936,14.503317804823576,46.65999984741211,1.7333416145382428,-0.421
865,MXF,1.0,0.0,S,HIGH,gyrA,94.0,gyrA_D94G,R,0.8189233278955954,A,D94G,-50.99999999999999,3.1,-1.2700000000000002,-58.0,3.1999999999999997,H,AlphaHelix,-58.04000000000002,-41.610000000000014,97.4,1.0,1.0,False,False,False,False,True,False,88.1550888450658,63.0,80.0,18.4946885503575,7.838828370247936,14.503317804823576,46.65999984741211,1.7333416145382428,-0.873
866,MXF,>4,3.0,R,HIGH,gyrA,94.0,gyrA_D94G,R,0.8189233278955954,A,D94G,-50.99999999999999,3.1,-1.2700000000000002,-58.0,3.1999999999999997,H,AlphaHelix,-58.04000000000002,-41.610000000000014,97.4,1.0,1.0,False,False,False,False,True,False,88.1550888450658,63.0,80.0,18.4946885503575,7.838828370247936,14.503317804823576,46.65999984741211,1.7333416145382428,-0.873
867,MXF,>4,3.0,R,MEDIUM,gyrA,94.0,gyrA_D94G,R,0.8189233278955954,A,D94G,-50.99999999999999,3.1,-1.2700000000000002,-58.0,3.1999999999999997,H,AlphaHelix,-58.04000000000002,-41.610000000000014,97.4,1.0,1.0,False,False,False,False,True,False,88.1550888450658,63.0,80.0,18.4946885503575,7.838828370247936,14.503317804823576,46.65999984741211,1.7333416145382428,-0.873
868,MXF,1.0,0.0,S,HIGH,gyrA,90.0,gyrA_A90V,R,0.5555555555555556,A,A90V,51.400000000000006,2.4000000000000004,-0.8600000000000001,28.0,-0.040000000000000036,H,AlphaHelix,-61.829999999999984,-59.75999999999999,47.0,2.0,0.0,False,False,False,False,True,False,55.555815915240146,-64.0,82.0,14.434102224020556,5.4833322787917345,10.609526093749128,40.439998626708984,1.6650776123582791,0.089
869,MXF,4.0,2.0,R,HIGH,gyrA,94.0,gyrA_D94G,R,0.8189233278955954,A,D94G,-50.99999999999999,3.1,-1.2700000000000002,-58.0,3.1999999999999997,H,AlphaHelix,-58.04000000000002,-41.610000000000014,97.4,1.0,1.0,False,False,False,False,True,False,88.1550888450658,63.0,80.0,18.4946885503575,7.838828370247936,14.503317804823576,46.65999984741211,1.7333416145382428,-0.873
870,MXF,>4,3.0,R,HIGH,gyrA,94.0,gyrA_D94G,R,0.8189233278955954,A,D94G,-50.99999999999999,3.1,-1.2700000000000002,-58.0,3.1999999999999997,H,AlphaHelix,-58.04000000000002,-41.610000000000014,97.4,1.0,1.0,False,False,False,False,True,False,88.1550888450658,63.0,80.0,18.4946885503575,7.838828370247936,14.503317804823576,46.65999984741211,1.7333416145382428,-0.873
871,MXF,1.0,0.0,S,HIGH,gyrA,90.0,gyrA_A90V,R,0.5555555555555556,A,A90V,51.400000000000006,2.4000000000000004,-0.8600000000000001,28.0,-0.040000000000000036,H,AlphaHelix,-61.829999999999984,-59.75999999999999,47.0,2.0,0.0,False,False,False,False,True,False,55.555815915240146,-64.0,82.0,14.434102224020556,5.4833322787917345,10.609526093749128,40.439998626708984,1.6650776123582791,0.089
872,MXF,0.25,-2.0,S,MEDIUM,gyrA,276.0,gyrA_Y276H,S,1.0,A,Y276H,-40.400000000000006,-1.9000000000000001,1.1400000000000001,-26.0,1.9299999999999997,T,Turn,-59.95999999999998,133.4,13.9,0.0,0.0,False,False,False,False,False,True,14.234250314638729,59.0,75.0,33.56371706235768,23.112016782835873,28.208856639829634,49.18000030517578,2.4470119615186485,-1.463
873,MXF,>4,3.0,R,HIGH,gyrA,94.0,gyrA_D94Y,R,0.847457627118644,A,D94Y,82.5,2.2,-2.18,48.099999999999994,2.89,H,AlphaHelix,-58.04000000000002,-41.610000000000014,97.4,1.0,1.0,False,False,False,False,True,False,88.1550888450658,81.0,91.0,18.4946885503575,7.838828370247936,14.503317804823576,46.65999984741211,1.7333416145382428,-0.376
874,MXF,2.0,1.0,R,HIGH,gyrA,90.0,gyrA_A90V,R,0.5555555555555556,A,A90V,51.400000000000006,2.4000000000000004,-0.8600000000000001,28.0,-0.040000000000000036,H,AlphaHelix,-61.829999999999984,-59.75999999999999,47.0,2.0,0.0,False,False,False,False,True,False,55.555815915240146,-64.0,82.0,14.434102224020556,5.4833322787917345,10.609526093749128,40.439998626708984,1.6650776123582791,0.089
875,MXF,1.0,0.0,S,HIGH,gyrA,90.0,gyrA_A90V,R,0.5555555555555556,A,A90V,51.400000000000006,2.4000000000000004,-0.8600000000000001,28.0,-0.040000000000000036,H,AlphaHelix,-61.829999999999984,-59.75999999999999,47.0,2.0,0.0,False,False,False,False,True,False,55.555815915240146,-64.0,82.0,14.434102224020556,5.4833322787917345,10.609526093749128,40.439998626708984,1.6650776123582791,0.089
876,MXF,2.0,1.0,R,HIGH,gyrA,91.0,gyrA_S91P,R,0.676923076923077,A,S91P,23.700000000000003,-0.8,-0.64,10.0,0.6200000000000001,H,AlphaHelix,-67.14999999999998,-27.149999999999977,64.8,1.0,0.0,False,False,False,False,True,False,65.22815545163408,63.0,80.0,13.712390715773491,5.3811257108513875,11.010229056369285,47.63999938964844,1.5284537092505912,-0.125
877,MXF,>4,3.0,R,HIGH,gyrA,94.0,gyrA_D94G,R,0.8189233278955954,A,D94G,-50.99999999999999,3.1,-1.2700000000000002,-58.0,3.1999999999999997,H,AlphaHelix,-58.04000000000002,-41.610000000000014,97.4,1.0,1.0,False,False,False,False,True,False,88.1550888450658,63.0,80.0,18.4946885503575,7.838828370247936,14.503317804823576,46.65999984741211,1.7333416145382428,-0.873
878,MXF,>4,3.0,R,HIGH,gyrA,94.0,gyrA_D94G,R,0.8189233278955954,A,D94G,-50.99999999999999,3.1,-1.2700000000000002,-58.0,3.1999999999999997,H,AlphaHelix,-58.04000000000002,-41.610000000000014,97.4,1.0,1.0,False,False,False,False,True,False,88.1550888450658,63.0,80.0,18.4946885503575,7.838828370247936,14.503317804823576,46.65999984741211,1.7333416145382428,-0.873
879,MXF,4.0,2.0,R,MEDIUM,gyrA,94.0,gyrA_D94G,R,0.8189233278955954,A,D94G,-50.99999999999999,3.1,-1.2700000000000002,-58.0,3.1999999999999997,H,AlphaHelix,-58.04000000000002,-41.610000000000014,97.4,1.0,1.0,False,False,False,False,True,False,88.1550888450658,63.0,80.0,18.4946885503575,7.838828370247936,14.503317804823576,46.65999984741211,1.7333416145382428,-0.873
880,MXF,1.0,0.0,S,MEDIUM,gyrA,90.0,gyrA_A90V,R,0.5555555555555556,A,A90V,51.400000000000006,2.4000000000000004,-0.8600000000000001,28.0,-0.040000000000000036,H,AlphaHelix,-61.829999999999984,-59.75999999999999,47.0,2.0,0.0,False,False,False,False,True,False,55.555815915240146,-64.0,82.0,14.434102224020556,5.4833322787917345,10.609526093749128,40.439998626708984,1.6650776123582791,0.089
881,MXF,<=0.06,-4.06,S,HIGH,gyrA,17.0,gyrA_P17L,S,1.0,A,P17L,53.999999999999986,5.4,-0.37999999999999995,16.099999999999994,-0.3199999999999994,E,Strand,-91.65999999999997,143.37,97.0,0.0,0.0,False,False,True,False,False,False,100.4932656203218,-65.0,82.0,24.492843647594846,37.2654287537261,33.0416841412939,82.81999969482422,1.5653954006488104,-0.265
882,MXF,2.0,1.0,R,HIGH,gyrA,90.0,gyrA_A90V,R,0.5555555555555556,A,A90V,51.400000000000006,2.4000000000000004,-0.8600000000000001,28.0,-0.040000000000000036,H,AlphaHelix,-61.829999999999984,-59.75999999999999,47.0,2.0,0.0,False,False,False,False,True,False,55.555815915240146,-64.0,82.0,14.434102224020556,5.4833322787917345,10.609526093749128,40.439998626708984,1.6650776123582791,0.089
883,MXF,0.25,-2.0,S,HIGH,gyrA,91.0,gyrA_S91P,R,0.676923076923077,A,S91P,23.700000000000003,-0.8,-0.64,10.0,0.6200000000000001,H,AlphaHelix,-67.14999999999998,-27.149999999999977,64.8,1.0,0.0,False,False,False,False,True,False,65.22815545163408,63.0,80.0,13.712390715773491,5.3811257108513875,11.010229056369285,47.63999938964844,1.5284537092505912,-0.125
884,MXF,>4,3.0,R,MEDIUM,gyrA,94.0,gyrA_D94Y,R,0.847457627118644,A,D94Y,82.5,2.2,-2.18,48.099999999999994,2.89,H,AlphaHelix,-58.04000000000002,-41.610000000000014,97.4,1.0,1.0,False,False,False,False,True,False,88.1550888450658,81.0,91.0,18.4946885503575,7.838828370247936,14.503317804823576,46.65999984741211,1.7333416145382428,-0.376
885,MXF,>4,3.0,R,HIGH,gyrA,94.0,gyrA_D94G,R,0.8189233278955954,A,D94G,-50.99999999999999,3.1,-1.2700000000000002,-58.0,3.1999999999999997,H,AlphaHelix,-58.04000000000002,-41.610000000000014,97.4,1.0,1.0,False,False,False,False,True,False,88.1550888450658,63.0,80.0,18.4946885503575,7.838828370247936,14.503317804823576,46.65999984741211,1.7333416145382428,-0.873
886,MXF,>4,3.0,R,MEDIUM,gyrA,94.0,gyrA_D94N,R,0.8235294117647058,A,D94N,3.0,0.0,-1.9800000000000002,-1.0,2.64,H,AlphaHelix,-58.04000000000002,-41.610000000000014,97.4,1.0,1.0,False,False,False,False,True,False,88.1550888450658,56.0,75.0,18.4946885503575,7.838828370247936,14.503317804823576,46.65999984741211,1.7333416145382428,-0.347
887,MXF,>4,3.0,R,MEDIUM,gyrA,90.0,gyrA_A90V,R,0.5555555555555556,A,A90V,51.400000000000006,2.4000000000000004,-0.8600000000000001,28.0,-0.040000000000000036,H,AlphaHelix,-61.829999999999984,-59.75999999999999,47.0,2.0,0.0,False,False,False,False,True,False,55.555815915240146,-64.0,82.0,14.434102224020556,5.4833322787917345,10.609526093749128,40.439998626708984,1.6650776123582791,0.089
888,MXF,0.25,-2.0,S,HIGH,gyrA,347.0,gyrA_A347V,S,1.0,A,A347V,51.400000000000006,2.4000000000000004,-0.8600000000000001,28.0,-0.040000000000000036,E,Strand,-147.89,158.15,0.0,1.0,1.0,False,False,True,False,False,False,0.0,-85.0,93.0,25.401713265321334,25.47122765510129,29.076964814746752,53.349998474121094,5.515988030300539,-1.321
889,MXF,4.0,2.0,R,HIGH,gyrA,94.0,gyrA_D94G,R,0.8189233278955954,A,D94G,-50.99999999999999,3.1,-1.2700000000000002,-58.0,3.1999999999999997,H,AlphaHelix,-58.04000000000002,-41.610000000000014,97.4,1.0,1.0,False,False,False,False,True,False,88.1550888450658,63.0,80.0,18.4946885503575,7.838828370247936,14.503317804823576,46.65999984741211,1.7333416145382428,-0.873
890,MXF,1.0,0.0,S,HIGH,gyrA,94.0,gyrA_D94G,R,0.8189233278955954,A,D94G,-50.99999999999999,3.1,-1.2700000000000002,-58.0,3.1999999999999997,H,AlphaHelix,-58.04000000000002,-41.610000000000014,97.4,1.0,1.0,False,False,False,False,True,False,88.1550888450658,63.0,80.0,18.4946885503575,7.838828370247936,14.503317804823576,46.65999984741211,1.7333416145382428,-0.873
891,MXF,0.5,-1.0,S,MEDIUM,gyrA,94.0,gyrA_D94G,R,0.8189233278955954,A,D94G,-50.99999999999999,3.1,-1.2700000000000002,-58.0,3.1999999999999997,H,AlphaHelix,-58.04000000000002,-41.610000000000014,97.4,1.0,1.0,False,False,False,False,True,False,88.1550888450658,63.0,80.0,18.4946885503575,7.838828370247936,14.503317804823576,46.65999984741211,1.7333416145382428,-0.873
892,MXF,>4,3.0,R,HIGH,gyrA,94.0,gyrA_D94N,R,0.8235294117647058,A,D94N,3.0,0.0,-1.9800000000000002,-1.0,2.64,H,AlphaHelix,-58.04000000000002,-41.610000000000014,97.4,1.0,1.0,False,False,False,False,True,False,88.1550888450658,56.0,75.0,18.4946885503575,7.838828370247936,14.503317804823576,46.65999984741211,1.7333416145382428,-0.347
893,MXF,2.0,1.0,R,MEDIUM,gyrA,90.0,gyrA_A90V,R,0.5555555555555556,A,A90V,51.400000000000006,2.4000000000000004,-0.8600000000000001,28.0,-0.040000000000000036,H,AlphaHelix,-61.829999999999984,-59.75999999999999,47.0,2.0,0.0,False,False,False,False,True,False,55.555815915240146,-64.0,82.0,14.434102224020556,5.4833322787917345,10.609526093749128,40.439998626708984,1.6650776123582791,0.089
894,MXF,2.0,1.0,R,HIGH,gyrA,90.0,gyrA_A90V,R,0.5555555555555556,A,A90V,51.400000000000006,2.4000000000000004,-0.8600000000000001,28.0,-0.040000000000000036,H,AlphaHelix,-61.829999999999984,-59.75999999999999,47.0,2.0,0.0,False,False,False,False,True,False,55.555815915240146,-64.0,82.0,14.434102224020556,5.4833322787917345,10.609526093749128,40.439998626708984,1.6650776123582791,0.089
895,MXF,,,,MEDIUM,gyrA,94.0,gyrA_D94H,R,0.75,A,D94H,42.099999999999994,0.2999999999999998,-1.04,22.099999999999994,4.82,H,AlphaHelix,-58.04000000000002,-41.610000000000014,97.4,1.0,1.0,False,False,False,False,True,False,88.1550888450658,79.0,85.0,18.4946885503575,7.838828370247936,14.503317804823576,46.65999984741211,1.7333416145382428,-0.36
896,MXF,2.0,1.0,R,HIGH,gyrA,90.0,gyrA_A90V,R,0.5555555555555556,A,A90V,51.400000000000006,2.4000000000000004,-0.8600000000000001,28.0,-0.040000000000000036,H,AlphaHelix,-61.829999999999984,-59.75999999999999,47.0,2.0,0.0,False,False,False,False,True,False,55.555815915240146,-64.0,82.0,14.434102224020556,5.4833322787917345,10.609526093749128,40.439998626708984,1.6650776123582791,0.089
897,MXF,<=0.06,-4.06,S,HIGH,gyrA,282.0,gyrA_N282K,S,0.8,A,N282K,54.5,-0.3999999999999999,1.3800000000000001,14.099999999999994,4.33,H,AlphaHelix,-64.48000000000002,-35.73000000000002,80.0,1.0,0.0,False,False,False,False,True,False,79.79765719660747,-72.0,87.0,34.06851876228447,20.565156123121184,23.870427032333804,67.81999969482422,1.6829211647617668,-0.498
898,MXF,2.0,1.0,R,MEDIUM,gyrA,94.0,gyrA_D94N,R,0.8235294117647058,A,D94N,3.0,0.0,-1.9800000000000002,-1.0,2.64,H,AlphaHelix,-58.04000000000002,-41.610000000000014,97.4,1.0,1.0,False,False,False,False,True,False,88.1550888450658,56.0,75.0,18.4946885503575,7.838828370247936,14.503317804823576,46.65999984741211,1.7333416145382428,-0.347
899,MXF,0.25,-2.0,S,HIGH,gyrA,334.0,gyrA_H334Y,S,1.0,A,H334Y,40.400000000000006,1.9000000000000001,-1.1400000000000001,26.0,-1.9299999999999997,H,AlphaHelix,-102.62,0.74,94.3,0.0,1.0,False,False,False,False,True,False,93.0664666737229,-62.0,82.0,42.535689056531474,31.428332842734733,33.8455607802433,64.5999984741211,1.9327917551585339,-0.342
900,MXF,>4,3.0,R,HIGH,gyrA,94.0,gyrA_D94G,R,0.8189233278955954,A,D94G,-50.99999999999999,3.1,-1.2700000000000002,-58.0,3.1999999999999997,H,AlphaHelix,-58.04000000000002,-41.610000000000014,97.4,1.0,1.0,False,False,False,False,True,False,88.1550888450658,63.0,80.0,18.4946885503575,7.838828370247936,14.503317804823576,46.65999984741211,1.7333416145382428,-0.873
901,MXF,0.12,-3.06,S,HIGH,gyrB,452.0,gyrB_K452N,S,1.0,B,K452N,-54.5,0.3999999999999999,-1.3800000000000001,-14.099999999999994,-4.33,G,310Helix,-96.55000000000001,-13.550000000000011,131.0,0.0,1.0,False,False,False,True,False,False,129.4976437561121,-54.0,78.0,29.701394109257215,39.03670035422049,32.89145760592298,91.37000274658203,1.6152196548205595,-0.314
902,MXF,>4,3.0,R,HIGH,gyrA,94.0,gyrA_D94G,R,0.8189233278955954,A,D94G,-50.99999999999999,3.1,-1.2700000000000002,-58.0,3.1999999999999997,H,AlphaHelix,-58.04000000000002,-41.610000000000014,97.4,1.0,1.0,False,False,False,False,True,False,88.1550888450658,63.0,80.0,18.4946885503575,7.838828370247936,14.503317804823576,46.65999984741211,1.7333416145382428,-0.873
903,MXF,>4,3.0,R,HIGH,gyrA,94.0,gyrA_D94G,R,0.8189233278955954,A,D94G,-50.99999999999999,3.1,-1.2700000000000002,-58.0,3.1999999999999997,H,AlphaHelix,-58.04000000000002,-41.610000000000014,97.4,1.0,1.0,False,False,False,False,True,False,88.1550888450658,63.0,80.0,18.4946885503575,7.838828370247936,14.503317804823576,46.65999984741211,1.7333416145382428,-0.873
904,MXF,4.0,2.0,R,HIGH,gyrA,94.0,gyrA_D94G,R,0.8189233278955954,A,D94G,-50.99999999999999,3.1,-1.2700000000000002,-58.0,3.1999999999999997,H,AlphaHelix,-58.04000000000002,-41.610000000000014,97.4,1.0,1.0,False,False,False,False,True,False,88.1550888450658,63.0,80.0,18.4946885503575,7.838828370247936,14.503317804823576,46.65999984741211,1.7333416145382428,-0.873
905,MXF,0.25,-2.0,S,HIGH,gyrA,94.0,gyrA_D94A,R,0.5232558139534884,A,D94A,-22.5,5.3,-2.08,-44.0,3.23,H,AlphaHelix,-58.04000000000002,-41.610000000000014,97.4,1.0,1.0,False,False,False,False,True,False,88.1550888450658,46.0,71.0,18.4946885503575,7.838828370247936,14.503317804823576,46.65999984741211,1.7333416145382428,-0.421
906,MXF,4.0,2.0,R,HIGH,gyrA,94.0,gyrA_D94G,R,0.8189233278955954,A,D94G,-50.99999999999999,3.1,-1.2700000000000002,-58.0,3.1999999999999997,H,AlphaHelix,-58.04000000000002,-41.610000000000014,97.4,1.0,1.0,False,False,False,False,True,False,88.1550888450658,63.0,80.0,18.4946885503575,7.838828370247936,14.503317804823576,46.65999984741211,1.7333416145382428,-0.873
907,MXF,>4,3.0,R,HIGH,gyrA,94.0,gyrA_D94N,R,0.8235294117647058,A,D94N,3.0,0.0,-1.9800000000000002,-1.0,2.64,H,AlphaHelix,-58.04000000000002,-41.610000000000014,97.4,1.0,1.0,False,False,False,False,True,False,88.1550888450658,56.0,75.0,18.4946885503575,7.838828370247936,14.503317804823576,46.65999984741211,1.7333416145382428,-0.347
908,MXF,1.0,0.0,S,HIGH,gyrA,90.0,gyrA_A90V,R,0.5555555555555556,A,A90V,51.400000000000006,2.4000000000000004,-0.8600000000000001,28.0,-0.040000000000000036,H,AlphaHelix,-61.829999999999984,-59.75999999999999,47.0,2.0,0.0,False,False,False,False,True,False,55.555815915240146,-64.0,82.0,14.434102224020556,5.4833322787917345,10.609526093749128,40.439998626708984,1.6650776123582791,0.089
909,MXF,<=0.06,-4.06,S,HIGH,gyrA,90.0,gyrA_A90V,R,0.5555555555555556,A,A90V,51.400000000000006,2.4000000000000004,-0.8600000000000001,28.0,-0.040000000000000036,H,AlphaHelix,-61.829999999999984,-59.75999999999999,47.0,2.0,0.0,False,False,False,False,True,False,55.555815915240146,-64.0,82.0,14.434102224020556,5.4833322787917345,10.609526093749128,40.439998626708984,1.6650776123582791,0.089
910,MXF,0.5,-1.0,S,HIGH,gyrA,90.0,gyrA_A90V,R,0.5555555555555556,A,A90V,51.400000000000006,2.4000000000000004,-0.8600000000000001,28.0,-0.040000000000000036,H,AlphaHelix,-61.829999999999984,-59.75999999999999,47.0,2.0,0.0,False,False,False,False,True,False,55.555815915240146,-64.0,82.0,14.434102224020556,5.4833322787917345,10.609526093749128,40.439998626708984,1.6650776123582791,0.089
911,MXF,4.0,2.0,R,HIGH,gyrA,94.0,gyrA_D94G,R,0.8189233278955954,A,D94G,-50.99999999999999,3.1,-1.2700000000000002,-58.0,3.1999999999999997,H,AlphaHelix,-58.04000000000002,-41.610000000000014,97.4,1.0,1.0,False,False,False,False,True,False,88.1550888450658,63.0,80.0,18.4946885503575,7.838828370247936,14.503317804823576,46.65999984741211,1.7333416145382428,-0.873
912,MXF,0.12,-3.06,S,HIGH,gyrB,446.0,gyrB_R446H,S,1.0,B,R446H,-20.200000000000017,1.2999999999999998,0.3700000000000001,-19.0,-3.17,C,Coil,-102.64999999999998,-28.920000000000016,47.7,0.0,2.0,False,True,False,False,False,False,48.145590821945774,23.0,63.0,29.51837897988494,35.92512580140432,29.680615443555677,77.33999633789062,1.8834134115420547,-0.988
913,MXF,1.0,0.0,S,HIGH,gyrA,94.0,gyrA_D94G,R,0.8189233278955954,A,D94G,-50.99999999999999,3.1,-1.2700000000000002,-58.0,3.1999999999999997,H,AlphaHelix,-58.04000000000002,-41.610000000000014,97.4,1.0,1.0,False,False,False,False,True,False,88.1550888450658,63.0,80.0,18.4946885503575,7.838828370247936,14.503317804823576,46.65999984741211,1.7333416145382428,-0.873
914,MXF,0.5,-1.0,S,HIGH,gyrB,598.0,gyrB_G598E,S,1.0,B,G598E,78.30000000000001,-3.1,0.4700000000000002,72.0,-2.7499999999999996,C,Coil,99.06,0.3,56.5,0.0,2.0,False,True,False,False,False,False,54.69245797912299,51.0,75.0,34.79285051416459,47.93179586665441,47.11262952684046,62.900001525878906,1.6332094439284734,-1.288
915,MXF,0.12,-3.06,S,MEDIUM,gyrA,94.0,gyrA_D94G,R,0.8189233278955954,A,D94G,-50.99999999999999,3.1,-1.2700000000000002,-58.0,3.1999999999999997,H,AlphaHelix,-58.04000000000002,-41.610000000000014,97.4,1.0,1.0,False,False,False,False,True,False,88.1550888450658,63.0,80.0,18.4946885503575,7.838828370247936,14.503317804823576,46.65999984741211,1.7333416145382428,-0.873
916,MXF,4.0,2.0,R,MEDIUM,gyrA,94.0,gyrA_D94A,R,0.5232558139534884,A,D94A,-22.5,5.3,-2.08,-44.0,3.23,H,AlphaHelix,-58.04000000000002,-41.610000000000014,97.4,1.0,1.0,False,False,False,False,True,False,88.1550888450658,46.0,71.0,18.4946885503575,7.838828370247936,14.503317804823576,46.65999984741211,1.7333416145382428,-0.421
917,MXF,>4,3.0,R,HIGH,gyrA,94.0,gyrA_D94G,R,0.8189233278955954,A,D94G,-50.99999999999999,3.1,-1.2700000000000002,-58.0,3.1999999999999997,H,AlphaHelix,-58.04000000000002,-41.610000000000014,97.4,1.0,1.0,False,False,False,False,True,False,88.1550888450658,63.0,80.0,18.4946885503575,7.838828370247936,14.503317804823576,46.65999984741211,1.7333416145382428,-0.873
918,MXF,>4,3.0,R,HIGH,gyrA,94.0,gyrA_D94G,R,0.8189233278955954,A,D94G,-50.99999999999999,3.1,-1.2700000000000002,-58.0,3.1999999999999997,H,AlphaHelix,-58.04000000000002,-41.610000000000014,97.4,1.0,1.0,False,False,False,False,True,False,88.1550888450658,63.0,80.0,18.4946885503575,7.838828370247936,14.503317804823576,46.65999984741211,1.7333416145382428,-0.873
919,MXF,1.0,0.0,S,MEDIUM,gyrA,94.0,gyrA_D94A,R,0.5232558139534884,A,D94A,-22.5,5.3,-2.08,-44.0,3.23,H,AlphaHelix,-58.04000000000002,-41.610000000000014,97.4,1.0,1.0,False,False,False,False,True,False,88.1550888450658,46.0,71.0,18.4946885503575,7.838828370247936,14.503317804823576,46.65999984741211,1.7333416145382428,-0.421
920,MXF,>4,3.0,R,HIGH,gyrA,94.0,gyrA_D94N,R,0.8235294117647058,A,D94N,3.0,0.0,-1.9800000000000002,-1.0,2.64,H,AlphaHelix,-58.04000000000002,-41.610000000000014,97.4,1.0,1.0,False,False,False,False,True,False,88.1550888450658,56.0,75.0,18.4946885503575,7.838828370247936,14.503317804823576,46.65999984741211,1.7333416145382428,-0.347
921,MXF,0.25,-2.0,S,HIGH,gyrA,267.0,gyrA_T267I,S,0.9166666666666666,A,T267I,50.599999999999994,5.2,-0.92,12.099999999999994,0.41999999999999993,E,Strand,-110.84,147.57,41.6,1.0,0.0,False,False,True,False,False,False,44.1202990107675,-63.0,82.0,57.41807769187446,43.77226482698894,47.65815783374425,101.37999725341797,1.7631484448394852,-0.037
922,MXF,2.0,1.0,R,HIGH,gyrB,461.0,gyrB_D461N,S,0.8888888888888888,B,D461N,3.0,0.0,-1.9800000000000002,-1.0,2.64,H,AlphaHelix,-71.88999999999999,-39.93000000000001,81.7,1.0,0.0,False,False,False,False,True,False,75.64790414237022,36.0,66.0,11.848330371804606,15.309593699828135,10.195622879537305,64.79000091552734,1.5661131135005826,-0.266
923,MXF,1.0,0.0,S,MEDIUM,gyrB,504.0,gyrB_A504V,S,0.6666666666666666,B,A504V,51.400000000000006,2.4000000000000004,-0.8600000000000001,28.0,-0.040000000000000036,H,AlphaHelix,-59.64999999999998,-42.079999999999984,10.1,1.0,2.0,False,False,False,False,True,False,11.414866074723719,5.0,53.0,21.169802031203538,22.5262580893872,15.850445728045397,54.0,2.050575642556502,-0.618
924,MXF,4.0,2.0,R,HIGH,gyrA,94.0,gyrA_D94G,R,0.8189233278955954,A,D94G,-50.99999999999999,3.1,-1.2700000000000002,-58.0,3.1999999999999997,H,AlphaHelix,-58.04000000000002,-41.610000000000014,97.4,1.0,1.0,False,False,False,False,True,False,88.1550888450658,63.0,80.0,18.4946885503575,7.838828370247936,14.503317804823576,46.65999984741211,1.7333416145382428,-0.873
925,MXF,4.0,2.0,R,HIGH,gyrA,94.0,gyrA_D94G,R,0.8189233278955954,A,D94G,-50.99999999999999,3.1,-1.2700000000000002,-58.0,3.1999999999999997,H,AlphaHelix,-58.04000000000002,-41.610000000000014,97.4,1.0,1.0,False,False,False,False,True,False,88.1550888450658,63.0,80.0,18.4946885503575,7.838828370247936,14.503317804823576,46.65999984741211,1.7333416145382428,-0.873
926,MXF,0.5,-1.0,S,MEDIUM,gyrA,94.0,gyrA_D94G,R,0.8189233278955954,A,D94G,-50.99999999999999,3.1,-1.2700000000000002,-58.0,3.1999999999999997,H,AlphaHelix,-58.04000000000002,-41.610000000000014,97.4,1.0,1.0,False,False,False,False,True,False,88.1550888450658,63.0,80.0,18.4946885503575,7.838828370247936,14.503317804823576,46.65999984741211,1.7333416145382428,-0.873
927,MXF,4.0,2.0,R,HIGH,gyrA,94.0,gyrA_D94H,R,0.75,A,D94H,42.099999999999994,0.2999999999999998,-1.04,22.099999999999994,4.82,H,AlphaHelix,-58.04000000000002,-41.610000000000014,97.4,1.0,1.0,False,False,False,False,True,False,88.1550888450658,79.0,85.0,18.4946885503575,7.838828370247936,14.503317804823576,46.65999984741211,1.7333416145382428,-0.36
928,MXF,0.25,-2.0,S,HIGH,gyrB,668.0,gyrB_K668R,S,1.0,B,K668R,4.800000000000011,-0.6000000000000001,-0.81,28.0,1.0199999999999996,G,310Helix,-58.01999999999998,-23.889999999999986,163.3,0.0,0.0,False,False,False,True,False,False,167.7401654703288,-65.0,82.0,24.5333655601667,33.32455790079611,33.36337460998285,73.08999633789062,1.5099538354745605,-0.239
929,MXF,>4,3.0,R,HIGH,gyrA,94.0,gyrA_D94G,R,0.8189233278955954,A,D94G,-50.99999999999999,3.1,-1.2700000000000002,-58.0,3.1999999999999997,H,AlphaHelix,-58.04000000000002,-41.610000000000014,97.4,1.0,1.0,False,False,False,False,True,False,88.1550888450658,63.0,80.0,18.4946885503575,7.838828370247936,14.503317804823576,46.65999984741211,1.7333416145382428,-0.873
930,MXF,0.12,-3.06,S,HIGH,gyrA,472.0,gyrA_P472S,S,0.9285714285714286,A,P472S,-23.700000000000003,0.8,0.64,-10.0,-0.6200000000000001,H,AlphaHelix,-59.70999999999998,-28.170000000000016,71.0,1.0,0.0,False,False,False,False,True,False,78.73791501370572,-68.0,82.0,46.44317945930904,48.133935316451236,53.0020285473169,69.8499984741211,1.6707895195538032,-1.116
931,MXF,1.0,0.0,S,HIGH,gyrA,91.0,gyrA_S91P,R,0.676923076923077,A,S91P,23.700000000000003,-0.8,-0.64,10.0,0.6200000000000001,H,AlphaHelix,-67.14999999999998,-27.149999999999977,64.8,1.0,0.0,False,False,False,False,True,False,65.22815545163408,63.0,80.0,13.712390715773491,5.3811257108513875,11.010229056369285,47.63999938964844,1.5284537092505912,-0.125
932,MXF,>4,3.0,R,HIGH,gyrB,501.0,gyrB_E501D,R,0.7857142857142857,B,E501D,-27.30000000000001,0.0,0.8,-14.0,-0.4500000000000002,H,AlphaHelix,-71.87,-38.54000000000002,13.6,2.0,0.0,False,False,False,False,True,False,15.369778026626971,78.0,85.0,18.005379610370586,18.103477446299912,11.656371379938307,63.0099983215332,2.23399611625198,-2.507
933,MXF,1.0,0.0,S,HIGH,gyrA,90.0,gyrA_A90V,R,0.5555555555555556,A,A90V,51.400000000000006,2.4000000000000004,-0.8600000000000001,28.0,-0.040000000000000036,H,AlphaHelix,-61.829999999999984,-59.75999999999999,47.0,2.0,0.0,False,False,False,False,True,False,55.555815915240146,-64.0,82.0,14.434102224020556,5.4833322787917345,10.609526093749128,40.439998626708984,1.6650776123582791,0.089
934,MXF,4.0,2.0,R,MEDIUM,gyrA,94.0,gyrA_D94G,R,0.8189233278955954,A,D94G,-50.99999999999999,3.1,-1.2700000000000002,-58.0,3.1999999999999997,H,AlphaHelix,-58.04000000000002,-41.610000000000014,97.4,1.0,1.0,False,False,False,False,True,False,88.1550888450658,63.0,80.0,18.4946885503575,7.838828370247936,14.503317804823576,46.65999984741211,1.7333416145382428,-0.873
935,MXF,>4,3.0,R,MEDIUM,gyrA,94.0,gyrA_D94N,R,0.8235294117647058,A,D94N,3.0,0.0,-1.9800000000000002,-1.0,2.64,H,AlphaHelix,-58.04000000000002,-41.610000000000014,97.4,1.0,1.0,False,False,False,False,True,False,88.1550888450658,56.0,75.0,18.4946885503575,7.838828370247936,14.503317804823576,46.65999984741211,1.7333416145382428,-0.347
936,MXF,4.0,2.0,R,MEDIUM,gyrB,499.0,gyrB_N499D,R,1.0,B,N499D,-3.0,0.0,1.9800000000000002,1.0,-2.64,C,Coil,-66.65999999999997,120.5,43.0,2.0,2.0,False,True,False,False,False,False,40.44476788590575,53.0,75.0,21.727521249200905,18.74934841945492,13.214297718613494,62.86000061035156,2.0305274785868135,-0.309
937,MXF,2.0,1.0,R,HIGH,gyrA,94.0,gyrA_D94A,R,0.5232558139534884,A,D94A,-22.5,5.3,-2.08,-44.0,3.23,H,AlphaHelix,-58.04000000000002,-41.610000000000014,97.4,1.0,1.0,False,False,False,False,True,False,88.1550888450658,46.0,71.0,18.4946885503575,7.838828370247936,14.503317804823576,46.65999984741211,1.7333416145382428,-0.421
938,MXF,>4,3.0,R,HIGH,gyrA,94.0,gyrA_D94G,R,0.8189233278955954,A,D94G,-50.99999999999999,3.1,-1.2700000000000002,-58.0,3.1999999999999997,H,AlphaHelix,-58.04000000000002,-41.610000000000014,97.4,1.0,1.0,False,False,False,False,True,False,88.1550888450658,63.0,80.0,18.4946885503575,7.838828370247936,14.503317804823576,46.65999984741211,1.7333416145382428,-0.873
939,MXF,>4,3.0,R,HIGH,gyrA,94.0,gyrA_D94G,R,0.8189233278955954,A,D94G,-50.99999999999999,3.1,-1.2700000000000002,-58.0,3.1999999999999997,H,AlphaHelix,-58.04000000000002,-41.610000000000014,97.4,1.0,1.0,False,False,False,False,True,False,88.1550888450658,63.0,80.0,18.4946885503575,7.838828370247936,14.503317804823576,46.65999984741211,1.7333416145382428,-0.873
940,MXF,0.12,-3.06,S,HIGH,gyrA,186.0,gyrA_A186T,S,1.0,A,A186T,27.5,-2.5,-0.22000000000000003,30.0,-0.40000000000000036,E,Strand,-150.55,153.54,37.5,0.0,0.0,False,False,True,False,False,False,39.92893349407319,37.0,66.0,22.943804991239567,21.13879362461695,23.515973207256195,47.470001220703125,1.7500263793316915,-0.982
941,MXF,1.0,0.0,S,HIGH,gyrA,94.0,gyrA_D94A,R,0.5232558139534884,A,D94A,-22.5,5.3,-2.08,-44.0,3.23,H,AlphaHelix,-58.04000000000002,-41.610000000000014,97.4,1.0,1.0,False,False,False,False,True,False,88.1550888450658,46.0,71.0,18.4946885503575,7.838828370247936,14.503317804823576,46.65999984741211,1.7333416145382428,-0.421
942,MXF,4.0,2.0,R,HIGH,gyrA,94.0,gyrA_D94G,R,0.8189233278955954,A,D94G,-50.99999999999999,3.1,-1.2700000000000002,-58.0,3.1999999999999997,H,AlphaHelix,-58.04000000000002,-41.610000000000014,97.4,1.0,1.0,False,False,False,False,True,False,88.1550888450658,63.0,80.0,18.4946885503575,7.838828370247936,14.503317804823576,46.65999984741211,1.7333416145382428,-0.873
943,MXF,0.5,-1.0,S,MEDIUM,gyrA,90.0,gyrA_A90V,R,0.5555555555555556,A,A90V,51.400000000000006,2.4000000000000004,-0.8600000000000001,28.0,-0.040000000000000036,H,AlphaHelix,-61.829999999999984,-59.75999999999999,47.0,2.0,0.0,False,False,False,False,True,False,55.555815915240146,-64.0,82.0,14.434102224020556,5.4833322787917345,10.609526093749128,40.439998626708984,1.6650776123582791,0.089
944,MXF,0.12,-3.06,S,MEDIUM,gyrA,459.0,gyrA_E459A,S,1.0,A,E459A,-49.80000000000001,5.3,-1.28,-58.0,2.78,H,AlphaHelix,-58.65999999999997,-32.34000000000003,91.7,1.0,1.0,False,False,False,False,True,False,78.88978445676905,-86.0,93.0,53.34225605983424,55.901175086168806,60.97986696967304,90.9800033569336,1.842497976816243,-0.579
945,MXF,2.0,1.0,R,HIGH,gyrA,94.0,gyrA_D94G,R,0.8189233278955954,A,D94G,-50.99999999999999,3.1,-1.2700000000000002,-58.0,3.1999999999999997,H,AlphaHelix,-58.04000000000002,-41.610000000000014,97.4,1.0,1.0,False,False,False,False,True,False,88.1550888450658,63.0,80.0,18.4946885503575,7.838828370247936,14.503317804823576,46.65999984741211,1.7333416145382428,-0.873
946,MXF,0.5,-1.0,S,MEDIUM,gyrA,91.0,gyrA_S91P,R,0.676923076923077,A,S91P,23.700000000000003,-0.8,-0.64,10.0,0.6200000000000001,H,AlphaHelix,-67.14999999999998,-27.149999999999977,64.8,1.0,0.0,False,False,False,False,True,False,65.22815545163408,63.0,80.0,13.712390715773491,5.3811257108513875,11.010229056369285,47.63999938964844,1.5284537092505912,-0.125
947,MXF,>4,3.0,R,HIGH,gyrA,94.0,gyrA_D94G,R,0.8189233278955954,A,D94G,-50.99999999999999,3.1,-1.2700000000000002,-58.0,3.1999999999999997,H,AlphaHelix,-58.04000000000002,-41.610000000000014,97.4,1.0,1.0,False,False,False,False,True,False,88.1550888450658,63.0,80.0,18.4946885503575,7.838828370247936,14.503317804823576,46.65999984741211,1.7333416145382428,-0.873
948,MXF,4.0,2.0,R,HIGH,gyrA,94.0,gyrA_D94G,R,0.8189233278955954,A,D94G,-50.99999999999999,3.1,-1.2700000000000002,-58.0,3.1999999999999997,H,AlphaHelix,-58.04000000000002,-41.610000000000014,97.4,1.0,1.0,False,False,False,False,True,False,88.1550888450658,63.0,80.0,18.4946885503575,7.838828370247936,14.503317804823576,46.65999984741211,1.7333416145382428,-0.873
949,MXF,4.0,2.0,R,HIGH,gyrA,90.0,gyrA_A90V,R,0.5555555555555556,A,A90V,51.400000000000006,2.4000000000000004,-0.8600000000000001,28.0,-0.040000000000000036,H,AlphaHelix,-61.829999999999984,-59.75999999999999,47.0,2.0,0.0,False,False,False,False,True,False,55.555815915240146,-64.0,82.0,14.434102224020556,5.4833322787917345,10.609526093749128,40.439998626708984,1.6650776123582791,0.089
950,MXF,>4,3.0,R,HIGH,gyrA,94.0,gyrA_D94N,R,0.8235294117647058,A,D94N,3.0,0.0,-1.9800000000000002,-1.0,2.64,H,AlphaHelix,-58.04000000000002,-41.610000000000014,97.4,1.0,1.0,False,False,False,False,True,False,88.1550888450658,56.0,75.0,18.4946885503575,7.838828370247936,14.503317804823576,46.65999984741211,1.7333416145382428,-0.347
951,MXF,>4,3.0,R,MEDIUM,gyrA,94.0,gyrA_D94G,R,0.8189233278955954,A,D94G,-50.99999999999999,3.1,-1.2700000000000002,-58.0,3.1999999999999997,H,AlphaHelix,-58.04000000000002,-41.610000000000014,97.4,1.0,1.0,False,False,False,False,True,False,88.1550888450658,63.0,80.0,18.4946885503575,7.838828370247936,14.503317804823576,46.65999984741211,1.7333416145382428,-0.873
952,MXF,>4,3.0,R,MEDIUM,gyrA,94.0,gyrA_D94G,R,0.8189233278955954,A,D94G,-50.99999999999999,3.1,-1.2700000000000002,-58.0,3.1999999999999997,H,AlphaHelix,-58.04000000000002,-41.610000000000014,97.4,1.0,1.0,False,False,False,False,True,False,88.1550888450658,63.0,80.0,18.4946885503575,7.838828370247936,14.503317804823576,46.65999984741211,1.7333416145382428,-0.873
953,MXF,2.0,1.0,R,MEDIUM,gyrA,91.0,gyrA_S91P,R,0.676923076923077,A,S91P,23.700000000000003,-0.8,-0.64,10.0,0.6200000000000001,H,AlphaHelix,-67.14999999999998,-27.149999999999977,64.8,1.0,0.0,False,False,False,False,True,False,65.22815545163408,63.0,80.0,13.712390715773491,5.3811257108513875,11.010229056369285,47.63999938964844,1.5284537092505912,-0.125
954,MXF,1.0,0.0,S,HIGH,gyrA,90.0,gyrA_A90V,R,0.5555555555555556,A,A90V,51.400000000000006,2.4000000000000004,-0.8600000000000001,28.0,-0.040000000000000036,H,AlphaHelix,-61.829999999999984,-59.75999999999999,47.0,2.0,0.0,False,False,False,False,True,False,55.555815915240146,-64.0,82.0,14.434102224020556,5.4833322787917345,10.609526093749128,40.439998626708984,1.6650776123582791,0.089
955,MXF,>4,3.0,R,HIGH,gyrA,94.0,gyrA_D94G,R,0.8189233278955954,A,D94G,-50.99999999999999,3.1,-1.2700000000000002,-58.0,3.1999999999999997,H,AlphaHelix,-58.04000000000002,-41.610000000000014,97.4,1.0,1.0,False,False,False,False,True,False,88.1550888450658,63.0,80.0,18.4946885503575,7.838828370247936,14.503317804823576,46.65999984741211,1.7333416145382428,-0.873
956,MXF,0.12,-3.06,S,MEDIUM,gyrA,193.0,gyrA_N193S,S,1.0,A,N193S,-25.099999999999994,2.7,-0.09999999999999998,-27.0,0.2699999999999996,C,Coil,-78.75,123.63,5.4,2.0,0.0,False,True,False,False,False,False,3.9785882839510753,-22.0,61.0,38.56834762344578,31.614916234348744,37.544471341104654,50.119998931884766,3.1142630176941593,-1.229
957,MXF,>4,3.0,R,HIGH,gyrA,94.0,gyrA_D94Y,R,0.847457627118644,A,D94Y,82.5,2.2,-2.18,48.099999999999994,2.89,H,AlphaHelix,-58.04000000000002,-41.610000000000014,97.4,1.0,1.0,False,False,False,False,True,False,88.1550888450658,81.0,91.0,18.4946885503575,7.838828370247936,14.503317804823576,46.65999984741211,1.7333416145382428,-0.376
958,MXF,0.25,-2.0,S,HIGH,gyrA,267.0,gyrA_T267I,S,0.9166666666666666,A,T267I,50.599999999999994,5.2,-0.92,12.099999999999994,0.41999999999999993,E,Strand,-110.84,147.57,41.6,1.0,0.0,False,False,True,False,False,False,44.1202990107675,-63.0,82.0,57.41807769187446,43.77226482698894,47.65815783374425,101.37999725341797,1.7631484448394852,-0.037
959,MXF,4.0,2.0,R,MEDIUM,gyrA,94.0,gyrA_D94G,R,0.8189233278955954,A,D94G,-50.99999999999999,3.1,-1.2700000000000002,-58.0,3.1999999999999997,H,AlphaHelix,-58.04000000000002,-41.610000000000014,97.4,1.0,1.0,False,False,False,False,True,False,88.1550888450658,63.0,80.0,18.4946885503575,7.838828370247936,14.503317804823576,46.65999984741211,1.7333416145382428,-0.873
960,MXF,4.0,2.0,R,MEDIUM,gyrA,94.0,gyrA_D94G,R,0.8189233278955954,A,D94G,-50.99999999999999,3.1,-1.2700000000000002,-58.0,3.1999999999999997,H,AlphaHelix,-58.04000000000002,-41.610000000000014,97.4,1.0,1.0,False,False,False,False,True,False,88.1550888450658,63.0,80.0,18.4946885503575,7.838828370247936,14.503317804823576,46.65999984741211,1.7333416145382428,-0.873
961,MXF,>4,3.0,R,MEDIUM,gyrA,94.0,gyrA_D94G,R,0.8189233278955954,A,D94G,-50.99999999999999,3.1,-1.2700000000000002,-58.0,3.1999999999999997,H,AlphaHelix,-58.04000000000002,-41.610000000000014,97.4,1.0,1.0,False,False,False,False,True,False,88.1550888450658,63.0,80.0,18.4946885503575,7.838828370247936,14.503317804823576,46.65999984741211,1.7333416145382428,-0.873
962,MXF,>4,3.0,R,HIGH,gyrA,88.0,gyrA_G88C,R,0.9090909090909091,A,G88C,48.4,2.9,-0.9199999999999999,46.10000000000001,-0.8999999999999995,C,Coil,-77.02999999999997,152.43,8.6,0.0,0.0,False,True,False,False,False,False,9.936179450376525,50.0,75.0,9.426612506997063,8.72870415742702,11.188927476312779,57.560001373291016,1.9098223702260209,-0.725
963,MXF,4.0,2.0,R,HIGH,gyrA,94.0,gyrA_D94G,R,0.8189233278955954,A,D94G,-50.99999999999999,3.1,-1.2700000000000002,-58.0,3.1999999999999997,H,AlphaHelix,-58.04000000000002,-41.610000000000014,97.4,1.0,1.0,False,False,False,False,True,False,88.1550888450658,63.0,80.0,18.4946885503575,7.838828370247936,14.503317804823576,46.65999984741211,1.7333416145382428,-0.873
964,MXF,>4,3.0,R,HIGH,gyrA,94.0,gyrA_D94G,R,0.8189233278955954,A,D94G,-50.99999999999999,3.1,-1.2700000000000002,-58.0,3.1999999999999997,H,AlphaHelix,-58.04000000000002,-41.610000000000014,97.4,1.0,1.0,False,False,False,False,True,False,88.1550888450658,63.0,80.0,18.4946885503575,7.838828370247936,14.503317804823576,46.65999984741211,1.7333416145382428,-0.873
965,MXF,>4,3.0,R,HIGH,gyrA,91.0,gyrA_S91P,R,0.676923076923077,A,S91P,23.700000000000003,-0.8,-0.64,10.0,0.6200000000000001,H,AlphaHelix,-67.14999999999998,-27.149999999999977,64.8,1.0,0.0,False,False,False,False,True,False,65.22815545163408,63.0,80.0,13.712390715773491,5.3811257108513875,11.010229056369285,47.63999938964844,1.5284537092505912,-0.125
966,MXF,0.25,-2.0,S,HIGH,gyrA,193.0,gyrA_N193S,S,1.0,A,N193S,-25.099999999999994,2.7,-0.09999999999999998,-27.0,0.2699999999999996,C,Coil,-78.75,123.63,5.4,2.0,0.0,False,True,False,False,False,False,3.9785882839510753,-22.0,61.0,38.56834762344578,31.614916234348744,37.544471341104654,50.119998931884766,3.1142630176941593,-1.229
967,MXF,2.0,1.0,R,HIGH,gyrA,94.0,gyrA_D94N,R,0.8235294117647058,A,D94N,3.0,0.0,-1.9800000000000002,-1.0,2.64,H,AlphaHelix,-58.04000000000002,-41.610000000000014,97.4,1.0,1.0,False,False,False,False,True,False,88.1550888450658,56.0,75.0,18.4946885503575,7.838828370247936,14.503317804823576,46.65999984741211,1.7333416145382428,-0.347
968,MXF,>4,3.0,R,MEDIUM,gyrA,94.0,gyrA_D94F,R,1.0,A,D94F,78.80000000000001,6.3,-2.99,32.099999999999994,2.7100000000000004,H,AlphaHelix,-58.04000000000002,-41.610000000000014,97.4,1.0,1.0,False,False,False,False,True,False,88.1550888450658,78.0,85.0,18.4946885503575,7.838828370247936,14.503317804823576,46.65999984741211,1.7333416145382428,-0.214
969,MXF,>4,3.0,R,HIGH,gyrA,94.0,gyrA_D94G,R,0.8189233278955954,A,D94G,-50.99999999999999,3.1,-1.2700000000000002,-58.0,3.1999999999999997,H,AlphaHelix,-58.04000000000002,-41.610000000000014,97.4,1.0,1.0,False,False,False,False,True,False,88.1550888450658,63.0,80.0,18.4946885503575,7.838828370247936,14.503317804823576,46.65999984741211,1.7333416145382428,-0.873
970,MXF,4.0,2.0,R,MEDIUM,gyrA,94.0,gyrA_D94H,R,0.75,A,D94H,42.099999999999994,0.2999999999999998,-1.04,22.099999999999994,4.82,H,AlphaHelix,-58.04000000000002,-41.610000000000014,97.4,1.0,1.0,False,False,False,False,True,False,88.1550888450658,79.0,85.0,18.4946885503575,7.838828370247936,14.503317804823576,46.65999984741211,1.7333416145382428,-0.36
971,MXF,>4,3.0,R,HIGH,gyrA,94.0,gyrA_D94G,R,0.8189233278955954,A,D94G,-50.99999999999999,3.1,-1.2700000000000002,-58.0,3.1999999999999997,H,AlphaHelix,-58.04000000000002,-41.610000000000014,97.4,1.0,1.0,False,False,False,False,True,False,88.1550888450658,63.0,80.0,18.4946885503575,7.838828370247936,14.503317804823576,46.65999984741211,1.7333416145382428,-0.873
972,MXF,0.25,-2.0,S,MEDIUM,gyrA,154.0,gyrA_P154R,S,1.0,A,P154R,60.7,-2.9,1.31,59.099999999999994,4.46,E,Strand,-63.26999999999998,149.75,74.5,0.0,0.0,False,False,True,False,False,False,79.18597057272785,41.0,71.0,19.118048030681603,27.697803616910868,30.165253260701736,57.20000076293945,1.6282709707753908,-0.523
973,MXF,0.25,-2.0,S,MEDIUM,gyrA,94.0,gyrA_D94Y,R,0.847457627118644,A,D94Y,82.5,2.2,-2.18,48.099999999999994,2.89,H,AlphaHelix,-58.04000000000002,-41.610000000000014,97.4,1.0,1.0,False,False,False,False,True,False,88.1550888450658,81.0,91.0,18.4946885503575,7.838828370247936,14.503317804823576,46.65999984741211,1.7333416145382428,-0.376
974,MXF,<=0.06,-4.06,S,HIGH,gyrA,189.0,gyrA_I189M,S,1.0,A,I189M,-3.799999999999983,-2.6,0.37000000000000005,18.0,-0.27999999999999936,E,Strand,-95.94999999999999,123.29,3.2,1.0,1.0,False,False,True,False,False,False,3.572202098050284,-92.0,97.0,29.141364969318033,24.298731587163076,28.807953054526926,40.88999938964844,4.2557927904474955,-1.6
975,MXF,0.25,-2.0,S,HIGH,gyrA,488.0,gyrA_D488A,S,1.0,A,D488A,-22.5,5.3,-2.08,-44.0,3.23,H,AlphaHelix,-60.85000000000002,-36.24000000000001,137.6,0.0,1.0,False,False,False,False,True,False,124.59428249051729,-67.0,82.0,44.541856277941726,38.62003539981389,45.082591454978015,66.62000274658203,1.6772284577989571,-0.117
976,MXF,2.0,1.0,R,HIGH,gyrA,94.0,gyrA_D94A,R,0.5232558139534884,A,D94A,-22.5,5.3,-2.08,-44.0,3.23,H,AlphaHelix,-58.04000000000002,-41.610000000000014,97.4,1.0,1.0,False,False,False,False,True,False,88.1550888450658,46.0,71.0,18.4946885503575,7.838828370247936,14.503317804823576,46.65999984741211,1.7333416145382428,-0.421
977,MXF,4.0,2.0,R,MEDIUM,gyrA,94.0,gyrA_D94G,R,0.8189233278955954,A,D94G,-50.99999999999999,3.1,-1.2700000000000002,-58.0,3.1999999999999997,H,AlphaHelix,-58.04000000000002,-41.610000000000014,97.4,1.0,1.0,False,False,False,False,True,False,88.1550888450658,63.0,80.0,18.4946885503575,7.838828370247936,14.503317804823576,46.65999984741211,1.7333416145382428,-0.873
978,MXF,2.0,1.0,R,MEDIUM,gyrA,90.0,gyrA_A90V,R,0.5555555555555556,A,A90V,51.400000000000006,2.4000000000000004,-0.8600000000000001,28.0,-0.040000000000000036,H,AlphaHelix,-61.829999999999984,-59.75999999999999,47.0,2.0,0.0,False,False,False,False,True,False,55.555815915240146,-64.0,82.0,14.434102224020556,5.4833322787917345,10.609526093749128,40.439998626708984,1.6650776123582791,0.089
979,MXF,4.0,2.0,R,HIGH,gyrA,94.0,gyrA_D94G,R,0.8189233278955954,A,D94G,-50.99999999999999,3.1,-1.2700000000000002,-58.0,3.1999999999999997,H,AlphaHelix,-58.04000000000002,-41.610000000000014,97.4,1.0,1.0,False,False,False,False,True,False,88.1550888450658,63.0,80.0,18.4946885503575,7.838828370247936,14.503317804823576,46.65999984741211,1.7333416145382428,-0.873
980,MXF,2.0,1.0,R,HIGH,gyrB,512.0,gyrB_G512R,S,0.75,B,G512R,113.30000000000001,-4.1,-0.1399999999999999,99.1,4.79,C,Coil,-78.40999999999997,-153.43,22.3,0.0,0.0,False,True,False,False,False,False,21.149837177377734,56.0,75.0,30.288478501938705,33.28516089347982,27.038826371356006,69.91000366210938,1.8566162191748528,-1.498
981,MXF,0.25,-2.0,S,HIGH,gyrA,322.0,gyrA_A322E,S,1.0,A,A322E,49.80000000000001,-5.3,1.28,58.0,-2.78,T,Turn,-136.04,139.32,24.4,0.0,1.0,False,False,False,False,False,True,25.50589572549015,-65.0,82.0,58.08232473106529,45.29274470742526,48.22396511198643,91.58000183105469,1.675020300704687,-1.67
982,MXF,4.0,2.0,R,HIGH,gyrA,94.0,gyrA_D94G,R,0.8189233278955954,A,D94G,-50.99999999999999,3.1,-1.2700000000000002,-58.0,3.1999999999999997,H,AlphaHelix,-58.04000000000002,-41.610000000000014,97.4,1.0,1.0,False,False,False,False,True,False,88.1550888450658,63.0,80.0,18.4946885503575,7.838828370247936,14.503317804823576,46.65999984741211,1.7333416145382428,-0.873
983,MXF,2.0,1.0,R,HIGH,gyrA,90.0,gyrA_A90V,R,0.5555555555555556,A,A90V,51.400000000000006,2.4000000000000004,-0.8600000000000001,28.0,-0.040000000000000036,H,AlphaHelix,-61.829999999999984,-59.75999999999999,47.0,2.0,0.0,False,False,False,False,True,False,55.555815915240146,-64.0,82.0,14.434102224020556,5.4833322787917345,10.609526093749128,40.439998626708984,1.6650776123582791,0.089
984,MXF,2.0,1.0,R,MEDIUM,gyrA,94.0,gyrA_D94G,R,0.8189233278955954,A,D94G,-50.99999999999999,3.1,-1.2700000000000002,-58.0,3.1999999999999997,H,AlphaHelix,-58.04000000000002,-41.610000000000014,97.4,1.0,1.0,False,False,False,False,True,False,88.1550888450658,63.0,80.0,18.4946885503575,7.838828370247936,14.503317804823576,46.65999984741211,1.7333416145382428,-0.873
985,MXF,<=0.06,-4.06,S,HIGH,gyrA,456.0,gyrA_A456V,S,1.0,A,A456V,51.400000000000006,2.4000000000000004,-0.8600000000000001,28.0,-0.040000000000000036,H,AlphaHelix,-58.15999999999997,-39.00999999999999,56.3,1.0,1.0,False,False,False,False,True,False,60.601798048066534,-91.0,97.0,56.68023105547945,58.552117579104866,63.82078347493738,83.72000122070312,1.5066398395405183,-0.259
986,MXF,>4,3.0,R,HIGH,gyrA,94.0,gyrA_D94G,R,0.8189233278955954,A,D94G,-50.99999999999999,3.1,-1.2700000000000002,-58.0,3.1999999999999997,H,AlphaHelix,-58.04000000000002,-41.610000000000014,97.4,1.0,1.0,False,False,False,False,True,False,88.1550888450658,63.0,80.0,18.4946885503575,7.838828370247936,14.503317804823576,46.65999984741211,1.7333416145382428,-0.873
987,MXF,>4,3.0,R,HIGH,gyrA,94.0,gyrA_D94G,R,0.8189233278955954,A,D94G,-50.99999999999999,3.1,-1.2700000000000002,-58.0,3.1999999999999997,H,AlphaHelix,-58.04000000000002,-41.610000000000014,97.4,1.0,1.0,False,False,False,False,True,False,88.1550888450658,63.0,80.0,18.4946885503575,7.838828370247936,14.503317804823576,46.65999984741211,1.7333416145382428,-0.873
988,MXF,>4,3.0,R,HIGH,gyrA,94.0,gyrA_D94G,R,0.8189233278955954,A,D94G,-50.99999999999999,3.1,-1.2700000000000002,-58.0,3.1999999999999997,H,AlphaHelix,-58.04000000000002,-41.610000000000014,97.4,1.0,1.0,False,False,False,False,True,False,88.1550888450658,63.0,80.0,18.4946885503575,7.838828370247936,14.503317804823576,46.65999984741211,1.7333416145382428,-0.873
989,MXF,<=0.06,-4.06,S,MEDIUM,gyrA,94.0,gyrA_D94N,R,0.8235294117647058,A,D94N,3.0,0.0,-1.9800000000000002,-1.0,2.64,H,AlphaHelix,-58.04000000000002,-41.610000000000014,97.4,1.0,1.0,False,False,False,False,True,False,88.1550888450658,56.0,75.0,18.4946885503575,7.838828370247936,14.503317804823576,46.65999984741211,1.7333416145382428,-0.347
990,MXF,2.0,1.0,R,MEDIUM,gyrA,90.0,gyrA_A90V,R,0.5555555555555556,A,A90V,51.400000000000006,2.4000000000000004,-0.8600000000000001,28.0,-0.040000000000000036,H,AlphaHelix,-61.829999999999984,-59.75999999999999,47.0,2.0,0.0,False,False,False,False,True,False,55.555815915240146,-64.0,82.0,14.434102224020556,5.4833322787917345,10.609526093749128,40.439998626708984,1.6650776123582791,0.089
991,MXF,4.0,2.0,R,HIGH,gyrA,90.0,gyrA_A90V,R,0.5555555555555556,A,A90V,51.400000000000006,2.4000000000000004,-0.8600000000000001,28.0,-0.040000000000000036,H,AlphaHelix,-61.829999999999984,-59.75999999999999,47.0,2.0,0.0,False,False,False,False,True,False,55.555815915240146,-64.0,82.0,14.434102224020556,5.4833322787917345,10.609526093749128,40.439998626708984,1.6650776123582791,0.089
992,MXF,0.12,-3.06,S,HIGH,gyrA,189.0,gyrA_I189V,S,1.0,A,I189V,-26.69999999999999,-0.2999999999999998,0.28,-14.099999999999994,-0.05999999999999961,E,Strand,-95.94999999999999,123.29,3.2,1.0,1.0,False,False,True,False,False,False,3.572202098050284,-48.0,72.0,29.141364969318033,24.298731587163076,28.807953054526926,40.88999938964844,4.2557927904474955,-1.573
993,MXF,2.0,1.0,R,MEDIUM,gyrA,94.0,gyrA_D94Y,R,0.847457627118644,A,D94Y,82.5,2.2,-2.18,48.099999999999994,2.89,H,AlphaHelix,-58.04000000000002,-41.610000000000014,97.4,1.0,1.0,False,False,False,False,True,False,88.1550888450658,81.0,91.0,18.4946885503575,7.838828370247936,14.503317804823576,46.65999984741211,1.7333416145382428,-0.376
994,MXF,>4,3.0,R,MEDIUM,gyrA,94.0,gyrA_D94G,R,0.8189233278955954,A,D94G,-50.99999999999999,3.1,-1.2700000000000002,-58.0,3.1999999999999997,H,AlphaHelix,-58.04000000000002,-41.610000000000014,97.4,1.0,1.0,False,False,False,False,True,False,88.1550888450658,63.0,80.0,18.4946885503575,7.838828370247936,14.503317804823576,46.65999984741211,1.7333416145382428,-0.873
995,MXF,>4,3.0,R,HIGH,gyrA,94.0,gyrA_D94G,R,0.8189233278955954,A,D94G,-50.99999999999999,3.1,-1.2700000000000002,-58.0,3.1999999999999997,H,AlphaHelix,-58.04000000000002,-41.610000000000014,97.4,1.0,1.0,False,False,False,False,True,False,88.1550888450658,63.0,80.0,18.4946885503575,7.838828370247936,14.503317804823576,46.65999984741211,1.7333416145382428,-0.873
996,MXF,0.5,-1.0,S,MEDIUM,gyrB,560.0,gyrB_H560R,S,1.0,B,H560R,20.200000000000017,-1.2999999999999998,-0.3700000000000001,19.0,3.17,C,Coil,-95.88,-6.5,23.7,1.0,1.0,False,True,False,False,False,False,21.977383433750045,8.0,53.0,24.89223694528965,34.471843948624574,28.747997707471143,62.630001068115234,2.4894051754579,-0.505
997,MXF,4.0,2.0,R,MEDIUM,gyrA,94.0,gyrA_D94G,R,0.8189233278955954,A,D94G,-50.99999999999999,3.1,-1.2700000000000002,-58.0,3.1999999999999997,H,AlphaHelix,-58.04000000000002,-41.610000000000014,97.4,1.0,1.0,False,False,False,False,True,False,88.1550888450658,63.0,80.0,18.4946885503575,7.838828370247936,14.503317804823576,46.65999984741211,1.7333416145382428,-0.873
998,MXF,0.25,-2.0,S,HIGH,gyrA,493.0,gyrA_D493H,S,1.0,A,D493H,42.099999999999994,0.2999999999999998,-1.04,22.099999999999994,4.82,C,Coil,-65.23000000000002,158.88,118.0,0.0,0.0,False,True,False,False,False,False,102.64259805336863,0.0,53.0,43.877099513257015,35.11854484787555,41.43136985946044,56.11000061035156,1.5569209689874979,-0.182
999,MXF,0.12,-3.06,S,HIGH,gyrA,193.0,gyrA_N193S,S,1.0,A,N193S,-25.099999999999994,2.7,-0.09999999999999998,-27.0,0.2699999999999996,C,Coil,-78.75,123.63,5.4,2.0,0.0,False,True,False,False,False,False,3.9785882839510753,-22.0,61.0,38.56834762344578,31.614916234348744,37.544471341104654,50.119998931884766,3.1142630176941593,-1.229
1000,MXF,>4,3.0,R,HIGH,gyrA,94.0,gyrA_D94G,R,0.8189233278955954,A,D94G,-50.99999999999999,3.1,-1.2700000000000002,-58.0,3.1999999999999997,H,AlphaHelix,-58.04000000000002,-41.610000000000014,97.4,1.0,1.0,False,False,False,False,True,False,88.1550888450658,63.0,80.0,18.4946885503575,7.838828370247936,14.503317804823576,46.65999984741211,1.7333416145382428,-0.873
1001,MXF,4.0,2.0,R,HIGH,gyrA,90.0,gyrA_A90V,R,0.5555555555555556,A,A90V,51.400000000000006,2.4000000000000004,-0.8600000000000001,28.0,-0.040000000000000036,H,AlphaHelix,-61.829999999999984,-59.75999999999999,47.0,2.0,0.0,False,False,False,False,True,False,55.555815915240146,-64.0,82.0,14.434102224020556,5.4833322787917345,10.609526093749128,40.439998626708984,1.6650776123582791,0.089
1002,MXF,2.0,1.0,R,HIGH,gyrA,94.0,gyrA_D94G,R,0.8189233278955954,A,D94G,-50.99999999999999,3.1,-1.2700000000000002,-58.0,3.1999999999999997,H,AlphaHelix,-58.04000000000002,-41.610000000000014,97.4,1.0,1.0,False,False,False,False,True,False,88.1550888450658,63.0,80.0,18.4946885503575,7.838828370247936,14.503317804823576,46.65999984741211,1.7333416145382428,-0.873
1003,MXF,4.0,2.0,R,HIGH,gyrA,90.0,gyrA_A90V,R,0.5555555555555556,A,A90V,51.400000000000006,2.4000000000000004,-0.8600000000000001,28.0,-0.040000000000000036,H,AlphaHelix,-61.829999999999984,-59.75999999999999,47.0,2.0,0.0,False,False,False,False,True,False,55.555815915240146,-64.0,82.0,14.434102224020556,5.4833322787917345,10.609526093749128,40.439998626708984,1.6650776123582791,0.089
1004,MXF,2.0,1.0,R,HIGH,gyrA,94.0,gyrA_D94G,R,0.8189233278955954,A,D94G,-50.99999999999999,3.1,-1.2700000000000002,-58.0,3.1999999999999997,H,AlphaHelix,-58.04000000000002,-41.610000000000014,97.4,1.0,1.0,False,False,False,False,True,False,88.1550888450658,63.0,80.0,18.4946885503575,7.838828370247936,14.503317804823576,46.65999984741211,1.7333416145382428,-0.873
1005,MXF,0.5,-1.0,S,MEDIUM,gyrA,94.0,gyrA_D94G,R,0.8189233278955954,A,D94G,-50.99999999999999,3.1,-1.2700000000000002,-58.0,3.1999999999999997,H,AlphaHelix,-58.04000000000002,-41.610000000000014,97.4,1.0,1.0,False,False,False,False,True,False,88.1550888450658,63.0,80.0,18.4946885503575,7.838828370247936,14.503317804823576,46.65999984741211,1.7333416145382428,-0.873
1006,MXF,>4,3.0,R,HIGH,gyrA,94.0,gyrA_D94G,R,0.8189233278955954,A,D94G,-50.99999999999999,3.1,-1.2700000000000002,-58.0,3.1999999999999997,H,AlphaHelix,-58.04000000000002,-41.610000000000014,97.4,1.0,1.0,False,False,False,False,True,False,88.1550888450658,63.0,80.0,18.4946885503575,7.838828370247936,14.503317804823576,46.65999984741211,1.7333416145382428,-0.873
1007,MXF,0.5,-1.0,S,HIGH,gyrB,526.0,gyrB_K526Q,S,1.0,B,K526Q,-24.799999999999983,0.3999999999999999,-1.62,0.0,-4.09,E,Strand,-131.07,113.53,54.1,1.0,0.0,False,False,True,False,False,False,50.172912107654724,47.0,71.0,23.588987139666717,33.32857742888527,27.423925932788926,67.94999694824219,2.157108657991182,-0.445
1008,MXF,1.0,0.0,S,HIGH,gyrA,94.0,gyrA_D94A,R,0.5232558139534884,A,D94A,-22.5,5.3,-2.08,-44.0,3.23,H,AlphaHelix,-58.04000000000002,-41.610000000000014,97.4,1.0,1.0,False,False,False,False,True,False,88.1550888450658,46.0,71.0,18.4946885503575,7.838828370247936,14.503317804823576,46.65999984741211,1.7333416145382428,-0.421
1009,MXF,0.5,-1.0,S,HIGH,gyrB,520.0,gyrB_G520A,S,1.0,B,G520A,28.499999999999993,2.2,-0.8099999999999998,14.0,0.03000000000000025,G,310Helix,-62.079999999999984,-23.69999999999999,63.2,0.0,0.0,False,False,False,True,False,False,63.89556659106313,-62.0,82.0,34.56239056670805,40.46475139489875,33.98872065505978,81.13999938964844,1.4911523563088518,0.063
1010,MXF,2.0,1.0,R,HIGH,gyrA,94.0,gyrA_D94G,R,0.8189233278955954,A,D94G,-50.99999999999999,3.1,-1.2700000000000002,-58.0,3.1999999999999997,H,AlphaHelix,-58.04000000000002,-41.610000000000014,97.4,1.0,1.0,False,False,False,False,True,False,88.1550888450658,63.0,80.0,18.4946885503575,7.838828370247936,14.503317804823576,46.65999984741211,1.7333416145382428,-0.873
1011,MXF,4.0,2.0,R,HIGH,gyrA,94.0,gyrA_D94Y,R,0.847457627118644,A,D94Y,82.5,2.2,-2.18,48.099999999999994,2.89,H,AlphaHelix,-58.04000000000002,-41.610000000000014,97.4,1.0,1.0,False,False,False,False,True,False,88.1550888450658,81.0,91.0,18.4946885503575,7.838828370247936,14.503317804823576,46.65999984741211,1.7333416145382428,-0.376
1012,MXF,>4,3.0,R,HIGH,gyrA,94.0,gyrA_D94G,R,0.8189233278955954,A,D94G,-50.99999999999999,3.1,-1.2700000000000002,-58.0,3.1999999999999997,H,AlphaHelix,-58.04000000000002,-41.610000000000014,97.4,1.0,1.0,False,False,False,False,True,False,88.1550888450658,63.0,80.0,18.4946885503575,7.838828370247936,14.503317804823576,46.65999984741211,1.7333416145382428,-0.873
1013,MXF,>4,3.0,R,HIGH,gyrA,94.0,gyrA_D94G,R,0.8189233278955954,A,D94G,-50.99999999999999,3.1,-1.2700000000000002,-58.0,3.1999999999999997,H,AlphaHelix,-58.04000000000002,-41.610000000000014,97.4,1.0,1.0,False,False,False,False,True,False,88.1550888450658,63.0,80.0,18.4946885503575,7.838828370247936,14.503317804823576,46.65999984741211,1.7333416145382428,-0.873
1014,MXF,1.0,0.0,S,MEDIUM,gyrA,90.0,gyrA_A90V,R,0.5555555555555556,A,A90V,51.400000000000006,2.4000000000000004,-0.8600000000000001,28.0,-0.040000000000000036,H,AlphaHelix,-61.829999999999984,-59.75999999999999,47.0,2.0,0.0,False,False,False,False,True,False,55.555815915240146,-64.0,82.0,14.434102224020556,5.4833322787917345,10.609526093749128,40.439998626708984,1.6650776123582791,0.089
1015,MXF,0.25,-2.0,S,HIGH,gyrA,472.0,gyrA_P472S,S,0.9285714285714286,A,P472S,-23.700000000000003,0.8,0.64,-10.0,-0.6200000000000001,H,AlphaHelix,-59.70999999999998,-28.170000000000016,71.0,1.0,0.0,False,False,False,False,True,False,78.73791501370572,-68.0,82.0,46.44317945930904,48.133935316451236,53.0020285473169,69.8499984741211,1.6707895195538032,-1.116
1016,MXF,>4,3.0,R,HIGH,gyrA,94.0,gyrA_D94G,R,0.8189233278955954,A,D94G,-50.99999999999999,3.1,-1.2700000000000002,-58.0,3.1999999999999997,H,AlphaHelix,-58.04000000000002,-41.610000000000014,97.4,1.0,1.0,False,False,False,False,True,False,88.1550888450658,63.0,80.0,18.4946885503575,7.838828370247936,14.503317804823576,46.65999984741211,1.7333416145382428,-0.873
1017,MXF,2.0,1.0,R,MEDIUM,gyrA,90.0,gyrA_A90V,R,0.5555555555555556,A,A90V,51.400000000000006,2.4000000000000004,-0.8600000000000001,28.0,-0.040000000000000036,H,AlphaHelix,-61.829999999999984,-59.75999999999999,47.0,2.0,0.0,False,False,False,False,True,False,55.555815915240146,-64.0,82.0,14.434102224020556,5.4833322787917345,10.609526093749128,40.439998626708984,1.6650776123582791,0.089
1018,MXF,>4,3.0,R,MEDIUM,gyrA,94.0,gyrA_D94H,R,0.75,A,D94H,42.099999999999994,0.2999999999999998,-1.04,22.099999999999994,4.82,H,AlphaHelix,-58.04000000000002,-41.610000000000014,97.4,1.0,1.0,False,False,False,False,True,False,88.1550888450658,79.0,85.0,18.4946885503575,7.838828370247936,14.503317804823576,46.65999984741211,1.7333416145382428,-0.36
1019,MXF,>4,3.0,R,HIGH,gyrA,94.0,gyrA_D94G,R,0.8189233278955954,A,D94G,-50.99999999999999,3.1,-1.2700000000000002,-58.0,3.1999999999999997,H,AlphaHelix,-58.04000000000002,-41.610000000000014,97.4,1.0,1.0,False,False,False,False,True,False,88.1550888450658,63.0,80.0,18.4946885503575,7.838828370247936,14.503317804823576,46.65999984741211,1.7333416145382428,-0.873
1020,MXF,>4,3.0,R,HIGH,gyrA,94.0,gyrA_D94G,R,0.8189233278955954,A,D94G,-50.99999999999999,3.1,-1.2700000000000002,-58.0,3.1999999999999997,H,AlphaHelix,-58.04000000000002,-41.610000000000014,97.4,1.0,1.0,False,False,False,False,True,False,88.1550888450658,63.0,80.0,18.4946885503575,7.838828370247936,14.503317804823576,46.65999984741211,1.7333416145382428,-0.873
1021,MXF,4.0,2.0,R,HIGH,gyrA,288.0,gyrA_A288D,R,1.0,A,A288D,22.5,-5.3,2.08,44.0,-3.23,H,AlphaHelix,-55.73000000000002,-52.079999999999984,11.3,2.0,1.0,False,False,False,False,True,False,11.676533963816869,-6.0,53.0,42.918834465722156,29.384776103472706,31.706489039944646,85.9800033569336,1.9848467404953554,-2.547
1022,MXF,>4,3.0,R,HIGH,gyrA,94.0,gyrA_D94G,R,0.8189233278955954,A,D94G,-50.99999999999999,3.1,-1.2700000000000002,-58.0,3.1999999999999997,H,AlphaHelix,-58.04000000000002,-41.610000000000014,97.4,1.0,1.0,False,False,False,False,True,False,88.1550888450658,63.0,80.0,18.4946885503575,7.838828370247936,14.503317804823576,46.65999984741211,1.7333416145382428,-0.873
1023,MXF,4.0,2.0,R,HIGH,gyrA,94.0,gyrA_D94G,R,0.8189233278955954,A,D94G,-50.99999999999999,3.1,-1.2700000000000002,-58.0,3.1999999999999997,H,AlphaHelix,-58.04000000000002,-41.610000000000014,97.4,1.0,1.0,False,False,False,False,True,False,88.1550888450658,63.0,80.0,18.4946885503575,7.838828370247936,14.503317804823576,46.65999984741211,1.7333416145382428,-0.873
1024,MXF,0.12,-3.06,S,MEDIUM,gyrA,94.0,gyrA_D94G,R,0.8189233278955954,A,D94G,-50.99999999999999,3.1,-1.2700000000000002,-58.0,3.1999999999999997,H,AlphaHelix,-58.04000000000002,-41.610000000000014,97.4,1.0,1.0,False,False,False,False,True,False,88.1550888450658,63.0,80.0,18.4946885503575,7.838828370247936,14.503317804823576,46.65999984741211,1.7333416145382428,-0.873
1025,MXF,4.0,2.0,R,HIGH,gyrA,94.0,gyrA_D94N,R,0.8235294117647058,A,D94N,3.0,0.0,-1.9800000000000002,-1.0,2.64,H,AlphaHelix,-58.04000000000002,-41.610000000000014,97.4,1.0,1.0,False,False,False,False,True,False,88.1550888450658,56.0,75.0,18.4946885503575,7.838828370247936,14.503317804823576,46.65999984741211,1.7333416145382428,-0.347
1026,MXF,4.0,2.0,R,MEDIUM,gyrA,94.0,gyrA_D94G,R,0.8189233278955954,A,D94G,-50.99999999999999,3.1,-1.2700000000000002,-58.0,3.1999999999999997,H,AlphaHelix,-58.04000000000002,-41.610000000000014,97.4,1.0,1.0,False,False,False,False,True,False,88.1550888450658,63.0,80.0,18.4946885503575,7.838828370247936,14.503317804823576,46.65999984741211,1.7333416145382428,-0.873
1027,MXF,>4,3.0,R,MEDIUM,gyrA,94.0,gyrA_D94G,R,0.8189233278955954,A,D94G,-50.99999999999999,3.1,-1.2700000000000002,-58.0,3.1999999999999997,H,AlphaHelix,-58.04000000000002,-41.610000000000014,97.4,1.0,1.0,False,False,False,False,True,False,88.1550888450658,63.0,80.0,18.4946885503575,7.838828370247936,14.503317804823576,46.65999984741211,1.7333416145382428,-0.873
1028,MXF,4.0,2.0,R,HIGH,gyrA,94.0,gyrA_D94Y,R,0.847457627118644,A,D94Y,82.5,2.2,-2.18,48.099999999999994,2.89,H,AlphaHelix,-58.04000000000002,-41.610000000000014,97.4,1.0,1.0,False,False,False,False,True,False,88.1550888450658,81.0,91.0,18.4946885503575,7.838828370247936,14.503317804823576,46.65999984741211,1.7333416145382428,-0.376
1029,MXF,>4,3.0,R,HIGH,gyrA,94.0,gyrA_D94G,R,0.8189233278955954,A,D94G,-50.99999999999999,3.1,-1.2700000000000002,-58.0,3.1999999999999997,H,AlphaHelix,-58.04000000000002,-41.610000000000014,97.4,1.0,1.0,False,False,False,False,True,False,88.1550888450658,63.0,80.0,18.4946885503575,7.838828370247936,14.503317804823576,46.65999984741211,1.7333416145382428,-0.873
1030,MXF,4.0,2.0,R,HIGH,gyrA,90.0,gyrA_A90V,R,0.5555555555555556,A,A90V,51.400000000000006,2.4000000000000004,-0.8600000000000001,28.0,-0.040000000000000036,H,AlphaHelix,-61.829999999999984,-59.75999999999999,47.0,2.0,0.0,False,False,False,False,True,False,55.555815915240146,-64.0,82.0,14.434102224020556,5.4833322787917345,10.609526093749128,40.439998626708984,1.6650776123582791,0.089
1031,MXF,2.0,1.0,R,MEDIUM,gyrA,94.0,gyrA_D94G,R,0.8189233278955954,A,D94G,-50.99999999999999,3.1,-1.2700000000000002,-58.0,3.1999999999999997,H,AlphaHelix,-58.04000000000002,-41.610000000000014,97.4,1.0,1.0,False,False,False,False,True,False,88.1550888450658,63.0,80.0,18.4946885503575,7.838828370247936,14.503317804823576,46.65999984741211,1.7333416145382428,-0.873
1032,MXF,>4,3.0,R,HIGH,gyrA,94.0,gyrA_D94G,R,0.8189233278955954,A,D94G,-50.99999999999999,3.1,-1.2700000000000002,-58.0,3.1999999999999997,H,AlphaHelix,-58.04000000000002,-41.610000000000014,97.4,1.0,1.0,False,False,False,False,True,False,88.1550888450658,63.0,80.0,18.4946885503575,7.838828370247936,14.503317804823576,46.65999984741211,1.7333416145382428,-0.873
1033,MXF,4.0,2.0,R,HIGH,gyrA,91.0,gyrA_S91P,R,0.676923076923077,A,S91P,23.700000000000003,-0.8,-0.64,10.0,0.6200000000000001,H,AlphaHelix,-67.14999999999998,-27.149999999999977,64.8,1.0,0.0,False,False,False,False,True,False,65.22815545163408,63.0,80.0,13.712390715773491,5.3811257108513875,11.010229056369285,47.63999938964844,1.5284537092505912,-0.125
1034,MXF,<=0.06,-4.06,S,HIGH,gyrA,282.0,gyrA_N282K,S,0.8,A,N282K,54.5,-0.3999999999999999,1.3800000000000001,14.099999999999994,4.33,H,AlphaHelix,-64.48000000000002,-35.73000000000002,80.0,1.0,0.0,False,False,False,False,True,False,79.79765719660747,-72.0,87.0,34.06851876228447,20.565156123121184,23.870427032333804,67.81999969482422,1.6829211647617668,-0.498
1035,MXF,4.0,2.0,R,HIGH,gyrA,94.0,gyrA_D94G,R,0.8189233278955954,A,D94G,-50.99999999999999,3.1,-1.2700000000000002,-58.0,3.1999999999999997,H,AlphaHelix,-58.04000000000002,-41.610000000000014,97.4,1.0,1.0,False,False,False,False,True,False,88.1550888450658,63.0,80.0,18.4946885503575,7.838828370247936,14.503317804823576,46.65999984741211,1.7333416145382428,-0.873
1036,MXF,4.0,2.0,R,HIGH,gyrA,94.0,gyrA_D94G,R,0.8189233278955954,A,D94G,-50.99999999999999,3.1,-1.2700000000000002,-58.0,3.1999999999999997,H,AlphaHelix,-58.04000000000002,-41.610000000000014,97.4,1.0,1.0,False,False,False,False,True,False,88.1550888450658,63.0,80.0,18.4946885503575,7.838828370247936,14.503317804823576,46.65999984741211,1.7333416145382428,-0.873
1037,MXF,>4,3.0,R,HIGH,gyrA,94.0,gyrA_D94G,R,0.8189233278955954,A,D94G,-50.99999999999999,3.1,-1.2700000000000002,-58.0,3.1999999999999997,H,AlphaHelix,-58.04000000000002,-41.610000000000014,97.4,1.0,1.0,False,False,False,False,True,False,88.1550888450658,63.0,80.0,18.4946885503575,7.838828370247936,14.503317804823576,46.65999984741211,1.7333416145382428,-0.873
1038,MXF,4.0,2.0,R,HIGH,gyrA,94.0,gyrA_D94Y,R,0.847457627118644,A,D94Y,82.5,2.2,-2.18,48.099999999999994,2.89,H,AlphaHelix,-58.04000000000002,-41.610000000000014,97.4,1.0,1.0,False,False,False,False,True,False,88.1550888450658,81.0,91.0,18.4946885503575,7.838828370247936,14.503317804823576,46.65999984741211,1.7333416145382428,-0.376
1039,MXF,>4,3.0,R,HIGH,gyrA,94.0,gyrA_D94G,R,0.8189233278955954,A,D94G,-50.99999999999999,3.1,-1.2700000000000002,-58.0,3.1999999999999997,H,AlphaHelix,-58.04000000000002,-41.610000000000014,97.4,1.0,1.0,False,False,False,False,True,False,88.1550888450658,63.0,80.0,18.4946885503575,7.838828370247936,14.503317804823576,46.65999984741211,1.7333416145382428,-0.873
1040,MXF,4.0,2.0,R,HIGH,gyrA,90.0,gyrA_A90V,R,0.5555555555555556,A,A90V,51.400000000000006,2.4000000000000004,-0.8600000000000001,28.0,-0.040000000000000036,H,AlphaHelix,-61.829999999999984,-59.75999999999999,47.0,2.0,0.0,False,False,False,False,True,False,55.555815915240146,-64.0,82.0,14.434102224020556,5.4833322787917345,10.609526093749128,40.439998626708984,1.6650776123582791,0.089
1041,MXF,1.0,0.0,S,HIGH,gyrA,94.0,gyrA_D94Y,R,0.847457627118644,A,D94Y,82.5,2.2,-2.18,48.099999999999994,2.89,H,AlphaHelix,-58.04000000000002,-41.610000000000014,97.4,1.0,1.0,False,False,False,False,True,False,88.1550888450658,81.0,91.0,18.4946885503575,7.838828370247936,14.503317804823576,46.65999984741211,1.7333416145382428,-0.376
1042,MXF,2.0,1.0,R,HIGH,gyrA,90.0,gyrA_A90V,R,0.5555555555555556,A,A90V,51.400000000000006,2.4000000000000004,-0.8600000000000001,28.0,-0.040000000000000036,H,AlphaHelix,-61.829999999999984,-59.75999999999999,47.0,2.0,0.0,False,False,False,False,True,False,55.555815915240146,-64.0,82.0,14.434102224020556,5.4833322787917345,10.609526093749128,40.439998626708984,1.6650776123582791,0.089
1043,MXF,2.0,1.0,R,HIGH,gyrA,90.0,gyrA_A90V,R,0.5555555555555556,A,A90V,51.400000000000006,2.4000000000000004,-0.8600000000000001,28.0,-0.040000000000000036,H,AlphaHelix,-61.829999999999984,-59.75999999999999,47.0,2.0,0.0,False,False,False,False,True,False,55.555815915240146,-64.0,82.0,14.434102224020556,5.4833322787917345,10.609526093749128,40.439998626708984,1.6650776123582791,0.089
1044,MXF,>4,3.0,R,HIGH,gyrA,94.0,gyrA_D94G,R,0.8189233278955954,A,D94G,-50.99999999999999,3.1,-1.2700000000000002,-58.0,3.1999999999999997,H,AlphaHelix,-58.04000000000002,-41.610000000000014,97.4,1.0,1.0,False,False,False,False,True,False,88.1550888450658,63.0,80.0,18.4946885503575,7.838828370247936,14.503317804823576,46.65999984741211,1.7333416145382428,-0.873
1045,MXF,2.0,1.0,R,MEDIUM,gyrA,94.0,gyrA_D94Y,R,0.847457627118644,A,D94Y,82.5,2.2,-2.18,48.099999999999994,2.89,H,AlphaHelix,-58.04000000000002,-41.610000000000014,97.4,1.0,1.0,False,False,False,False,True,False,88.1550888450658,81.0,91.0,18.4946885503575,7.838828370247936,14.503317804823576,46.65999984741211,1.7333416145382428,-0.376
1046,MXF,>4,3.0,R,MEDIUM,gyrA,94.0,gyrA_D94G,R,0.8189233278955954,A,D94G,-50.99999999999999,3.1,-1.2700000000000002,-58.0,3.1999999999999997,H,AlphaHelix,-58.04000000000002,-41.610000000000014,97.4,1.0,1.0,False,False,False,False,True,False,88.1550888450658,63.0,80.0,18.4946885503575,7.838828370247936,14.503317804823576,46.65999984741211,1.7333416145382428,-0.873
1047,MXF,4.0,2.0,R,HIGH,gyrA,94.0,gyrA_D94G,R,0.8189233278955954,A,D94G,-50.99999999999999,3.1,-1.2700000000000002,-58.0,3.1999999999999997,H,AlphaHelix,-58.04000000000002,-41.610000000000014,97.4,1.0,1.0,False,False,False,False,True,False,88.1550888450658,63.0,80.0,18.4946885503575,7.838828370247936,14.503317804823576,46.65999984741211,1.7333416145382428,-0.873
1048,MXF,1.0,0.0,S,HIGH,gyrA,90.0,gyrA_A90V,R,0.5555555555555556,A,A90V,51.400000000000006,2.4000000000000004,-0.8600000000000001,28.0,-0.040000000000000036,H,AlphaHelix,-61.829999999999984,-59.75999999999999,47.0,2.0,0.0,False,False,False,False,True,False,55.555815915240146,-64.0,82.0,14.434102224020556,5.4833322787917345,10.609526093749128,40.439998626708984,1.6650776123582791,0.089
1049,MXF,4.0,2.0,R,HIGH,gyrA,94.0,gyrA_D94A,R,0.5232558139534884,A,D94A,-22.5,5.3,-2.08,-44.0,3.23,H,AlphaHelix,-58.04000000000002,-41.610000000000014,97.4,1.0,1.0,False,False,False,False,True,False,88.1550888450658,46.0,71.0,18.4946885503575,7.838828370247936,14.503317804823576,46.65999984741211,1.7333416145382428,-0.421
1050,MXF,2.0,1.0,R,MEDIUM,gyrA,90.0,gyrA_A90V,R,0.5555555555555556,A,A90V,51.400000000000006,2.4000000000000004,-0.8600000000000001,28.0,-0.040000000000000036,H,AlphaHelix,-61.829999999999984,-59.75999999999999,47.0,2.0,0.0,False,False,False,False,True,False,55.555815915240146,-64.0,82.0,14.434102224020556,5.4833322787917345,10.609526093749128,40.439998626708984,1.6650776123582791,0.089
1051,MXF,>4,3.0,R,HIGH,gyrA,91.0,gyrA_S91P,R,0.676923076923077,A,S91P,23.700000000000003,-0.8,-0.64,10.0,0.6200000000000001,H,AlphaHelix,-67.14999999999998,-27.149999999999977,64.8,1.0,0.0,False,False,False,False,True,False,65.22815545163408,63.0,80.0,13.712390715773491,5.3811257108513875,11.010229056369285,47.63999938964844,1.5284537092505912,-0.125
1052,MXF,0.5,-1.0,S,MEDIUM,gyrB,500.0,gyrB_T500N,S,0.8,B,T500N,-2.0,-2.8,0.32,13.0,-0.1899999999999995,H,AlphaHelix,-57.870000000000005,-37.74000000000001,88.7,1.0,0.0,False,False,False,False,True,False,91.70815715162803,-69.0,82.0,20.980381818326222,18.43322881312501,12.209729764108214,63.970001220703125,1.5446886429143032,0.026
1053,MXF,0.12,-3.06,S,HIGH,gyrB,457.0,gyrB_V457L,S,0.75,B,V457L,26.69999999999999,-0.40000000000000036,-0.15999999999999992,14.099999999999994,0.020000000000000462,E,Strand,-84.48000000000002,110.62,5.5,1.0,1.0,False,False,True,False,False,False,4.051828439596724,-24.0,61.0,14.823035431103666,22.984164761231234,17.10397090010668,47.4900016784668,6.9560192905350995,1.189
1054,MXF,1.0,0.0,S,MEDIUM,gyrA,91.0,gyrA_S91P,R,0.676923076923077,A,S91P,23.700000000000003,-0.8,-0.64,10.0,0.6200000000000001,H,AlphaHelix,-67.14999999999998,-27.149999999999977,64.8,1.0,0.0,False,False,False,False,True,False,65.22815545163408,63.0,80.0,13.712390715773491,5.3811257108513875,11.010229056369285,47.63999938964844,1.5284537092505912,-0.125
1055,MXF,0.12,-3.06,S,HIGH,gyrA,94.0,gyrA_D94G,R,0.8189233278955954,A,D94G,-50.99999999999999,3.1,-1.2700000000000002,-58.0,3.1999999999999997,H,AlphaHelix,-58.04000000000002,-41.610000000000014,97.4,1.0,1.0,False,False,False,False,True,False,88.1550888450658,63.0,80.0,18.4946885503575,7.838828370247936,14.503317804823576,46.65999984741211,1.7333416145382428,-0.873
1056,MXF,0.25,-2.0,S,MEDIUM,gyrA,94.0,gyrA_D94G,R,0.8189233278955954,A,D94G,-50.99999999999999,3.1,-1.2700000000000002,-58.0,3.1999999999999997,H,AlphaHelix,-58.04000000000002,-41.610000000000014,97.4,1.0,1.0,False,False,False,False,True,False,88.1550888450658,63.0,80.0,18.4946885503575,7.838828370247936,14.503317804823576,46.65999984741211,1.7333416145382428,-0.873
1057,MXF,0.25,-2.0,S,MEDIUM,gyrA,154.0,gyrA_P154R,S,1.0,A,P154R,60.7,-2.9,1.31,59.099999999999994,4.46,E,Strand,-63.26999999999998,149.75,74.5,0.0,0.0,False,False,True,False,False,False,79.18597057272785,41.0,71.0,19.118048030681603,27.697803616910868,30.165253260701736,57.20000076293945,1.6282709707753908,-0.523
1058,MXF,0.25,-2.0,S,HIGH,gyrA,189.0,gyrA_I189V,S,1.0,A,I189V,-26.69999999999999,-0.2999999999999998,0.28,-14.099999999999994,-0.05999999999999961,E,Strand,-95.94999999999999,123.29,3.2,1.0,1.0,False,False,True,False,False,False,3.572202098050284,-48.0,72.0,29.141364969318033,24.298731587163076,28.807953054526926,40.88999938964844,4.2557927904474955,-1.573
1059,MXF,>4,3.0,R,HIGH,gyrA,94.0,gyrA_D94N,R,0.8235294117647058,A,D94N,3.0,0.0,-1.9800000000000002,-1.0,2.64,H,AlphaHelix,-58.04000000000002,-41.610000000000014,97.4,1.0,1.0,False,False,False,False,True,False,88.1550888450658,56.0,75.0,18.4946885503575,7.838828370247936,14.503317804823576,46.65999984741211,1.7333416145382428,-0.347
1060,MXF,1.0,0.0,S,HIGH,gyrA,94.0,gyrA_D94G,R,0.8189233278955954,A,D94G,-50.99999999999999,3.1,-1.2700000000000002,-58.0,3.1999999999999997,H,AlphaHelix,-58.04000000000002,-41.610000000000014,97.4,1.0,1.0,False,False,False,False,True,False,88.1550888450658,63.0,80.0,18.4946885503575,7.838828370247936,14.503317804823576,46.65999984741211,1.7333416145382428,-0.873
1061,MXF,0.25,-2.0,S,MEDIUM,gyrA,94.0,gyrA_D94A,R,0.5232558139534884,A,D94A,-22.5,5.3,-2.08,-44.0,3.23,H,AlphaHelix,-58.04000000000002,-41.610000000000014,97.4,1.0,1.0,False,False,False,False,True,False,88.1550888450658,46.0,71.0,18.4946885503575,7.838828370247936,14.503317804823576,46.65999984741211,1.7333416145382428,-0.421
1062,MXF,>4,3.0,R,HIGH,gyrA,94.0,gyrA_D94G,R,0.8189233278955954,A,D94G,-50.99999999999999,3.1,-1.2700000000000002,-58.0,3.1999999999999997,H,AlphaHelix,-58.04000000000002,-41.610000000000014,97.4,1.0,1.0,False,False,False,False,True,False,88.1550888450658,63.0,80.0,18.4946885503575,7.838828370247936,14.503317804823576,46.65999984741211,1.7333416145382428,-0.873
1063,MXF,1.0,0.0,S,HIGH,gyrA,90.0,gyrA_A90V,R,0.5555555555555556,A,A90V,51.400000000000006,2.4000000000000004,-0.8600000000000001,28.0,-0.040000000000000036,H,AlphaHelix,-61.829999999999984,-59.75999999999999,47.0,2.0,0.0,False,False,False,False,True,False,55.555815915240146,-64.0,82.0,14.434102224020556,5.4833322787917345,10.609526093749128,40.439998626708984,1.6650776123582791,0.089
1064,MXF,1.0,0.0,S,HIGH,gyrA,90.0,gyrA_A90V,R,0.5555555555555556,A,A90V,51.400000000000006,2.4000000000000004,-0.8600000000000001,28.0,-0.040000000000000036,H,AlphaHelix,-61.829999999999984,-59.75999999999999,47.0,2.0,0.0,False,False,False,False,True,False,55.555815915240146,-64.0,82.0,14.434102224020556,5.4833322787917345,10.609526093749128,40.439998626708984,1.6650776123582791,0.089
1065,MXF,>4,3.0,R,HIGH,gyrA,94.0,gyrA_D94G,R,0.8189233278955954,A,D94G,-50.99999999999999,3.1,-1.2700000000000002,-58.0,3.1999999999999997,H,AlphaHelix,-58.04000000000002,-41.610000000000014,97.4,1.0,1.0,False,False,False,False,True,False,88.1550888450658,63.0,80.0,18.4946885503575,7.838828370247936,14.503317804823576,46.65999984741211,1.7333416145382428,-0.873
1066,MXF,0.5,-1.0,S,HIGH,gyrA,26.0,gyrA_R26H,S,1.0,A,R26H,-20.200000000000017,1.2999999999999998,0.3700000000000001,-19.0,-3.17,H,AlphaHelix,-64.12,-50.379999999999995,75.0,1.0,1.0,False,False,False,False,True,False,76.87898926249196,-71.0,87.0,17.540975156835795,28.40151442040338,26.417267400045798,65.6500015258789,2.0091621581057915,-1.218
1067,MXF,4.0,2.0,R,MEDIUM,gyrA,94.0,gyrA_D94G,R,0.8189233278955954,A,D94G,-50.99999999999999,3.1,-1.2700000000000002,-58.0,3.1999999999999997,H,AlphaHelix,-58.04000000000002,-41.610000000000014,97.4,1.0,1.0,False,False,False,False,True,False,88.1550888450658,63.0,80.0,18.4946885503575,7.838828370247936,14.503317804823576,46.65999984741211,1.7333416145382428,-0.873
1068,MXF,4.0,2.0,R,HIGH,gyrA,90.0,gyrA_A90V,R,0.5555555555555556,A,A90V,51.400000000000006,2.4000000000000004,-0.8600000000000001,28.0,-0.040000000000000036,H,AlphaHelix,-61.829999999999984,-59.75999999999999,47.0,2.0,0.0,False,False,False,False,True,False,55.555815915240146,-64.0,82.0,14.434102224020556,5.4833322787917345,10.609526093749128,40.439998626708984,1.6650776123582791,0.089
1069,MXF,0.5,-1.0,S,HIGH,gyrA,94.0,gyrA_D94G,R,0.8189233278955954,A,D94G,-50.99999999999999,3.1,-1.2700000000000002,-58.0,3.1999999999999997,H,AlphaHelix,-58.04000000000002,-41.610000000000014,97.4,1.0,1.0,False,False,False,False,True,False,88.1550888450658,63.0,80.0,18.4946885503575,7.838828370247936,14.503317804823576,46.65999984741211,1.7333416145382428,-0.873
1070,MXF,2.0,1.0,R,MEDIUM,gyrA,94.0,gyrA_D94G,R,0.8189233278955954,A,D94G,-50.99999999999999,3.1,-1.2700000000000002,-58.0,3.1999999999999997,H,AlphaHelix,-58.04000000000002,-41.610000000000014,97.4,1.0,1.0,False,False,False,False,True,False,88.1550888450658,63.0,80.0,18.4946885503575,7.838828370247936,14.503317804823576,46.65999984741211,1.7333416145382428,-0.873
1071,MXF,0.25,-2.0,S,HIGH,gyrA,267.0,gyrA_T267I,S,0.9166666666666666,A,T267I,50.599999999999994,5.2,-0.92,12.099999999999994,0.41999999999999993,E,Strand,-110.84,147.57,41.6,1.0,0.0,False,False,True,False,False,False,44.1202990107675,-63.0,82.0,57.41807769187446,43.77226482698894,47.65815783374425,101.37999725341797,1.7631484448394852,-0.037
1072,MXF,>4,3.0,R,MEDIUM,gyrA,94.0,gyrA_D94H,R,0.75,A,D94H,42.099999999999994,0.2999999999999998,-1.04,22.099999999999994,4.82,H,AlphaHelix,-58.04000000000002,-41.610000000000014,97.4,1.0,1.0,False,False,False,False,True,False,88.1550888450658,79.0,85.0,18.4946885503575,7.838828370247936,14.503317804823576,46.65999984741211,1.7333416145382428,-0.36
1073,MXF,2.0,1.0,R,MEDIUM,gyrA,94.0,gyrA_D94G,R,0.8189233278955954,A,D94G,-50.99999999999999,3.1,-1.2700000000000002,-58.0,3.1999999999999997,H,AlphaHelix,-58.04000000000002,-41.610000000000014,97.4,1.0,1.0,False,False,False,False,True,False,88.1550888450658,63.0,80.0,18.4946885503575,7.838828370247936,14.503317804823576,46.65999984741211,1.7333416145382428,-0.873
1074,MXF,0.12,-3.06,S,HIGH,gyrA,94.0,gyrA_D94G,R,0.8189233278955954,A,D94G,-50.99999999999999,3.1,-1.2700000000000002,-58.0,3.1999999999999997,H,AlphaHelix,-58.04000000000002,-41.610000000000014,97.4,1.0,1.0,False,False,False,False,True,False,88.1550888450658,63.0,80.0,18.4946885503575,7.838828370247936,14.503317804823576,46.65999984741211,1.7333416145382428,-0.873
1075,MXF,4.0,2.0,R,HIGH,gyrA,90.0,gyrA_A90V,R,0.5555555555555556,A,A90V,51.400000000000006,2.4000000000000004,-0.8600000000000001,28.0,-0.040000000000000036,H,AlphaHelix,-61.829999999999984,-59.75999999999999,47.0,2.0,0.0,False,False,False,False,True,False,55.555815915240146,-64.0,82.0,14.434102224020556,5.4833322787917345,10.609526093749128,40.439998626708984,1.6650776123582791,0.089
1076,MXF,2.0,1.0,R,MEDIUM,gyrA,94.0,gyrA_D94A,R,0.5232558139534884,A,D94A,-22.5,5.3,-2.08,-44.0,3.23,H,AlphaHelix,-58.04000000000002,-41.610000000000014,97.4,1.0,1.0,False,False,False,False,True,False,88.1550888450658,46.0,71.0,18.4946885503575,7.838828370247936,14.503317804823576,46.65999984741211,1.7333416145382428,-0.421
1077,MXF,2.0,1.0,R,HIGH,gyrA,94.0,gyrA_D94G,R,0.8189233278955954,A,D94G,-50.99999999999999,3.1,-1.2700000000000002,-58.0,3.1999999999999997,H,AlphaHelix,-58.04000000000002,-41.610000000000014,97.4,1.0,1.0,False,False,False,False,True,False,88.1550888450658,63.0,80.0,18.4946885503575,7.838828370247936,14.503317804823576,46.65999984741211,1.7333416145382428,-0.873
1078,MXF,>4,3.0,R,HIGH,gyrA,94.0,gyrA_D94Y,R,0.847457627118644,A,D94Y,82.5,2.2,-2.18,48.099999999999994,2.89,H,AlphaHelix,-58.04000000000002,-41.610000000000014,97.4,1.0,1.0,False,False,False,False,True,False,88.1550888450658,81.0,91.0,18.4946885503575,7.838828370247936,14.503317804823576,46.65999984741211,1.7333416145382428,-0.376
1079,MXF,0.25,-2.0,S,HIGH,gyrA,94.0,gyrA_D94N,R,0.8235294117647058,A,D94N,3.0,0.0,-1.9800000000000002,-1.0,2.64,H,AlphaHelix,-58.04000000000002,-41.610000000000014,97.4,1.0,1.0,False,False,False,False,True,False,88.1550888450658,56.0,75.0,18.4946885503575,7.838828370247936,14.503317804823576,46.65999984741211,1.7333416145382428,-0.347
1080,MXF,0.12,-3.06,S,MEDIUM,gyrB,604.0,gyrB_E604K,S,1.0,B,E604K,30.19999999999999,-0.3999999999999999,0.19999999999999996,-0.9000000000000057,6.52,T,Turn,-101.40999999999997,-72.13999999999999,101.2,0.0,0.0,False,False,False,False,False,True,97.10119911205513,-28.0,61.0,23.84120811200849,33.23361810674728,34.28328851938689,107.1500015258789,1.571605053589951,0.085
1081,MXF,0.12,-3.06,S,HIGH,gyrA,210.0,gyrA_A210V,S,1.0,A,A210V,51.400000000000006,2.4000000000000004,-0.8600000000000001,28.0,-0.040000000000000036,T,Turn,-59.75,137.42,17.3,0.0,1.0,False,False,False,False,False,True,21.890134117638297,-66.0,82.0,47.51815612993418,47.37203483978227,51.81097005918567,69.98999786376953,1.7880208742571901,-0.875
1082,MXF,0.12,-3.06,S,HIGH,gyrA,90.0,gyrA_A90V,R,0.5555555555555556,A,A90V,51.400000000000006,2.4000000000000004,-0.8600000000000001,28.0,-0.040000000000000036,H,AlphaHelix,-61.829999999999984,-59.75999999999999,47.0,2.0,0.0,False,False,False,False,True,False,55.555815915240146,-64.0,82.0,14.434102224020556,5.4833322787917345,10.609526093749128,40.439998626708984,1.6650776123582791,0.089
1083,MXF,1.0,0.0,S,HIGH,gyrA,94.0,gyrA_D94A,R,0.5232558139534884,A,D94A,-22.5,5.3,-2.08,-44.0,3.23,H,AlphaHelix,-58.04000000000002,-41.610000000000014,97.4,1.0,1.0,False,False,False,False,True,False,88.1550888450658,46.0,71.0,18.4946885503575,7.838828370247936,14.503317804823576,46.65999984741211,1.7333416145382428,-0.421
1084,MXF,1.0,0.0,S,MEDIUM,gyrA,94.0,gyrA_D94G,R,0.8189233278955954,A,D94G,-50.99999999999999,3.1,-1.2700000000000002,-58.0,3.1999999999999997,H,AlphaHelix,-58.04000000000002,-41.610000000000014,97.4,1.0,1.0,False,False,False,False,True,False,88.1550888450658,63.0,80.0,18.4946885503575,7.838828370247936,14.503317804823576,46.65999984741211,1.7333416145382428,-0.873
1085,MXF,0.25,-2.0,S,MEDIUM,gyrB,526.0,gyrB_K526N,S,1.0,B,K526N,-54.5,0.3999999999999999,-1.3800000000000001,-14.099999999999994,-4.33,E,Strand,-131.07,113.53,54.1,1.0,0.0,False,False,True,False,False,False,50.172912107654724,45.0,71.0,23.588987139666717,33.32857742888527,27.423925932788926,67.94999694824219,2.157108657991182,-1.419
1086,MXF,>4,3.0,R,HIGH,gyrA,94.0,gyrA_D94G,R,0.8189233278955954,A,D94G,-50.99999999999999,3.1,-1.2700000000000002,-58.0,3.1999999999999997,H,AlphaHelix,-58.04000000000002,-41.610000000000014,97.4,1.0,1.0,False,False,False,False,True,False,88.1550888450658,63.0,80.0,18.4946885503575,7.838828370247936,14.503317804823576,46.65999984741211,1.7333416145382428,-0.873
1087,MXF,<=0.06,-4.06,S,HIGH,gyrA,277.0,gyrA_Q277R,S,1.0,A,Q277R,29.599999999999994,-1.0,0.81,28.0,5.109999999999999,T,Turn,62.25,39.14,116.9,0.0,0.0,False,False,False,False,False,True,119.92243252837673,19.0,59.0,30.618202300420457,19.58535433463837,24.535941737522926,59.40999984741211,1.5502807568387325,-0.231
1088,MXF,1.0,0.0,S,MEDIUM,gyrA,91.0,gyrA_S91P,R,0.676923076923077,A,S91P,23.700000000000003,-0.8,-0.64,10.0,0.6200000000000001,H,AlphaHelix,-67.14999999999998,-27.149999999999977,64.8,1.0,0.0,False,False,False,False,True,False,65.22815545163408,63.0,80.0,13.712390715773491,5.3811257108513875,11.010229056369285,47.63999938964844,1.5284537092505912,-0.125
1089,MXF,4.0,2.0,R,HIGH,gyrA,91.0,gyrA_S91P,R,0.676923076923077,A,S91P,23.700000000000003,-0.8,-0.64,10.0,0.6200000000000001,H,AlphaHelix,-67.14999999999998,-27.149999999999977,64.8,1.0,0.0,False,False,False,False,True,False,65.22815545163408,63.0,80.0,13.712390715773491,5.3811257108513875,11.010229056369285,47.63999938964844,1.5284537092505912,-0.125
1090,MXF,>4,3.0,R,HIGH,gyrB,446.0,gyrB_R446L,R,1.0,B,R446L,-6.700000000000017,8.3,-1.69,-43.0,-4.779999999999999,C,Coil,-102.64999999999998,-28.920000000000016,47.7,0.0,2.0,False,True,False,False,False,False,48.145590821945774,23.0,63.0,29.51837897988494,35.92512580140432,29.680615443555677,77.33999633789062,1.8834134115420547,0.525
1091,MXF,>4,3.0,R,HIGH,gyrA,94.0,gyrA_D94G,R,0.8189233278955954,A,D94G,-50.99999999999999,3.1,-1.2700000000000002,-58.0,3.1999999999999997,H,AlphaHelix,-58.04000000000002,-41.610000000000014,97.4,1.0,1.0,False,False,False,False,True,False,88.1550888450658,63.0,80.0,18.4946885503575,7.838828370247936,14.503317804823576,46.65999984741211,1.7333416145382428,-0.873
1092,MXF,>4,3.0,R,MEDIUM,gyrA,94.0,gyrA_D94G,R,0.8189233278955954,A,D94G,-50.99999999999999,3.1,-1.2700000000000002,-58.0,3.1999999999999997,H,AlphaHelix,-58.04000000000002,-41.610000000000014,97.4,1.0,1.0,False,False,False,False,True,False,88.1550888450658,63.0,80.0,18.4946885503575,7.838828370247936,14.503317804823576,46.65999984741211,1.7333416145382428,-0.873
1093,MXF,0.5,-1.0,S,HIGH,gyrA,91.0,gyrA_S91P,R,0.676923076923077,A,S91P,23.700000000000003,-0.8,-0.64,10.0,0.6200000000000001,H,AlphaHelix,-67.14999999999998,-27.149999999999977,64.8,1.0,0.0,False,False,False,False,True,False,65.22815545163408,63.0,80.0,13.712390715773491,5.3811257108513875,11.010229056369285,47.63999938964844,1.5284537092505912,-0.125
1094,MXF,>4,3.0,R,HIGH,gyrA,94.0,gyrA_D94Y,R,0.847457627118644,A,D94Y,82.5,2.2,-2.18,48.099999999999994,2.89,H,AlphaHelix,-58.04000000000002,-41.610000000000014,97.4,1.0,1.0,False,False,False,False,True,False,88.1550888450658,81.0,91.0,18.4946885503575,7.838828370247936,14.503317804823576,46.65999984741211,1.7333416145382428,-0.376
1095,MXF,>4,3.0,R,HIGH,gyrA,94.0,gyrA_D94H,R,0.75,A,D94H,42.099999999999994,0.2999999999999998,-1.04,22.099999999999994,4.82,H,AlphaHelix,-58.04000000000002,-41.610000000000014,97.4,1.0,1.0,False,False,False,False,True,False,88.1550888450658,79.0,85.0,18.4946885503575,7.838828370247936,14.503317804823576,46.65999984741211,1.7333416145382428,-0.36
1096,MXF,>4,3.0,R,HIGH,gyrA,94.0,gyrA_D94H,R,0.75,A,D94H,42.099999999999994,0.2999999999999998,-1.04,22.099999999999994,4.82,H,AlphaHelix,-58.04000000000002,-41.610000000000014,97.4,1.0,1.0,False,False,False,False,True,False,88.1550888450658,79.0,85.0,18.4946885503575,7.838828370247936,14.503317804823576,46.65999984741211,1.7333416145382428,-0.36
1097,MXF,2.0,1.0,R,HIGH,gyrA,94.0,gyrA_D94A,R,0.5232558139534884,A,D94A,-22.5,5.3,-2.08,-44.0,3.23,H,AlphaHelix,-58.04000000000002,-41.610000000000014,97.4,1.0,1.0,False,False,False,False,True,False,88.1550888450658,46.0,71.0,18.4946885503575,7.838828370247936,14.503317804823576,46.65999984741211,1.7333416145382428,-0.421
1098,MXF,>4,3.0,R,HIGH,gyrB,501.0,gyrB_E501D,R,0.7857142857142857,B,E501D,-27.30000000000001,0.0,0.8,-14.0,-0.4500000000000002,H,AlphaHelix,-71.87,-38.54000000000002,13.6,2.0,0.0,False,False,False,False,True,False,15.369778026626971,78.0,85.0,18.005379610370586,18.103477446299912,11.656371379938307,63.0099983215332,2.23399611625198,-2.507
1099,MXF,0.5,-1.0,S,MEDIUM,gyrA,412.0,gyrA_E412A,S,1.0,A,E412A,-49.80000000000001,5.3,-1.28,-58.0,2.78,T,Turn,-68.75999999999999,-33.97000000000003,152.5,0.0,0.0,False,False,False,False,False,True,136.65084727314985,-90.0,93.0,60.55706545867499,67.3741496457233,70.306525246489,149.7100067138672,1.562703835000894,-0.178
1100,MXF,>4,3.0,R,HIGH,gyrA,94.0,gyrA_D94G,R,0.8189233278955954,A,D94G,-50.99999999999999,3.1,-1.2700000000000002,-58.0,3.1999999999999997,H,AlphaHelix,-58.04000000000002,-41.610000000000014,97.4,1.0,1.0,False,False,False,False,True,False,88.1550888450658,63.0,80.0,18.4946885503575,7.838828370247936,14.503317804823576,46.65999984741211,1.7333416145382428,-0.873
1101,MXF,<=0.06,-4.06,S,HIGH,gyrA,90.0,gyrA_A90V,R,0.5555555555555556,A,A90V,51.400000000000006,2.4000000000000004,-0.8600000000000001,28.0,-0.040000000000000036,H,AlphaHelix,-61.829999999999984,-59.75999999999999,47.0,2.0,0.0,False,False,False,False,True,False,55.555815915240146,-64.0,82.0,14.434102224020556,5.4833322787917345,10.609526093749128,40.439998626708984,1.6650776123582791,0.089
1102,MXF,0.25,-2.0,S,HIGH,gyrA,415.0,gyrA_D415N,S,1.0,A,D415N,3.0,0.0,-1.9800000000000002,-1.0,2.64,H,AlphaHelix,-70.63999999999999,-40.110000000000014,80.1,1.0,0.0,False,False,False,False,True,False,71.26121063195744,-67.0,82.0,54.63490080811331,61.79665503759008,64.83757048262274,125.5,1.7078075659260559,-0.317
1103,MXF,4.0,2.0,R,HIGH,gyrA,90.0,gyrA_A90V,R,0.5555555555555556,A,A90V,51.400000000000006,2.4000000000000004,-0.8600000000000001,28.0,-0.040000000000000036,H,AlphaHelix,-61.829999999999984,-59.75999999999999,47.0,2.0,0.0,False,False,False,False,True,False,55.555815915240146,-64.0,82.0,14.434102224020556,5.4833322787917345,10.609526093749128,40.439998626708984,1.6650776123582791,0.089
1104,MXF,0.25,-2.0,S,HIGH,gyrB,499.0,gyrB_N499S,S,1.0,B,N499S,-25.099999999999994,2.7,-0.09999999999999998,-27.0,0.2699999999999996,C,Coil,-66.65999999999997,120.5,43.0,2.0,2.0,False,True,False,False,False,False,40.44476788590575,-33.0,66.0,21.727521249200905,18.74934841945492,13.214297718613494,62.86000061035156,2.0305274785868135,-0.746
1105,MXF,2.0,1.0,R,HIGH,gyrA,90.0,gyrA_A90V,R,0.5555555555555556,A,A90V,51.400000000000006,2.4000000000000004,-0.8600000000000001,28.0,-0.040000000000000036,H,AlphaHelix,-61.829999999999984,-59.75999999999999,47.0,2.0,0.0,False,False,False,False,True,False,55.555815915240146,-64.0,82.0,14.434102224020556,5.4833322787917345,10.609526093749128,40.439998626708984,1.6650776123582791,0.089
1106,MXF,>4,3.0,R,MEDIUM,gyrA,94.0,gyrA_D94H,R,0.75,A,D94H,42.099999999999994,0.2999999999999998,-1.04,22.099999999999994,4.82,H,AlphaHelix,-58.04000000000002,-41.610000000000014,97.4,1.0,1.0,False,False,False,False,True,False,88.1550888450658,79.0,85.0,18.4946885503575,7.838828370247936,14.503317804823576,46.65999984741211,1.7333416145382428,-0.36
1107,MXF,0.25,-2.0,S,MEDIUM,gyrA,466.0,gyrA_E466A,S,1.0,A,E466A,-49.80000000000001,5.3,-1.28,-58.0,2.78,H,AlphaHelix,-58.170000000000016,-38.50999999999999,110.1,2.0,1.0,False,False,False,False,True,False,95.00349445805136,-44.0,72.0,48.70823054404726,51.693466386667474,56.54684565414943,79.5199966430664,1.8309903150745872,-0.352
1108,MXF,2.0,1.0,R,MEDIUM,gyrA,90.0,gyrA_A90V,R,0.5555555555555556,A,A90V,51.400000000000006,2.4000000000000004,-0.8600000000000001,28.0,-0.040000000000000036,H,AlphaHelix,-61.829999999999984,-59.75999999999999,47.0,2.0,0.0,False,False,False,False,True,False,55.555815915240146,-64.0,82.0,14.434102224020556,5.4833322787917345,10.609526093749128,40.439998626708984,1.6650776123582791,0.089
1109,MXF,>4,3.0,R,MEDIUM,gyrA,94.0,gyrA_D94G,R,0.8189233278955954,A,D94G,-50.99999999999999,3.1,-1.2700000000000002,-58.0,3.1999999999999997,H,AlphaHelix,-58.04000000000002,-41.610000000000014,97.4,1.0,1.0,False,False,False,False,True,False,88.1550888450658,63.0,80.0,18.4946885503575,7.838828370247936,14.503317804823576,46.65999984741211,1.7333416145382428,-0.873
1110,MXF,0.25,-2.0,S,HIGH,gyrB,508.0,gyrB_A508V,S,1.0,B,A508V,51.400000000000006,2.4000000000000004,-0.8600000000000001,28.0,-0.040000000000000036,H,AlphaHelix,-70.34000000000003,-39.19,0.0,0.0,2.0,False,False,False,False,True,False,0.0,75.0,85.0,24.042584191251493,27.812470125084396,21.112484962008903,65.5199966430664,4.40824307999007,-1.502
1111,MXF,>4,3.0,R,HIGH,gyrA,94.0,gyrA_D94G,R,0.8189233278955954,A,D94G,-50.99999999999999,3.1,-1.2700000000000002,-58.0,3.1999999999999997,H,AlphaHelix,-58.04000000000002,-41.610000000000014,97.4,1.0,1.0,False,False,False,False,True,False,88.1550888450658,63.0,80.0,18.4946885503575,7.838828370247936,14.503317804823576,46.65999984741211,1.7333416145382428,-0.873
1112,MXF,0.5,-1.0,S,MEDIUM,gyrA,94.0,gyrA_D94G,R,0.8189233278955954,A,D94G,-50.99999999999999,3.1,-1.2700000000000002,-58.0,3.1999999999999997,H,AlphaHelix,-58.04000000000002,-41.610000000000014,97.4,1.0,1.0,False,False,False,False,True,False,88.1550888450658,63.0,80.0,18.4946885503575,7.838828370247936,14.503317804823576,46.65999984741211,1.7333416145382428,-0.873
1113,MXF,>4,3.0,R,MEDIUM,gyrA,94.0,gyrA_D94Y,R,0.847457627118644,A,D94Y,82.5,2.2,-2.18,48.099999999999994,2.89,H,AlphaHelix,-58.04000000000002,-41.610000000000014,97.4,1.0,1.0,False,False,False,False,True,False,88.1550888450658,81.0,91.0,18.4946885503575,7.838828370247936,14.503317804823576,46.65999984741211,1.7333416145382428,-0.376
1114,MXF,>4,3.0,R,HIGH,gyrA,94.0,gyrA_D94N,R,0.8235294117647058,A,D94N,3.0,0.0,-1.9800000000000002,-1.0,2.64,H,AlphaHelix,-58.04000000000002,-41.610000000000014,97.4,1.0,1.0,False,False,False,False,True,False,88.1550888450658,56.0,75.0,18.4946885503575,7.838828370247936,14.503317804823576,46.65999984741211,1.7333416145382428,-0.347
1115,MXF,2.0,1.0,R,HIGH,gyrA,90.0,gyrA_A90V,R,0.5555555555555556,A,A90V,51.400000000000006,2.4000000000000004,-0.8600000000000001,28.0,-0.040000000000000036,H,AlphaHelix,-61.829999999999984,-59.75999999999999,47.0,2.0,0.0,False,False,False,False,True,False,55.555815915240146,-64.0,82.0,14.434102224020556,5.4833322787917345,10.609526093749128,40.439998626708984,1.6650776123582791,0.089
1116,MXF,>4,3.0,R,HIGH,gyrA,94.0,gyrA_D94G,R,0.8189233278955954,A,D94G,-50.99999999999999,3.1,-1.2700000000000002,-58.0,3.1999999999999997,H,AlphaHelix,-58.04000000000002,-41.610000000000014,97.4,1.0,1.0,False,False,False,False,True,False,88.1550888450658,63.0,80.0,18.4946885503575,7.838828370247936,14.503317804823576,46.65999984741211,1.7333416145382428,-0.873
1117,MXF,0.12,-3.06,S,MEDIUM,gyrB,526.0,gyrB_K526Q,S,1.0,B,K526Q,-24.799999999999983,0.3999999999999999,-1.62,0.0,-4.09,E,Strand,-131.07,113.53,54.1,1.0,0.0,False,False,True,False,False,False,50.172912107654724,47.0,71.0,23.588987139666717,33.32857742888527,27.423925932788926,67.94999694824219,2.157108657991182,-0.445
1118,MXF,4.0,2.0,R,HIGH,gyrA,94.0,gyrA_D94G,R,0.8189233278955954,A,D94G,-50.99999999999999,3.1,-1.2700000000000002,-58.0,3.1999999999999997,H,AlphaHelix,-58.04000000000002,-41.610000000000014,97.4,1.0,1.0,False,False,False,False,True,False,88.1550888450658,63.0,80.0,18.4946885503575,7.838828370247936,14.503317804823576,46.65999984741211,1.7333416145382428,-0.873
1119,MXF,2.0,1.0,R,MEDIUM,gyrA,91.0,gyrA_S91P,R,0.676923076923077,A,S91P,23.700000000000003,-0.8,-0.64,10.0,0.6200000000000001,H,AlphaHelix,-67.14999999999998,-27.149999999999977,64.8,1.0,0.0,False,False,False,False,True,False,65.22815545163408,63.0,80.0,13.712390715773491,5.3811257108513875,11.010229056369285,47.63999938964844,1.5284537092505912,-0.125
1120,MXF,1.0,0.0,S,HIGH,gyrA,90.0,gyrA_A90V,R,0.5555555555555556,A,A90V,51.400000000000006,2.4000000000000004,-0.8600000000000001,28.0,-0.040000000000000036,H,AlphaHelix,-61.829999999999984,-59.75999999999999,47.0,2.0,0.0,False,False,False,False,True,False,55.555815915240146,-64.0,82.0,14.434102224020556,5.4833322787917345,10.609526093749128,40.439998626708984,1.6650776123582791,0.089
1121,MXF,0.5,-1.0,S,MEDIUM,gyrA,94.0,gyrA_D94G,R,0.8189233278955954,A,D94G,-50.99999999999999,3.1,-1.2700000000000002,-58.0,3.1999999999999997,H,AlphaHelix,-58.04000000000002,-41.610000000000014,97.4,1.0,1.0,False,False,False,False,True,False,88.1550888450658,63.0,80.0,18.4946885503575,7.838828370247936,14.503317804823576,46.65999984741211,1.7333416145382428,-0.873
1122,MXF,1.0,0.0,S,MEDIUM,gyrA,90.0,gyrA_A90V,R,0.5555555555555556,A,A90V,51.400000000000006,2.4000000000000004,-0.8600000000000001,28.0,-0.040000000000000036,H,AlphaHelix,-61.829999999999984,-59.75999999999999,47.0,2.0,0.0,False,False,False,False,True,False,55.555815915240146,-64.0,82.0,14.434102224020556,5.4833322787917345,10.609526093749128,40.439998626708984,1.6650776123582791,0.089
1123,MXF,>4,3.0,R,MEDIUM,gyrA,94.0,gyrA_D94N,R,0.8235294117647058,A,D94N,3.0,0.0,-1.9800000000000002,-1.0,2.64,H,AlphaHelix,-58.04000000000002,-41.610000000000014,97.4,1.0,1.0,False,False,False,False,True,False,88.1550888450658,56.0,75.0,18.4946885503575,7.838828370247936,14.503317804823576,46.65999984741211,1.7333416145382428,-0.347
1124,MXF,0.5,-1.0,S,HIGH,gyrA,319.0,gyrA_K319E,S,1.0,A,K319E,-30.19999999999999,0.3999999999999999,-0.19999999999999996,0.9000000000000057,-6.52,T,Turn,-65.74000000000001,160.42,94.3,1.0,1.0,False,False,False,False,False,True,95.1545785165288,68.0,80.0,57.25612581269454,43.761195790950765,46.6633323424031,94.86000061035156,1.7456780647078958,-0.754
1125,MXF,2.0,1.0,R,MEDIUM,gyrA,94.0,gyrA_D94G,R,0.8189233278955954,A,D94G,-50.99999999999999,3.1,-1.2700000000000002,-58.0,3.1999999999999997,H,AlphaHelix,-58.04000000000002,-41.610000000000014,97.4,1.0,1.0,False,False,False,False,True,False,88.1550888450658,63.0,80.0,18.4946885503575,7.838828370247936,14.503317804823576,46.65999984741211,1.7333416145382428,-0.873
1126,MXF,4.0,2.0,R,HIGH,gyrA,90.0,gyrA_A90V,R,0.5555555555555556,A,A90V,51.400000000000006,2.4000000000000004,-0.8600000000000001,28.0,-0.040000000000000036,H,AlphaHelix,-61.829999999999984,-59.75999999999999,47.0,2.0,0.0,False,False,False,False,True,False,55.555815915240146,-64.0,82.0,14.434102224020556,5.4833322787917345,10.609526093749128,40.439998626708984,1.6650776123582791,0.089
1127,MXF,4.0,2.0,R,HIGH,gyrA,90.0,gyrA_A90V,R,0.5555555555555556,A,A90V,51.400000000000006,2.4000000000000004,-0.8600000000000001,28.0,-0.040000000000000036,H,AlphaHelix,-61.829999999999984,-59.75999999999999,47.0,2.0,0.0,False,False,False,False,True,False,55.555815915240146,-64.0,82.0,14.434102224020556,5.4833322787917345,10.609526093749128,40.439998626708984,1.6650776123582791,0.089
1128,MXF,4.0,2.0,R,MEDIUM,gyrA,94.0,gyrA_D94N,R,0.8235294117647058,A,D94N,3.0,0.0,-1.9800000000000002,-1.0,2.64,H,AlphaHelix,-58.04000000000002,-41.610000000000014,97.4,1.0,1.0,False,False,False,False,True,False,88.1550888450658,56.0,75.0,18.4946885503575,7.838828370247936,14.503317804823576,46.65999984741211,1.7333416145382428,-0.347
1129,MXF,0.25,-2.0,S,HIGH,gyrA,288.0,gyrA_A288V,S,1.0,A,A288V,51.400000000000006,2.4000000000000004,-0.8600000000000001,28.0,-0.040000000000000036,H,AlphaHelix,-55.73000000000002,-52.079999999999984,11.3,2.0,1.0,False,False,False,False,True,False,11.676533963816869,-66.0,82.0,42.918834465722156,29.384776103472706,31.706489039944646,85.9800033569336,1.9848467404953554,-0.718
1130,MXF,0.5,-1.0,S,MEDIUM,gyrA,94.0,gyrA_D94G,R,0.8189233278955954,A,D94G,-50.99999999999999,3.1,-1.2700000000000002,-58.0,3.1999999999999997,H,AlphaHelix,-58.04000000000002,-41.610000000000014,97.4,1.0,1.0,False,False,False,False,True,False,88.1550888450658,63.0,80.0,18.4946885503575,7.838828370247936,14.503317804823576,46.65999984741211,1.7333416145382428,-0.873
1131,MXF,0.12,-3.06,S,HIGH,gyrA,193.0,gyrA_N193S,S,1.0,A,N193S,-25.099999999999994,2.7,-0.09999999999999998,-27.0,0.2699999999999996,C,Coil,-78.75,123.63,5.4,2.0,0.0,False,True,False,False,False,False,3.9785882839510753,-22.0,61.0,38.56834762344578,31.614916234348744,37.544471341104654,50.119998931884766,3.1142630176941593,-1.229
1132,MXF,,,,MEDIUM,gyrA,277.0,gyrA_Q277R,S,1.0,A,Q277R,29.599999999999994,-1.0,0.81,28.0,5.109999999999999,T,Turn,62.25,39.14,116.9,0.0,0.0,False,False,False,False,False,True,119.92243252837673,19.0,59.0,30.618202300420457,19.58535433463837,24.535941737522926,59.40999984741211,1.5502807568387325,-0.231
1133,MXF,4.0,2.0,R,HIGH,gyrA,90.0,gyrA_A90V,R,0.5555555555555556,A,A90V,51.400000000000006,2.4000000000000004,-0.8600000000000001,28.0,-0.040000000000000036,H,AlphaHelix,-61.829999999999984,-59.75999999999999,47.0,2.0,0.0,False,False,False,False,True,False,55.555815915240146,-64.0,82.0,14.434102224020556,5.4833322787917345,10.609526093749128,40.439998626708984,1.6650776123582791,0.089
1134,MXF,0.12,-3.06,S,MEDIUM,gyrA,90.0,gyrA_A90V,R,0.5555555555555556,A,A90V,51.400000000000006,2.4000000000000004,-0.8600000000000001,28.0,-0.040000000000000036,H,AlphaHelix,-61.829999999999984,-59.75999999999999,47.0,2.0,0.0,False,False,False,False,True,False,55.555815915240146,-64.0,82.0,14.434102224020556,5.4833322787917345,10.609526093749128,40.439998626708984,1.6650776123582791,0.089
1135,MXF,>4,3.0,R,HIGH,gyrA,94.0,gyrA_D94G,R,0.8189233278955954,A,D94G,-50.99999999999999,3.1,-1.2700000000000002,-58.0,3.1999999999999997,H,AlphaHelix,-58.04000000000002,-41.610000000000014,97.4,1.0,1.0,False,False,False,False,True,False,88.1550888450658,63.0,80.0,18.4946885503575,7.838828370247936,14.503317804823576,46.65999984741211,1.7333416145382428,-0.873
1136,MXF,4.0,2.0,R,HIGH,gyrA,94.0,gyrA_D94G,R,0.8189233278955954,A,D94G,-50.99999999999999,3.1,-1.2700000000000002,-58.0,3.1999999999999997,H,AlphaHelix,-58.04000000000002,-41.610000000000014,97.4,1.0,1.0,False,False,False,False,True,False,88.1550888450658,63.0,80.0,18.4946885503575,7.838828370247936,14.503317804823576,46.65999984741211,1.7333416145382428,-0.873
1137,MXF,0.5,-1.0,S,HIGH,gyrA,91.0,gyrA_S91P,R,0.676923076923077,A,S91P,23.700000000000003,-0.8,-0.64,10.0,0.6200000000000001,H,AlphaHelix,-67.14999999999998,-27.149999999999977,64.8,1.0,0.0,False,False,False,False,True,False,65.22815545163408,63.0,80.0,13.712390715773491,5.3811257108513875,11.010229056369285,47.63999938964844,1.5284537092505912,-0.125
1138,MXF,1.0,0.0,S,HIGH,gyrA,90.0,gyrA_A90V,R,0.5555555555555556,A,A90V,51.400000000000006,2.4000000000000004,-0.8600000000000001,28.0,-0.040000000000000036,H,AlphaHelix,-61.829999999999984,-59.75999999999999,47.0,2.0,0.0,False,False,False,False,True,False,55.555815915240146,-64.0,82.0,14.434102224020556,5.4833322787917345,10.609526093749128,40.439998626708984,1.6650776123582791,0.089
1139,MXF,4.0,2.0,R,MEDIUM,gyrA,91.0,gyrA_S91P,R,0.676923076923077,A,S91P,23.700000000000003,-0.8,-0.64,10.0,0.6200000000000001,H,AlphaHelix,-67.14999999999998,-27.149999999999977,64.8,1.0,0.0,False,False,False,False,True,False,65.22815545163408,63.0,80.0,13.712390715773491,5.3811257108513875,11.010229056369285,47.63999938964844,1.5284537092505912,-0.125
1140,MXF,>4,3.0,R,HIGH,gyrA,94.0,gyrA_D94G,R,0.8189233278955954,A,D94G,-50.99999999999999,3.1,-1.2700000000000002,-58.0,3.1999999999999997,H,AlphaHelix,-58.04000000000002,-41.610000000000014,97.4,1.0,1.0,False,False,False,False,True,False,88.1550888450658,63.0,80.0,18.4946885503575,7.838828370247936,14.503317804823576,46.65999984741211,1.7333416145382428,-0.873
1141,MXF,>4,3.0,R,MEDIUM,gyrA,94.0,gyrA_D94Y,R,0.847457627118644,A,D94Y,82.5,2.2,-2.18,48.099999999999994,2.89,H,AlphaHelix,-58.04000000000002,-41.610000000000014,97.4,1.0,1.0,False,False,False,False,True,False,88.1550888450658,81.0,91.0,18.4946885503575,7.838828370247936,14.503317804823576,46.65999984741211,1.7333416145382428,-0.376
1142,MXF,0.5,-1.0,S,HIGH,gyrA,94.0,gyrA_D94H,R,0.75,A,D94H,42.099999999999994,0.2999999999999998,-1.04,22.099999999999994,4.82,H,AlphaHelix,-58.04000000000002,-41.610000000000014,97.4,1.0,1.0,False,False,False,False,True,False,88.1550888450658,79.0,85.0,18.4946885503575,7.838828370247936,14.503317804823576,46.65999984741211,1.7333416145382428,-0.36
1143,MXF,1.0,0.0,S,HIGH,gyrB,461.0,gyrB_D461N,S,0.8888888888888888,B,D461N,3.0,0.0,-1.9800000000000002,-1.0,2.64,H,AlphaHelix,-71.88999999999999,-39.93000000000001,81.7,1.0,0.0,False,False,False,False,True,False,75.64790414237022,36.0,66.0,11.848330371804606,15.309593699828135,10.195622879537305,64.79000091552734,1.5661131135005826,-0.266
1144,MXF,4.0,2.0,R,MEDIUM,gyrA,94.0,gyrA_D94G,R,0.8189233278955954,A,D94G,-50.99999999999999,3.1,-1.2700000000000002,-58.0,3.1999999999999997,H,AlphaHelix,-58.04000000000002,-41.610000000000014,97.4,1.0,1.0,False,False,False,False,True,False,88.1550888450658,63.0,80.0,18.4946885503575,7.838828370247936,14.503317804823576,46.65999984741211,1.7333416145382428,-0.873
1145,MXF,4.0,2.0,R,HIGH,gyrA,94.0,gyrA_D94G,R,0.8189233278955954,A,D94G,-50.99999999999999,3.1,-1.2700000000000002,-58.0,3.1999999999999997,H,AlphaHelix,-58.04000000000002,-41.610000000000014,97.4,1.0,1.0,False,False,False,False,True,False,88.1550888450658,63.0,80.0,18.4946885503575,7.838828370247936,14.503317804823576,46.65999984741211,1.7333416145382428,-0.873
1146,MXF,>4,3.0,R,MEDIUM,gyrA,94.0,gyrA_D94G,R,0.8189233278955954,A,D94G,-50.99999999999999,3.1,-1.2700000000000002,-58.0,3.1999999999999997,H,AlphaHelix,-58.04000000000002,-41.610000000000014,97.4,1.0,1.0,False,False,False,False,True,False,88.1550888450658,63.0,80.0,18.4946885503575,7.838828370247936,14.503317804823576,46.65999984741211,1.7333416145382428,-0.873
1147,MXF,0.12,-3.06,S,HIGH,gyrA,90.0,gyrA_A90V,R,0.5555555555555556,A,A90V,51.400000000000006,2.4000000000000004,-0.8600000000000001,28.0,-0.040000000000000036,H,AlphaHelix,-61.829999999999984,-59.75999999999999,47.0,2.0,0.0,False,False,False,False,True,False,55.555815915240146,-64.0,82.0,14.434102224020556,5.4833322787917345,10.609526093749128,40.439998626708984,1.6650776123582791,0.089
1148,MXF,1.0,0.0,S,HIGH,gyrB,499.0,gyrB_N499T,S,0.6666666666666666,B,N499T,2.0,2.8,-0.32,-13.0,0.1899999999999995,C,Coil,-66.65999999999997,120.5,43.0,2.0,2.0,False,True,False,False,False,False,40.44476788590575,15.0,59.0,21.727521249200905,18.74934841945492,13.214297718613494,62.86000061035156,2.0305274785868135,-1.227
1149,MXF,>4,3.0,R,HIGH,gyrA,94.0,gyrA_D94G,R,0.8189233278955954,A,D94G,-50.99999999999999,3.1,-1.2700000000000002,-58.0,3.1999999999999997,H,AlphaHelix,-58.04000000000002,-41.610000000000014,97.4,1.0,1.0,False,False,False,False,True,False,88.1550888450658,63.0,80.0,18.4946885503575,7.838828370247936,14.503317804823576,46.65999984741211,1.7333416145382428,-0.873
1150,MXF,>4,3.0,R,HIGH,gyrA,89.0,gyrA_D89N,R,0.7142857142857143,A,D89N,3.0,0.0,-1.9800000000000002,-1.0,2.64,H,AlphaHelix,-67.79000000000002,-35.15999999999997,27.1,1.0,0.0,False,False,False,False,True,False,24.84916086555452,54.0,75.0,13.15472132034126,8.939840896240382,12.899553368087723,49.52000045776367,2.2988834846000192,-0.812
1151,MXF,>4,3.0,R,HIGH,gyrA,94.0,gyrA_D94G,R,0.8189233278955954,A,D94G,-50.99999999999999,3.1,-1.2700000000000002,-58.0,3.1999999999999997,H,AlphaHelix,-58.04000000000002,-41.610000000000014,97.4,1.0,1.0,False,False,False,False,True,False,88.1550888450658,63.0,80.0,18.4946885503575,7.838828370247936,14.503317804823576,46.65999984741211,1.7333416145382428,-0.873
1152,MXF,<=0.06,-4.06,S,HIGH,gyrA,89.0,gyrA_D89N,R,0.7142857142857143,A,D89N,3.0,0.0,-1.9800000000000002,-1.0,2.64,H,AlphaHelix,-67.79000000000002,-35.15999999999997,27.1,1.0,0.0,False,False,False,False,True,False,24.84916086555452,54.0,75.0,13.15472132034126,8.939840896240382,12.899553368087723,49.52000045776367,2.2988834846000192,-0.812
1153,MXF,0.25,-2.0,S,HIGH,gyrA,193.0,gyrA_N193S,S,1.0,A,N193S,-25.099999999999994,2.7,-0.09999999999999998,-27.0,0.2699999999999996,C,Coil,-78.75,123.63,5.4,2.0,0.0,False,True,False,False,False,False,3.9785882839510753,-22.0,61.0,38.56834762344578,31.614916234348744,37.544471341104654,50.119998931884766,3.1142630176941593,-1.229
1154,MXF,<=0.06,-4.06,S,MEDIUM,gyrA,94.0,gyrA_D94G,R,0.8189233278955954,A,D94G,-50.99999999999999,3.1,-1.2700000000000002,-58.0,3.1999999999999997,H,AlphaHelix,-58.04000000000002,-41.610000000000014,97.4,1.0,1.0,False,False,False,False,True,False,88.1550888450658,63.0,80.0,18.4946885503575,7.838828370247936,14.503317804823576,46.65999984741211,1.7333416145382428,-0.873
1155,MXF,4.0,2.0,R,HIGH,gyrA,94.0,gyrA_D94N,R,0.8235294117647058,A,D94N,3.0,0.0,-1.9800000000000002,-1.0,2.64,H,AlphaHelix,-58.04000000000002,-41.610000000000014,97.4,1.0,1.0,False,False,False,False,True,False,88.1550888450658,56.0,75.0,18.4946885503575,7.838828370247936,14.503317804823576,46.65999984741211,1.7333416145382428,-0.347
1156,MXF,0.25,-2.0,S,MEDIUM,gyrA,94.0,gyrA_D94G,R,0.8189233278955954,A,D94G,-50.99999999999999,3.1,-1.2700000000000002,-58.0,3.1999999999999997,H,AlphaHelix,-58.04000000000002,-41.610000000000014,97.4,1.0,1.0,False,False,False,False,True,False,88.1550888450658,63.0,80.0,18.4946885503575,7.838828370247936,14.503317804823576,46.65999984741211,1.7333416145382428,-0.873
1157,MXF,4.0,2.0,R,MEDIUM,gyrA,94.0,gyrA_D94G,R,0.8189233278955954,A,D94G,-50.99999999999999,3.1,-1.2700000000000002,-58.0,3.1999999999999997,H,AlphaHelix,-58.04000000000002,-41.610000000000014,97.4,1.0,1.0,False,False,False,False,True,False,88.1550888450658,63.0,80.0,18.4946885503575,7.838828370247936,14.503317804823576,46.65999984741211,1.7333416145382428,-0.873
1158,MXF,>4,3.0,R,HIGH,gyrA,94.0,gyrA_D94G,R,0.8189233278955954,A,D94G,-50.99999999999999,3.1,-1.2700000000000002,-58.0,3.1999999999999997,H,AlphaHelix,-58.04000000000002,-41.610000000000014,97.4,1.0,1.0,False,False,False,False,True,False,88.1550888450658,63.0,80.0,18.4946885503575,7.838828370247936,14.503317804823576,46.65999984741211,1.7333416145382428,-0.873
1159,MXF,2.0,1.0,R,HIGH,gyrA,94.0,gyrA_D94G,R,0.8189233278955954,A,D94G,-50.99999999999999,3.1,-1.2700000000000002,-58.0,3.1999999999999997,H,AlphaHelix,-58.04000000000002,-41.610000000000014,97.4,1.0,1.0,False,False,False,False,True,False,88.1550888450658,63.0,80.0,18.4946885503575,7.838828370247936,14.503317804823576,46.65999984741211,1.7333416145382428,-0.873
1160,MXF,2.0,1.0,R,HIGH,gyrA,90.0,gyrA_A90V,R,0.5555555555555556,A,A90V,51.400000000000006,2.4000000000000004,-0.8600000000000001,28.0,-0.040000000000000036,H,AlphaHelix,-61.829999999999984,-59.75999999999999,47.0,2.0,0.0,False,False,False,False,True,False,55.555815915240146,-64.0,82.0,14.434102224020556,5.4833322787917345,10.609526093749128,40.439998626708984,1.6650776123582791,0.089
1161,MXF,1.0,0.0,S,MEDIUM,gyrA,90.0,gyrA_A90V,R,0.5555555555555556,A,A90V,51.400000000000006,2.4000000000000004,-0.8600000000000001,28.0,-0.040000000000000036,H,AlphaHelix,-61.829999999999984,-59.75999999999999,47.0,2.0,0.0,False,False,False,False,True,False,55.555815915240146,-64.0,82.0,14.434102224020556,5.4833322787917345,10.609526093749128,40.439998626708984,1.6650776123582791,0.089
1162,MXF,4.0,2.0,R,HIGH,gyrA,94.0,gyrA_D94G,R,0.8189233278955954,A,D94G,-50.99999999999999,3.1,-1.2700000000000002,-58.0,3.1999999999999997,H,AlphaHelix,-58.04000000000002,-41.610000000000014,97.4,1.0,1.0,False,False,False,False,True,False,88.1550888450658,63.0,80.0,18.4946885503575,7.838828370247936,14.503317804823576,46.65999984741211,1.7333416145382428,-0.873
1163,MXF,1.0,0.0,S,HIGH,gyrA,90.0,gyrA_A90V,R,0.5555555555555556,A,A90V,51.400000000000006,2.4000000000000004,-0.8600000000000001,28.0,-0.040000000000000036,H,AlphaHelix,-61.829999999999984,-59.75999999999999,47.0,2.0,0.0,False,False,False,False,True,False,55.555815915240146,-64.0,82.0,14.434102224020556,5.4833322787917345,10.609526093749128,40.439998626708984,1.6650776123582791,0.089
1164,MXF,>4,3.0,R,HIGH,gyrA,94.0,gyrA_D94G,R,0.8189233278955954,A,D94G,-50.99999999999999,3.1,-1.2700000000000002,-58.0,3.1999999999999997,H,AlphaHelix,-58.04000000000002,-41.610000000000014,97.4,1.0,1.0,False,False,False,False,True,False,88.1550888450658,63.0,80.0,18.4946885503575,7.838828370247936,14.503317804823576,46.65999984741211,1.7333416145382428,-0.873
1165,MXF,0.12,-3.06,S,HIGH,gyrA,90.0,gyrA_A90V,R,0.5555555555555556,A,A90V,51.400000000000006,2.4000000000000004,-0.8600000000000001,28.0,-0.040000000000000036,H,AlphaHelix,-61.829999999999984,-59.75999999999999,47.0,2.0,0.0,False,False,False,False,True,False,55.555815915240146,-64.0,82.0,14.434102224020556,5.4833322787917345,10.609526093749128,40.439998626708984,1.6650776123582791,0.089
1166,MXF,4.0,2.0,R,HIGH,gyrA,90.0,gyrA_A90V,R,0.5555555555555556,A,A90V,51.400000000000006,2.4000000000000004,-0.8600000000000001,28.0,-0.040000000000000036,H,AlphaHelix,-61.829999999999984,-59.75999999999999,47.0,2.0,0.0,False,False,False,False,True,False,55.555815915240146,-64.0,82.0,14.434102224020556,5.4833322787917345,10.609526093749128,40.439998626708984,1.6650776123582791,0.089
1167,MXF,>4,3.0,R,HIGH,gyrA,94.0,gyrA_D94G,R,0.8189233278955954,A,D94G,-50.99999999999999,3.1,-1.2700000000000002,-58.0,3.1999999999999997,H,AlphaHelix,-58.04000000000002,-41.610000000000014,97.4,1.0,1.0,False,False,False,False,True,False,88.1550888450658,63.0,80.0,18.4946885503575,7.838828370247936,14.503317804823576,46.65999984741211,1.7333416145382428,-0.873
1168,MXF,>4,3.0,R,HIGH,gyrA,94.0,gyrA_D94G,R,0.8189233278955954,A,D94G,-50.99999999999999,3.1,-1.2700000000000002,-58.0,3.1999999999999997,H,AlphaHelix,-58.04000000000002,-41.610000000000014,97.4,1.0,1.0,False,False,False,False,True,False,88.1550888450658,63.0,80.0,18.4946885503575,7.838828370247936,14.503317804823576,46.65999984741211,1.7333416145382428,-0.873
1169,MXF,>4,3.0,R,HIGH,gyrA,94.0,gyrA_D94G,R,0.8189233278955954,A,D94G,-50.99999999999999,3.1,-1.2700000000000002,-58.0,3.1999999999999997,H,AlphaHelix,-58.04000000000002,-41.610000000000014,97.4,1.0,1.0,False,False,False,False,True,False,88.1550888450658,63.0,80.0,18.4946885503575,7.838828370247936,14.503317804823576,46.65999984741211,1.7333416145382428,-0.873
1170,MXF,>4,3.0,R,HIGH,gyrA,94.0,gyrA_D94G,R,0.8189233278955954,A,D94G,-50.99999999999999,3.1,-1.2700000000000002,-58.0,3.1999999999999997,H,AlphaHelix,-58.04000000000002,-41.610000000000014,97.4,1.0,1.0,False,False,False,False,True,False,88.1550888450658,63.0,80.0,18.4946885503575,7.838828370247936,14.503317804823576,46.65999984741211,1.7333416145382428,-0.873
1171,MXF,1.0,0.0,S,HIGH,gyrA,94.0,gyrA_D94G,R,0.8189233278955954,A,D94G,-50.99999999999999,3.1,-1.2700000000000002,-58.0,3.1999999999999997,H,AlphaHelix,-58.04000000000002,-41.610000000000014,97.4,1.0,1.0,False,False,False,False,True,False,88.1550888450658,63.0,80.0,18.4946885503575,7.838828370247936,14.503317804823576,46.65999984741211,1.7333416145382428,-0.873
1172,MXF,0.12,-3.06,S,MEDIUM,gyrA,90.0,gyrA_A90V,R,0.5555555555555556,A,A90V,51.400000000000006,2.4000000000000004,-0.8600000000000001,28.0,-0.040000000000000036,H,AlphaHelix,-61.829999999999984,-59.75999999999999,47.0,2.0,0.0,False,False,False,False,True,False,55.555815915240146,-64.0,82.0,14.434102224020556,5.4833322787917345,10.609526093749128,40.439998626708984,1.6650776123582791,0.089
1173,MXF,>4,3.0,R,HIGH,gyrA,94.0,gyrA_D94G,R,0.8189233278955954,A,D94G,-50.99999999999999,3.1,-1.2700000000000002,-58.0,3.1999999999999997,H,AlphaHelix,-58.04000000000002,-41.610000000000014,97.4,1.0,1.0,False,False,False,False,True,False,88.1550888450658,63.0,80.0,18.4946885503575,7.838828370247936,14.503317804823576,46.65999984741211,1.7333416145382428,-0.873
1174,MXF,4.0,2.0,R,HIGH,gyrA,91.0,gyrA_S91P,R,0.676923076923077,A,S91P,23.700000000000003,-0.8,-0.64,10.0,0.6200000000000001,H,AlphaHelix,-67.14999999999998,-27.149999999999977,64.8,1.0,0.0,False,False,False,False,True,False,65.22815545163408,63.0,80.0,13.712390715773491,5.3811257108513875,11.010229056369285,47.63999938964844,1.5284537092505912,-0.125
1175,MXF,0.5,-1.0,S,HIGH,gyrA,90.0,gyrA_A90V,R,0.5555555555555556,A,A90V,51.400000000000006,2.4000000000000004,-0.8600000000000001,28.0,-0.040000000000000036,H,AlphaHelix,-61.829999999999984,-59.75999999999999,47.0,2.0,0.0,False,False,False,False,True,False,55.555815915240146,-64.0,82.0,14.434102224020556,5.4833322787917345,10.609526093749128,40.439998626708984,1.6650776123582791,0.089
1176,MXF,1.0,0.0,S,HIGH,gyrA,90.0,gyrA_A90V,R,0.5555555555555556,A,A90V,51.400000000000006,2.4000000000000004,-0.8600000000000001,28.0,-0.040000000000000036,H,AlphaHelix,-61.829999999999984,-59.75999999999999,47.0,2.0,0.0,False,False,False,False,True,False,55.555815915240146,-64.0,82.0,14.434102224020556,5.4833322787917345,10.609526093749128,40.439998626708984,1.6650776123582791,0.089
1177,MXF,0.12,-3.06,S,MEDIUM,gyrA,94.0,gyrA_D94G,R,0.8189233278955954,A,D94G,-50.99999999999999,3.1,-1.2700000000000002,-58.0,3.1999999999999997,H,AlphaHelix,-58.04000000000002,-41.610000000000014,97.4,1.0,1.0,False,False,False,False,True,False,88.1550888450658,63.0,80.0,18.4946885503575,7.838828370247936,14.503317804823576,46.65999984741211,1.7333416145382428,-0.873
1178,MXF,0.12,-3.06,S,HIGH,gyrA,94.0,gyrA_D94Y,R,0.847457627118644,A,D94Y,82.5,2.2,-2.18,48.099999999999994,2.89,H,AlphaHelix,-58.04000000000002,-41.610000000000014,97.4,1.0,1.0,False,False,False,False,True,False,88.1550888450658,81.0,91.0,18.4946885503575,7.838828370247936,14.503317804823576,46.65999984741211,1.7333416145382428,-0.376
1179,MXF,0.12,-3.06,S,HIGH,gyrA,94.0,gyrA_D94G,R,0.8189233278955954,A,D94G,-50.99999999999999,3.1,-1.2700000000000002,-58.0,3.1999999999999997,H,AlphaHelix,-58.04000000000002,-41.610000000000014,97.4,1.0,1.0,False,False,False,False,True,False,88.1550888450658,63.0,80.0,18.4946885503575,7.838828370247936,14.503317804823576,46.65999984741211,1.7333416145382428,-0.873
1180,MXF,4.0,2.0,R,MEDIUM,gyrA,94.0,gyrA_D94Y,R,0.847457627118644,A,D94Y,82.5,2.2,-2.18,48.099999999999994,2.89,H,AlphaHelix,-58.04000000000002,-41.610000000000014,97.4,1.0,1.0,False,False,False,False,True,False,88.1550888450658,81.0,91.0,18.4946885503575,7.838828370247936,14.503317804823576,46.65999984741211,1.7333416145382428,-0.376
1181,MXF,>4,3.0,R,HIGH,gyrA,94.0,gyrA_D94G,R,0.8189233278955954,A,D94G,-50.99999999999999,3.1,-1.2700000000000002,-58.0,3.1999999999999997,H,AlphaHelix,-58.04000000000002,-41.610000000000014,97.4,1.0,1.0,False,False,False,False,True,False,88.1550888450658,63.0,80.0,18.4946885503575,7.838828370247936,14.503317804823576,46.65999984741211,1.7333416145382428,-0.873
1182,MXF,1.0,0.0,S,HIGH,gyrB,446.0,gyrB_R446H,S,1.0,B,R446H,-20.200000000000017,1.2999999999999998,0.3700000000000001,-19.0,-3.17,C,Coil,-102.64999999999998,-28.920000000000016,47.7,0.0,2.0,False,True,False,False,False,False,48.145590821945774,23.0,63.0,29.51837897988494,35.92512580140432,29.680615443555677,77.33999633789062,1.8834134115420547,-0.988
1183,MXF,4.0,2.0,R,HIGH,gyrA,90.0,gyrA_A90V,R,0.5555555555555556,A,A90V,51.400000000000006,2.4000000000000004,-0.8600000000000001,28.0,-0.040000000000000036,H,AlphaHelix,-61.829999999999984,-59.75999999999999,47.0,2.0,0.0,False,False,False,False,True,False,55.555815915240146,-64.0,82.0,14.434102224020556,5.4833322787917345,10.609526093749128,40.439998626708984,1.6650776123582791,0.089
1184,MXF,4.0,2.0,R,HIGH,gyrA,90.0,gyrA_A90V,R,0.5555555555555556,A,A90V,51.400000000000006,2.4000000000000004,-0.8600000000000001,28.0,-0.040000000000000036,H,AlphaHelix,-61.829999999999984,-59.75999999999999,47.0,2.0,0.0,False,False,False,False,True,False,55.555815915240146,-64.0,82.0,14.434102224020556,5.4833322787917345,10.609526093749128,40.439998626708984,1.6650776123582791,0.089
1185,MXF,>4,3.0,R,HIGH,gyrA,94.0,gyrA_D94G,R,0.8189233278955954,A,D94G,-50.99999999999999,3.1,-1.2700000000000002,-58.0,3.1999999999999997,H,AlphaHelix,-58.04000000000002,-41.610000000000014,97.4,1.0,1.0,False,False,False,False,True,False,88.1550888450658,63.0,80.0,18.4946885503575,7.838828370247936,14.503317804823576,46.65999984741211,1.7333416145382428,-0.873
1186,MXF,4.0,2.0,R,MEDIUM,gyrA,90.0,gyrA_A90V,R,0.5555555555555556,A,A90V,51.400000000000006,2.4000000000000004,-0.8600000000000001,28.0,-0.040000000000000036,H,AlphaHelix,-61.829999999999984,-59.75999999999999,47.0,2.0,0.0,False,False,False,False,True,False,55.555815915240146,-64.0,82.0,14.434102224020556,5.4833322787917345,10.609526093749128,40.439998626708984,1.6650776123582791,0.089
1187,MXF,0.12,-3.06,S,HIGH,gyrA,94.0,gyrA_D94G,R,0.8189233278955954,A,D94G,-50.99999999999999,3.1,-1.2700000000000002,-58.0,3.1999999999999997,H,AlphaHelix,-58.04000000000002,-41.610000000000014,97.4,1.0,1.0,False,False,False,False,True,False,88.1550888450658,63.0,80.0,18.4946885503575,7.838828370247936,14.503317804823576,46.65999984741211,1.7333416145382428,-0.873
1188,MXF,4.0,2.0,R,HIGH,gyrA,94.0,gyrA_D94G,R,0.8189233278955954,A,D94G,-50.99999999999999,3.1,-1.2700000000000002,-58.0,3.1999999999999997,H,AlphaHelix,-58.04000000000002,-41.610000000000014,97.4,1.0,1.0,False,False,False,False,True,False,88.1550888450658,63.0,80.0,18.4946885503575,7.838828370247936,14.503317804823576,46.65999984741211,1.7333416145382428,-0.873
1189,MXF,2.0,1.0,R,HIGH,gyrA,90.0,gyrA_A90V,R,0.5555555555555556,A,A90V,51.400000000000006,2.4000000000000004,-0.8600000000000001,28.0,-0.040000000000000036,H,AlphaHelix,-61.829999999999984,-59.75999999999999,47.0,2.0,0.0,False,False,False,False,True,False,55.555815915240146,-64.0,82.0,14.434102224020556,5.4833322787917345,10.609526093749128,40.439998626708984,1.6650776123582791,0.089
1190,MXF,4.0,2.0,R,HIGH,gyrA,94.0,gyrA_D94G,R,0.8189233278955954,A,D94G,-50.99999999999999,3.1,-1.2700000000000002,-58.0,3.1999999999999997,H,AlphaHelix,-58.04000000000002,-41.610000000000014,97.4,1.0,1.0,False,False,False,False,True,False,88.1550888450658,63.0,80.0,18.4946885503575,7.838828370247936,14.503317804823576,46.65999984741211,1.7333416145382428,-0.873
1191,MXF,>4,3.0,R,MEDIUM,gyrA,94.0,gyrA_D94N,R,0.8235294117647058,A,D94N,3.0,0.0,-1.9800000000000002,-1.0,2.64,H,AlphaHelix,-58.04000000000002,-41.610000000000014,97.4,1.0,1.0,False,False,False,False,True,False,88.1550888450658,56.0,75.0,18.4946885503575,7.838828370247936,14.503317804823576,46.65999984741211,1.7333416145382428,-0.347
1192,MXF,4.0,2.0,R,HIGH,gyrA,94.0,gyrA_D94G,R,0.8189233278955954,A,D94G,-50.99999999999999,3.1,-1.2700000000000002,-58.0,3.1999999999999997,H,AlphaHelix,-58.04000000000002,-41.610000000000014,97.4,1.0,1.0,False,False,False,False,True,False,88.1550888450658,63.0,80.0,18.4946885503575,7.838828370247936,14.503317804823576,46.65999984741211,1.7333416145382428,-0.873
1193,MXF,>4,3.0,R,HIGH,gyrA,94.0,gyrA_D94G,R,0.8189233278955954,A,D94G,-50.99999999999999,3.1,-1.2700000000000002,-58.0,3.1999999999999997,H,AlphaHelix,-58.04000000000002,-41.610000000000014,97.4,1.0,1.0,False,False,False,False,True,False,88.1550888450658,63.0,80.0,18.4946885503575,7.838828370247936,14.503317804823576,46.65999984741211,1.7333416145382428,-0.873
1194,MXF,2.0,1.0,R,HIGH,gyrA,90.0,gyrA_A90V,R,0.5555555555555556,A,A90V,51.400000000000006,2.4000000000000004,-0.8600000000000001,28.0,-0.040000000000000036,H,AlphaHelix,-61.829999999999984,-59.75999999999999,47.0,2.0,0.0,False,False,False,False,True,False,55.555815915240146,-64.0,82.0,14.434102224020556,5.4833322787917345,10.609526093749128,40.439998626708984,1.6650776123582791,0.089
1195,MXF,2.0,1.0,R,HIGH,gyrA,90.0,gyrA_A90V,R,0.5555555555555556,A,A90V,51.400000000000006,2.4000000000000004,-0.8600000000000001,28.0,-0.040000000000000036,H,AlphaHelix,-61.829999999999984,-59.75999999999999,47.0,2.0,0.0,False,False,False,False,True,False,55.555815915240146,-64.0,82.0,14.434102224020556,5.4833322787917345,10.609526093749128,40.439998626708984,1.6650776123582791,0.089
1196,MXF,4.0,2.0,R,MEDIUM,gyrA,90.0,gyrA_A90V,R,0.5555555555555556,A,A90V,51.400000000000006,2.4000000000000004,-0.8600000000000001,28.0,-0.040000000000000036,H,AlphaHelix,-61.829999999999984,-59.75999999999999,47.0,2.0,0.0,False,False,False,False,True,False,55.555815915240146,-64.0,82.0,14.434102224020556,5.4833322787917345,10.609526093749128,40.439998626708984,1.6650776123582791,0.089
1197,MXF,2.0,1.0,R,MEDIUM,gyrA,94.0,gyrA_D94Y,R,0.847457627118644,A,D94Y,82.5,2.2,-2.18,48.099999999999994,2.89,H,AlphaHelix,-58.04000000000002,-41.610000000000014,97.4,1.0,1.0,False,False,False,False,True,False,88.1550888450658,81.0,91.0,18.4946885503575,7.838828370247936,14.503317804823576,46.65999984741211,1.7333416145382428,-0.376
1198,MXF,4.0,2.0,R,HIGH,gyrA,94.0,gyrA_D94G,R,0.8189233278955954,A,D94G,-50.99999999999999,3.1,-1.2700000000000002,-58.0,3.1999999999999997,H,AlphaHelix,-58.04000000000002,-41.610000000000014,97.4,1.0,1.0,False,False,False,False,True,False,88.1550888450658,63.0,80.0,18.4946885503575,7.838828370247936,14.503317804823576,46.65999984741211,1.7333416145382428,-0.873
1199,MXF,4.0,2.0,R,HIGH,gyrA,94.0,gyrA_D94G,R,0.8189233278955954,A,D94G,-50.99999999999999,3.1,-1.2700000000000002,-58.0,3.1999999999999997,H,AlphaHelix,-58.04000000000002,-41.610000000000014,97.4,1.0,1.0,False,False,False,False,True,False,88.1550888450658,63.0,80.0,18.4946885503575,7.838828370247936,14.503317804823576,46.65999984741211,1.7333416145382428,-0.873
1200,MXF,4.0,2.0,R,HIGH,gyrA,94.0,gyrA_D94G,R,0.8189233278955954,A,D94G,-50.99999999999999,3.1,-1.2700000000000002,-58.0,3.1999999999999997,H,AlphaHelix,-58.04000000000002,-41.610000000000014,97.4,1.0,1.0,False,False,False,False,True,False,88.1550888450658,63.0,80.0,18.4946885503575,7.838828370247936,14.503317804823576,46.65999984741211,1.7333416145382428,-0.873
1201,MXF,2.0,1.0,R,HIGH,gyrA,91.0,gyrA_S91P,R,0.676923076923077,A,S91P,23.700000000000003,-0.8,-0.64,10.0,0.6200000000000001,H,AlphaHelix,-67.14999999999998,-27.149999999999977,64.8,1.0,0.0,False,False,False,False,True,False,65.22815545163408,63.0,80.0,13.712390715773491,5.3811257108513875,11.010229056369285,47.63999938964844,1.5284537092505912,-0.125
1202,MXF,>4,3.0,R,HIGH,gyrA,89.0,gyrA_D89N,R,0.7142857142857143,A,D89N,3.0,0.0,-1.9800000000000002,-1.0,2.64,H,AlphaHelix,-67.79000000000002,-35.15999999999997,27.1,1.0,0.0,False,False,False,False,True,False,24.84916086555452,54.0,75.0,13.15472132034126,8.939840896240382,12.899553368087723,49.52000045776367,2.2988834846000192,-0.812
1203,MXF,0.12,-3.06,S,MEDIUM,gyrA,94.0,gyrA_D94G,R,0.8189233278955954,A,D94G,-50.99999999999999,3.1,-1.2700000000000002,-58.0,3.1999999999999997,H,AlphaHelix,-58.04000000000002,-41.610000000000014,97.4,1.0,1.0,False,False,False,False,True,False,88.1550888450658,63.0,80.0,18.4946885503575,7.838828370247936,14.503317804823576,46.65999984741211,1.7333416145382428,-0.873
1204,MXF,0.25,-2.0,S,HIGH,gyrA,267.0,gyrA_T267I,S,0.9166666666666666,A,T267I,50.599999999999994,5.2,-0.92,12.099999999999994,0.41999999999999993,E,Strand,-110.84,147.57,41.6,1.0,0.0,False,False,True,False,False,False,44.1202990107675,-63.0,82.0,57.41807769187446,43.77226482698894,47.65815783374425,101.37999725341797,1.7631484448394852,-0.037
1205,MXF,>4,3.0,R,HIGH,gyrA,94.0,gyrA_D94G,R,0.8189233278955954,A,D94G,-50.99999999999999,3.1,-1.2700000000000002,-58.0,3.1999999999999997,H,AlphaHelix,-58.04000000000002,-41.610000000000014,97.4,1.0,1.0,False,False,False,False,True,False,88.1550888450658,63.0,80.0,18.4946885503575,7.838828370247936,14.503317804823576,46.65999984741211,1.7333416145382428,-0.873
1206,MXF,2.0,1.0,R,HIGH,gyrA,90.0,gyrA_A90V,R,0.5555555555555556,A,A90V,51.400000000000006,2.4000000000000004,-0.8600000000000001,28.0,-0.040000000000000036,H,AlphaHelix,-61.829999999999984,-59.75999999999999,47.0,2.0,0.0,False,False,False,False,True,False,55.555815915240146,-64.0,82.0,14.434102224020556,5.4833322787917345,10.609526093749128,40.439998626708984,1.6650776123582791,0.089
1207,MXF,1.0,0.0,S,HIGH,gyrB,461.0,gyrB_D461N,S,0.8888888888888888,B,D461N,3.0,0.0,-1.9800000000000002,-1.0,2.64,H,AlphaHelix,-71.88999999999999,-39.93000000000001,81.7,1.0,0.0,False,False,False,False,True,False,75.64790414237022,36.0,66.0,11.848330371804606,15.309593699828135,10.195622879537305,64.79000091552734,1.5661131135005826,-0.266
1208,MXF,>4,3.0,R,HIGH,gyrA,90.0,gyrA_A90V,R,0.5555555555555556,A,A90V,51.400000000000006,2.4000000000000004,-0.8600000000000001,28.0,-0.040000000000000036,H,AlphaHelix,-61.829999999999984,-59.75999999999999,47.0,2.0,0.0,False,False,False,False,True,False,55.555815915240146,-64.0,82.0,14.434102224020556,5.4833322787917345,10.609526093749128,40.439998626708984,1.6650776123582791,0.089
1209,MXF,>4,3.0,R,MEDIUM,gyrA,90.0,gyrA_A90V,R,0.5555555555555556,A,A90V,51.400000000000006,2.4000000000000004,-0.8600000000000001,28.0,-0.040000000000000036,H,AlphaHelix,-61.829999999999984,-59.75999999999999,47.0,2.0,0.0,False,False,False,False,True,False,55.555815915240146,-64.0,82.0,14.434102224020556,5.4833322787917345,10.609526093749128,40.439998626708984,1.6650776123582791,0.089
1210,MXF,4.0,2.0,R,HIGH,gyrA,94.0,gyrA_D94A,R,0.5232558139534884,A,D94A,-22.5,5.3,-2.08,-44.0,3.23,H,AlphaHelix,-58.04000000000002,-41.610000000000014,97.4,1.0,1.0,False,False,False,False,True,False,88.1550888450658,46.0,71.0,18.4946885503575,7.838828370247936,14.503317804823576,46.65999984741211,1.7333416145382428,-0.421
1211,MXF,1.0,0.0,S,HIGH,gyrA,94.0,gyrA_D94H,R,0.75,A,D94H,42.099999999999994,0.2999999999999998,-1.04,22.099999999999994,4.82,H,AlphaHelix,-58.04000000000002,-41.610000000000014,97.4,1.0,1.0,False,False,False,False,True,False,88.1550888450658,79.0,85.0,18.4946885503575,7.838828370247936,14.503317804823576,46.65999984741211,1.7333416145382428,-0.36
1212,MXF,<=0.06,-4.06,S,HIGH,gyrB,601.0,gyrB_I601T,S,1.0,B,I601T,-50.599999999999994,-5.2,0.92,-12.099999999999994,-0.41999999999999993,B,Bridge,-130.11,149.27,24.8,0.0,0.0,True,False,False,False,False,False,25.39293360850965,-40.0,66.0,26.93658472698762,38.784214550149606,38.59444634087983,96.04000091552734,1.9155975935055658,-1.102
1213,MXF,1.0,0.0,S,HIGH,gyrA,90.0,gyrA_A90V,R,0.5555555555555556,A,A90V,51.400000000000006,2.4000000000000004,-0.8600000000000001,28.0,-0.040000000000000036,H,AlphaHelix,-61.829999999999984,-59.75999999999999,47.0,2.0,0.0,False,False,False,False,True,False,55.555815915240146,-64.0,82.0,14.434102224020556,5.4833322787917345,10.609526093749128,40.439998626708984,1.6650776123582791,0.089
1214,MXF,0.25,-2.0,S,MEDIUM,gyrA,94.0,gyrA_D94G,R,0.8189233278955954,A,D94G,-50.99999999999999,3.1,-1.2700000000000002,-58.0,3.1999999999999997,H,AlphaHelix,-58.04000000000002,-41.610000000000014,97.4,1.0,1.0,False,False,False,False,True,False,88.1550888450658,63.0,80.0,18.4946885503575,7.838828370247936,14.503317804823576,46.65999984741211,1.7333416145382428,-0.873
1215,MXF,0.12,-3.06,S,HIGH,gyrA,94.0,gyrA_D94G,R,0.8189233278955954,A,D94G,-50.99999999999999,3.1,-1.2700000000000002,-58.0,3.1999999999999997,H,AlphaHelix,-58.04000000000002,-41.610000000000014,97.4,1.0,1.0,False,False,False,False,True,False,88.1550888450658,63.0,80.0,18.4946885503575,7.838828370247936,14.503317804823576,46.65999984741211,1.7333416145382428,-0.873
1216,MXF,4.0,2.0,R,MEDIUM,gyrA,94.0,gyrA_D94G,R,0.8189233278955954,A,D94G,-50.99999999999999,3.1,-1.2700000000000002,-58.0,3.1999999999999997,H,AlphaHelix,-58.04000000000002,-41.610000000000014,97.4,1.0,1.0,False,False,False,False,True,False,88.1550888450658,63.0,80.0,18.4946885503575,7.838828370247936,14.503317804823576,46.65999984741211,1.7333416145382428,-0.873
1217,MXF,4.0,2.0,R,HIGH,gyrA,94.0,gyrA_D94G,R,0.8189233278955954,A,D94G,-50.99999999999999,3.1,-1.2700000000000002,-58.0,3.1999999999999997,H,AlphaHelix,-58.04000000000002,-41.610000000000014,97.4,1.0,1.0,False,False,False,False,True,False,88.1550888450658,63.0,80.0,18.4946885503575,7.838828370247936,14.503317804823576,46.65999984741211,1.7333416145382428,-0.873
1218,MXF,4.0,2.0,R,HIGH,gyrA,94.0,gyrA_D94G,R,0.8189233278955954,A,D94G,-50.99999999999999,3.1,-1.2700000000000002,-58.0,3.1999999999999997,H,AlphaHelix,-58.04000000000002,-41.610000000000014,97.4,1.0,1.0,False,False,False,False,True,False,88.1550888450658,63.0,80.0,18.4946885503575,7.838828370247936,14.503317804823576,46.65999984741211,1.7333416145382428,-0.873
1219,MXF,>4,3.0,R,HIGH,gyrA,94.0,gyrA_D94N,R,0.8235294117647058,A,D94N,3.0,0.0,-1.9800000000000002,-1.0,2.64,H,AlphaHelix,-58.04000000000002,-41.610000000000014,97.4,1.0,1.0,False,False,False,False,True,False,88.1550888450658,56.0,75.0,18.4946885503575,7.838828370247936,14.503317804823576,46.65999984741211,1.7333416145382428,-0.347
1220,MXF,4.0,2.0,R,HIGH,gyrA,94.0,gyrA_D94G,R,0.8189233278955954,A,D94G,-50.99999999999999,3.1,-1.2700000000000002,-58.0,3.1999999999999997,H,AlphaHelix,-58.04000000000002,-41.610000000000014,97.4,1.0,1.0,False,False,False,False,True,False,88.1550888450658,63.0,80.0,18.4946885503575,7.838828370247936,14.503317804823576,46.65999984741211,1.7333416145382428,-0.873
1221,MXF,>4,3.0,R,HIGH,gyrA,94.0,gyrA_D94G,R,0.8189233278955954,A,D94G,-50.99999999999999,3.1,-1.2700000000000002,-58.0,3.1999999999999997,H,AlphaHelix,-58.04000000000002,-41.610000000000014,97.4,1.0,1.0,False,False,False,False,True,False,88.1550888450658,63.0,80.0,18.4946885503575,7.838828370247936,14.503317804823576,46.65999984741211,1.7333416145382428,-0.873
1222,MXF,4.0,2.0,R,MEDIUM,gyrA,94.0,gyrA_D94G,R,0.8189233278955954,A,D94G,-50.99999999999999,3.1,-1.2700000000000002,-58.0,3.1999999999999997,H,AlphaHelix,-58.04000000000002,-41.610000000000014,97.4,1.0,1.0,False,False,False,False,True,False,88.1550888450658,63.0,80.0,18.4946885503575,7.838828370247936,14.503317804823576,46.65999984741211,1.7333416145382428,-0.873
1223,MXF,0.25,-2.0,S,HIGH,gyrA,90.0,gyrA_A90V,R,0.5555555555555556,A,A90V,51.400000000000006,2.4000000000000004,-0.8600000000000001,28.0,-0.040000000000000036,H,AlphaHelix,-61.829999999999984,-59.75999999999999,47.0,2.0,0.0,False,False,False,False,True,False,55.555815915240146,-64.0,82.0,14.434102224020556,5.4833322787917345,10.609526093749128,40.439998626708984,1.6650776123582791,0.089
1224,MXF,>4,3.0,R,HIGH,gyrA,94.0,gyrA_D94G,R,0.8189233278955954,A,D94G,-50.99999999999999,3.1,-1.2700000000000002,-58.0,3.1999999999999997,H,AlphaHelix,-58.04000000000002,-41.610000000000014,97.4,1.0,1.0,False,False,False,False,True,False,88.1550888450658,63.0,80.0,18.4946885503575,7.838828370247936,14.503317804823576,46.65999984741211,1.7333416145382428,-0.873
1225,MXF,0.12,-3.06,S,HIGH,gyrA,94.0,gyrA_D94A,R,0.5232558139534884,A,D94A,-22.5,5.3,-2.08,-44.0,3.23,H,AlphaHelix,-58.04000000000002,-41.610000000000014,97.4,1.0,1.0,False,False,False,False,True,False,88.1550888450658,46.0,71.0,18.4946885503575,7.838828370247936,14.503317804823576,46.65999984741211,1.7333416145382428,-0.421
1226,MXF,4.0,2.0,R,HIGH,gyrA,91.0,gyrA_S91P,R,0.676923076923077,A,S91P,23.700000000000003,-0.8,-0.64,10.0,0.6200000000000001,H,AlphaHelix,-67.14999999999998,-27.149999999999977,64.8,1.0,0.0,False,False,False,False,True,False,65.22815545163408,63.0,80.0,13.712390715773491,5.3811257108513875,11.010229056369285,47.63999938964844,1.5284537092505912,-0.125
1227,MXF,>4,3.0,R,HIGH,gyrA,94.0,gyrA_D94N,R,0.8235294117647058,A,D94N,3.0,0.0,-1.9800000000000002,-1.0,2.64,H,AlphaHelix,-58.04000000000002,-41.610000000000014,97.4,1.0,1.0,False,False,False,False,True,False,88.1550888450658,56.0,75.0,18.4946885503575,7.838828370247936,14.503317804823576,46.65999984741211,1.7333416145382428,-0.347
1228,MXF,0.25,-2.0,S,HIGH,gyrB,634.0,gyrB_R634L,S,1.0,B,R634L,-6.700000000000017,8.3,-1.69,-43.0,-4.779999999999999,E,Strand,-119.94,120.48,42.9,1.0,1.0,False,False,True,False,False,False,46.77655313800065,-54.0,78.0,19.76953326696792,32.81549844300181,28.508529814493702,65.76000213623047,2.4922351928142827,1.142
1229,MXF,2.0,1.0,R,MEDIUM,gyrA,94.0,gyrA_D94H,R,0.75,A,D94H,42.099999999999994,0.2999999999999998,-1.04,22.099999999999994,4.82,H,AlphaHelix,-58.04000000000002,-41.610000000000014,97.4,1.0,1.0,False,False,False,False,True,False,88.1550888450658,79.0,85.0,18.4946885503575,7.838828370247936,14.503317804823576,46.65999984741211,1.7333416145382428,-0.36
1230,MXF,4.0,2.0,R,HIGH,gyrA,90.0,gyrA_A90V,R,0.5555555555555556,A,A90V,51.400000000000006,2.4000000000000004,-0.8600000000000001,28.0,-0.040000000000000036,H,AlphaHelix,-61.829999999999984,-59.75999999999999,47.0,2.0,0.0,False,False,False,False,True,False,55.555815915240146,-64.0,82.0,14.434102224020556,5.4833322787917345,10.609526093749128,40.439998626708984,1.6650776123582791,0.089
1231,MXF,,,,HIGH,gyrA,292.0,gyrA_R292G,,1.0,A,R292G,-113.30000000000001,4.1,0.1399999999999999,-99.1,-4.79,H,AlphaHelix,-51.139999999999986,-41.43000000000001,158.4,0.0,1.0,False,False,False,False,True,False,159.67999243347458,-10.0,53.0,45.86414843501677,32.87591658951593,34.10870461179777,158.02000427246094,1.5565641759409352,-0.767
1232,MXF,>4,3.0,R,MEDIUM,gyrA,94.0,gyrA_D94G,R,0.8189233278955954,A,D94G,-50.99999999999999,3.1,-1.2700000000000002,-58.0,3.1999999999999997,H,AlphaHelix,-58.04000000000002,-41.610000000000014,97.4,1.0,1.0,False,False,False,False,True,False,88.1550888450658,63.0,80.0,18.4946885503575,7.838828370247936,14.503317804823576,46.65999984741211,1.7333416145382428,-0.873
1233,MXF,2.0,1.0,R,HIGH,gyrA,94.0,gyrA_D94G,R,0.8189233278955954,A,D94G,-50.99999999999999,3.1,-1.2700000000000002,-58.0,3.1999999999999997,H,AlphaHelix,-58.04000000000002,-41.610000000000014,97.4,1.0,1.0,False,False,False,False,True,False,88.1550888450658,63.0,80.0,18.4946885503575,7.838828370247936,14.503317804823576,46.65999984741211,1.7333416145382428,-0.873
1234,MXF,0.12,-3.06,S,HIGH,gyrA,193.0,gyrA_N193S,S,1.0,A,N193S,-25.099999999999994,2.7,-0.09999999999999998,-27.0,0.2699999999999996,C,Coil,-78.75,123.63,5.4,2.0,0.0,False,True,False,False,False,False,3.9785882839510753,-22.0,61.0,38.56834762344578,31.614916234348744,37.544471341104654,50.119998931884766,3.1142630176941593,-1.229
1235,MXF,>4,3.0,R,HIGH,gyrA,94.0,gyrA_D94G,R,0.8189233278955954,A,D94G,-50.99999999999999,3.1,-1.2700000000000002,-58.0,3.1999999999999997,H,AlphaHelix,-58.04000000000002,-41.610000000000014,97.4,1.0,1.0,False,False,False,False,True,False,88.1550888450658,63.0,80.0,18.4946885503575,7.838828370247936,14.503317804823576,46.65999984741211,1.7333416145382428,-0.873
1236,MXF,0.5,-1.0,S,HIGH,gyrA,94.0,gyrA_D94G,R,0.8189233278955954,A,D94G,-50.99999999999999,3.1,-1.2700000000000002,-58.0,3.1999999999999997,H,AlphaHelix,-58.04000000000002,-41.610000000000014,97.4,1.0,1.0,False,False,False,False,True,False,88.1550888450658,63.0,80.0,18.4946885503575,7.838828370247936,14.503317804823576,46.65999984741211,1.7333416145382428,-0.873
1237,MXF,>4,3.0,R,MEDIUM,gyrA,94.0,gyrA_D94H,R,0.75,A,D94H,42.099999999999994,0.2999999999999998,-1.04,22.099999999999994,4.82,H,AlphaHelix,-58.04000000000002,-41.610000000000014,97.4,1.0,1.0,False,False,False,False,True,False,88.1550888450658,79.0,85.0,18.4946885503575,7.838828370247936,14.503317804823576,46.65999984741211,1.7333416145382428,-0.36
1238,MXF,>4,3.0,R,HIGH,gyrA,94.0,gyrA_D94G,R,0.8189233278955954,A,D94G,-50.99999999999999,3.1,-1.2700000000000002,-58.0,3.1999999999999997,H,AlphaHelix,-58.04000000000002,-41.610000000000014,97.4,1.0,1.0,False,False,False,False,True,False,88.1550888450658,63.0,80.0,18.4946885503575,7.838828370247936,14.503317804823576,46.65999984741211,1.7333416145382428,-0.873
1239,MXF,>4,3.0,R,HIGH,gyrA,94.0,gyrA_D94G,R,0.8189233278955954,A,D94G,-50.99999999999999,3.1,-1.2700000000000002,-58.0,3.1999999999999997,H,AlphaHelix,-58.04000000000002,-41.610000000000014,97.4,1.0,1.0,False,False,False,False,True,False,88.1550888450658,63.0,80.0,18.4946885503575,7.838828370247936,14.503317804823576,46.65999984741211,1.7333416145382428,-0.873
1240,MXF,0.5,-1.0,S,HIGH,gyrA,94.0,gyrA_D94G,R,0.8189233278955954,A,D94G,-50.99999999999999,3.1,-1.2700000000000002,-58.0,3.1999999999999997,H,AlphaHelix,-58.04000000000002,-41.610000000000014,97.4,1.0,1.0,False,False,False,False,True,False,88.1550888450658,63.0,80.0,18.4946885503575,7.838828370247936,14.503317804823576,46.65999984741211,1.7333416145382428,-0.873
1241,MXF,0.5,-1.0,S,MEDIUM,gyrA,94.0,gyrA_D94G,R,0.8189233278955954,A,D94G,-50.99999999999999,3.1,-1.2700000000000002,-58.0,3.1999999999999997,H,AlphaHelix,-58.04000000000002,-41.610000000000014,97.4,1.0,1.0,False,False,False,False,True,False,88.1550888450658,63.0,80.0,18.4946885503575,7.838828370247936,14.503317804823576,46.65999984741211,1.7333416145382428,-0.873
1242,MXF,2.0,1.0,R,HIGH,gyrA,90.0,gyrA_A90V,R,0.5555555555555556,A,A90V,51.400000000000006,2.4000000000000004,-0.8600000000000001,28.0,-0.040000000000000036,H,AlphaHelix,-61.829999999999984,-59.75999999999999,47.0,2.0,0.0,False,False,False,False,True,False,55.555815915240146,-64.0,82.0,14.434102224020556,5.4833322787917345,10.609526093749128,40.439998626708984,1.6650776123582791,0.089
1243,MXF,>4,3.0,R,HIGH,gyrA,94.0,gyrA_D94H,R,0.75,A,D94H,42.099999999999994,0.2999999999999998,-1.04,22.099999999999994,4.82,H,AlphaHelix,-58.04000000000002,-41.610000000000014,97.4,1.0,1.0,False,False,False,False,True,False,88.1550888450658,79.0,85.0,18.4946885503575,7.838828370247936,14.503317804823576,46.65999984741211,1.7333416145382428,-0.36
1244,MXF,4.0,2.0,R,HIGH,gyrA,94.0,gyrA_D94G,R,0.8189233278955954,A,D94G,-50.99999999999999,3.1,-1.2700000000000002,-58.0,3.1999999999999997,H,AlphaHelix,-58.04000000000002,-41.610000000000014,97.4,1.0,1.0,False,False,False,False,True,False,88.1550888450658,63.0,80.0,18.4946885503575,7.838828370247936,14.503317804823576,46.65999984741211,1.7333416145382428,-0.873
1245,MXF,4.0,2.0,R,HIGH,gyrA,94.0,gyrA_D94G,R,0.8189233278955954,A,D94G,-50.99999999999999,3.1,-1.2700000000000002,-58.0,3.1999999999999997,H,AlphaHelix,-58.04000000000002,-41.610000000000014,97.4,1.0,1.0,False,False,False,False,True,False,88.1550888450658,63.0,80.0,18.4946885503575,7.838828370247936,14.503317804823576,46.65999984741211,1.7333416145382428,-0.873
1246,MXF,0.12,-3.06,S,HIGH,gyrA,193.0,gyrA_N193S,S,1.0,A,N193S,-25.099999999999994,2.7,-0.09999999999999998,-27.0,0.2699999999999996,C,Coil,-78.75,123.63,5.4,2.0,0.0,False,True,False,False,False,False,3.9785882839510753,-22.0,61.0,38.56834762344578,31.614916234348744,37.544471341104654,50.119998931884766,3.1142630176941593,-1.229
1247,MXF,4.0,2.0,R,HIGH,gyrA,91.0,gyrA_S91P,R,0.676923076923077,A,S91P,23.700000000000003,-0.8,-0.64,10.0,0.6200000000000001,H,AlphaHelix,-67.14999999999998,-27.149999999999977,64.8,1.0,0.0,False,False,False,False,True,False,65.22815545163408,63.0,80.0,13.712390715773491,5.3811257108513875,11.010229056369285,47.63999938964844,1.5284537092505912,-0.125
1248,MXF,2.0,1.0,R,MEDIUM,gyrA,90.0,gyrA_A90V,R,0.5555555555555556,A,A90V,51.400000000000006,2.4000000000000004,-0.8600000000000001,28.0,-0.040000000000000036,H,AlphaHelix,-61.829999999999984,-59.75999999999999,47.0,2.0,0.0,False,False,False,False,True,False,55.555815915240146,-64.0,82.0,14.434102224020556,5.4833322787917345,10.609526093749128,40.439998626708984,1.6650776123582791,0.089
1249,MXF,2.0,1.0,R,MEDIUM,gyrA,94.0,gyrA_D94Y,R,0.847457627118644,A,D94Y,82.5,2.2,-2.18,48.099999999999994,2.89,H,AlphaHelix,-58.04000000000002,-41.610000000000014,97.4,1.0,1.0,False,False,False,False,True,False,88.1550888450658,81.0,91.0,18.4946885503575,7.838828370247936,14.503317804823576,46.65999984741211,1.7333416145382428,-0.376
1250,MXF,4.0,2.0,R,HIGH,gyrA,94.0,gyrA_D94G,R,0.8189233278955954,A,D94G,-50.99999999999999,3.1,-1.2700000000000002,-58.0,3.1999999999999997,H,AlphaHelix,-58.04000000000002,-41.610000000000014,97.4,1.0,1.0,False,False,False,False,True,False,88.1550888450658,63.0,80.0,18.4946885503575,7.838828370247936,14.503317804823576,46.65999984741211,1.7333416145382428,-0.873
1251,MXF,4.0,2.0,R,HIGH,gyrA,94.0,gyrA_D94G,R,0.8189233278955954,A,D94G,-50.99999999999999,3.1,-1.2700000000000002,-58.0,3.1999999999999997,H,AlphaHelix,-58.04000000000002,-41.610000000000014,97.4,1.0,1.0,False,False,False,False,True,False,88.1550888450658,63.0,80.0,18.4946885503575,7.838828370247936,14.503317804823576,46.65999984741211,1.7333416145382428,-0.873
1252,MXF,2.0,1.0,R,HIGH,gyrA,90.0,gyrA_A90V,R,0.5555555555555556,A,A90V,51.400000000000006,2.4000000000000004,-0.8600000000000001,28.0,-0.040000000000000036,H,AlphaHelix,-61.829999999999984,-59.75999999999999,47.0,2.0,0.0,False,False,False,False,True,False,55.555815915240146,-64.0,82.0,14.434102224020556,5.4833322787917345,10.609526093749128,40.439998626708984,1.6650776123582791,0.089
1253,MXF,>4,3.0,R,HIGH,gyrA,94.0,gyrA_D94G,R,0.8189233278955954,A,D94G,-50.99999999999999,3.1,-1.2700000000000002,-58.0,3.1999999999999997,H,AlphaHelix,-58.04000000000002,-41.610000000000014,97.4,1.0,1.0,False,False,False,False,True,False,88.1550888450658,63.0,80.0,18.4946885503575,7.838828370247936,14.503317804823576,46.65999984741211,1.7333416145382428,-0.873
1254,MXF,>4,3.0,R,HIGH,gyrA,94.0,gyrA_D94N,R,0.8235294117647058,A,D94N,3.0,0.0,-1.9800000000000002,-1.0,2.64,H,AlphaHelix,-58.04000000000002,-41.610000000000014,97.4,1.0,1.0,False,False,False,False,True,False,88.1550888450658,56.0,75.0,18.4946885503575,7.838828370247936,14.503317804823576,46.65999984741211,1.7333416145382428,-0.347
1255,MXF,2.0,1.0,R,HIGH,gyrA,94.0,gyrA_D94N,R,0.8235294117647058,A,D94N,3.0,0.0,-1.9800000000000002,-1.0,2.64,H,AlphaHelix,-58.04000000000002,-41.610000000000014,97.4,1.0,1.0,False,False,False,False,True,False,88.1550888450658,56.0,75.0,18.4946885503575,7.838828370247936,14.503317804823576,46.65999984741211,1.7333416145382428,-0.347
1256,MXF,>4,3.0,R,HIGH,gyrA,94.0,gyrA_D94G,R,0.8189233278955954,A,D94G,-50.99999999999999,3.1,-1.2700000000000002,-58.0,3.1999999999999997,H,AlphaHelix,-58.04000000000002,-41.610000000000014,97.4,1.0,1.0,False,False,False,False,True,False,88.1550888450658,63.0,80.0,18.4946885503575,7.838828370247936,14.503317804823576,46.65999984741211,1.7333416145382428,-0.873
1257,MXF,>4,3.0,R,HIGH,gyrA,94.0,gyrA_D94G,R,0.8189233278955954,A,D94G,-50.99999999999999,3.1,-1.2700000000000002,-58.0,3.1999999999999997,H,AlphaHelix,-58.04000000000002,-41.610000000000014,97.4,1.0,1.0,False,False,False,False,True,False,88.1550888450658,63.0,80.0,18.4946885503575,7.838828370247936,14.503317804823576,46.65999984741211,1.7333416145382428,-0.873
1258,MXF,2.0,1.0,R,HIGH,gyrA,90.0,gyrA_A90V,R,0.5555555555555556,A,A90V,51.400000000000006,2.4000000000000004,-0.8600000000000001,28.0,-0.040000000000000036,H,AlphaHelix,-61.829999999999984,-59.75999999999999,47.0,2.0,0.0,False,False,False,False,True,False,55.555815915240146,-64.0,82.0,14.434102224020556,5.4833322787917345,10.609526093749128,40.439998626708984,1.6650776123582791,0.089
1259,MXF,4.0,2.0,R,HIGH,gyrA,94.0,gyrA_D94A,R,0.5232558139534884,A,D94A,-22.5,5.3,-2.08,-44.0,3.23,H,AlphaHelix,-58.04000000000002,-41.610000000000014,97.4,1.0,1.0,False,False,False,False,True,False,88.1550888450658,46.0,71.0,18.4946885503575,7.838828370247936,14.503317804823576,46.65999984741211,1.7333416145382428,-0.421
1260,MXF,0.25,-2.0,S,HIGH,gyrA,94.0,gyrA_D94G,R,0.8189233278955954,A,D94G,-50.99999999999999,3.1,-1.2700000000000002,-58.0,3.1999999999999997,H,AlphaHelix,-58.04000000000002,-41.610000000000014,97.4,1.0,1.0,False,False,False,False,True,False,88.1550888450658,63.0,80.0,18.4946885503575,7.838828370247936,14.503317804823576,46.65999984741211,1.7333416145382428,-0.873
1261,MXF,<=0.06,-4.06,S,HIGH,gyrB,434.0,gyrB_D434H,S,1.0,B,D434H,42.099999999999994,0.2999999999999998,-1.04,22.099999999999994,4.82,,,,,,,,,,,,,,0.0,47.0,71.0,,,,,,0.0
1262,MXF,<=0.06,-4.06,S,HIGH,gyrA,90.0,gyrA_A90V,R,0.5555555555555556,A,A90V,51.400000000000006,2.4000000000000004,-0.8600000000000001,28.0,-0.040000000000000036,H,AlphaHelix,-61.829999999999984,-59.75999999999999,47.0,2.0,0.0,False,False,False,False,True,False,55.555815915240146,-64.0,82.0,14.434102224020556,5.4833322787917345,10.609526093749128,40.439998626708984,1.6650776123582791,0.089
1263,MXF,0.25,-2.0,S,MEDIUM,gyrA,94.0,gyrA_D94Y,R,0.847457627118644,A,D94Y,82.5,2.2,-2.18,48.099999999999994,2.89,H,AlphaHelix,-58.04000000000002,-41.610000000000014,97.4,1.0,1.0,False,False,False,False,True,False,88.1550888450658,81.0,91.0,18.4946885503575,7.838828370247936,14.503317804823576,46.65999984741211,1.7333416145382428,-0.376
1264,MXF,>4,3.0,R,HIGH,gyrA,94.0,gyrA_D94G,R,0.8189233278955954,A,D94G,-50.99999999999999,3.1,-1.2700000000000002,-58.0,3.1999999999999997,H,AlphaHelix,-58.04000000000002,-41.610000000000014,97.4,1.0,1.0,False,False,False,False,True,False,88.1550888450658,63.0,80.0,18.4946885503575,7.838828370247936,14.503317804823576,46.65999984741211,1.7333416145382428,-0.873
1265,MXF,>4,3.0,R,HIGH,gyrA,94.0,gyrA_D94G,R,0.8189233278955954,A,D94G,-50.99999999999999,3.1,-1.2700000000000002,-58.0,3.1999999999999997,H,AlphaHelix,-58.04000000000002,-41.610000000000014,97.4,1.0,1.0,False,False,False,False,True,False,88.1550888450658,63.0,80.0,18.4946885503575,7.838828370247936,14.503317804823576,46.65999984741211,1.7333416145382428,-0.873
1266,MXF,1.0,0.0,S,MEDIUM,gyrA,94.0,gyrA_D94A,R,0.5232558139534884,A,D94A,-22.5,5.3,-2.08,-44.0,3.23,H,AlphaHelix,-58.04000000000002,-41.610000000000014,97.4,1.0,1.0,False,False,False,False,True,False,88.1550888450658,46.0,71.0,18.4946885503575,7.838828370247936,14.503317804823576,46.65999984741211,1.7333416145382428,-0.421
1267,MXF,0.25,-2.0,S,HIGH,gyrA,90.0,gyrA_A90V,R,0.5555555555555556,A,A90V,51.400000000000006,2.4000000000000004,-0.8600000000000001,28.0,-0.040000000000000036,H,AlphaHelix,-61.829999999999984,-59.75999999999999,47.0,2.0,0.0,False,False,False,False,True,False,55.555815915240146,-64.0,82.0,14.434102224020556,5.4833322787917345,10.609526093749128,40.439998626708984,1.6650776123582791,0.089
1268,MXF,>4,3.0,R,HIGH,gyrA,94.0,gyrA_D94Y,R,0.847457627118644,A,D94Y,82.5,2.2,-2.18,48.099999999999994,2.89,H,AlphaHelix,-58.04000000000002,-41.610000000000014,97.4,1.0,1.0,False,False,False,False,True,False,88.1550888450658,81.0,91.0,18.4946885503575,7.838828370247936,14.503317804823576,46.65999984741211,1.7333416145382428,-0.376
1269,MXF,2.0,1.0,R,HIGH,gyrA,94.0,gyrA_D94G,R,0.8189233278955954,A,D94G,-50.99999999999999,3.1,-1.2700000000000002,-58.0,3.1999999999999997,H,AlphaHelix,-58.04000000000002,-41.610000000000014,97.4,1.0,1.0,False,False,False,False,True,False,88.1550888450658,63.0,80.0,18.4946885503575,7.838828370247936,14.503317804823576,46.65999984741211,1.7333416145382428,-0.873
1270,MXF,>4,3.0,R,MEDIUM,gyrA,94.0,gyrA_D94N,R,0.8235294117647058,A,D94N,3.0,0.0,-1.9800000000000002,-1.0,2.64,H,AlphaHelix,-58.04000000000002,-41.610000000000014,97.4,1.0,1.0,False,False,False,False,True,False,88.1550888450658,56.0,75.0,18.4946885503575,7.838828370247936,14.503317804823576,46.65999984741211,1.7333416145382428,-0.347
1271,MXF,0.5,-1.0,S,HIGH,gyrA,94.0,gyrA_D94N,R,0.8235294117647058,A,D94N,3.0,0.0,-1.9800000000000002,-1.0,2.64,H,AlphaHelix,-58.04000000000002,-41.610000000000014,97.4,1.0,1.0,False,False,False,False,True,False,88.1550888450658,56.0,75.0,18.4946885503575,7.838828370247936,14.503317804823576,46.65999984741211,1.7333416145382428,-0.347
1272,MXF,>4,3.0,R,HIGH,gyrA,94.0,gyrA_D94G,R,0.8189233278955954,A,D94G,-50.99999999999999,3.1,-1.2700000000000002,-58.0,3.1999999999999997,H,AlphaHelix,-58.04000000000002,-41.610000000000014,97.4,1.0,1.0,False,False,False,False,True,False,88.1550888450658,63.0,80.0,18.4946885503575,7.838828370247936,14.503317804823576,46.65999984741211,1.7333416145382428,-0.873
1273,MXF,2.0,1.0,R,HIGH,gyrA,94.0,gyrA_D94G,R,0.8189233278955954,A,D94G,-50.99999999999999,3.1,-1.2700000000000002,-58.0,3.1999999999999997,H,AlphaHelix,-58.04000000000002,-41.610000000000014,97.4,1.0,1.0,False,False,False,False,True,False,88.1550888450658,63.0,80.0,18.4946885503575,7.838828370247936,14.503317804823576,46.65999984741211,1.7333416145382428,-0.873
1274,MXF,>4,3.0,R,HIGH,gyrA,94.0,gyrA_D94G,R,0.8189233278955954,A,D94G,-50.99999999999999,3.1,-1.2700000000000002,-58.0,3.1999999999999997,H,AlphaHelix,-58.04000000000002,-41.610000000000014,97.4,1.0,1.0,False,False,False,False,True,False,88.1550888450658,63.0,80.0,18.4946885503575,7.838828370247936,14.503317804823576,46.65999984741211,1.7333416145382428,-0.873
1275,MXF,0.5,-1.0,S,MEDIUM,gyrA,90.0,gyrA_A90V,R,0.5555555555555556,A,A90V,51.400000000000006,2.4000000000000004,-0.8600000000000001,28.0,-0.040000000000000036,H,AlphaHelix,-61.829999999999984,-59.75999999999999,47.0,2.0,0.0,False,False,False,False,True,False,55.555815915240146,-64.0,82.0,14.434102224020556,5.4833322787917345,10.609526093749128,40.439998626708984,1.6650776123582791,0.089
1276,MXF,4.0,2.0,R,HIGH,gyrA,90.0,gyrA_A90V,R,0.5555555555555556,A,A90V,51.400000000000006,2.4000000000000004,-0.8600000000000001,28.0,-0.040000000000000036,H,AlphaHelix,-61.829999999999984,-59.75999999999999,47.0,2.0,0.0,False,False,False,False,True,False,55.555815915240146,-64.0,82.0,14.434102224020556,5.4833322787917345,10.609526093749128,40.439998626708984,1.6650776123582791,0.089
1277,MXF,2.0,1.0,R,HIGH,gyrA,94.0,gyrA_D94G,R,0.8189233278955954,A,D94G,-50.99999999999999,3.1,-1.2700000000000002,-58.0,3.1999999999999997,H,AlphaHelix,-58.04000000000002,-41.610000000000014,97.4,1.0,1.0,False,False,False,False,True,False,88.1550888450658,63.0,80.0,18.4946885503575,7.838828370247936,14.503317804823576,46.65999984741211,1.7333416145382428,-0.873
1278,MXF,0.5,-1.0,S,HIGH,gyrA,90.0,gyrA_A90V,R,0.5555555555555556,A,A90V,51.400000000000006,2.4000000000000004,-0.8600000000000001,28.0,-0.040000000000000036,H,AlphaHelix,-61.829999999999984,-59.75999999999999,47.0,2.0,0.0,False,False,False,False,True,False,55.555815915240146,-64.0,82.0,14.434102224020556,5.4833322787917345,10.609526093749128,40.439998626708984,1.6650776123582791,0.089
1279,MXF,0.12,-3.06,S,HIGH,gyrB,498.0,gyrB_K498N,S,1.0,B,K498N,-54.5,0.3999999999999999,-1.3800000000000001,-14.099999999999994,-4.33,H,AlphaHelix,-79.17000000000002,-22.279999999999973,160.5,0.0,2.0,False,False,False,False,True,False,157.0382532018624,-32.0,66.0,25.524709659540587,21.579284203666678,16.38698961523451,79.08999633789062,1.5608772644223448,-0.341
1280,MXF,2.0,1.0,R,HIGH,gyrA,94.0,gyrA_D94G,R,0.8189233278955954,A,D94G,-50.99999999999999,3.1,-1.2700000000000002,-58.0,3.1999999999999997,H,AlphaHelix,-58.04000000000002,-41.610000000000014,97.4,1.0,1.0,False,False,False,False,True,False,88.1550888450658,63.0,80.0,18.4946885503575,7.838828370247936,14.503317804823576,46.65999984741211,1.7333416145382428,-0.873
1281,MXF,1.0,0.0,S,HIGH,gyrA,94.0,gyrA_D94G,R,0.8189233278955954,A,D94G,-50.99999999999999,3.1,-1.2700000000000002,-58.0,3.1999999999999997,H,AlphaHelix,-58.04000000000002,-41.610000000000014,97.4,1.0,1.0,False,False,False,False,True,False,88.1550888450658,63.0,80.0,18.4946885503575,7.838828370247936,14.503317804823576,46.65999984741211,1.7333416145382428,-0.873
1282,MXF,4.0,2.0,R,HIGH,gyrB,501.0,gyrB_E501D,R,0.7857142857142857,B,E501D,-27.30000000000001,0.0,0.8,-14.0,-0.4500000000000002,H,AlphaHelix,-71.87,-38.54000000000002,13.6,2.0,0.0,False,False,False,False,True,False,15.369778026626971,78.0,85.0,18.005379610370586,18.103477446299912,11.656371379938307,63.0099983215332,2.23399611625198,-2.507
1283,MXF,0.25,-2.0,S,MEDIUM,gyrB,446.0,gyrB_R446C,S,0.9,B,R446C,-64.9,7.0,-0.78,-52.999999999999986,-5.6899999999999995,C,Coil,-102.64999999999998,-28.920000000000016,47.7,0.0,2.0,False,True,False,False,False,False,48.145590821945774,28.0,63.0,29.51837897988494,35.92512580140432,29.680615443555677,77.33999633789062,1.8834134115420547,-0.926
1284,MXF,4.0,2.0,R,HIGH,gyrA,91.0,gyrA_S91P,R,0.676923076923077,A,S91P,23.700000000000003,-0.8,-0.64,10.0,0.6200000000000001,H,AlphaHelix,-67.14999999999998,-27.149999999999977,64.8,1.0,0.0,False,False,False,False,True,False,65.22815545163408,63.0,80.0,13.712390715773491,5.3811257108513875,11.010229056369285,47.63999938964844,1.5284537092505912,-0.125
1285,MXF,4.0,2.0,R,MEDIUM,gyrA,90.0,gyrA_A90V,R,0.5555555555555556,A,A90V,51.400000000000006,2.4000000000000004,-0.8600000000000001,28.0,-0.040000000000000036,H,AlphaHelix,-61.829999999999984,-59.75999999999999,47.0,2.0,0.0,False,False,False,False,True,False,55.555815915240146,-64.0,82.0,14.434102224020556,5.4833322787917345,10.609526093749128,40.439998626708984,1.6650776123582791,0.089
1286,MXF,0.12,-3.06,S,MEDIUM,gyrA,293.0,gyrA_D293Y,S,1.0,A,D293Y,82.5,2.2,-2.18,48.099999999999994,2.89,H,AlphaHelix,-82.13999999999999,-34.31,126.8,0.0,1.0,False,False,False,False,True,False,114.02913860091242,-5.0,53.0,46.119334375604794,33.9041568251675,34.69553352827196,152.52000427246094,1.7006215976408623,-0.255
1287,MXF,4.0,2.0,R,HIGH,gyrA,94.0,gyrA_D94H,R,0.75,A,D94H,42.099999999999994,0.2999999999999998,-1.04,22.099999999999994,4.82,H,AlphaHelix,-58.04000000000002,-41.610000000000014,97.4,1.0,1.0,False,False,False,False,True,False,88.1550888450658,79.0,85.0,18.4946885503575,7.838828370247936,14.503317804823576,46.65999984741211,1.7333416145382428,-0.36
1288,MXF,0.25,-2.0,S,HIGH,gyrA,90.0,gyrA_A90V,R,0.5555555555555556,A,A90V,51.400000000000006,2.4000000000000004,-0.8600000000000001,28.0,-0.040000000000000036,H,AlphaHelix,-61.829999999999984,-59.75999999999999,47.0,2.0,0.0,False,False,False,False,True,False,55.555815915240146,-64.0,82.0,14.434102224020556,5.4833322787917345,10.609526093749128,40.439998626708984,1.6650776123582791,0.089
1289,MXF,>4,3.0,R,HIGH,gyrA,94.0,gyrA_D94G,R,0.8189233278955954,A,D94G,-50.99999999999999,3.1,-1.2700000000000002,-58.0,3.1999999999999997,H,AlphaHelix,-58.04000000000002,-41.610000000000014,97.4,1.0,1.0,False,False,False,False,True,False,88.1550888450658,63.0,80.0,18.4946885503575,7.838828370247936,14.503317804823576,46.65999984741211,1.7333416145382428,-0.873
1290,MXF,,,,HIGH,gyrA,199.0,gyrA_D199Y,,1.0,A,D199Y,82.5,2.2,-2.18,48.099999999999994,2.89,H,AlphaHelix,-61.24000000000001,-40.0,78.0,1.0,2.0,False,False,False,False,True,False,66.40705958545206,32.0,66.0,44.21283468610246,39.90996476666559,45.62064793784441,68.8499984741211,1.7318675046802186,-0.502
1291,MXF,>4,3.0,R,HIGH,gyrA,94.0,gyrA_D94G,R,0.8189233278955954,A,D94G,-50.99999999999999,3.1,-1.2700000000000002,-58.0,3.1999999999999997,H,AlphaHelix,-58.04000000000002,-41.610000000000014,97.4,1.0,1.0,False,False,False,False,True,False,88.1550888450658,63.0,80.0,18.4946885503575,7.838828370247936,14.503317804823576,46.65999984741211,1.7333416145382428,-0.873
1292,MXF,0.5,-1.0,S,HIGH,gyrB,486.0,gyrB_I486V,S,1.0,B,I486V,-26.69999999999999,-0.2999999999999998,0.28,-14.099999999999994,-0.05999999999999961,C,Coil,-69.07,136.4,22.8,0.0,0.0,False,True,False,False,False,False,25.473442000512783,-9.0,53.0,17.48924325609163,17.387895577243793,13.030836108928902,60.72999954223633,2.100479814218731,-0.121
1293,MXF,0.5,-1.0,S,MEDIUM,gyrA,90.0,gyrA_A90V,R,0.5555555555555556,A,A90V,51.400000000000006,2.4000000000000004,-0.8600000000000001,28.0,-0.040000000000000036,H,AlphaHelix,-61.829999999999984,-59.75999999999999,47.0,2.0,0.0,False,False,False,False,True,False,55.555815915240146,-64.0,82.0,14.434102224020556,5.4833322787917345,10.609526093749128,40.439998626708984,1.6650776123582791,0.089
1294,MXF,2.0,1.0,R,HIGH,gyrA,90.0,gyrA_A90V,R,0.5555555555555556,A,A90V,51.400000000000006,2.4000000000000004,-0.8600000000000001,28.0,-0.040000000000000036,H,AlphaHelix,-61.829999999999984,-59.75999999999999,47.0,2.0,0.0,False,False,False,False,True,False,55.555815915240146,-64.0,82.0,14.434102224020556,5.4833322787917345,10.609526093749128,40.439998626708984,1.6650776123582791,0.089
1295,MXF,4.0,2.0,R,HIGH,gyrA,94.0,gyrA_D94G,R,0.8189233278955954,A,D94G,-50.99999999999999,3.1,-1.2700000000000002,-58.0,3.1999999999999997,H,AlphaHelix,-58.04000000000002,-41.610000000000014,97.4,1.0,1.0,False,False,False,False,True,False,88.1550888450658,63.0,80.0,18.4946885503575,7.838828370247936,14.503317804823576,46.65999984741211,1.7333416145382428,-0.873
1296,MXF,4.0,2.0,R,HIGH,gyrA,94.0,gyrA_D94G,R,0.8189233278955954,A,D94G,-50.99999999999999,3.1,-1.2700000000000002,-58.0,3.1999999999999997,H,AlphaHelix,-58.04000000000002,-41.610000000000014,97.4,1.0,1.0,False,False,False,False,True,False,88.1550888450658,63.0,80.0,18.4946885503575,7.838828370247936,14.503317804823576,46.65999984741211,1.7333416145382428,-0.873
1297,MXF,>4,3.0,R,HIGH,gyrA,90.0,gyrA_A90V,R,0.5555555555555556,A,A90V,51.400000000000006,2.4000000000000004,-0.8600000000000001,28.0,-0.040000000000000036,H,AlphaHelix,-61.829999999999984,-59.75999999999999,47.0,2.0,0.0,False,False,False,False,True,False,55.555815915240146,-64.0,82.0,14.434102224020556,5.4833322787917345,10.609526093749128,40.439998626708984,1.6650776123582791,0.089
1298,MXF,0.12,-3.06,S,HIGH,gyrA,267.0,gyrA_T267I,S,0.9166666666666666,A,T267I,50.599999999999994,5.2,-0.92,12.099999999999994,0.41999999999999993,E,Strand,-110.84,147.57,41.6,1.0,0.0,False,False,True,False,False,False,44.1202990107675,-63.0,82.0,57.41807769187446,43.77226482698894,47.65815783374425,101.37999725341797,1.7631484448394852,-0.037
1299,MXF,>4,3.0,R,HIGH,gyrA,94.0,gyrA_D94A,R,0.5232558139534884,A,D94A,-22.5,5.3,-2.08,-44.0,3.23,H,AlphaHelix,-58.04000000000002,-41.610000000000014,97.4,1.0,1.0,False,False,False,False,True,False,88.1550888450658,46.0,71.0,18.4946885503575,7.838828370247936,14.503317804823576,46.65999984741211,1.7333416145382428,-0.421
1300,MXF,0.12,-3.06,S,MEDIUM,gyrB,575.0,gyrB_R575H,S,1.0,B,R575H,-20.200000000000017,1.2999999999999998,0.3700000000000001,-19.0,-3.17,T,Turn,-120.16,-30.30000000000001,242.0,0.0,0.0,False,False,False,False,False,True,239.63741200348562,16.0,59.0,30.96580126290871,42.77069317524258,41.55315264548222,96.72000122070312,1.5111154341675028,-0.183
1301,MXF,0.5,-1.0,S,HIGH,gyrA,228.0,gyrA_F228L,S,1.0,A,F228L,-23.200000000000017,1.0,-0.10999999999999999,-34.0,0.5,T,Turn,-81.70999999999998,144.75,2.0,1.0,0.0,False,False,False,False,False,True,1.6353764795424408,38.0,66.0,35.601669337202736,26.406789624369114,32.0917489994281,51.34000015258789,5.398727701767058,-1.55
1302,MXF,0.12,-3.06,S,MEDIUM,gyrA,154.0,gyrA_P154R,S,1.0,A,P154R,60.7,-2.9,1.31,59.099999999999994,4.46,E,Strand,-63.26999999999998,149.75,74.5,0.0,0.0,False,False,True,False,False,False,79.18597057272785,41.0,71.0,19.118048030681603,27.697803616910868,30.165253260701736,57.20000076293945,1.6282709707753908,-0.523
1303,MXF,2.0,1.0,R,HIGH,gyrB,618.0,gyrB_A618D,R,1.0,B,A618D,22.5,-5.3,2.08,44.0,-3.23,H,AlphaHelix,-63.31999999999999,-49.01999999999998,12.1,2.0,0.0,False,False,False,False,True,False,13.710547726172843,21.0,63.0,17.146486054827157,26.649758006854103,22.877368075475225,59.720001220703125,2.1786271067645333,-2.242
1304,MXF,>4,3.0,R,HIGH,gyrA,94.0,gyrA_D94H,R,0.75,A,D94H,42.099999999999994,0.2999999999999998,-1.04,22.099999999999994,4.82,H,AlphaHelix,-58.04000000000002,-41.610000000000014,97.4,1.0,1.0,False,False,False,False,True,False,88.1550888450658,79.0,85.0,18.4946885503575,7.838828370247936,14.503317804823576,46.65999984741211,1.7333416145382428,-0.36
1305,MXF,0.12,-3.06,S,MEDIUM,gyrA,70.0,gyrA_H70R,S,1.0,A,H70R,20.200000000000017,-1.2999999999999998,-0.3700000000000001,19.0,3.17,C,Coil,-59.51999999999998,128.85,16.2,0.0,0.0,False,True,False,False,False,False,24.13581762131507,37.0,66.0,31.12892187119818,23.95682107438726,30.062338536737798,49.150001525878906,2.048282247440886,-0.753
1306,MXF,>4,3.0,R,HIGH,gyrA,94.0,gyrA_D94G,R,0.8189233278955954,A,D94G,-50.99999999999999,3.1,-1.2700000000000002,-58.0,3.1999999999999997,H,AlphaHelix,-58.04000000000002,-41.610000000000014,97.4,1.0,1.0,False,False,False,False,True,False,88.1550888450658,63.0,80.0,18.4946885503575,7.838828370247936,14.503317804823576,46.65999984741211,1.7333416145382428,-0.873
1307,MXF,4.0,2.0,R,HIGH,gyrA,91.0,gyrA_S91P,R,0.676923076923077,A,S91P,23.700000000000003,-0.8,-0.64,10.0,0.6200000000000001,H,AlphaHelix,-67.14999999999998,-27.149999999999977,64.8,1.0,0.0,False,False,False,False,True,False,65.22815545163408,63.0,80.0,13.712390715773491,5.3811257108513875,11.010229056369285,47.63999938964844,1.5284537092505912,-0.125
1308,MXF,0.5,-1.0,S,MEDIUM,gyrA,90.0,gyrA_A90V,R,0.5555555555555556,A,A90V,51.400000000000006,2.4000000000000004,-0.8600000000000001,28.0,-0.040000000000000036,H,AlphaHelix,-61.829999999999984,-59.75999999999999,47.0,2.0,0.0,False,False,False,False,True,False,55.555815915240146,-64.0,82.0,14.434102224020556,5.4833322787917345,10.609526093749128,40.439998626708984,1.6650776123582791,0.089
1309,MXF,1.0,0.0,S,HIGH,gyrA,289.0,gyrA_E289D,S,1.0,A,E289D,-27.30000000000001,0.0,0.8,-14.0,-0.4500000000000002,H,AlphaHelix,-68.97000000000003,-25.670000000000016,90.5,1.0,1.0,False,False,False,False,True,False,78.18165218628893,-97.0,97.0,41.594902191110975,28.63979417214039,30.236829387264446,105.55999755859375,1.8511387706127942,-0.205
1310,MXF,4.0,2.0,R,HIGH,gyrA,94.0,gyrA_D94G,R,0.8189233278955954,A,D94G,-50.99999999999999,3.1,-1.2700000000000002,-58.0,3.1999999999999997,H,AlphaHelix,-58.04000000000002,-41.610000000000014,97.4,1.0,1.0,False,False,False,False,True,False,88.1550888450658,63.0,80.0,18.4946885503575,7.838828370247936,14.503317804823576,46.65999984741211,1.7333416145382428,-0.873
1311,MXF,0.25,-2.0,S,HIGH,gyrA,214.0,gyrA_E214D,S,1.0,A,E214D,-27.30000000000001,0.0,0.8,-14.0,-0.4500000000000002,H,AlphaHelix,-63.23000000000002,-43.329999999999984,91.0,1.0,0.0,False,False,False,False,True,False,82.85605534362828,-82.0,93.0,47.85254285639506,46.34644026805157,50.71129886328895,71.18000030517578,1.677528436735948,-0.413
1312,MXF,0.12,-3.06,S,HIGH,gyrB,575.0,gyrB_R575H,S,1.0,B,R575H,-20.200000000000017,1.2999999999999998,0.3700000000000001,-19.0,-3.17,T,Turn,-120.16,-30.30000000000001,242.0,0.0,0.0,False,False,False,False,False,True,239.63741200348562,16.0,59.0,30.96580126290871,42.77069317524258,41.55315264548222,96.72000122070312,1.5111154341675028,-0.183
1313,MXF,1.0,0.0,S,MEDIUM,gyrA,94.0,gyrA_D94A,R,0.5232558139534884,A,D94A,-22.5,5.3,-2.08,-44.0,3.23,H,AlphaHelix,-58.04000000000002,-41.610000000000014,97.4,1.0,1.0,False,False,False,False,True,False,88.1550888450658,46.0,71.0,18.4946885503575,7.838828370247936,14.503317804823576,46.65999984741211,1.7333416145382428,-0.421
1314,MXF,>4,3.0,R,HIGH,gyrA,88.0,gyrA_G88C,R,0.9090909090909091,A,G88C,48.4,2.9,-0.9199999999999999,46.10000000000001,-0.8999999999999995,C,Coil,-77.02999999999997,152.43,8.6,0.0,0.0,False,True,False,False,False,False,9.936179450376525,50.0,75.0,9.426612506997063,8.72870415742702,11.188927476312779,57.560001373291016,1.9098223702260209,-0.725
1315,MXF,0.5,-1.0,S,MEDIUM,gyrA,94.0,gyrA_D94N,R,0.8235294117647058,A,D94N,3.0,0.0,-1.9800000000000002,-1.0,2.64,H,AlphaHelix,-58.04000000000002,-41.610000000000014,97.4,1.0,1.0,False,False,False,False,True,False,88.1550888450658,56.0,75.0,18.4946885503575,7.838828370247936,14.503317804823576,46.65999984741211,1.7333416145382428,-0.347
1316,MXF,0.12,-3.06,S,MEDIUM,gyrA,94.0,gyrA_D94G,R,0.8189233278955954,A,D94G,-50.99999999999999,3.1,-1.2700000000000002,-58.0,3.1999999999999997,H,AlphaHelix,-58.04000000000002,-41.610000000000014,97.4,1.0,1.0,False,False,False,False,True,False,88.1550888450658,63.0,80.0,18.4946885503575,7.838828370247936,14.503317804823576,46.65999984741211,1.7333416145382428,-0.873
1317,MXF,4.0,2.0,R,HIGH,gyrA,94.0,gyrA_D94G,R,0.8189233278955954,A,D94G,-50.99999999999999,3.1,-1.2700000000000002,-58.0,3.1999999999999997,H,AlphaHelix,-58.04000000000002,-41.610000000000014,97.4,1.0,1.0,False,False,False,False,True,False,88.1550888450658,63.0,80.0,18.4946885503575,7.838828370247936,14.503317804823576,46.65999984741211,1.7333416145382428,-0.873
1318,MXF,>4,3.0,R,HIGH,gyrA,94.0,gyrA_D94N,R,0.8235294117647058,A,D94N,3.0,0.0,-1.9800000000000002,-1.0,2.64,H,AlphaHelix,-58.04000000000002,-41.610000000000014,97.4,1.0,1.0,False,False,False,False,True,False,88.1550888450658,56.0,75.0,18.4946885503575,7.838828370247936,14.503317804823576,46.65999984741211,1.7333416145382428,-0.347
1319,MXF,>4,3.0,R,HIGH,gyrA,94.0,gyrA_D94G,R,0.8189233278955954,A,D94G,-50.99999999999999,3.1,-1.2700000000000002,-58.0,3.1999999999999997,H,AlphaHelix,-58.04000000000002,-41.610000000000014,97.4,1.0,1.0,False,False,False,False,True,False,88.1550888450658,63.0,80.0,18.4946885503575,7.838828370247936,14.503317804823576,46.65999984741211,1.7333416145382428,-0.873
1320,MXF,2.0,1.0,R,MEDIUM,gyrA,94.0,gyrA_D94G,R,0.8189233278955954,A,D94G,-50.99999999999999,3.1,-1.2700000000000002,-58.0,3.1999999999999997,H,AlphaHelix,-58.04000000000002,-41.610000000000014,97.4,1.0,1.0,False,False,False,False,True,False,88.1550888450658,63.0,80.0,18.4946885503575,7.838828370247936,14.503317804823576,46.65999984741211,1.7333416145382428,-0.873
1321,MXF,2.0,1.0,R,HIGH,gyrA,94.0,gyrA_D94G,R,0.8189233278955954,A,D94G,-50.99999999999999,3.1,-1.2700000000000002,-58.0,3.1999999999999997,H,AlphaHelix,-58.04000000000002,-41.610000000000014,97.4,1.0,1.0,False,False,False,False,True,False,88.1550888450658,63.0,80.0,18.4946885503575,7.838828370247936,14.503317804823576,46.65999984741211,1.7333416145382428,-0.873
1322,MXF,>4,3.0,R,HIGH,gyrA,94.0,gyrA_D94Y,R,0.847457627118644,A,D94Y,82.5,2.2,-2.18,48.099999999999994,2.89,H,AlphaHelix,-58.04000000000002,-41.610000000000014,97.4,1.0,1.0,False,False,False,False,True,False,88.1550888450658,81.0,91.0,18.4946885503575,7.838828370247936,14.503317804823576,46.65999984741211,1.7333416145382428,-0.376
1323,MXF,4.0,2.0,R,MEDIUM,gyrA,90.0,gyrA_A90V,R,0.5555555555555556,A,A90V,51.400000000000006,2.4000000000000004,-0.8600000000000001,28.0,-0.040000000000000036,H,AlphaHelix,-61.829999999999984,-59.75999999999999,47.0,2.0,0.0,False,False,False,False,True,False,55.555815915240146,-64.0,82.0,14.434102224020556,5.4833322787917345,10.609526093749128,40.439998626708984,1.6650776123582791,0.089
1324,MXF,<=0.06,-4.06,S,MEDIUM,gyrA,94.0,gyrA_D94N,R,0.8235294117647058,A,D94N,3.0,0.0,-1.9800000000000002,-1.0,2.64,H,AlphaHelix,-58.04000000000002,-41.610000000000014,97.4,1.0,1.0,False,False,False,False,True,False,88.1550888450658,56.0,75.0,18.4946885503575,7.838828370247936,14.503317804823576,46.65999984741211,1.7333416145382428,-0.347
1325,MXF,0.5,-1.0,S,HIGH,gyrA,94.0,gyrA_D94A,R,0.5232558139534884,A,D94A,-22.5,5.3,-2.08,-44.0,3.23,H,AlphaHelix,-58.04000000000002,-41.610000000000014,97.4,1.0,1.0,False,False,False,False,True,False,88.1550888450658,46.0,71.0,18.4946885503575,7.838828370247936,14.503317804823576,46.65999984741211,1.7333416145382428,-0.421
1326,MXF,>4,3.0,R,HIGH,gyrA,94.0,gyrA_D94N,R,0.8235294117647058,A,D94N,3.0,0.0,-1.9800000000000002,-1.0,2.64,H,AlphaHelix,-58.04000000000002,-41.610000000000014,97.4,1.0,1.0,False,False,False,False,True,False,88.1550888450658,56.0,75.0,18.4946885503575,7.838828370247936,14.503317804823576,46.65999984741211,1.7333416145382428,-0.347
1327,MXF,4.0,2.0,R,HIGH,gyrA,90.0,gyrA_A90V,R,0.5555555555555556,A,A90V,51.400000000000006,2.4000000000000004,-0.8600000000000001,28.0,-0.040000000000000036,H,AlphaHelix,-61.829999999999984,-59.75999999999999,47.0,2.0,0.0,False,False,False,False,True,False,55.555815915240146,-64.0,82.0,14.434102224020556,5.4833322787917345,10.609526093749128,40.439998626708984,1.6650776123582791,0.089
1328,MXF,4.0,2.0,R,HIGH,gyrA,94.0,gyrA_D94A,R,0.5232558139534884,A,D94A,-22.5,5.3,-2.08,-44.0,3.23,H,AlphaHelix,-58.04000000000002,-41.610000000000014,97.4,1.0,1.0,False,False,False,False,True,False,88.1550888450658,46.0,71.0,18.4946885503575,7.838828370247936,14.503317804823576,46.65999984741211,1.7333416145382428,-0.421
1329,MXF,>4,3.0,R,MEDIUM,gyrA,94.0,gyrA_D94N,R,0.8235294117647058,A,D94N,3.0,0.0,-1.9800000000000002,-1.0,2.64,H,AlphaHelix,-58.04000000000002,-41.610000000000014,97.4,1.0,1.0,False,False,False,False,True,False,88.1550888450658,56.0,75.0,18.4946885503575,7.838828370247936,14.503317804823576,46.65999984741211,1.7333416145382428,-0.347
1330,MXF,0.25,-2.0,S,HIGH,gyrA,94.0,gyrA_D94G,R,0.8189233278955954,A,D94G,-50.99999999999999,3.1,-1.2700000000000002,-58.0,3.1999999999999997,H,AlphaHelix,-58.04000000000002,-41.610000000000014,97.4,1.0,1.0,False,False,False,False,True,False,88.1550888450658,63.0,80.0,18.4946885503575,7.838828370247936,14.503317804823576,46.65999984741211,1.7333416145382428,-0.873
1331,MXF,>4,3.0,R,HIGH,gyrA,88.0,gyrA_G88C,R,0.9090909090909091,A,G88C,48.4,2.9,-0.9199999999999999,46.10000000000001,-0.8999999999999995,C,Coil,-77.02999999999997,152.43,8.6,0.0,0.0,False,True,False,False,False,False,9.936179450376525,50.0,75.0,9.426612506997063,8.72870415742702,11.188927476312779,57.560001373291016,1.9098223702260209,-0.725
1332,MXF,0.12,-3.06,S,HIGH,gyrA,119.0,gyrA_P119L,S,1.0,A,P119L,53.999999999999986,5.4,-0.37999999999999995,16.099999999999994,-0.3199999999999994,T,Turn,-64.10000000000002,-12.670000000000016,42.0,1.0,0.0,False,False,False,False,False,True,45.74417741276338,21.0,63.0,31.855977462881793,18.468967439656993,24.067909391281553,61.970001220703125,1.6752480855796388,-0.891
1333,MXF,4.0,2.0,R,HIGH,gyrA,91.0,gyrA_S91P,R,0.676923076923077,A,S91P,23.700000000000003,-0.8,-0.64,10.0,0.6200000000000001,H,AlphaHelix,-67.14999999999998,-27.149999999999977,64.8,1.0,0.0,False,False,False,False,True,False,65.22815545163408,63.0,80.0,13.712390715773491,5.3811257108513875,11.010229056369285,47.63999938964844,1.5284537092505912,-0.125
1334,MXF,>4,3.0,R,HIGH,gyrA,94.0,gyrA_D94G,R,0.8189233278955954,A,D94G,-50.99999999999999,3.1,-1.2700000000000002,-58.0,3.1999999999999997,H,AlphaHelix,-58.04000000000002,-41.610000000000014,97.4,1.0,1.0,False,False,False,False,True,False,88.1550888450658,63.0,80.0,18.4946885503575,7.838828370247936,14.503317804823576,46.65999984741211,1.7333416145382428,-0.873
1335,MXF,1.0,0.0,S,HIGH,gyrA,90.0,gyrA_A90V,R,0.5555555555555556,A,A90V,51.400000000000006,2.4000000000000004,-0.8600000000000001,28.0,-0.040000000000000036,H,AlphaHelix,-61.829999999999984,-59.75999999999999,47.0,2.0,0.0,False,False,False,False,True,False,55.555815915240146,-64.0,82.0,14.434102224020556,5.4833322787917345,10.609526093749128,40.439998626708984,1.6650776123582791,0.089
1336,MXF,4.0,2.0,R,HIGH,gyrA,90.0,gyrA_A90V,R,0.5555555555555556,A,A90V,51.400000000000006,2.4000000000000004,-0.8600000000000001,28.0,-0.040000000000000036,H,AlphaHelix,-61.829999999999984,-59.75999999999999,47.0,2.0,0.0,False,False,False,False,True,False,55.555815915240146,-64.0,82.0,14.434102224020556,5.4833322787917345,10.609526093749128,40.439998626708984,1.6650776123582791,0.089
1337,MXF,4.0,2.0,R,HIGH,gyrA,90.0,gyrA_A90V,R,0.5555555555555556,A,A90V,51.400000000000006,2.4000000000000004,-0.8600000000000001,28.0,-0.040000000000000036,H,AlphaHelix,-61.829999999999984,-59.75999999999999,47.0,2.0,0.0,False,False,False,False,True,False,55.555815915240146,-64.0,82.0,14.434102224020556,5.4833322787917345,10.609526093749128,40.439998626708984,1.6650776123582791,0.089
1338,MXF,0.25,-2.0,S,HIGH,gyrB,457.0,gyrB_V457L,S,0.75,B,V457L,26.69999999999999,-0.40000000000000036,-0.15999999999999992,14.099999999999994,0.020000000000000462,E,Strand,-84.48000000000002,110.62,5.5,1.0,1.0,False,False,True,False,False,False,4.051828439596724,-24.0,61.0,14.823035431103666,22.984164761231234,17.10397090010668,47.4900016784668,6.9560192905350995,1.189
1339,MXF,1.0,0.0,S,HIGH,gyrA,89.0,gyrA_D89N,R,0.7142857142857143,A,D89N,3.0,0.0,-1.9800000000000002,-1.0,2.64,H,AlphaHelix,-67.79000000000002,-35.15999999999997,27.1,1.0,0.0,False,False,False,False,True,False,24.84916086555452,54.0,75.0,13.15472132034126,8.939840896240382,12.899553368087723,49.52000045776367,2.2988834846000192,-0.812
1340,MXF,2.0,1.0,R,HIGH,gyrA,90.0,gyrA_A90V,R,0.5555555555555556,A,A90V,51.400000000000006,2.4000000000000004,-0.8600000000000001,28.0,-0.040000000000000036,H,AlphaHelix,-61.829999999999984,-59.75999999999999,47.0,2.0,0.0,False,False,False,False,True,False,55.555815915240146,-64.0,82.0,14.434102224020556,5.4833322787917345,10.609526093749128,40.439998626708984,1.6650776123582791,0.089
1341,MXF,1.0,0.0,S,HIGH,gyrA,90.0,gyrA_A90V,R,0.5555555555555556,A,A90V,51.400000000000006,2.4000000000000004,-0.8600000000000001,28.0,-0.040000000000000036,H,AlphaHelix,-61.829999999999984,-59.75999999999999,47.0,2.0,0.0,False,False,False,False,True,False,55.555815915240146,-64.0,82.0,14.434102224020556,5.4833322787917345,10.609526093749128,40.439998626708984,1.6650776123582791,0.089
1342,MXF,4.0,2.0,R,HIGH,gyrA,94.0,gyrA_D94G,R,0.8189233278955954,A,D94G,-50.99999999999999,3.1,-1.2700000000000002,-58.0,3.1999999999999997,H,AlphaHelix,-58.04000000000002,-41.610000000000014,97.4,1.0,1.0,False,False,False,False,True,False,88.1550888450658,63.0,80.0,18.4946885503575,7.838828370247936,14.503317804823576,46.65999984741211,1.7333416145382428,-0.873
1343,MXF,0.25,-2.0,S,HIGH,gyrA,94.0,gyrA_D94G,R,0.8189233278955954,A,D94G,-50.99999999999999,3.1,-1.2700000000000002,-58.0,3.1999999999999997,H,AlphaHelix,-58.04000000000002,-41.610000000000014,97.4,1.0,1.0,False,False,False,False,True,False,88.1550888450658,63.0,80.0,18.4946885503575,7.838828370247936,14.503317804823576,46.65999984741211,1.7333416145382428,-0.873
1344,MXF,2.0,1.0,R,HIGH,gyrA,90.0,gyrA_A90V,R,0.5555555555555556,A,A90V,51.400000000000006,2.4000000000000004,-0.8600000000000001,28.0,-0.040000000000000036,H,AlphaHelix,-61.829999999999984,-59.75999999999999,47.0,2.0,0.0,False,False,False,False,True,False,55.555815915240146,-64.0,82.0,14.434102224020556,5.4833322787917345,10.609526093749128,40.439998626708984,1.6650776123582791,0.089
1345,MXF,0.12,-3.06,S,MEDIUM,gyrA,94.0,gyrA_D94G,R,0.8189233278955954,A,D94G,-50.99999999999999,3.1,-1.2700000000000002,-58.0,3.1999999999999997,H,AlphaHelix,-58.04000000000002,-41.610000000000014,97.4,1.0,1.0,False,False,False,False,True,False,88.1550888450658,63.0,80.0,18.4946885503575,7.838828370247936,14.503317804823576,46.65999984741211,1.7333416145382428,-0.873
1346,MXF,2.0,1.0,R,HIGH,gyrA,94.0,gyrA_D94G,R,0.8189233278955954,A,D94G,-50.99999999999999,3.1,-1.2700000000000002,-58.0,3.1999999999999997,H,AlphaHelix,-58.04000000000002,-41.610000000000014,97.4,1.0,1.0,False,False,False,False,True,False,88.1550888450658,63.0,80.0,18.4946885503575,7.838828370247936,14.503317804823576,46.65999984741211,1.7333416145382428,-0.873
1347,MXF,2.0,1.0,R,HIGH,gyrA,90.0,gyrA_A90V,R,0.5555555555555556,A,A90V,51.400000000000006,2.4000000000000004,-0.8600000000000001,28.0,-0.040000000000000036,H,AlphaHelix,-61.829999999999984,-59.75999999999999,47.0,2.0,0.0,False,False,False,False,True,False,55.555815915240146,-64.0,82.0,14.434102224020556,5.4833322787917345,10.609526093749128,40.439998626708984,1.6650776123582791,0.089
1348,MXF,>4,3.0,R,HIGH,gyrA,94.0,gyrA_D94G,R,0.8189233278955954,A,D94G,-50.99999999999999,3.1,-1.2700000000000002,-58.0,3.1999999999999997,H,AlphaHelix,-58.04000000000002,-41.610000000000014,97.4,1.0,1.0,False,False,False,False,True,False,88.1550888450658,63.0,80.0,18.4946885503575,7.838828370247936,14.503317804823576,46.65999984741211,1.7333416145382428,-0.873
1349,MXF,0.12,-3.06,S,HIGH,gyrA,90.0,gyrA_A90V,R,0.5555555555555556,A,A90V,51.400000000000006,2.4000000000000004,-0.8600000000000001,28.0,-0.040000000000000036,H,AlphaHelix,-61.829999999999984,-59.75999999999999,47.0,2.0,0.0,False,False,False,False,True,False,55.555815915240146,-64.0,82.0,14.434102224020556,5.4833322787917345,10.609526093749128,40.439998626708984,1.6650776123582791,0.089
1350,MXF,1.0,0.0,S,MEDIUM,gyrB,504.0,gyrB_A504V,S,0.6666666666666666,B,A504V,51.400000000000006,2.4000000000000004,-0.8600000000000001,28.0,-0.040000000000000036,H,AlphaHelix,-59.64999999999998,-42.079999999999984,10.1,1.0,2.0,False,False,False,False,True,False,11.414866074723719,5.0,53.0,21.169802031203538,22.5262580893872,15.850445728045397,54.0,2.050575642556502,-0.618
1351,MXF,,,,HIGH,gyrB,461.0,gyrB_D461N,S,0.8888888888888888,B,D461N,3.0,0.0,-1.9800000000000002,-1.0,2.64,H,AlphaHelix,-71.88999999999999,-39.93000000000001,81.7,1.0,0.0,False,False,False,False,True,False,75.64790414237022,36.0,66.0,11.848330371804606,15.309593699828135,10.195622879537305,64.79000091552734,1.5661131135005826,-0.266
1352,MXF,<=0.06,-4.06,S,HIGH,gyrB,526.0,gyrB_K526Q,S,1.0,B,K526Q,-24.799999999999983,0.3999999999999999,-1.62,0.0,-4.09,E,Strand,-131.07,113.53,54.1,1.0,0.0,False,False,True,False,False,False,50.172912107654724,47.0,71.0,23.588987139666717,33.32857742888527,27.423925932788926,67.94999694824219,2.157108657991182,-0.445
1353,MXF,4.0,2.0,R,HIGH,gyrA,94.0,gyrA_D94G,R,0.8189233278955954,A,D94G,-50.99999999999999,3.1,-1.2700000000000002,-58.0,3.1999999999999997,H,AlphaHelix,-58.04000000000002,-41.610000000000014,97.4,1.0,1.0,False,False,False,False,True,False,88.1550888450658,63.0,80.0,18.4946885503575,7.838828370247936,14.503317804823576,46.65999984741211,1.7333416145382428,-0.873
1354,MXF,0.12,-3.06,S,HIGH,gyrA,223.0,gyrA_V223I,S,1.0,A,V223I,26.69999999999999,0.2999999999999998,-0.28,14.099999999999994,0.05999999999999961,C,Coil,-86.38999999999999,98.73,0.6,0.0,1.0,False,True,False,False,False,False,0.6983986458148704,-96.0,97.0,41.918340020593185,36.60297567212203,41.898744808903835,48.58000183105469,3.980985694826388,0.627
1355,MXF,0.5,-1.0,S,HIGH,gyrA,90.0,gyrA_A90V,R,0.5555555555555556,A,A90V,51.400000000000006,2.4000000000000004,-0.8600000000000001,28.0,-0.040000000000000036,H,AlphaHelix,-61.829999999999984,-59.75999999999999,47.0,2.0,0.0,False,False,False,False,True,False,55.555815915240146,-64.0,82.0,14.434102224020556,5.4833322787917345,10.609526093749128,40.439998626708984,1.6650776123582791,0.089
1356,MXF,2.0,1.0,R,HIGH,gyrA,94.0,gyrA_D94G,R,0.8189233278955954,A,D94G,-50.99999999999999,3.1,-1.2700000000000002,-58.0,3.1999999999999997,H,AlphaHelix,-58.04000000000002,-41.610000000000014,97.4,1.0,1.0,False,False,False,False,True,False,88.1550888450658,63.0,80.0,18.4946885503575,7.838828370247936,14.503317804823576,46.65999984741211,1.7333416145382428,-0.873
1357,MXF,0.25,-2.0,S,HIGH,gyrA,289.0,gyrA_E289Q,S,1.0,A,E289Q,5.400000000000006,0.0,-1.4200000000000002,-0.9000000000000057,2.43,H,AlphaHelix,-68.97000000000003,-25.670000000000016,90.5,1.0,1.0,False,False,False,False,True,False,78.18165218628893,-83.0,93.0,41.594902191110975,28.63979417214039,30.236829387264446,105.55999755859375,1.8511387706127942,-0.084
1358,MXF,0.25,-2.0,S,HIGH,gyrA,193.0,gyrA_N193S,S,1.0,A,N193S,-25.099999999999994,2.7,-0.09999999999999998,-27.0,0.2699999999999996,C,Coil,-78.75,123.63,5.4,2.0,0.0,False,True,False,False,False,False,3.9785882839510753,-22.0,61.0,38.56834762344578,31.614916234348744,37.544471341104654,50.119998931884766,3.1142630176941593,-1.229
1359,MXF,1.0,0.0,S,MEDIUM,gyrA,94.0,gyrA_D94G,R,0.8189233278955954,A,D94G,-50.99999999999999,3.1,-1.2700000000000002,-58.0,3.1999999999999997,H,AlphaHelix,-58.04000000000002,-41.610000000000014,97.4,1.0,1.0,False,False,False,False,True,False,88.1550888450658,63.0,80.0,18.4946885503575,7.838828370247936,14.503317804823576,46.65999984741211,1.7333416145382428,-0.873
1360,MXF,>4,3.0,R,MEDIUM,gyrA,94.0,gyrA_D94G,R,0.8189233278955954,A,D94G,-50.99999999999999,3.1,-1.2700000000000002,-58.0,3.1999999999999997,H,AlphaHelix,-58.04000000000002,-41.610000000000014,97.4,1.0,1.0,False,False,False,False,True,False,88.1550888450658,63.0,80.0,18.4946885503575,7.838828370247936,14.503317804823576,46.65999984741211,1.7333416145382428,-0.873
1361,MXF,>4,3.0,R,HIGH,gyrA,94.0,gyrA_D94N,R,0.8235294117647058,A,D94N,3.0,0.0,-1.9800000000000002,-1.0,2.64,H,AlphaHelix,-58.04000000000002,-41.610000000000014,97.4,1.0,1.0,False,False,False,False,True,False,88.1550888450658,56.0,75.0,18.4946885503575,7.838828370247936,14.503317804823576,46.65999984741211,1.7333416145382428,-0.347
1362,MXF,>4,3.0,R,HIGH,gyrA,94.0,gyrA_D94G,R,0.8189233278955954,A,D94G,-50.99999999999999,3.1,-1.2700000000000002,-58.0,3.1999999999999997,H,AlphaHelix,-58.04000000000002,-41.610000000000014,97.4,1.0,1.0,False,False,False,False,True,False,88.1550888450658,63.0,80.0,18.4946885503575,7.838828370247936,14.503317804823576,46.65999984741211,1.7333416145382428,-0.873
1363,MXF,4.0,2.0,R,MEDIUM,gyrA,94.0,gyrA_D94G,R,0.8189233278955954,A,D94G,-50.99999999999999,3.1,-1.2700000000000002,-58.0,3.1999999999999997,H,AlphaHelix,-58.04000000000002,-41.610000000000014,97.4,1.0,1.0,False,False,False,False,True,False,88.1550888450658,63.0,80.0,18.4946885503575,7.838828370247936,14.503317804823576,46.65999984741211,1.7333416145382428,-0.873
1364,MXF,2.0,1.0,R,HIGH,gyrA,94.0,gyrA_D94G,R,0.8189233278955954,A,D94G,-50.99999999999999,3.1,-1.2700000000000002,-58.0,3.1999999999999997,H,AlphaHelix,-58.04000000000002,-41.610000000000014,97.4,1.0,1.0,False,False,False,False,True,False,88.1550888450658,63.0,80.0,18.4946885503575,7.838828370247936,14.503317804823576,46.65999984741211,1.7333416145382428,-0.873
1365,MXF,>4,3.0,R,HIGH,gyrA,94.0,gyrA_D94G,R,0.8189233278955954,A,D94G,-50.99999999999999,3.1,-1.2700000000000002,-58.0,3.1999999999999997,H,AlphaHelix,-58.04000000000002,-41.610000000000014,97.4,1.0,1.0,False,False,False,False,True,False,88.1550888450658,63.0,80.0,18.4946885503575,7.838828370247936,14.503317804823576,46.65999984741211,1.7333416145382428,-0.873
1366,MXF,>4,3.0,R,HIGH,gyrA,94.0,gyrA_D94G,R,0.8189233278955954,A,D94G,-50.99999999999999,3.1,-1.2700000000000002,-58.0,3.1999999999999997,H,AlphaHelix,-58.04000000000002,-41.610000000000014,97.4,1.0,1.0,False,False,False,False,True,False,88.1550888450658,63.0,80.0,18.4946885503575,7.838828370247936,14.503317804823576,46.65999984741211,1.7333416145382428,-0.873
1367,MXF,0.5,-1.0,S,HIGH,gyrB,523.0,gyrB_R523H,S,1.0,B,R523H,-20.200000000000017,1.2999999999999998,0.3700000000000001,-19.0,-3.17,T,Turn,-88.64999999999998,-12.490000000000009,16.4,0.0,1.0,False,False,False,False,False,True,16.275337427440387,41.0,71.0,28.262484898911463,34.401978202954034,27.805883702192315,75.41999816894531,2.755643542746645,-2.341
1368,MXF,>4,3.0,R,MEDIUM,gyrA,94.0,gyrA_D94N,R,0.8235294117647058,A,D94N,3.0,0.0,-1.9800000000000002,-1.0,2.64,H,AlphaHelix,-58.04000000000002,-41.610000000000014,97.4,1.0,1.0,False,False,False,False,True,False,88.1550888450658,56.0,75.0,18.4946885503575,7.838828370247936,14.503317804823576,46.65999984741211,1.7333416145382428,-0.347
1369,MXF,<=0.06,-4.06,S,HIGH,gyrA,377.0,gyrA_T377I,S,1.0,A,T377I,50.599999999999994,5.2,-0.92,12.099999999999994,0.41999999999999993,H,AlphaHelix,-60.45999999999998,-42.18000000000001,2.0,1.0,1.0,False,False,False,False,True,False,2.296226438190095,28.0,63.0,40.94703321595036,43.43402042881499,48.36270169027231,59.95000076293945,2.4948907301929295,-0.633
1370,MXF,4.0,2.0,R,MEDIUM,gyrA,94.0,gyrA_D94G,R,0.8189233278955954,A,D94G,-50.99999999999999,3.1,-1.2700000000000002,-58.0,3.1999999999999997,H,AlphaHelix,-58.04000000000002,-41.610000000000014,97.4,1.0,1.0,False,False,False,False,True,False,88.1550888450658,63.0,80.0,18.4946885503575,7.838828370247936,14.503317804823576,46.65999984741211,1.7333416145382428,-0.873
1371,MXF,2.0,1.0,R,MEDIUM,gyrA,94.0,gyrA_D94G,R,0.8189233278955954,A,D94G,-50.99999999999999,3.1,-1.2700000000000002,-58.0,3.1999999999999997,H,AlphaHelix,-58.04000000000002,-41.610000000000014,97.4,1.0,1.0,False,False,False,False,True,False,88.1550888450658,63.0,80.0,18.4946885503575,7.838828370247936,14.503317804823576,46.65999984741211,1.7333416145382428,-0.873
1372,MXF,4.0,2.0,R,MEDIUM,gyrB,499.0,gyrB_N499D,R,1.0,B,N499D,-3.0,0.0,1.9800000000000002,1.0,-2.64,C,Coil,-66.65999999999997,120.5,43.0,2.0,2.0,False,True,False,False,False,False,40.44476788590575,53.0,75.0,21.727521249200905,18.74934841945492,13.214297718613494,62.86000061035156,2.0305274785868135,-0.309
1373,MXF,1.0,0.0,S,HIGH,gyrA,90.0,gyrA_A90V,R,0.5555555555555556,A,A90V,51.400000000000006,2.4000000000000004,-0.8600000000000001,28.0,-0.040000000000000036,H,AlphaHelix,-61.829999999999984,-59.75999999999999,47.0,2.0,0.0,False,False,False,False,True,False,55.555815915240146,-64.0,82.0,14.434102224020556,5.4833322787917345,10.609526093749128,40.439998626708984,1.6650776123582791,0.089
1374,MXF,2.0,1.0,R,HIGH,gyrA,94.0,gyrA_D94A,R,0.5232558139534884,A,D94A,-22.5,5.3,-2.08,-44.0,3.23,H,AlphaHelix,-58.04000000000002,-41.610000000000014,97.4,1.0,1.0,False,False,False,False,True,False,88.1550888450658,46.0,71.0,18.4946885503575,7.838828370247936,14.503317804823576,46.65999984741211,1.7333416145382428,-0.421
1375,MXF,>4,3.0,R,HIGH,gyrA,94.0,gyrA_D94G,R,0.8189233278955954,A,D94G,-50.99999999999999,3.1,-1.2700000000000002,-58.0,3.1999999999999997,H,AlphaHelix,-58.04000000000002,-41.610000000000014,97.4,1.0,1.0,False,False,False,False,True,False,88.1550888450658,63.0,80.0,18.4946885503575,7.838828370247936,14.503317804823576,46.65999984741211,1.7333416145382428,-0.873
1376,MXF,>4,3.0,R,MEDIUM,gyrA,94.0,gyrA_D94N,R,0.8235294117647058,A,D94N,3.0,0.0,-1.9800000000000002,-1.0,2.64,H,AlphaHelix,-58.04000000000002,-41.610000000000014,97.4,1.0,1.0,False,False,False,False,True,False,88.1550888450658,56.0,75.0,18.4946885503575,7.838828370247936,14.503317804823576,46.65999984741211,1.7333416145382428,-0.347
1377,MXF,0.5,-1.0,S,HIGH,gyrA,90.0,gyrA_A90V,R,0.5555555555555556,A,A90V,51.400000000000006,2.4000000000000004,-0.8600000000000001,28.0,-0.040000000000000036,H,AlphaHelix,-61.829999999999984,-59.75999999999999,47.0,2.0,0.0,False,False,False,False,True,False,55.555815915240146,-64.0,82.0,14.434102224020556,5.4833322787917345,10.609526093749128,40.439998626708984,1.6650776123582791,0.089
1378,MXF,1.0,0.0,S,HIGH,gyrA,90.0,gyrA_A90V,R,0.5555555555555556,A,A90V,51.400000000000006,2.4000000000000004,-0.8600000000000001,28.0,-0.040000000000000036,H,AlphaHelix,-61.829999999999984,-59.75999999999999,47.0,2.0,0.0,False,False,False,False,True,False,55.555815915240146,-64.0,82.0,14.434102224020556,5.4833322787917345,10.609526093749128,40.439998626708984,1.6650776123582791,0.089
1379,MXF,0.25,-2.0,S,MEDIUM,gyrA,94.0,gyrA_D94G,R,0.8189233278955954,A,D94G,-50.99999999999999,3.1,-1.2700000000000002,-58.0,3.1999999999999997,H,AlphaHelix,-58.04000000000002,-41.610000000000014,97.4,1.0,1.0,False,False,False,False,True,False,88.1550888450658,63.0,80.0,18.4946885503575,7.838828370247936,14.503317804823576,46.65999984741211,1.7333416145382428,-0.873
1380,MXF,4.0,2.0,R,HIGH,gyrB,457.0,gyrB_V457L,S,0.75,B,V457L,26.69999999999999,-0.40000000000000036,-0.15999999999999992,14.099999999999994,0.020000000000000462,E,Strand,-84.48000000000002,110.62,5.5,1.0,1.0,False,False,True,False,False,False,4.051828439596724,-24.0,61.0,14.823035431103666,22.984164761231234,17.10397090010668,47.4900016784668,6.9560192905350995,1.189
1381,MXF,0.25,-2.0,S,HIGH,gyrA,472.0,gyrA_P472S,S,0.9285714285714286,A,P472S,-23.700000000000003,0.8,0.64,-10.0,-0.6200000000000001,H,AlphaHelix,-59.70999999999998,-28.170000000000016,71.0,1.0,0.0,False,False,False,False,True,False,78.73791501370572,-68.0,82.0,46.44317945930904,48.133935316451236,53.0020285473169,69.8499984741211,1.6707895195538032,-1.116
1382,MXF,2.0,1.0,R,MEDIUM,gyrA,94.0,gyrA_D94G,R,0.8189233278955954,A,D94G,-50.99999999999999,3.1,-1.2700000000000002,-58.0,3.1999999999999997,H,AlphaHelix,-58.04000000000002,-41.610000000000014,97.4,1.0,1.0,False,False,False,False,True,False,88.1550888450658,63.0,80.0,18.4946885503575,7.838828370247936,14.503317804823576,46.65999984741211,1.7333416145382428,-0.873
1383,MXF,4.0,2.0,R,MEDIUM,gyrA,94.0,gyrA_D94G,R,0.8189233278955954,A,D94G,-50.99999999999999,3.1,-1.2700000000000002,-58.0,3.1999999999999997,H,AlphaHelix,-58.04000000000002,-41.610000000000014,97.4,1.0,1.0,False,False,False,False,True,False,88.1550888450658,63.0,80.0,18.4946885503575,7.838828370247936,14.503317804823576,46.65999984741211,1.7333416145382428,-0.873
1384,MXF,>4,3.0,R,HIGH,gyrB,446.0,gyrB_R446C,S,0.9,B,R446C,-64.9,7.0,-0.78,-52.999999999999986,-5.6899999999999995,C,Coil,-102.64999999999998,-28.920000000000016,47.7,0.0,2.0,False,True,False,False,False,False,48.145590821945774,28.0,63.0,29.51837897988494,35.92512580140432,29.680615443555677,77.33999633789062,1.8834134115420547,-0.926
1385,MXF,>4,3.0,R,MEDIUM,gyrA,90.0,gyrA_A90V,R,0.5555555555555556,A,A90V,51.400000000000006,2.4000000000000004,-0.8600000000000001,28.0,-0.040000000000000036,H,AlphaHelix,-61.829999999999984,-59.75999999999999,47.0,2.0,0.0,False,False,False,False,True,False,55.555815915240146,-64.0,82.0,14.434102224020556,5.4833322787917345,10.609526093749128,40.439998626708984,1.6650776123582791,0.089
1386,MXF,<=0.06,-4.06,S,HIGH,gyrB,564.0,gyrB_A564T,S,1.0,B,A564T,27.5,-2.5,-0.22000000000000003,30.0,-0.40000000000000036,E,Strand,-79.11000000000001,137.78,8.3,0.0,1.0,False,False,True,False,False,False,7.562810842939162,61.0,80.0,14.604569357448266,27.74494394858543,23.39705571599342,60.869998931884766,2.9689172820182628,-2.268
1387,MXF,4.0,2.0,R,HIGH,gyrA,94.0,gyrA_D94G,R,0.8189233278955954,A,D94G,-50.99999999999999,3.1,-1.2700000000000002,-58.0,3.1999999999999997,H,AlphaHelix,-58.04000000000002,-41.610000000000014,97.4,1.0,1.0,False,False,False,False,True,False,88.1550888450658,63.0,80.0,18.4946885503575,7.838828370247936,14.503317804823576,46.65999984741211,1.7333416145382428,-0.873
1388,MXF,4.0,2.0,R,MEDIUM,gyrA,94.0,gyrA_D94G,R,0.8189233278955954,A,D94G,-50.99999999999999,3.1,-1.2700000000000002,-58.0,3.1999999999999997,H,AlphaHelix,-58.04000000000002,-41.610000000000014,97.4,1.0,1.0,False,False,False,False,True,False,88.1550888450658,63.0,80.0,18.4946885503575,7.838828370247936,14.503317804823576,46.65999984741211,1.7333416145382428,-0.873
1389,MXF,2.0,1.0,R,MEDIUM,gyrA,90.0,gyrA_A90V,R,0.5555555555555556,A,A90V,51.400000000000006,2.4000000000000004,-0.8600000000000001,28.0,-0.040000000000000036,H,AlphaHelix,-61.829999999999984,-59.75999999999999,47.0,2.0,0.0,False,False,False,False,True,False,55.555815915240146,-64.0,82.0,14.434102224020556,5.4833322787917345,10.609526093749128,40.439998626708984,1.6650776123582791,0.089
1390,MXF,>4,3.0,R,HIGH,gyrA,94.0,gyrA_D94N,R,0.8235294117647058,A,D94N,3.0,0.0,-1.9800000000000002,-1.0,2.64,H,AlphaHelix,-58.04000000000002,-41.610000000000014,97.4,1.0,1.0,False,False,False,False,True,False,88.1550888450658,56.0,75.0,18.4946885503575,7.838828370247936,14.503317804823576,46.65999984741211,1.7333416145382428,-0.347
1391,MXF,4.0,2.0,R,HIGH,gyrA,88.0,gyrA_G88C,R,0.9090909090909091,A,G88C,48.4,2.9,-0.9199999999999999,46.10000000000001,-0.8999999999999995,C,Coil,-77.02999999999997,152.43,8.6,0.0,0.0,False,True,False,False,False,False,9.936179450376525,50.0,75.0,9.426612506997063,8.72870415742702,11.188927476312779,57.560001373291016,1.9098223702260209,-0.725
1392,MXF,0.5,-1.0,S,HIGH,gyrA,94.0,gyrA_D94A,R,0.5232558139534884,A,D94A,-22.5,5.3,-2.08,-44.0,3.23,H,AlphaHelix,-58.04000000000002,-41.610000000000014,97.4,1.0,1.0,False,False,False,False,True,False,88.1550888450658,46.0,71.0,18.4946885503575,7.838828370247936,14.503317804823576,46.65999984741211,1.7333416145382428,-0.421
1393,MXF,4.0,2.0,R,HIGH,gyrA,90.0,gyrA_A90V,R,0.5555555555555556,A,A90V,51.400000000000006,2.4000000000000004,-0.8600000000000001,28.0,-0.040000000000000036,H,AlphaHelix,-61.829999999999984,-59.75999999999999,47.0,2.0,0.0,False,False,False,False,True,False,55.555815915240146,-64.0,82.0,14.434102224020556,5.4833322787917345,10.609526093749128,40.439998626708984,1.6650776123582791,0.089
1394,MXF,4.0,2.0,R,HIGH,gyrA,94.0,gyrA_D94H,R,0.75,A,D94H,42.099999999999994,0.2999999999999998,-1.04,22.099999999999994,4.82,H,AlphaHelix,-58.04000000000002,-41.610000000000014,97.4,1.0,1.0,False,False,False,False,True,False,88.1550888450658,79.0,85.0,18.4946885503575,7.838828370247936,14.503317804823576,46.65999984741211,1.7333416145382428,-0.36
1395,MXF,>4,3.0,R,HIGH,gyrA,91.0,gyrA_S91P,R,0.676923076923077,A,S91P,23.700000000000003,-0.8,-0.64,10.0,0.6200000000000001,H,AlphaHelix,-67.14999999999998,-27.149999999999977,64.8,1.0,0.0,False,False,False,False,True,False,65.22815545163408,63.0,80.0,13.712390715773491,5.3811257108513875,11.010229056369285,47.63999938964844,1.5284537092505912,-0.125
1396,MXF,2.0,1.0,R,MEDIUM,gyrA,94.0,gyrA_D94Y,R,0.847457627118644,A,D94Y,82.5,2.2,-2.18,48.099999999999994,2.89,H,AlphaHelix,-58.04000000000002,-41.610000000000014,97.4,1.0,1.0,False,False,False,False,True,False,88.1550888450658,81.0,91.0,18.4946885503575,7.838828370247936,14.503317804823576,46.65999984741211,1.7333416145382428,-0.376
1397,MXF,>4,3.0,R,HIGH,gyrA,94.0,gyrA_D94G,R,0.8189233278955954,A,D94G,-50.99999999999999,3.1,-1.2700000000000002,-58.0,3.1999999999999997,H,AlphaHelix,-58.04000000000002,-41.610000000000014,97.4,1.0,1.0,False,False,False,False,True,False,88.1550888450658,63.0,80.0,18.4946885503575,7.838828370247936,14.503317804823576,46.65999984741211,1.7333416145382428,-0.873
1398,MXF,0.12,-3.06,S,HIGH,gyrA,90.0,gyrA_A90V,R,0.5555555555555556,A,A90V,51.400000000000006,2.4000000000000004,-0.8600000000000001,28.0,-0.040000000000000036,H,AlphaHelix,-61.829999999999984,-59.75999999999999,47.0,2.0,0.0,False,False,False,False,True,False,55.555815915240146,-64.0,82.0,14.434102224020556,5.4833322787917345,10.609526093749128,40.439998626708984,1.6650776123582791,0.089
1399,MXF,4.0,2.0,R,HIGH,gyrA,94.0,gyrA_D94G,R,0.8189233278955954,A,D94G,-50.99999999999999,3.1,-1.2700000000000002,-58.0,3.1999999999999997,H,AlphaHelix,-58.04000000000002,-41.610000000000014,97.4,1.0,1.0,False,False,False,False,True,False,88.1550888450658,63.0,80.0,18.4946885503575,7.838828370247936,14.503317804823576,46.65999984741211,1.7333416145382428,-0.873
1400,MXF,0.25,-2.0,S,HIGH,gyrA,242.0,gyrA_D242N,S,1.0,A,D242N,3.0,0.0,-1.9800000000000002,-1.0,2.64,H,AlphaHelix,-58.60000000000002,-45.670000000000016,54.7,3.0,1.0,False,False,False,False,True,False,50.56521966219834,-77.0,87.0,40.09496866230386,35.93595529943117,39.541146863570155,59.22999954223633,2.1153999584545593,-0.593
1401,MXF,2.0,1.0,R,MEDIUM,gyrB,499.0,gyrB_N499D,R,1.0,B,N499D,-3.0,0.0,1.9800000000000002,1.0,-2.64,C,Coil,-66.65999999999997,120.5,43.0,2.0,2.0,False,True,False,False,False,False,40.44476788590575,53.0,75.0,21.727521249200905,18.74934841945492,13.214297718613494,62.86000061035156,2.0305274785868135,-0.309
1402,MXF,4.0,2.0,R,HIGH,gyrA,94.0,gyrA_D94G,R,0.8189233278955954,A,D94G,-50.99999999999999,3.1,-1.2700000000000002,-58.0,3.1999999999999997,H,AlphaHelix,-58.04000000000002,-41.610000000000014,97.4,1.0,1.0,False,False,False,False,True,False,88.1550888450658,63.0,80.0,18.4946885503575,7.838828370247936,14.503317804823576,46.65999984741211,1.7333416145382428,-0.873
1403,MXF,>4,3.0,R,HIGH,gyrA,94.0,gyrA_D94G,R,0.8189233278955954,A,D94G,-50.99999999999999,3.1,-1.2700000000000002,-58.0,3.1999999999999997,H,AlphaHelix,-58.04000000000002,-41.610000000000014,97.4,1.0,1.0,False,False,False,False,True,False,88.1550888450658,63.0,80.0,18.4946885503575,7.838828370247936,14.503317804823576,46.65999984741211,1.7333416145382428,-0.873
1404,MXF,>4,3.0,R,HIGH,gyrA,94.0,gyrA_D94G,R,0.8189233278955954,A,D94G,-50.99999999999999,3.1,-1.2700000000000002,-58.0,3.1999999999999997,H,AlphaHelix,-58.04000000000002,-41.610000000000014,97.4,1.0,1.0,False,False,False,False,True,False,88.1550888450658,63.0,80.0,18.4946885503575,7.838828370247936,14.503317804823576,46.65999984741211,1.7333416145382428,-0.873
1405,MXF,>4,3.0,R,HIGH,gyrA,94.0,gyrA_D94G,R,0.8189233278955954,A,D94G,-50.99999999999999,3.1,-1.2700000000000002,-58.0,3.1999999999999997,H,AlphaHelix,-58.04000000000002,-41.610000000000014,97.4,1.0,1.0,False,False,False,False,True,False,88.1550888450658,63.0,80.0,18.4946885503575,7.838828370247936,14.503317804823576,46.65999984741211,1.7333416145382428,-0.873
1406,MXF,0.5,-1.0,S,HIGH,gyrA,90.0,gyrA_A90V,R,0.5555555555555556,A,A90V,51.400000000000006,2.4000000000000004,-0.8600000000000001,28.0,-0.040000000000000036,H,AlphaHelix,-61.829999999999984,-59.75999999999999,47.0,2.0,0.0,False,False,False,False,True,False,55.555815915240146,-64.0,82.0,14.434102224020556,5.4833322787917345,10.609526093749128,40.439998626708984,1.6650776123582791,0.089
1407,MXF,0.12,-3.06,S,HIGH,gyrA,94.0,gyrA_D94N,R,0.8235294117647058,A,D94N,3.0,0.0,-1.9800000000000002,-1.0,2.64,H,AlphaHelix,-58.04000000000002,-41.610000000000014,97.4,1.0,1.0,False,False,False,False,True,False,88.1550888450658,56.0,75.0,18.4946885503575,7.838828370247936,14.503317804823576,46.65999984741211,1.7333416145382428,-0.347
1408,MXF,4.0,2.0,R,HIGH,gyrA,94.0,gyrA_D94G,R,0.8189233278955954,A,D94G,-50.99999999999999,3.1,-1.2700000000000002,-58.0,3.1999999999999997,H,AlphaHelix,-58.04000000000002,-41.610000000000014,97.4,1.0,1.0,False,False,False,False,True,False,88.1550888450658,63.0,80.0,18.4946885503575,7.838828370247936,14.503317804823576,46.65999984741211,1.7333416145382428,-0.873
1409,MXF,>4,3.0,R,MEDIUM,gyrA,94.0,gyrA_D94G,R,0.8189233278955954,A,D94G,-50.99999999999999,3.1,-1.2700000000000002,-58.0,3.1999999999999997,H,AlphaHelix,-58.04000000000002,-41.610000000000014,97.4,1.0,1.0,False,False,False,False,True,False,88.1550888450658,63.0,80.0,18.4946885503575,7.838828370247936,14.503317804823576,46.65999984741211,1.7333416145382428,-0.873
1410,MXF,4.0,2.0,R,HIGH,gyrA,90.0,gyrA_A90V,R,0.5555555555555556,A,A90V,51.400000000000006,2.4000000000000004,-0.8600000000000001,28.0,-0.040000000000000036,H,AlphaHelix,-61.829999999999984,-59.75999999999999,47.0,2.0,0.0,False,False,False,False,True,False,55.555815915240146,-64.0,82.0,14.434102224020556,5.4833322787917345,10.609526093749128,40.439998626708984,1.6650776123582791,0.089
1411,MXF,1.0,0.0,S,HIGH,gyrA,94.0,gyrA_D94H,R,0.75,A,D94H,42.099999999999994,0.2999999999999998,-1.04,22.099999999999994,4.82,H,AlphaHelix,-58.04000000000002,-41.610000000000014,97.4,1.0,1.0,False,False,False,False,True,False,88.1550888450658,79.0,85.0,18.4946885503575,7.838828370247936,14.503317804823576,46.65999984741211,1.7333416145382428,-0.36
1412,MXF,2.0,1.0,R,HIGH,gyrA,90.0,gyrA_A90V,R,0.5555555555555556,A,A90V,51.400000000000006,2.4000000000000004,-0.8600000000000001,28.0,-0.040000000000000036,H,AlphaHelix,-61.829999999999984,-59.75999999999999,47.0,2.0,0.0,False,False,False,False,True,False,55.555815915240146,-64.0,82.0,14.434102224020556,5.4833322787917345,10.609526093749128,40.439998626708984,1.6650776123582791,0.089
1413,MXF,4.0,2.0,R,MEDIUM,gyrA,94.0,gyrA_D94G,R,0.8189233278955954,A,D94G,-50.99999999999999,3.1,-1.2700000000000002,-58.0,3.1999999999999997,H,AlphaHelix,-58.04000000000002,-41.610000000000014,97.4,1.0,1.0,False,False,False,False,True,False,88.1550888450658,63.0,80.0,18.4946885503575,7.838828370247936,14.503317804823576,46.65999984741211,1.7333416145382428,-0.873
1414,MXF,>4,3.0,R,HIGH,gyrA,94.0,gyrA_D94G,R,0.8189233278955954,A,D94G,-50.99999999999999,3.1,-1.2700000000000002,-58.0,3.1999999999999997,H,AlphaHelix,-58.04000000000002,-41.610000000000014,97.4,1.0,1.0,False,False,False,False,True,False,88.1550888450658,63.0,80.0,18.4946885503575,7.838828370247936,14.503317804823576,46.65999984741211,1.7333416145382428,-0.873
1415,MXF,1.0,0.0,S,HIGH,gyrA,94.0,gyrA_D94G,R,0.8189233278955954,A,D94G,-50.99999999999999,3.1,-1.2700000000000002,-58.0,3.1999999999999997,H,AlphaHelix,-58.04000000000002,-41.610000000000014,97.4,1.0,1.0,False,False,False,False,True,False,88.1550888450658,63.0,80.0,18.4946885503575,7.838828370247936,14.503317804823576,46.65999984741211,1.7333416145382428,-0.873
1416,MXF,>4,3.0,R,HIGH,gyrA,88.0,gyrA_G88C,R,0.9090909090909091,A,G88C,48.4,2.9,-0.9199999999999999,46.10000000000001,-0.8999999999999995,C,Coil,-77.02999999999997,152.43,8.6,0.0,0.0,False,True,False,False,False,False,9.936179450376525,50.0,75.0,9.426612506997063,8.72870415742702,11.188927476312779,57.560001373291016,1.9098223702260209,-0.725
1417,MXF,>4,3.0,R,HIGH,gyrA,94.0,gyrA_D94G,R,0.8189233278955954,A,D94G,-50.99999999999999,3.1,-1.2700000000000002,-58.0,3.1999999999999997,H,AlphaHelix,-58.04000000000002,-41.610000000000014,97.4,1.0,1.0,False,False,False,False,True,False,88.1550888450658,63.0,80.0,18.4946885503575,7.838828370247936,14.503317804823576,46.65999984741211,1.7333416145382428,-0.873
1418,MXF,>4,3.0,R,HIGH,gyrA,94.0,gyrA_D94G,R,0.8189233278955954,A,D94G,-50.99999999999999,3.1,-1.2700000000000002,-58.0,3.1999999999999997,H,AlphaHelix,-58.04000000000002,-41.610000000000014,97.4,1.0,1.0,False,False,False,False,True,False,88.1550888450658,63.0,80.0,18.4946885503575,7.838828370247936,14.503317804823576,46.65999984741211,1.7333416145382428,-0.873
1419,MXF,0.5,-1.0,S,MEDIUM,gyrA,94.0,gyrA_D94G,R,0.8189233278955954,A,D94G,-50.99999999999999,3.1,-1.2700000000000002,-58.0,3.1999999999999997,H,AlphaHelix,-58.04000000000002,-41.610000000000014,97.4,1.0,1.0,False,False,False,False,True,False,88.1550888450658,63.0,80.0,18.4946885503575,7.838828370247936,14.503317804823576,46.65999984741211,1.7333416145382428,-0.873
1420,MXF,0.25,-2.0,S,HIGH,gyrA,90.0,gyrA_A90V,R,0.5555555555555556,A,A90V,51.400000000000006,2.4000000000000004,-0.8600000000000001,28.0,-0.040000000000000036,H,AlphaHelix,-61.829999999999984,-59.75999999999999,47.0,2.0,0.0,False,False,False,False,True,False,55.555815915240146,-64.0,82.0,14.434102224020556,5.4833322787917345,10.609526093749128,40.439998626708984,1.6650776123582791,0.089
1421,MXF,>4,3.0,R,HIGH,gyrA,94.0,gyrA_D94G,R,0.8189233278955954,A,D94G,-50.99999999999999,3.1,-1.2700000000000002,-58.0,3.1999999999999997,H,AlphaHelix,-58.04000000000002,-41.610000000000014,97.4,1.0,1.0,False,False,False,False,True,False,88.1550888450658,63.0,80.0,18.4946885503575,7.838828370247936,14.503317804823576,46.65999984741211,1.7333416145382428,-0.873
1422,MXF,0.5,-1.0,S,HIGH,gyrA,94.0,gyrA_D94A,R,0.5232558139534884,A,D94A,-22.5,5.3,-2.08,-44.0,3.23,H,AlphaHelix,-58.04000000000002,-41.610000000000014,97.4,1.0,1.0,False,False,False,False,True,False,88.1550888450658,46.0,71.0,18.4946885503575,7.838828370247936,14.503317804823576,46.65999984741211,1.7333416145382428,-0.421
1423,MXF,>4,3.0,R,HIGH,gyrA,94.0,gyrA_D94G,R,0.8189233278955954,A,D94G,-50.99999999999999,3.1,-1.2700000000000002,-58.0,3.1999999999999997,H,AlphaHelix,-58.04000000000002,-41.610000000000014,97.4,1.0,1.0,False,False,False,False,True,False,88.1550888450658,63.0,80.0,18.4946885503575,7.838828370247936,14.503317804823576,46.65999984741211,1.7333416145382428,-0.873
1424,MXF,2.0,1.0,R,MEDIUM,gyrA,94.0,gyrA_D94A,R,0.5232558139534884,A,D94A,-22.5,5.3,-2.08,-44.0,3.23,H,AlphaHelix,-58.04000000000002,-41.610000000000014,97.4,1.0,1.0,False,False,False,False,True,False,88.1550888450658,46.0,71.0,18.4946885503575,7.838828370247936,14.503317804823576,46.65999984741211,1.7333416145382428,-0.421
1425,MXF,2.0,1.0,R,MEDIUM,gyrA,94.0,gyrA_D94G,R,0.8189233278955954,A,D94G,-50.99999999999999,3.1,-1.2700000000000002,-58.0,3.1999999999999997,H,AlphaHelix,-58.04000000000002,-41.610000000000014,97.4,1.0,1.0,False,False,False,False,True,False,88.1550888450658,63.0,80.0,18.4946885503575,7.838828370247936,14.503317804823576,46.65999984741211,1.7333416145382428,-0.873
1426,MXF,2.0,1.0,R,HIGH,gyrA,94.0,gyrA_D94N,R,0.8235294117647058,A,D94N,3.0,0.0,-1.9800000000000002,-1.0,2.64,H,AlphaHelix,-58.04000000000002,-41.610000000000014,97.4,1.0,1.0,False,False,False,False,True,False,88.1550888450658,56.0,75.0,18.4946885503575,7.838828370247936,14.503317804823576,46.65999984741211,1.7333416145382428,-0.347
1427,MXF,>4,3.0,R,HIGH,gyrA,94.0,gyrA_D94G,R,0.8189233278955954,A,D94G,-50.99999999999999,3.1,-1.2700000000000002,-58.0,3.1999999999999997,H,AlphaHelix,-58.04000000000002,-41.610000000000014,97.4,1.0,1.0,False,False,False,False,True,False,88.1550888450658,63.0,80.0,18.4946885503575,7.838828370247936,14.503317804823576,46.65999984741211,1.7333416145382428,-0.873
1428,MXF,4.0,2.0,R,HIGH,gyrA,94.0,gyrA_D94G,R,0.8189233278955954,A,D94G,-50.99999999999999,3.1,-1.2700000000000002,-58.0,3.1999999999999997,H,AlphaHelix,-58.04000000000002,-41.610000000000014,97.4,1.0,1.0,False,False,False,False,True,False,88.1550888450658,63.0,80.0,18.4946885503575,7.838828370247936,14.503317804823576,46.65999984741211,1.7333416145382428,-0.873
1429,MXF,1.0,0.0,S,HIGH,gyrA,90.0,gyrA_A90V,R,0.5555555555555556,A,A90V,51.400000000000006,2.4000000000000004,-0.8600000000000001,28.0,-0.040000000000000036,H,AlphaHelix,-61.829999999999984,-59.75999999999999,47.0,2.0,0.0,False,False,False,False,True,False,55.555815915240146,-64.0,82.0,14.434102224020556,5.4833322787917345,10.609526093749128,40.439998626708984,1.6650776123582791,0.089
1430,MXF,>4,3.0,R,MEDIUM,gyrA,88.0,gyrA_G88C,R,0.9090909090909091,A,G88C,48.4,2.9,-0.9199999999999999,46.10000000000001,-0.8999999999999995,C,Coil,-77.02999999999997,152.43,8.6,0.0,0.0,False,True,False,False,False,False,9.936179450376525,50.0,75.0,9.426612506997063,8.72870415742702,11.188927476312779,57.560001373291016,1.9098223702260209,-0.725
1431,MXF,0.12,-3.06,S,HIGH,gyrA,193.0,gyrA_N193S,S,1.0,A,N193S,-25.099999999999994,2.7,-0.09999999999999998,-27.0,0.2699999999999996,C,Coil,-78.75,123.63,5.4,2.0,0.0,False,True,False,False,False,False,3.9785882839510753,-22.0,61.0,38.56834762344578,31.614916234348744,37.544471341104654,50.119998931884766,3.1142630176941593,-1.229
1432,MXF,2.0,1.0,R,HIGH,gyrA,90.0,gyrA_A90V,R,0.5555555555555556,A,A90V,51.400000000000006,2.4000000000000004,-0.8600000000000001,28.0,-0.040000000000000036,H,AlphaHelix,-61.829999999999984,-59.75999999999999,47.0,2.0,0.0,False,False,False,False,True,False,55.555815915240146,-64.0,82.0,14.434102224020556,5.4833322787917345,10.609526093749128,40.439998626708984,1.6650776123582791,0.089
1433,MXF,>4,3.0,R,HIGH,gyrA,94.0,gyrA_D94G,R,0.8189233278955954,A,D94G,-50.99999999999999,3.1,-1.2700000000000002,-58.0,3.1999999999999997,H,AlphaHelix,-58.04000000000002,-41.610000000000014,97.4,1.0,1.0,False,False,False,False,True,False,88.1550888450658,63.0,80.0,18.4946885503575,7.838828370247936,14.503317804823576,46.65999984741211,1.7333416145382428,-0.873
1434,MXF,0.25,-2.0,S,HIGH,gyrA,94.0,gyrA_D94G,R,0.8189233278955954,A,D94G,-50.99999999999999,3.1,-1.2700000000000002,-58.0,3.1999999999999997,H,AlphaHelix,-58.04000000000002,-41.610000000000014,97.4,1.0,1.0,False,False,False,False,True,False,88.1550888450658,63.0,80.0,18.4946885503575,7.838828370247936,14.503317804823576,46.65999984741211,1.7333416145382428,-0.873
1435,MXF,1.0,0.0,S,MEDIUM,gyrA,90.0,gyrA_A90V,R,0.5555555555555556,A,A90V,51.400000000000006,2.4000000000000004,-0.8600000000000001,28.0,-0.040000000000000036,H,AlphaHelix,-61.829999999999984,-59.75999999999999,47.0,2.0,0.0,False,False,False,False,True,False,55.555815915240146,-64.0,82.0,14.434102224020556,5.4833322787917345,10.609526093749128,40.439998626708984,1.6650776123582791,0.089
1436,MXF,0.5,-1.0,S,HIGH,gyrA,94.0,gyrA_D94A,R,0.5232558139534884,A,D94A,-22.5,5.3,-2.08,-44.0,3.23,H,AlphaHelix,-58.04000000000002,-41.610000000000014,97.4,1.0,1.0,False,False,False,False,True,False,88.1550888450658,46.0,71.0,18.4946885503575,7.838828370247936,14.503317804823576,46.65999984741211,1.7333416145382428,-0.421
1437,MXF,<=0.06,-4.06,S,MEDIUM,gyrA,94.0,gyrA_D94N,R,0.8235294117647058,A,D94N,3.0,0.0,-1.9800000000000002,-1.0,2.64,H,AlphaHelix,-58.04000000000002,-41.610000000000014,97.4,1.0,1.0,False,False,False,False,True,False,88.1550888450658,56.0,75.0,18.4946885503575,7.838828370247936,14.503317804823576,46.65999984741211,1.7333416145382428,-0.347
1438,MXF,>4,3.0,R,HIGH,gyrA,94.0,gyrA_D94G,R,0.8189233278955954,A,D94G,-50.99999999999999,3.1,-1.2700000000000002,-58.0,3.1999999999999997,H,AlphaHelix,-58.04000000000002,-41.610000000000014,97.4,1.0,1.0,False,False,False,False,True,False,88.1550888450658,63.0,80.0,18.4946885503575,7.838828370247936,14.503317804823576,46.65999984741211,1.7333416145382428,-0.873
1439,MXF,0.12,-3.06,S,MEDIUM,gyrA,94.0,gyrA_D94G,R,0.8189233278955954,A,D94G,-50.99999999999999,3.1,-1.2700000000000002,-58.0,3.1999999999999997,H,AlphaHelix,-58.04000000000002,-41.610000000000014,97.4,1.0,1.0,False,False,False,False,True,False,88.1550888450658,63.0,80.0,18.4946885503575,7.838828370247936,14.503317804823576,46.65999984741211,1.7333416145382428,-0.873
1440,MXF,0.5,-1.0,S,HIGH,gyrA,90.0,gyrA_A90V,R,0.5555555555555556,A,A90V,51.400000000000006,2.4000000000000004,-0.8600000000000001,28.0,-0.040000000000000036,H,AlphaHelix,-61.829999999999984,-59.75999999999999,47.0,2.0,0.0,False,False,False,False,True,False,55.555815915240146,-64.0,82.0,14.434102224020556,5.4833322787917345,10.609526093749128,40.439998626708984,1.6650776123582791,0.089
1441,MXF,2.0,1.0,R,HIGH,gyrA,490.0,gyrA_H490R,R,1.0,A,H490R,20.200000000000017,-1.2999999999999998,-0.3700000000000001,19.0,3.17,H,AlphaHelix,-111.16,-0.160000000000025,35.0,0.0,1.0,False,False,False,False,True,False,33.68655891601221,15.0,59.0,39.594221889771475,32.96046906839585,39.51091585234721,57.75,1.8811080785406704,-1.166
1442,MXF,4.0,2.0,R,HIGH,gyrA,91.0,gyrA_S91P,R,0.676923076923077,A,S91P,23.700000000000003,-0.8,-0.64,10.0,0.6200000000000001,H,AlphaHelix,-67.14999999999998,-27.149999999999977,64.8,1.0,0.0,False,False,False,False,True,False,65.22815545163408,63.0,80.0,13.712390715773491,5.3811257108513875,11.010229056369285,47.63999938964844,1.5284537092505912,-0.125
1443,MXF,1.0,0.0,S,HIGH,gyrA,94.0,gyrA_D94G,R,0.8189233278955954,A,D94G,-50.99999999999999,3.1,-1.2700000000000002,-58.0,3.1999999999999997,H,AlphaHelix,-58.04000000000002,-41.610000000000014,97.4,1.0,1.0,False,False,False,False,True,False,88.1550888450658,63.0,80.0,18.4946885503575,7.838828370247936,14.503317804823576,46.65999984741211,1.7333416145382428,-0.873
1444,MXF,0.25,-2.0,S,HIGH,gyrA,193.0,gyrA_N193S,S,1.0,A,N193S,-25.099999999999994,2.7,-0.09999999999999998,-27.0,0.2699999999999996,C,Coil,-78.75,123.63,5.4,2.0,0.0,False,True,False,False,False,False,3.9785882839510753,-22.0,61.0,38.56834762344578,31.614916234348744,37.544471341104654,50.119998931884766,3.1142630176941593,-1.229
1445,MXF,>4,3.0,R,MEDIUM,gyrA,94.0,gyrA_D94G,R,0.8189233278955954,A,D94G,-50.99999999999999,3.1,-1.2700000000000002,-58.0,3.1999999999999997,H,AlphaHelix,-58.04000000000002,-41.610000000000014,97.4,1.0,1.0,False,False,False,False,True,False,88.1550888450658,63.0,80.0,18.4946885503575,7.838828370247936,14.503317804823576,46.65999984741211,1.7333416145382428,-0.873
1446,MXF,2.0,1.0,R,MEDIUM,gyrA,91.0,gyrA_S91P,R,0.676923076923077,A,S91P,23.700000000000003,-0.8,-0.64,10.0,0.6200000000000001,H,AlphaHelix,-67.14999999999998,-27.149999999999977,64.8,1.0,0.0,False,False,False,False,True,False,65.22815545163408,63.0,80.0,13.712390715773491,5.3811257108513875,11.010229056369285,47.63999938964844,1.5284537092505912,-0.125
1447,MXF,2.0,1.0,R,MEDIUM,gyrA,94.0,gyrA_D94G,R,0.8189233278955954,A,D94G,-50.99999999999999,3.1,-1.2700000000000002,-58.0,3.1999999999999997,H,AlphaHelix,-58.04000000000002,-41.610000000000014,97.4,1.0,1.0,False,False,False,False,True,False,88.1550888450658,63.0,80.0,18.4946885503575,7.838828370247936,14.503317804823576,46.65999984741211,1.7333416145382428,-0.873
1448,MXF,4.0,2.0,R,HIGH,gyrA,94.0,gyrA_D94G,R,0.8189233278955954,A,D94G,-50.99999999999999,3.1,-1.2700000000000002,-58.0,3.1999999999999997,H,AlphaHelix,-58.04000000000002,-41.610000000000014,97.4,1.0,1.0,False,False,False,False,True,False,88.1550888450658,63.0,80.0,18.4946885503575,7.838828370247936,14.503317804823576,46.65999984741211,1.7333416145382428,-0.873
1449,MXF,4.0,2.0,R,HIGH,gyrA,94.0,gyrA_D94Y,R,0.847457627118644,A,D94Y,82.5,2.2,-2.18,48.099999999999994,2.89,H,AlphaHelix,-58.04000000000002,-41.610000000000014,97.4,1.0,1.0,False,False,False,False,True,False,88.1550888450658,81.0,91.0,18.4946885503575,7.838828370247936,14.503317804823576,46.65999984741211,1.7333416145382428,-0.376
1450,MXF,>4,3.0,R,HIGH,gyrA,94.0,gyrA_D94N,R,0.8235294117647058,A,D94N,3.0,0.0,-1.9800000000000002,-1.0,2.64,H,AlphaHelix,-58.04000000000002,-41.610000000000014,97.4,1.0,1.0,False,False,False,False,True,False,88.1550888450658,56.0,75.0,18.4946885503575,7.838828370247936,14.503317804823576,46.65999984741211,1.7333416145382428,-0.347
1451,MXF,2.0,1.0,R,HIGH,gyrA,94.0,gyrA_D94N,R,0.8235294117647058,A,D94N,3.0,0.0,-1.9800000000000002,-1.0,2.64,H,AlphaHelix,-58.04000000000002,-41.610000000000014,97.4,1.0,1.0,False,False,False,False,True,False,88.1550888450658,56.0,75.0,18.4946885503575,7.838828370247936,14.503317804823576,46.65999984741211,1.7333416145382428,-0.347
1452,MXF,>4,3.0,R,MEDIUM,gyrA,94.0,gyrA_D94G,R,0.8189233278955954,A,D94G,-50.99999999999999,3.1,-1.2700000000000002,-58.0,3.1999999999999997,H,AlphaHelix,-58.04000000000002,-41.610000000000014,97.4,1.0,1.0,False,False,False,False,True,False,88.1550888450658,63.0,80.0,18.4946885503575,7.838828370247936,14.503317804823576,46.65999984741211,1.7333416145382428,-0.873
1453,MXF,4.0,2.0,R,HIGH,gyrB,509.0,gyrB_L509P,R,1.0,B,L509P,-53.999999999999986,-5.4,0.37999999999999995,-16.099999999999994,0.3199999999999994,H,AlphaHelix,-70.99000000000001,-24.850000000000023,1.0,1.0,2.0,False,False,False,False,True,False,0.3422192549898685,92.0,95.0,24.86388572396837,29.924005333137565,23.371569010669628,61.790000915527344,5.507285360227331,-5.276
1454,MXF,0.25,-2.0,S,HIGH,gyrB,457.0,gyrB_V457L,S,0.75,B,V457L,26.69999999999999,-0.40000000000000036,-0.15999999999999992,14.099999999999994,0.020000000000000462,E,Strand,-84.48000000000002,110.62,5.5,1.0,1.0,False,False,True,False,False,False,4.051828439596724,-24.0,61.0,14.823035431103666,22.984164761231234,17.10397090010668,47.4900016784668,6.9560192905350995,1.189
1455,MXF,>4,3.0,R,MEDIUM,gyrA,94.0,gyrA_D94G,R,0.8189233278955954,A,D94G,-50.99999999999999,3.1,-1.2700000000000002,-58.0,3.1999999999999997,H,AlphaHelix,-58.04000000000002,-41.610000000000014,97.4,1.0,1.0,False,False,False,False,True,False,88.1550888450658,63.0,80.0,18.4946885503575,7.838828370247936,14.503317804823576,46.65999984741211,1.7333416145382428,-0.873
1456,MXF,4.0,2.0,R,HIGH,gyrA,90.0,gyrA_A90V,R,0.5555555555555556,A,A90V,51.400000000000006,2.4000000000000004,-0.8600000000000001,28.0,-0.040000000000000036,H,AlphaHelix,-61.829999999999984,-59.75999999999999,47.0,2.0,0.0,False,False,False,False,True,False,55.555815915240146,-64.0,82.0,14.434102224020556,5.4833322787917345,10.609526093749128,40.439998626708984,1.6650776123582791,0.089
1457,MXF,2.0,1.0,R,HIGH,gyrA,94.0,gyrA_D94A,R,0.5232558139534884,A,D94A,-22.5,5.3,-2.08,-44.0,3.23,H,AlphaHelix,-58.04000000000002,-41.610000000000014,97.4,1.0,1.0,False,False,False,False,True,False,88.1550888450658,46.0,71.0,18.4946885503575,7.838828370247936,14.503317804823576,46.65999984741211,1.7333416145382428,-0.421
1458,MXF,1.0,0.0,S,MEDIUM,gyrA,94.0,gyrA_D94N,R,0.8235294117647058,A,D94N,3.0,0.0,-1.9800000000000002,-1.0,2.64,H,AlphaHelix,-58.04000000000002,-41.610000000000014,97.4,1.0,1.0,False,False,False,False,True,False,88.1550888450658,56.0,75.0,18.4946885503575,7.838828370247936,14.503317804823576,46.65999984741211,1.7333416145382428,-0.347
1459,MXF,>4,3.0,R,HIGH,gyrA,94.0,gyrA_D94G,R,0.8189233278955954,A,D94G,-50.99999999999999,3.1,-1.2700000000000002,-58.0,3.1999999999999997,H,AlphaHelix,-58.04000000000002,-41.610000000000014,97.4,1.0,1.0,False,False,False,False,True,False,88.1550888450658,63.0,80.0,18.4946885503575,7.838828370247936,14.503317804823576,46.65999984741211,1.7333416145382428,-0.873
1460,MXF,>4,3.0,R,HIGH,gyrA,94.0,gyrA_D94G,R,0.8189233278955954,A,D94G,-50.99999999999999,3.1,-1.2700000000000002,-58.0,3.1999999999999997,H,AlphaHelix,-58.04000000000002,-41.610000000000014,97.4,1.0,1.0,False,False,False,False,True,False,88.1550888450658,63.0,80.0,18.4946885503575,7.838828370247936,14.503317804823576,46.65999984741211,1.7333416145382428,-0.873
1461,MXF,>4,3.0,R,HIGH,gyrA,94.0,gyrA_D94G,R,0.8189233278955954,A,D94G,-50.99999999999999,3.1,-1.2700000000000002,-58.0,3.1999999999999997,H,AlphaHelix,-58.04000000000002,-41.610000000000014,97.4,1.0,1.0,False,False,False,False,True,False,88.1550888450658,63.0,80.0,18.4946885503575,7.838828370247936,14.503317804823576,46.65999984741211,1.7333416145382428,-0.873
1462,MXF,0.5,-1.0,S,MEDIUM,gyrA,90.0,gyrA_A90V,R,0.5555555555555556,A,A90V,51.400000000000006,2.4000000000000004,-0.8600000000000001,28.0,-0.040000000000000036,H,AlphaHelix,-61.829999999999984,-59.75999999999999,47.0,2.0,0.0,False,False,False,False,True,False,55.555815915240146,-64.0,82.0,14.434102224020556,5.4833322787917345,10.609526093749128,40.439998626708984,1.6650776123582791,0.089
1463,MXF,0.12,-3.06,S,HIGH,gyrA,475.0,gyrA_Q475P,S,1.0,A,Q475P,-31.10000000000001,1.9,-0.5,-31.099999999999994,0.6499999999999995,H,AlphaHelix,-57.360000000000014,-47.610000000000014,24.9,2.0,1.0,False,False,False,False,True,False,19.410318090193858,45.0,71.0,44.152998852531496,44.949690472967355,50.13790990364542,63.91999816894531,2.635805219957134,-3.228
1464,MXF,2.0,1.0,R,HIGH,gyrA,90.0,gyrA_A90V,R,0.5555555555555556,A,A90V,51.400000000000006,2.4000000000000004,-0.8600000000000001,28.0,-0.040000000000000036,H,AlphaHelix,-61.829999999999984,-59.75999999999999,47.0,2.0,0.0,False,False,False,False,True,False,55.555815915240146,-64.0,82.0,14.434102224020556,5.4833322787917345,10.609526093749128,40.439998626708984,1.6650776123582791,0.089
1465,MXF,>4,3.0,R,MEDIUM,gyrA,91.0,gyrA_S91P,R,0.676923076923077,A,S91P,23.700000000000003,-0.8,-0.64,10.0,0.6200000000000001,H,AlphaHelix,-67.14999999999998,-27.149999999999977,64.8,1.0,0.0,False,False,False,False,True,False,65.22815545163408,63.0,80.0,13.712390715773491,5.3811257108513875,11.010229056369285,47.63999938964844,1.5284537092505912,-0.125
1466,MXF,>4,3.0,R,HIGH,gyrA,94.0,gyrA_D94A,R,0.5232558139534884,A,D94A,-22.5,5.3,-2.08,-44.0,3.23,H,AlphaHelix,-58.04000000000002,-41.610000000000014,97.4,1.0,1.0,False,False,False,False,True,False,88.1550888450658,46.0,71.0,18.4946885503575,7.838828370247936,14.503317804823576,46.65999984741211,1.7333416145382428,-0.421
1467,MXF,4.0,2.0,R,HIGH,gyrA,94.0,gyrA_D94G,R,0.8189233278955954,A,D94G,-50.99999999999999,3.1,-1.2700000000000002,-58.0,3.1999999999999997,H,AlphaHelix,-58.04000000000002,-41.610000000000014,97.4,1.0,1.0,False,False,False,False,True,False,88.1550888450658,63.0,80.0,18.4946885503575,7.838828370247936,14.503317804823576,46.65999984741211,1.7333416145382428,-0.873
1468,MXF,0.5,-1.0,S,HIGH,gyrA,501.0,gyrA_A501V,S,1.0,A,A501V,51.400000000000006,2.4000000000000004,-0.8600000000000001,28.0,-0.040000000000000036,,,,,,,,,,,,,,0.0,-93.0,97.0,,,,,1.5259983655328606,0.0
1469,MXF,>4,3.0,R,HIGH,gyrA,94.0,gyrA_D94G,R,0.8189233278955954,A,D94G,-50.99999999999999,3.1,-1.2700000000000002,-58.0,3.1999999999999997,H,AlphaHelix,-58.04000000000002,-41.610000000000014,97.4,1.0,1.0,False,False,False,False,True,False,88.1550888450658,63.0,80.0,18.4946885503575,7.838828370247936,14.503317804823576,46.65999984741211,1.7333416145382428,-0.873
1470,MXF,0.25,-2.0,S,HIGH,gyrA,193.0,gyrA_N193S,S,1.0,A,N193S,-25.099999999999994,2.7,-0.09999999999999998,-27.0,0.2699999999999996,C,Coil,-78.75,123.63,5.4,2.0,0.0,False,True,False,False,False,False,3.9785882839510753,-22.0,61.0,38.56834762344578,31.614916234348744,37.544471341104654,50.119998931884766,3.1142630176941593,-1.229
1471,MXF,0.25,-2.0,S,HIGH,gyrA,94.0,gyrA_D94G,R,0.8189233278955954,A,D94G,-50.99999999999999,3.1,-1.2700000000000002,-58.0,3.1999999999999997,H,AlphaHelix,-58.04000000000002,-41.610000000000014,97.4,1.0,1.0,False,False,False,False,True,False,88.1550888450658,63.0,80.0,18.4946885503575,7.838828370247936,14.503317804823576,46.65999984741211,1.7333416145382428,-0.873
1472,MXF,0.5,-1.0,S,MEDIUM,gyrA,94.0,gyrA_D94A,R,0.5232558139534884,A,D94A,-22.5,5.3,-2.08,-44.0,3.23,H,AlphaHelix,-58.04000000000002,-41.610000000000014,97.4,1.0,1.0,False,False,False,False,True,False,88.1550888450658,46.0,71.0,18.4946885503575,7.838828370247936,14.503317804823576,46.65999984741211,1.7333416145382428,-0.421
1473,MXF,0.12,-3.06,S,HIGH,gyrA,254.0,gyrA_R254C,S,1.0,A,R254C,-64.9,7.0,-0.78,-52.999999999999986,-5.6899999999999995,E,Strand,-140.52,150.5,54.1,1.0,1.0,False,False,True,False,False,False,52.62668666740882,49.0,71.0,41.78050033328739,31.11595076201683,35.612514761003474,51.56999969482422,3.1563712888508726,-0.999
1474,MXF,4.0,2.0,R,HIGH,gyrA,94.0,gyrA_D94H,R,0.75,A,D94H,42.099999999999994,0.2999999999999998,-1.04,22.099999999999994,4.82,H,AlphaHelix,-58.04000000000002,-41.610000000000014,97.4,1.0,1.0,False,False,False,False,True,False,88.1550888450658,79.0,85.0,18.4946885503575,7.838828370247936,14.503317804823576,46.65999984741211,1.7333416145382428,-0.36
1475,MXF,0.25,-2.0,S,HIGH,gyrA,472.0,gyrA_P472S,S,0.9285714285714286,A,P472S,-23.700000000000003,0.8,0.64,-10.0,-0.6200000000000001,H,AlphaHelix,-59.70999999999998,-28.170000000000016,71.0,1.0,0.0,False,False,False,False,True,False,78.73791501370572,-68.0,82.0,46.44317945930904,48.133935316451236,53.0020285473169,69.8499984741211,1.6707895195538032,-1.116
1476,MXF,4.0,2.0,R,HIGH,gyrA,94.0,gyrA_D94G,R,0.8189233278955954,A,D94G,-50.99999999999999,3.1,-1.2700000000000002,-58.0,3.1999999999999997,H,AlphaHelix,-58.04000000000002,-41.610000000000014,97.4,1.0,1.0,False,False,False,False,True,False,88.1550888450658,63.0,80.0,18.4946885503575,7.838828370247936,14.503317804823576,46.65999984741211,1.7333416145382428,-0.873
1477,MXF,>4,3.0,R,MEDIUM,gyrA,94.0,gyrA_D94G,R,0.8189233278955954,A,D94G,-50.99999999999999,3.1,-1.2700000000000002,-58.0,3.1999999999999997,H,AlphaHelix,-58.04000000000002,-41.610000000000014,97.4,1.0,1.0,False,False,False,False,True,False,88.1550888450658,63.0,80.0,18.4946885503575,7.838828370247936,14.503317804823576,46.65999984741211,1.7333416145382428,-0.873
1478,MXF,0.25,-2.0,S,MEDIUM,gyrA,94.0,gyrA_D94G,R,0.8189233278955954,A,D94G,-50.99999999999999,3.1,-1.2700000000000002,-58.0,3.1999999999999997,H,AlphaHelix,-58.04000000000002,-41.610000000000014,97.4,1.0,1.0,False,False,False,False,True,False,88.1550888450658,63.0,80.0,18.4946885503575,7.838828370247936,14.503317804823576,46.65999984741211,1.7333416145382428,-0.873
1479,MXF,2.0,1.0,R,HIGH,gyrA,90.0,gyrA_A90V,R,0.5555555555555556,A,A90V,51.400000000000006,2.4000000000000004,-0.8600000000000001,28.0,-0.040000000000000036,H,AlphaHelix,-61.829999999999984,-59.75999999999999,47.0,2.0,0.0,False,False,False,False,True,False,55.555815915240146,-64.0,82.0,14.434102224020556,5.4833322787917345,10.609526093749128,40.439998626708984,1.6650776123582791,0.089
1480,MXF,4.0,2.0,R,HIGH,gyrA,90.0,gyrA_A90V,R,0.5555555555555556,A,A90V,51.400000000000006,2.4000000000000004,-0.8600000000000001,28.0,-0.040000000000000036,H,AlphaHelix,-61.829999999999984,-59.75999999999999,47.0,2.0,0.0,False,False,False,False,True,False,55.555815915240146,-64.0,82.0,14.434102224020556,5.4833322787917345,10.609526093749128,40.439998626708984,1.6650776123582791,0.089
1481,MXF,2.0,1.0,R,HIGH,gyrA,90.0,gyrA_A90V,R,0.5555555555555556,A,A90V,51.400000000000006,2.4000000000000004,-0.8600000000000001,28.0,-0.040000000000000036,H,AlphaHelix,-61.829999999999984,-59.75999999999999,47.0,2.0,0.0,False,False,False,False,True,False,55.555815915240146,-64.0,82.0,14.434102224020556,5.4833322787917345,10.609526093749128,40.439998626708984,1.6650776123582791,0.089
1482,MXF,>4,3.0,R,MEDIUM,gyrA,94.0,gyrA_D94G,R,0.8189233278955954,A,D94G,-50.99999999999999,3.1,-1.2700000000000002,-58.0,3.1999999999999997,H,AlphaHelix,-58.04000000000002,-41.610000000000014,97.4,1.0,1.0,False,False,False,False,True,False,88.1550888450658,63.0,80.0,18.4946885503575,7.838828370247936,14.503317804823576,46.65999984741211,1.7333416145382428,-0.873
1483,MXF,2.0,1.0,R,MEDIUM,gyrA,94.0,gyrA_D94G,R,0.8189233278955954,A,D94G,-50.99999999999999,3.1,-1.2700000000000002,-58.0,3.1999999999999997,H,AlphaHelix,-58.04000000000002,-41.610000000000014,97.4,1.0,1.0,False,False,False,False,True,False,88.1550888450658,63.0,80.0,18.4946885503575,7.838828370247936,14.503317804823576,46.65999984741211,1.7333416145382428,-0.873
1484,MXF,4.0,2.0,R,MEDIUM,gyrA,94.0,gyrA_D94G,R,0.8189233278955954,A,D94G,-50.99999999999999,3.1,-1.2700000000000002,-58.0,3.1999999999999997,H,AlphaHelix,-58.04000000000002,-41.610000000000014,97.4,1.0,1.0,False,False,False,False,True,False,88.1550888450658,63.0,80.0,18.4946885503575,7.838828370247936,14.503317804823576,46.65999984741211,1.7333416145382428,-0.873
1485,MXF,>4,3.0,R,HIGH,gyrA,94.0,gyrA_D94G,R,0.8189233278955954,A,D94G,-50.99999999999999,3.1,-1.2700000000000002,-58.0,3.1999999999999997,H,AlphaHelix,-58.04000000000002,-41.610000000000014,97.4,1.0,1.0,False,False,False,False,True,False,88.1550888450658,63.0,80.0,18.4946885503575,7.838828370247936,14.503317804823576,46.65999984741211,1.7333416145382428,-0.873
1486,MXF,>4,3.0,R,HIGH,gyrA,94.0,gyrA_D94G,R,0.8189233278955954,A,D94G,-50.99999999999999,3.1,-1.2700000000000002,-58.0,3.1999999999999997,H,AlphaHelix,-58.04000000000002,-41.610000000000014,97.4,1.0,1.0,False,False,False,False,True,False,88.1550888450658,63.0,80.0,18.4946885503575,7.838828370247936,14.503317804823576,46.65999984741211,1.7333416145382428,-0.873
1487,MXF,4.0,2.0,R,HIGH,gyrA,94.0,gyrA_D94G,R,0.8189233278955954,A,D94G,-50.99999999999999,3.1,-1.2700000000000002,-58.0,3.1999999999999997,H,AlphaHelix,-58.04000000000002,-41.610000000000014,97.4,1.0,1.0,False,False,False,False,True,False,88.1550888450658,63.0,80.0,18.4946885503575,7.838828370247936,14.503317804823576,46.65999984741211,1.7333416145382428,-0.873
1488,MXF,>4,3.0,R,HIGH,gyrA,94.0,gyrA_D94G,R,0.8189233278955954,A,D94G,-50.99999999999999,3.1,-1.2700000000000002,-58.0,3.1999999999999997,H,AlphaHelix,-58.04000000000002,-41.610000000000014,97.4,1.0,1.0,False,False,False,False,True,False,88.1550888450658,63.0,80.0,18.4946885503575,7.838828370247936,14.503317804823576,46.65999984741211,1.7333416145382428,-0.873
1489,MXF,4.0,2.0,R,MEDIUM,gyrA,94.0,gyrA_D94G,R,0.8189233278955954,A,D94G,-50.99999999999999,3.1,-1.2700000000000002,-58.0,3.1999999999999997,H,AlphaHelix,-58.04000000000002,-41.610000000000014,97.4,1.0,1.0,False,False,False,False,True,False,88.1550888450658,63.0,80.0,18.4946885503575,7.838828370247936,14.503317804823576,46.65999984741211,1.7333416145382428,-0.873
1490,MXF,>4,3.0,R,HIGH,gyrA,94.0,gyrA_D94G,R,0.8189233278955954,A,D94G,-50.99999999999999,3.1,-1.2700000000000002,-58.0,3.1999999999999997,H,AlphaHelix,-58.04000000000002,-41.610000000000014,97.4,1.0,1.0,False,False,False,False,True,False,88.1550888450658,63.0,80.0,18.4946885503575,7.838828370247936,14.503317804823576,46.65999984741211,1.7333416145382428,-0.873
1491,MXF,>4,3.0,R,MEDIUM,gyrA,94.0,gyrA_D94N,R,0.8235294117647058,A,D94N,3.0,0.0,-1.9800000000000002,-1.0,2.64,H,AlphaHelix,-58.04000000000002,-41.610000000000014,97.4,1.0,1.0,False,False,False,False,True,False,88.1550888450658,56.0,75.0,18.4946885503575,7.838828370247936,14.503317804823576,46.65999984741211,1.7333416145382428,-0.347
1492,MXF,0.25,-2.0,S,HIGH,gyrA,68.0,gyrA_R68C,S,1.0,A,R68C,-64.9,7.0,-0.78,-52.999999999999986,-5.6899999999999995,T,Turn,-143.37,159.8,116.3,0.0,1.0,False,False,False,False,False,True,120.5979832496106,-10.0,53.0,34.92013398131577,29.64013615687015,35.679313877926944,68.97000122070312,1.7544544401966686,-0.916
1493,MXF,0.12,-3.06,S,HIGH,gyrA,94.0,gyrA_D94N,R,0.8235294117647058,A,D94N,3.0,0.0,-1.9800000000000002,-1.0,2.64,H,AlphaHelix,-58.04000000000002,-41.610000000000014,97.4,1.0,1.0,False,False,False,False,True,False,88.1550888450658,56.0,75.0,18.4946885503575,7.838828370247936,14.503317804823576,46.65999984741211,1.7333416145382428,-0.347
1494,MXF,0.25,-2.0,S,HIGH,gyrA,367.0,gyrA_D367E,S,1.0,A,D367E,27.30000000000001,0.0,-0.8,14.0,0.4500000000000002,H,AlphaHelix,-57.70999999999998,-45.45999999999998,91.1,1.0,1.0,False,False,False,False,True,False,81.7755476597291,-95.0,97.0,35.994263154547575,37.33224621157387,41.887711075717654,60.45000076293945,1.7623339158448825,0.059
1495,MXF,>4,3.0,R,HIGH,gyrA,88.0,gyrA_G88C,R,0.9090909090909091,A,G88C,48.4,2.9,-0.9199999999999999,46.10000000000001,-0.8999999999999995,C,Coil,-77.02999999999997,152.43,8.6,0.0,0.0,False,True,False,False,False,False,9.936179450376525,50.0,75.0,9.426612506997063,8.72870415742702,11.188927476312779,57.560001373291016,1.9098223702260209,-0.725
1496,MXF,>4,3.0,R,HIGH,gyrA,94.0,gyrA_D94Y,R,0.847457627118644,A,D94Y,82.5,2.2,-2.18,48.099999999999994,2.89,H,AlphaHelix,-58.04000000000002,-41.610000000000014,97.4,1.0,1.0,False,False,False,False,True,False,88.1550888450658,81.0,91.0,18.4946885503575,7.838828370247936,14.503317804823576,46.65999984741211,1.7333416145382428,-0.376
1497,MXF,2.0,1.0,R,HIGH,gyrA,91.0,gyrA_S91P,R,0.676923076923077,A,S91P,23.700000000000003,-0.8,-0.64,10.0,0.6200000000000001,H,AlphaHelix,-67.14999999999998,-27.149999999999977,64.8,1.0,0.0,False,False,False,False,True,False,65.22815545163408,63.0,80.0,13.712390715773491,5.3811257108513875,11.010229056369285,47.63999938964844,1.5284537092505912,-0.125
1498,MXF,0.12,-3.06,S,MEDIUM,gyrA,15.0,gyrA_I15V,S,1.0,A,I15V,-26.69999999999999,-0.2999999999999998,0.28,-14.099999999999994,-0.05999999999999961,C,Coil,0.0,130.14,127.7,0.0,0.0,False,True,False,False,False,False,130.29233985435172,-88.0,93.0,24.68261550603729,38.123353667526224,33.6502894092419,96.58999633789062,1.6308228913090288,-0.274
1499,MXF,4.0,2.0,R,HIGH,gyrA,90.0,gyrA_A90V,R,0.5555555555555556,A,A90V,51.400000000000006,2.4000000000000004,-0.8600000000000001,28.0,-0.040000000000000036,H,AlphaHelix,-61.829999999999984,-59.75999999999999,47.0,2.0,0.0,False,False,False,False,True,False,55.555815915240146,-64.0,82.0,14.434102224020556,5.4833322787917345,10.609526093749128,40.439998626708984,1.6650776123582791,0.089
1500,MXF,0.12,-3.06,S,MEDIUM,gyrA,452.0,gyrA_I452T,S,1.0,A,I452T,-50.599999999999994,-5.2,0.92,-12.099999999999994,-0.41999999999999993,H,AlphaHelix,-58.06999999999999,-55.24000000000001,62.4,2.0,1.0,False,False,False,False,True,False,66.94676334680496,-87.0,93.0,58.760667281094804,60.79686592325878,65.95759048007544,96.13999938964844,1.9375597686195396,-0.959
1501,MXF,0.25,-2.0,S,MEDIUM,gyrA,94.0,gyrA_D94G,R,0.8189233278955954,A,D94G,-50.99999999999999,3.1,-1.2700000000000002,-58.0,3.1999999999999997,H,AlphaHelix,-58.04000000000002,-41.610000000000014,97.4,1.0,1.0,False,False,False,False,True,False,88.1550888450658,63.0,80.0,18.4946885503575,7.838828370247936,14.503317804823576,46.65999984741211,1.7333416145382428,-0.873
1502,MXF,2.0,1.0,R,HIGH,gyrA,282.0,gyrA_N282K,S,0.8,A,N282K,54.5,-0.3999999999999999,1.3800000000000001,14.099999999999994,4.33,H,AlphaHelix,-64.48000000000002,-35.73000000000002,80.0,1.0,0.0,False,False,False,False,True,False,79.79765719660747,-72.0,87.0,34.06851876228447,20.565156123121184,23.870427032333804,67.81999969482422,1.6829211647617668,-0.498
1503,MXF,1.0,0.0,S,HIGH,gyrA,94.0,gyrA_D94G,R,0.8189233278955954,A,D94G,-50.99999999999999,3.1,-1.2700000000000002,-58.0,3.1999999999999997,H,AlphaHelix,-58.04000000000002,-41.610000000000014,97.4,1.0,1.0,False,False,False,False,True,False,88.1550888450658,63.0,80.0,18.4946885503575,7.838828370247936,14.503317804823576,46.65999984741211,1.7333416145382428,-0.873
1504,MXF,2.0,1.0,R,HIGH,gyrA,94.0,gyrA_D94G,R,0.8189233278955954,A,D94G,-50.99999999999999,3.1,-1.2700000000000002,-58.0,3.1999999999999997,H,AlphaHelix,-58.04000000000002,-41.610000000000014,97.4,1.0,1.0,False,False,False,False,True,False,88.1550888450658,63.0,80.0,18.4946885503575,7.838828370247936,14.503317804823576,46.65999984741211,1.7333416145382428,-0.873
1505,MXF,2.0,1.0,R,HIGH,gyrA,94.0,gyrA_D94A,R,0.5232558139534884,A,D94A,-22.5,5.3,-2.08,-44.0,3.23,H,AlphaHelix,-58.04000000000002,-41.610000000000014,97.4,1.0,1.0,False,False,False,False,True,False,88.1550888450658,46.0,71.0,18.4946885503575,7.838828370247936,14.503317804823576,46.65999984741211,1.7333416145382428,-0.421
1506,MXF,>4,3.0,R,HIGH,gyrA,94.0,gyrA_D94G,R,0.8189233278955954,A,D94G,-50.99999999999999,3.1,-1.2700000000000002,-58.0,3.1999999999999997,H,AlphaHelix,-58.04000000000002,-41.610000000000014,97.4,1.0,1.0,False,False,False,False,True,False,88.1550888450658,63.0,80.0,18.4946885503575,7.838828370247936,14.503317804823576,46.65999984741211,1.7333416145382428,-0.873
1507,MXF,1.0,0.0,S,MEDIUM,gyrA,90.0,gyrA_A90V,R,0.5555555555555556,A,A90V,51.400000000000006,2.4000000000000004,-0.8600000000000001,28.0,-0.040000000000000036,H,AlphaHelix,-61.829999999999984,-59.75999999999999,47.0,2.0,0.0,False,False,False,False,True,False,55.555815915240146,-64.0,82.0,14.434102224020556,5.4833322787917345,10.609526093749128,40.439998626708984,1.6650776123582791,0.089
1508,MXF,>4,3.0,R,HIGH,gyrA,94.0,gyrA_D94G,R,0.8189233278955954,A,D94G,-50.99999999999999,3.1,-1.2700000000000002,-58.0,3.1999999999999997,H,AlphaHelix,-58.04000000000002,-41.610000000000014,97.4,1.0,1.0,False,False,False,False,True,False,88.1550888450658,63.0,80.0,18.4946885503575,7.838828370247936,14.503317804823576,46.65999984741211,1.7333416145382428,-0.873
1509,MXF,4.0,2.0,R,HIGH,gyrA,94.0,gyrA_D94G,R,0.8189233278955954,A,D94G,-50.99999999999999,3.1,-1.2700000000000002,-58.0,3.1999999999999997,H,AlphaHelix,-58.04000000000002,-41.610000000000014,97.4,1.0,1.0,False,False,False,False,True,False,88.1550888450658,63.0,80.0,18.4946885503575,7.838828370247936,14.503317804823576,46.65999984741211,1.7333416145382428,-0.873
1510,MXF,0.25,-2.0,S,HIGH,gyrA,94.0,gyrA_D94A,R,0.5232558139534884,A,D94A,-22.5,5.3,-2.08,-44.0,3.23,H,AlphaHelix,-58.04000000000002,-41.610000000000014,97.4,1.0,1.0,False,False,False,False,True,False,88.1550888450658,46.0,71.0,18.4946885503575,7.838828370247936,14.503317804823576,46.65999984741211,1.7333416145382428,-0.421
1511,MXF,1.0,0.0,S,HIGH,gyrA,90.0,gyrA_A90V,R,0.5555555555555556,A,A90V,51.400000000000006,2.4000000000000004,-0.8600000000000001,28.0,-0.040000000000000036,H,AlphaHelix,-61.829999999999984,-59.75999999999999,47.0,2.0,0.0,False,False,False,False,True,False,55.555815915240146,-64.0,82.0,14.434102224020556,5.4833322787917345,10.609526093749128,40.439998626708984,1.6650776123582791,0.089
1512,MXF,2.0,1.0,R,HIGH,gyrA,90.0,gyrA_A90V,R,0.5555555555555556,A,A90V,51.400000000000006,2.4000000000000004,-0.8600000000000001,28.0,-0.040000000000000036,H,AlphaHelix,-61.829999999999984,-59.75999999999999,47.0,2.0,0.0,False,False,False,False,True,False,55.555815915240146,-64.0,82.0,14.434102224020556,5.4833322787917345,10.609526093749128,40.439998626708984,1.6650776123582791,0.089
1513,MXF,0.12,-3.06,S,MEDIUM,gyrA,94.0,gyrA_D94G,R,0.8189233278955954,A,D94G,-50.99999999999999,3.1,-1.2700000000000002,-58.0,3.1999999999999997,H,AlphaHelix,-58.04000000000002,-41.610000000000014,97.4,1.0,1.0,False,False,False,False,True,False,88.1550888450658,63.0,80.0,18.4946885503575,7.838828370247936,14.503317804823576,46.65999984741211,1.7333416145382428,-0.873
1514,MXF,>4,3.0,R,HIGH,gyrA,94.0,gyrA_D94G,R,0.8189233278955954,A,D94G,-50.99999999999999,3.1,-1.2700000000000002,-58.0,3.1999999999999997,H,AlphaHelix,-58.04000000000002,-41.610000000000014,97.4,1.0,1.0,False,False,False,False,True,False,88.1550888450658,63.0,80.0,18.4946885503575,7.838828370247936,14.503317804823576,46.65999984741211,1.7333416145382428,-0.873
1515,MXF,2.0,1.0,R,HIGH,gyrA,94.0,gyrA_D94G,R,0.8189233278955954,A,D94G,-50.99999999999999,3.1,-1.2700000000000002,-58.0,3.1999999999999997,H,AlphaHelix,-58.04000000000002,-41.610000000000014,97.4,1.0,1.0,False,False,False,False,True,False,88.1550888450658,63.0,80.0,18.4946885503575,7.838828370247936,14.503317804823576,46.65999984741211,1.7333416145382428,-0.873
1516,MXF,1.0,0.0,S,MEDIUM,gyrA,94.0,gyrA_D94G,R,0.8189233278955954,A,D94G,-50.99999999999999,3.1,-1.2700000000000002,-58.0,3.1999999999999997,H,AlphaHelix,-58.04000000000002,-41.610000000000014,97.4,1.0,1.0,False,False,False,False,True,False,88.1550888450658,63.0,80.0,18.4946885503575,7.838828370247936,14.503317804823576,46.65999984741211,1.7333416145382428,-0.873
1517,MXF,4.0,2.0,R,MEDIUM,gyrA,90.0,gyrA_A90V,R,0.5555555555555556,A,A90V,51.400000000000006,2.4000000000000004,-0.8600000000000001,28.0,-0.040000000000000036,H,AlphaHelix,-61.829999999999984,-59.75999999999999,47.0,2.0,0.0,False,False,False,False,True,False,55.555815915240146,-64.0,82.0,14.434102224020556,5.4833322787917345,10.609526093749128,40.439998626708984,1.6650776123582791,0.089
1518,MXF,>4,3.0,R,MEDIUM,gyrA,94.0,gyrA_D94N,R,0.8235294117647058,A,D94N,3.0,0.0,-1.9800000000000002,-1.0,2.64,H,AlphaHelix,-58.04000000000002,-41.610000000000014,97.4,1.0,1.0,False,False,False,False,True,False,88.1550888450658,56.0,75.0,18.4946885503575,7.838828370247936,14.503317804823576,46.65999984741211,1.7333416145382428,-0.347
1519,MXF,4.0,2.0,R,MEDIUM,gyrA,94.0,gyrA_D94N,R,0.8235294117647058,A,D94N,3.0,0.0,-1.9800000000000002,-1.0,2.64,H,AlphaHelix,-58.04000000000002,-41.610000000000014,97.4,1.0,1.0,False,False,False,False,True,False,88.1550888450658,56.0,75.0,18.4946885503575,7.838828370247936,14.503317804823576,46.65999984741211,1.7333416145382428,-0.347
1520,MXF,>4,3.0,R,HIGH,gyrA,94.0,gyrA_D94G,R,0.8189233278955954,A,D94G,-50.99999999999999,3.1,-1.2700000000000002,-58.0,3.1999999999999997,H,AlphaHelix,-58.04000000000002,-41.610000000000014,97.4,1.0,1.0,False,False,False,False,True,False,88.1550888450658,63.0,80.0,18.4946885503575,7.838828370247936,14.503317804823576,46.65999984741211,1.7333416145382428,-0.873
1521,MXF,>4,3.0,R,MEDIUM,gyrA,94.0,gyrA_D94N,R,0.8235294117647058,A,D94N,3.0,0.0,-1.9800000000000002,-1.0,2.64,H,AlphaHelix,-58.04000000000002,-41.610000000000014,97.4,1.0,1.0,False,False,False,False,True,False,88.1550888450658,56.0,75.0,18.4946885503575,7.838828370247936,14.503317804823576,46.65999984741211,1.7333416145382428,-0.347
1522,MXF,>4,3.0,R,MEDIUM,gyrA,94.0,gyrA_D94N,R,0.8235294117647058,A,D94N,3.0,0.0,-1.9800000000000002,-1.0,2.64,H,AlphaHelix,-58.04000000000002,-41.610000000000014,97.4,1.0,1.0,False,False,False,False,True,False,88.1550888450658,56.0,75.0,18.4946885503575,7.838828370247936,14.503317804823576,46.65999984741211,1.7333416145382428,-0.347
1523,MXF,0.12,-3.06,S,MEDIUM,gyrA,94.0,gyrA_D94N,R,0.8235294117647058,A,D94N,3.0,0.0,-1.9800000000000002,-1.0,2.64,H,AlphaHelix,-58.04000000000002,-41.610000000000014,97.4,1.0,1.0,False,False,False,False,True,False,88.1550888450658,56.0,75.0,18.4946885503575,7.838828370247936,14.503317804823576,46.65999984741211,1.7333416145382428,-0.347
1524,MXF,2.0,1.0,R,MEDIUM,gyrA,90.0,gyrA_A90V,R,0.5555555555555556,A,A90V,51.400000000000006,2.4000000000000004,-0.8600000000000001,28.0,-0.040000000000000036,H,AlphaHelix,-61.829999999999984,-59.75999999999999,47.0,2.0,0.0,False,False,False,False,True,False,55.555815915240146,-64.0,82.0,14.434102224020556,5.4833322787917345,10.609526093749128,40.439998626708984,1.6650776123582791,0.089
1525,MXF,2.0,1.0,R,MEDIUM,gyrA,94.0,gyrA_D94G,R,0.8189233278955954,A,D94G,-50.99999999999999,3.1,-1.2700000000000002,-58.0,3.1999999999999997,H,AlphaHelix,-58.04000000000002,-41.610000000000014,97.4,1.0,1.0,False,False,False,False,True,False,88.1550888450658,63.0,80.0,18.4946885503575,7.838828370247936,14.503317804823576,46.65999984741211,1.7333416145382428,-0.873
1526,MXF,>4,3.0,R,HIGH,gyrA,94.0,gyrA_D94G,R,0.8189233278955954,A,D94G,-50.99999999999999,3.1,-1.2700000000000002,-58.0,3.1999999999999997,H,AlphaHelix,-58.04000000000002,-41.610000000000014,97.4,1.0,1.0,False,False,False,False,True,False,88.1550888450658,63.0,80.0,18.4946885503575,7.838828370247936,14.503317804823576,46.65999984741211,1.7333416145382428,-0.873
1527,MXF,2.0,1.0,R,MEDIUM,gyrA,94.0,gyrA_D94N,R,0.8235294117647058,A,D94N,3.0,0.0,-1.9800000000000002,-1.0,2.64,H,AlphaHelix,-58.04000000000002,-41.610000000000014,97.4,1.0,1.0,False,False,False,False,True,False,88.1550888450658,56.0,75.0,18.4946885503575,7.838828370247936,14.503317804823576,46.65999984741211,1.7333416145382428,-0.347
1528,MXF,0.5,-1.0,S,MEDIUM,gyrB,664.0,gyrB_T664I,S,1.0,B,T664I,50.599999999999994,5.2,-0.92,12.099999999999994,0.41999999999999993,H,AlphaHelix,-62.73000000000002,-25.089999999999975,96.5,0.0,1.0,False,False,False,False,True,False,90.89037836003459,20.0,63.0,25.245356999068637,31.048053627709557,31.334477455256273,73.5199966430664,1.7420153901407731,0.192
1529,MXF,4.0,2.0,R,HIGH,gyrA,94.0,gyrA_D94G,R,0.8189233278955954,A,D94G,-50.99999999999999,3.1,-1.2700000000000002,-58.0,3.1999999999999997,H,AlphaHelix,-58.04000000000002,-41.610000000000014,97.4,1.0,1.0,False,False,False,False,True,False,88.1550888450658,63.0,80.0,18.4946885503575,7.838828370247936,14.503317804823576,46.65999984741211,1.7333416145382428,-0.873
1530,MXF,1.0,0.0,S,MEDIUM,gyrA,90.0,gyrA_A90V,R,0.5555555555555556,A,A90V,51.400000000000006,2.4000000000000004,-0.8600000000000001,28.0,-0.040000000000000036,H,AlphaHelix,-61.829999999999984,-59.75999999999999,47.0,2.0,0.0,False,False,False,False,True,False,55.555815915240146,-64.0,82.0,14.434102224020556,5.4833322787917345,10.609526093749128,40.439998626708984,1.6650776123582791,0.089
1531,MXF,>4,3.0,R,HIGH,gyrA,94.0,gyrA_D94Y,R,0.847457627118644,A,D94Y,82.5,2.2,-2.18,48.099999999999994,2.89,H,AlphaHelix,-58.04000000000002,-41.610000000000014,97.4,1.0,1.0,False,False,False,False,True,False,88.1550888450658,81.0,91.0,18.4946885503575,7.838828370247936,14.503317804823576,46.65999984741211,1.7333416145382428,-0.376
1532,MXF,>4,3.0,R,HIGH,gyrA,94.0,gyrA_D94G,R,0.8189233278955954,A,D94G,-50.99999999999999,3.1,-1.2700000000000002,-58.0,3.1999999999999997,H,AlphaHelix,-58.04000000000002,-41.610000000000014,97.4,1.0,1.0,False,False,False,False,True,False,88.1550888450658,63.0,80.0,18.4946885503575,7.838828370247936,14.503317804823576,46.65999984741211,1.7333416145382428,-0.873
1533,MXF,4.0,2.0,R,MEDIUM,gyrA,91.0,gyrA_S91P,R,0.676923076923077,A,S91P,23.700000000000003,-0.8,-0.64,10.0,0.6200000000000001,H,AlphaHelix,-67.14999999999998,-27.149999999999977,64.8,1.0,0.0,False,False,False,False,True,False,65.22815545163408,63.0,80.0,13.712390715773491,5.3811257108513875,11.010229056369285,47.63999938964844,1.5284537092505912,-0.125
1534,MXF,>4,3.0,R,HIGH,gyrA,94.0,gyrA_D94G,R,0.8189233278955954,A,D94G,-50.99999999999999,3.1,-1.2700000000000002,-58.0,3.1999999999999997,H,AlphaHelix,-58.04000000000002,-41.610000000000014,97.4,1.0,1.0,False,False,False,False,True,False,88.1550888450658,63.0,80.0,18.4946885503575,7.838828370247936,14.503317804823576,46.65999984741211,1.7333416145382428,-0.873
1535,MXF,0.12,-3.06,S,HIGH,gyrA,99.0,gyrA_M99I,S,1.0,A,M99I,3.799999999999983,2.6,-0.37000000000000005,-18.0,0.27999999999999936,H,AlphaHelix,-71.09000000000003,-4.699999999999989,4.8,2.0,2.0,False,False,False,False,True,False,5.067080027547395,36.0,66.0,24.62803146691341,16.34865971494425,22.89714054774994,38.34000015258789,3.1689512132588553,-0.955
1536,MXF,4.0,2.0,R,HIGH,gyrA,94.0,gyrA_D94G,R,0.8189233278955954,A,D94G,-50.99999999999999,3.1,-1.2700000000000002,-58.0,3.1999999999999997,H,AlphaHelix,-58.04000000000002,-41.610000000000014,97.4,1.0,1.0,False,False,False,False,True,False,88.1550888450658,63.0,80.0,18.4946885503575,7.838828370247936,14.503317804823576,46.65999984741211,1.7333416145382428,-0.873
1537,MXF,4.0,2.0,R,MEDIUM,gyrA,94.0,gyrA_D94G,R,0.8189233278955954,A,D94G,-50.99999999999999,3.1,-1.2700000000000002,-58.0,3.1999999999999997,H,AlphaHelix,-58.04000000000002,-41.610000000000014,97.4,1.0,1.0,False,False,False,False,True,False,88.1550888450658,63.0,80.0,18.4946885503575,7.838828370247936,14.503317804823576,46.65999984741211,1.7333416145382428,-0.873
1538,MXF,4.0,2.0,R,HIGH,gyrA,94.0,gyrA_D94A,R,0.5232558139534884,A,D94A,-22.5,5.3,-2.08,-44.0,3.23,H,AlphaHelix,-58.04000000000002,-41.610000000000014,97.4,1.0,1.0,False,False,False,False,True,False,88.1550888450658,46.0,71.0,18.4946885503575,7.838828370247936,14.503317804823576,46.65999984741211,1.7333416145382428,-0.421
1539,MXF,>4,3.0,R,HIGH,gyrA,94.0,gyrA_D94G,R,0.8189233278955954,A,D94G,-50.99999999999999,3.1,-1.2700000000000002,-58.0,3.1999999999999997,H,AlphaHelix,-58.04000000000002,-41.610000000000014,97.4,1.0,1.0,False,False,False,False,True,False,88.1550888450658,63.0,80.0,18.4946885503575,7.838828370247936,14.503317804823576,46.65999984741211,1.7333416145382428,-0.873
1540,MXF,0.25,-2.0,S,HIGH,gyrA,489.0,gyrA_R489S,S,1.0,A,R489S,-84.4,3.7,-0.6699999999999999,-69.1,-5.08,H,AlphaHelix,-82.97000000000003,-45.35000000000002,183.0,0.0,2.0,False,False,False,False,True,False,182.5990899325483,-26.0,61.0,42.68069002542901,36.46744346513545,43.03335057664614,76.72000122070312,1.5552796223693524,-0.201
1541,MXF,2.0,1.0,R,MEDIUM,gyrA,90.0,gyrA_A90V,R,0.5555555555555556,A,A90V,51.400000000000006,2.4000000000000004,-0.8600000000000001,28.0,-0.040000000000000036,H,AlphaHelix,-61.829999999999984,-59.75999999999999,47.0,2.0,0.0,False,False,False,False,True,False,55.555815915240146,-64.0,82.0,14.434102224020556,5.4833322787917345,10.609526093749128,40.439998626708984,1.6650776123582791,0.089
1542,MXF,0.25,-2.0,S,HIGH,gyrA,254.0,gyrA_R254C,S,1.0,A,R254C,-64.9,7.0,-0.78,-52.999999999999986,-5.6899999999999995,E,Strand,-140.52,150.5,54.1,1.0,1.0,False,False,True,False,False,False,52.62668666740882,49.0,71.0,41.78050033328739,31.11595076201683,35.612514761003474,51.56999969482422,3.1563712888508726,-0.999
1543,MXF,4.0,2.0,R,MEDIUM,gyrA,94.0,gyrA_D94G,R,0.8189233278955954,A,D94G,-50.99999999999999,3.1,-1.2700000000000002,-58.0,3.1999999999999997,H,AlphaHelix,-58.04000000000002,-41.610000000000014,97.4,1.0,1.0,False,False,False,False,True,False,88.1550888450658,63.0,80.0,18.4946885503575,7.838828370247936,14.503317804823576,46.65999984741211,1.7333416145382428,-0.873
1544,MXF,1.0,0.0,S,HIGH,gyrA,90.0,gyrA_A90V,R,0.5555555555555556,A,A90V,51.400000000000006,2.4000000000000004,-0.8600000000000001,28.0,-0.040000000000000036,H,AlphaHelix,-61.829999999999984,-59.75999999999999,47.0,2.0,0.0,False,False,False,False,True,False,55.555815915240146,-64.0,82.0,14.434102224020556,5.4833322787917345,10.609526093749128,40.439998626708984,1.6650776123582791,0.089
1545,MXF,2.0,1.0,R,HIGH,gyrA,94.0,gyrA_D94G,R,0.8189233278955954,A,D94G,-50.99999999999999,3.1,-1.2700000000000002,-58.0,3.1999999999999997,H,AlphaHelix,-58.04000000000002,-41.610000000000014,97.4,1.0,1.0,False,False,False,False,True,False,88.1550888450658,63.0,80.0,18.4946885503575,7.838828370247936,14.503317804823576,46.65999984741211,1.7333416145382428,-0.873
1546,MXF,>4,3.0,R,HIGH,gyrA,94.0,gyrA_D94G,R,0.8189233278955954,A,D94G,-50.99999999999999,3.1,-1.2700000000000002,-58.0,3.1999999999999997,H,AlphaHelix,-58.04000000000002,-41.610000000000014,97.4,1.0,1.0,False,False,False,False,True,False,88.1550888450658,63.0,80.0,18.4946885503575,7.838828370247936,14.503317804823576,46.65999984741211,1.7333416145382428,-0.873
1547,MXF,2.0,1.0,R,MEDIUM,gyrA,91.0,gyrA_S91P,R,0.676923076923077,A,S91P,23.700000000000003,-0.8,-0.64,10.0,0.6200000000000001,H,AlphaHelix,-67.14999999999998,-27.149999999999977,64.8,1.0,0.0,False,False,False,False,True,False,65.22815545163408,63.0,80.0,13.712390715773491,5.3811257108513875,11.010229056369285,47.63999938964844,1.5284537092505912,-0.125
1548,MXF,2.0,1.0,R,HIGH,gyrA,90.0,gyrA_A90V,R,0.5555555555555556,A,A90V,51.400000000000006,2.4000000000000004,-0.8600000000000001,28.0,-0.040000000000000036,H,AlphaHelix,-61.829999999999984,-59.75999999999999,47.0,2.0,0.0,False,False,False,False,True,False,55.555815915240146,-64.0,82.0,14.434102224020556,5.4833322787917345,10.609526093749128,40.439998626708984,1.6650776123582791,0.089
1549,MXF,1.0,0.0,S,HIGH,gyrA,94.0,gyrA_D94G,R,0.8189233278955954,A,D94G,-50.99999999999999,3.1,-1.2700000000000002,-58.0,3.1999999999999997,H,AlphaHelix,-58.04000000000002,-41.610000000000014,97.4,1.0,1.0,False,False,False,False,True,False,88.1550888450658,63.0,80.0,18.4946885503575,7.838828370247936,14.503317804823576,46.65999984741211,1.7333416145382428,-0.873
1550,MXF,0.5,-1.0,S,HIGH,gyrB,661.0,gyrB_S661T,S,1.0,B,S661T,27.099999999999994,0.10000000000000009,-0.22000000000000003,14.0,-0.08000000000000007,H,AlphaHelix,-65.99000000000001,-33.72000000000003,64.0,1.0,1.0,False,False,False,False,True,False,61.496519316702106,-77.0,87.0,27.404862087267972,31.653565009328855,31.545509602200013,62.41999816894531,1.65126816690675,-0.388
1551,MXF,2.0,1.0,R,MEDIUM,gyrA,94.0,gyrA_D94A,R,0.5232558139534884,A,D94A,-22.5,5.3,-2.08,-44.0,3.23,H,AlphaHelix,-58.04000000000002,-41.610000000000014,97.4,1.0,1.0,False,False,False,False,True,False,88.1550888450658,46.0,71.0,18.4946885503575,7.838828370247936,14.503317804823576,46.65999984741211,1.7333416145382428,-0.421
1552,MXF,0.25,-2.0,S,HIGH,gyrB,526.0,gyrB_K526Q,S,1.0,B,K526Q,-24.799999999999983,0.3999999999999999,-1.62,0.0,-4.09,E,Strand,-131.07,113.53,54.1,1.0,0.0,False,False,True,False,False,False,50.172912107654724,47.0,71.0,23.588987139666717,33.32857742888527,27.423925932788926,67.94999694824219,2.157108657991182,-0.445
1553,MXF,2.0,1.0,R,HIGH,gyrA,94.0,gyrA_D94Y,R,0.847457627118644,A,D94Y,82.5,2.2,-2.18,48.099999999999994,2.89,H,AlphaHelix,-58.04000000000002,-41.610000000000014,97.4,1.0,1.0,False,False,False,False,True,False,88.1550888450658,81.0,91.0,18.4946885503575,7.838828370247936,14.503317804823576,46.65999984741211,1.7333416145382428,-0.376
1554,MXF,0.25,-2.0,S,MEDIUM,gyrA,154.0,gyrA_P154R,S,1.0,A,P154R,60.7,-2.9,1.31,59.099999999999994,4.46,E,Strand,-63.26999999999998,149.75,74.5,0.0,0.0,False,False,True,False,False,False,79.18597057272785,41.0,71.0,19.118048030681603,27.697803616910868,30.165253260701736,57.20000076293945,1.6282709707753908,-0.523
1555,MXF,>4,3.0,R,MEDIUM,gyrA,94.0,gyrA_D94G,R,0.8189233278955954,A,D94G,-50.99999999999999,3.1,-1.2700000000000002,-58.0,3.1999999999999997,H,AlphaHelix,-58.04000000000002,-41.610000000000014,97.4,1.0,1.0,False,False,False,False,True,False,88.1550888450658,63.0,80.0,18.4946885503575,7.838828370247936,14.503317804823576,46.65999984741211,1.7333416145382428,-0.873
1556,MXF,4.0,2.0,R,HIGH,gyrA,94.0,gyrA_D94G,R,0.8189233278955954,A,D94G,-50.99999999999999,3.1,-1.2700000000000002,-58.0,3.1999999999999997,H,AlphaHelix,-58.04000000000002,-41.610000000000014,97.4,1.0,1.0,False,False,False,False,True,False,88.1550888450658,63.0,80.0,18.4946885503575,7.838828370247936,14.503317804823576,46.65999984741211,1.7333416145382428,-0.873
1557,MXF,0.12,-3.06,S,MEDIUM,gyrA,472.0,gyrA_P472S,S,0.9285714285714286,A,P472S,-23.700000000000003,0.8,0.64,-10.0,-0.6200000000000001,H,AlphaHelix,-59.70999999999998,-28.170000000000016,71.0,1.0,0.0,False,False,False,False,True,False,78.73791501370572,-68.0,82.0,46.44317945930904,48.133935316451236,53.0020285473169,69.8499984741211,1.6707895195538032,-1.116
1558,MXF,2.0,1.0,R,HIGH,gyrA,94.0,gyrA_D94A,R,0.5232558139534884,A,D94A,-22.5,5.3,-2.08,-44.0,3.23,H,AlphaHelix,-58.04000000000002,-41.610000000000014,97.4,1.0,1.0,False,False,False,False,True,False,88.1550888450658,46.0,71.0,18.4946885503575,7.838828370247936,14.503317804823576,46.65999984741211,1.7333416145382428,-0.421
1559,MXF,>4,3.0,R,MEDIUM,gyrA,94.0,gyrA_D94G,R,0.8189233278955954,A,D94G,-50.99999999999999,3.1,-1.2700000000000002,-58.0,3.1999999999999997,H,AlphaHelix,-58.04000000000002,-41.610000000000014,97.4,1.0,1.0,False,False,False,False,True,False,88.1550888450658,63.0,80.0,18.4946885503575,7.838828370247936,14.503317804823576,46.65999984741211,1.7333416145382428,-0.873
1560,MXF,1.0,0.0,S,HIGH,gyrA,90.0,gyrA_A90V,R,0.5555555555555556,A,A90V,51.400000000000006,2.4000000000000004,-0.8600000000000001,28.0,-0.040000000000000036,H,AlphaHelix,-61.829999999999984,-59.75999999999999,47.0,2.0,0.0,False,False,False,False,True,False,55.555815915240146,-64.0,82.0,14.434102224020556,5.4833322787917345,10.609526093749128,40.439998626708984,1.6650776123582791,0.089
1561,MXF,0.12,-3.06,S,HIGH,gyrA,193.0,gyrA_N193S,S,1.0,A,N193S,-25.099999999999994,2.7,-0.09999999999999998,-27.0,0.2699999999999996,C,Coil,-78.75,123.63,5.4,2.0,0.0,False,True,False,False,False,False,3.9785882839510753,-22.0,61.0,38.56834762344578,31.614916234348744,37.544471341104654,50.119998931884766,3.1142630176941593,-1.229
1562,MXF,0.5,-1.0,S,MEDIUM,gyrA,94.0,gyrA_D94G,R,0.8189233278955954,A,D94G,-50.99999999999999,3.1,-1.2700000000000002,-58.0,3.1999999999999997,H,AlphaHelix,-58.04000000000002,-41.610000000000014,97.4,1.0,1.0,False,False,False,False,True,False,88.1550888450658,63.0,80.0,18.4946885503575,7.838828370247936,14.503317804823576,46.65999984741211,1.7333416145382428,-0.873
1563,MXF,,,,HIGH,gyrA,94.0,gyrA_D94G,R,0.8189233278955954,A,D94G,-50.99999999999999,3.1,-1.2700000000000002,-58.0,3.1999999999999997,H,AlphaHelix,-58.04000000000002,-41.610000000000014,97.4,1.0,1.0,False,False,False,False,True,False,88.1550888450658,63.0,80.0,18.4946885503575,7.838828370247936,14.503317804823576,46.65999984741211,1.7333416145382428,-0.873
1564,MXF,>4,3.0,R,HIGH,gyrA,88.0,gyrA_G88C,R,0.9090909090909091,A,G88C,48.4,2.9,-0.9199999999999999,46.10000000000001,-0.8999999999999995,C,Coil,-77.02999999999997,152.43,8.6,0.0,0.0,False,True,False,False,False,False,9.936179450376525,50.0,75.0,9.426612506997063,8.72870415742702,11.188927476312779,57.560001373291016,1.9098223702260209,-0.725
1565,MXF,2.0,1.0,R,MEDIUM,gyrA,90.0,gyrA_A90V,R,0.5555555555555556,A,A90V,51.400000000000006,2.4000000000000004,-0.8600000000000001,28.0,-0.040000000000000036,H,AlphaHelix,-61.829999999999984,-59.75999999999999,47.0,2.0,0.0,False,False,False,False,True,False,55.555815915240146,-64.0,82.0,14.434102224020556,5.4833322787917345,10.609526093749128,40.439998626708984,1.6650776123582791,0.089
1566,MXF,>4,3.0,R,HIGH,gyrA,94.0,gyrA_D94G,R,0.8189233278955954,A,D94G,-50.99999999999999,3.1,-1.2700000000000002,-58.0,3.1999999999999997,H,AlphaHelix,-58.04000000000002,-41.610000000000014,97.4,1.0,1.0,False,False,False,False,True,False,88.1550888450658,63.0,80.0,18.4946885503575,7.838828370247936,14.503317804823576,46.65999984741211,1.7333416145382428,-0.873
1567,MXF,0.5,-1.0,S,MEDIUM,gyrA,189.0,gyrA_I189V,S,1.0,A,I189V,-26.69999999999999,-0.2999999999999998,0.28,-14.099999999999994,-0.05999999999999961,E,Strand,-95.94999999999999,123.29,3.2,1.0,1.0,False,False,True,False,False,False,3.572202098050284,-48.0,72.0,29.141364969318033,24.298731587163076,28.807953054526926,40.88999938964844,4.2557927904474955,-1.573
1568,MXF,<=0.06,-4.06,S,HIGH,gyrA,211.0,gyrA_D211G,S,1.0,A,D211G,-50.99999999999999,3.1,-1.2700000000000002,-58.0,3.1999999999999997,C,Coil,-72.23000000000002,178.12,94.3,1.0,0.0,False,True,False,False,False,False,89.99411981133461,-73.0,87.0,46.169375150374684,46.44920407664378,50.51965764209949,77.0999984741211,1.5733138747059296,-0.675
1569,MXF,0.12,-3.06,S,HIGH,gyrA,90.0,gyrA_A90V,R,0.5555555555555556,A,A90V,51.400000000000006,2.4000000000000004,-0.8600000000000001,28.0,-0.040000000000000036,H,AlphaHelix,-61.829999999999984,-59.75999999999999,47.0,2.0,0.0,False,False,False,False,True,False,55.555815915240146,-64.0,82.0,14.434102224020556,5.4833322787917345,10.609526093749128,40.439998626708984,1.6650776123582791,0.089
1570,MXF,2.0,1.0,R,HIGH,gyrA,91.0,gyrA_S91P,R,0.676923076923077,A,S91P,23.700000000000003,-0.8,-0.64,10.0,0.6200000000000001,H,AlphaHelix,-67.14999999999998,-27.149999999999977,64.8,1.0,0.0,False,False,False,False,True,False,65.22815545163408,63.0,80.0,13.712390715773491,5.3811257108513875,11.010229056369285,47.63999938964844,1.5284537092505912,-0.125
1571,MXF,0.12,-3.06,S,MEDIUM,gyrA,94.0,gyrA_D94G,R,0.8189233278955954,A,D94G,-50.99999999999999,3.1,-1.2700000000000002,-58.0,3.1999999999999997,H,AlphaHelix,-58.04000000000002,-41.610000000000014,97.4,1.0,1.0,False,False,False,False,True,False,88.1550888450658,63.0,80.0,18.4946885503575,7.838828370247936,14.503317804823576,46.65999984741211,1.7333416145382428,-0.873
1572,MXF,1.0,0.0,S,HIGH,gyrA,94.0,gyrA_D94G,R,0.8189233278955954,A,D94G,-50.99999999999999,3.1,-1.2700000000000002,-58.0,3.1999999999999997,H,AlphaHelix,-58.04000000000002,-41.610000000000014,97.4,1.0,1.0,False,False,False,False,True,False,88.1550888450658,63.0,80.0,18.4946885503575,7.838828370247936,14.503317804823576,46.65999984741211,1.7333416145382428,-0.873
1573,MXF,0.12,-3.06,S,HIGH,gyrA,108.0,gyrA_P108S,S,1.0,A,P108S,-23.700000000000003,0.8,0.64,-10.0,-0.6200000000000001,T,Turn,-50.85000000000002,138.42,37.4,0.0,0.0,False,False,False,False,False,True,38.846676548645014,26.0,63.0,29.922429611626356,21.820593377164247,28.409330962316055,40.81999969482422,1.9146083700236658,-1.514
1574,MXF,2.0,1.0,R,HIGH,gyrA,94.0,gyrA_D94G,R,0.8189233278955954,A,D94G,-50.99999999999999,3.1,-1.2700000000000002,-58.0,3.1999999999999997,H,AlphaHelix,-58.04000000000002,-41.610000000000014,97.4,1.0,1.0,False,False,False,False,True,False,88.1550888450658,63.0,80.0,18.4946885503575,7.838828370247936,14.503317804823576,46.65999984741211,1.7333416145382428,-0.873
1575,MXF,4.0,2.0,R,HIGH,gyrA,90.0,gyrA_A90V,R,0.5555555555555556,A,A90V,51.400000000000006,2.4000000000000004,-0.8600000000000001,28.0,-0.040000000000000036,H,AlphaHelix,-61.829999999999984,-59.75999999999999,47.0,2.0,0.0,False,False,False,False,True,False,55.555815915240146,-64.0,82.0,14.434102224020556,5.4833322787917345,10.609526093749128,40.439998626708984,1.6650776123582791,0.089
1576,MXF,4.0,2.0,R,HIGH,gyrA,94.0,gyrA_D94G,R,0.8189233278955954,A,D94G,-50.99999999999999,3.1,-1.2700000000000002,-58.0,3.1999999999999997,H,AlphaHelix,-58.04000000000002,-41.610000000000014,97.4,1.0,1.0,False,False,False,False,True,False,88.1550888450658,63.0,80.0,18.4946885503575,7.838828370247936,14.503317804823576,46.65999984741211,1.7333416145382428,-0.873
1577,MXF,0.12,-3.06,S,HIGH,gyrB,512.0,gyrB_G512R,S,0.75,B,G512R,113.30000000000001,-4.1,-0.1399999999999999,99.1,4.79,C,Coil,-78.40999999999997,-153.43,22.3,0.0,0.0,False,True,False,False,False,False,21.149837177377734,56.0,75.0,30.288478501938705,33.28516089347982,27.038826371356006,69.91000366210938,1.8566162191748528,-1.498
1578,MXF,2.0,1.0,R,HIGH,gyrA,90.0,gyrA_A90V,R,0.5555555555555556,A,A90V,51.400000000000006,2.4000000000000004,-0.8600000000000001,28.0,-0.040000000000000036,H,AlphaHelix,-61.829999999999984,-59.75999999999999,47.0,2.0,0.0,False,False,False,False,True,False,55.555815915240146,-64.0,82.0,14.434102224020556,5.4833322787917345,10.609526093749128,40.439998626708984,1.6650776123582791,0.089
1579,MXF,4.0,2.0,R,HIGH,gyrA,90.0,gyrA_A90V,R,0.5555555555555556,A,A90V,51.400000000000006,2.4000000000000004,-0.8600000000000001,28.0,-0.040000000000000036,H,AlphaHelix,-61.829999999999984,-59.75999999999999,47.0,2.0,0.0,False,False,False,False,True,False,55.555815915240146,-64.0,82.0,14.434102224020556,5.4833322787917345,10.609526093749128,40.439998626708984,1.6650776123582791,0.089
1580,MXF,2.0,1.0,R,HIGH,gyrA,90.0,gyrA_A90V,R,0.5555555555555556,A,A90V,51.400000000000006,2.4000000000000004,-0.8600000000000001,28.0,-0.040000000000000036,H,AlphaHelix,-61.829999999999984,-59.75999999999999,47.0,2.0,0.0,False,False,False,False,True,False,55.555815915240146,-64.0,82.0,14.434102224020556,5.4833322787917345,10.609526093749128,40.439998626708984,1.6650776123582791,0.089
1581,MXF,0.12,-3.06,S,MEDIUM,gyrA,193.0,gyrA_N193S,S,1.0,A,N193S,-25.099999999999994,2.7,-0.09999999999999998,-27.0,0.2699999999999996,C,Coil,-78.75,123.63,5.4,2.0,0.0,False,True,False,False,False,False,3.9785882839510753,-22.0,61.0,38.56834762344578,31.614916234348744,37.544471341104654,50.119998931884766,3.1142630176941593,-1.229
1582,MXF,>4,3.0,R,HIGH,gyrA,89.0,gyrA_D89N,R,0.7142857142857143,A,D89N,3.0,0.0,-1.9800000000000002,-1.0,2.64,H,AlphaHelix,-67.79000000000002,-35.15999999999997,27.1,1.0,0.0,False,False,False,False,True,False,24.84916086555452,54.0,75.0,13.15472132034126,8.939840896240382,12.899553368087723,49.52000045776367,2.2988834846000192,-0.812
1583,MXF,0.5,-1.0,S,HIGH,gyrB,512.0,gyrB_G512R,S,0.75,B,G512R,113.30000000000001,-4.1,-0.1399999999999999,99.1,4.79,C,Coil,-78.40999999999997,-153.43,22.3,0.0,0.0,False,True,False,False,False,False,21.149837177377734,56.0,75.0,30.288478501938705,33.28516089347982,27.038826371356006,69.91000366210938,1.8566162191748528,-1.498
1584,MXF,>4,3.0,R,HIGH,gyrA,94.0,gyrA_D94G,R,0.8189233278955954,A,D94G,-50.99999999999999,3.1,-1.2700000000000002,-58.0,3.1999999999999997,H,AlphaHelix,-58.04000000000002,-41.610000000000014,97.4,1.0,1.0,False,False,False,False,True,False,88.1550888450658,63.0,80.0,18.4946885503575,7.838828370247936,14.503317804823576,46.65999984741211,1.7333416145382428,-0.873
1585,MXF,>4,3.0,R,HIGH,gyrA,94.0,gyrA_D94G,R,0.8189233278955954,A,D94G,-50.99999999999999,3.1,-1.2700000000000002,-58.0,3.1999999999999997,H,AlphaHelix,-58.04000000000002,-41.610000000000014,97.4,1.0,1.0,False,False,False,False,True,False,88.1550888450658,63.0,80.0,18.4946885503575,7.838828370247936,14.503317804823576,46.65999984741211,1.7333416145382428,-0.873
1586,MXF,0.12,-3.06,S,HIGH,gyrA,296.0,gyrA_L296P,S,1.0,A,L296P,-53.999999999999986,-5.4,0.37999999999999995,-16.099999999999994,0.3199999999999994,T,Turn,-125.38,61.34,3.1,1.0,1.0,False,False,False,False,False,True,2.3395371508822462,29.0,63.0,48.582496167125214,36.23125663804953,38.403671065163216,88.44000244140625,3.103329357635494,-5.471
1587,MXF,>4,3.0,R,HIGH,gyrA,94.0,gyrA_D94N,R,0.8235294117647058,A,D94N,3.0,0.0,-1.9800000000000002,-1.0,2.64,H,AlphaHelix,-58.04000000000002,-41.610000000000014,97.4,1.0,1.0,False,False,False,False,True,False,88.1550888450658,56.0,75.0,18.4946885503575,7.838828370247936,14.503317804823576,46.65999984741211,1.7333416145382428,-0.347
1588,MXF,2.0,1.0,R,HIGH,gyrA,94.0,gyrA_D94N,R,0.8235294117647058,A,D94N,3.0,0.0,-1.9800000000000002,-1.0,2.64,H,AlphaHelix,-58.04000000000002,-41.610000000000014,97.4,1.0,1.0,False,False,False,False,True,False,88.1550888450658,56.0,75.0,18.4946885503575,7.838828370247936,14.503317804823576,46.65999984741211,1.7333416145382428,-0.347
1589,MXF,>4,3.0,R,MEDIUM,gyrB,446.0,gyrB_R446L,R,1.0,B,R446L,-6.700000000000017,8.3,-1.69,-43.0,-4.779999999999999,C,Coil,-102.64999999999998,-28.920000000000016,47.7,0.0,2.0,False,True,False,False,False,False,48.145590821945774,23.0,63.0,29.51837897988494,35.92512580140432,29.680615443555677,77.33999633789062,1.8834134115420547,0.525
1590,MXF,>4,3.0,R,MEDIUM,gyrA,94.0,gyrA_D94G,R,0.8189233278955954,A,D94G,-50.99999999999999,3.1,-1.2700000000000002,-58.0,3.1999999999999997,H,AlphaHelix,-58.04000000000002,-41.610000000000014,97.4,1.0,1.0,False,False,False,False,True,False,88.1550888450658,63.0,80.0,18.4946885503575,7.838828370247936,14.503317804823576,46.65999984741211,1.7333416145382428,-0.873
1591,MXF,4.0,2.0,R,MEDIUM,gyrA,94.0,gyrA_D94N,R,0.8235294117647058,A,D94N,3.0,0.0,-1.9800000000000002,-1.0,2.64,H,AlphaHelix,-58.04000000000002,-41.610000000000014,97.4,1.0,1.0,False,False,False,False,True,False,88.1550888450658,56.0,75.0,18.4946885503575,7.838828370247936,14.503317804823576,46.65999984741211,1.7333416145382428,-0.347
1592,MXF,4.0,2.0,R,HIGH,gyrA,94.0,gyrA_D94N,R,0.8235294117647058,A,D94N,3.0,0.0,-1.9800000000000002,-1.0,2.64,H,AlphaHelix,-58.04000000000002,-41.610000000000014,97.4,1.0,1.0,False,False,False,False,True,False,88.1550888450658,56.0,75.0,18.4946885503575,7.838828370247936,14.503317804823576,46.65999984741211,1.7333416145382428,-0.347
1593,MXF,4.0,2.0,R,MEDIUM,gyrA,94.0,gyrA_D94G,R,0.8189233278955954,A,D94G,-50.99999999999999,3.1,-1.2700000000000002,-58.0,3.1999999999999997,H,AlphaHelix,-58.04000000000002,-41.610000000000014,97.4,1.0,1.0,False,False,False,False,True,False,88.1550888450658,63.0,80.0,18.4946885503575,7.838828370247936,14.503317804823576,46.65999984741211,1.7333416145382428,-0.873
1594,MXF,2.0,1.0,R,HIGH,gyrA,90.0,gyrA_A90V,R,0.5555555555555556,A,A90V,51.400000000000006,2.4000000000000004,-0.8600000000000001,28.0,-0.040000000000000036,H,AlphaHelix,-61.829999999999984,-59.75999999999999,47.0,2.0,0.0,False,False,False,False,True,False,55.555815915240146,-64.0,82.0,14.434102224020556,5.4833322787917345,10.609526093749128,40.439998626708984,1.6650776123582791,0.089
1595,MXF,2.0,1.0,R,HIGH,gyrA,90.0,gyrA_A90V,R,0.5555555555555556,A,A90V,51.400000000000006,2.4000000000000004,-0.8600000000000001,28.0,-0.040000000000000036,H,AlphaHelix,-61.829999999999984,-59.75999999999999,47.0,2.0,0.0,False,False,False,False,True,False,55.555815915240146,-64.0,82.0,14.434102224020556,5.4833322787917345,10.609526093749128,40.439998626708984,1.6650776123582791,0.089
1596,MXF,0.25,-2.0,S,HIGH,gyrA,90.0,gyrA_A90V,R,0.5555555555555556,A,A90V,51.400000000000006,2.4000000000000004,-0.8600000000000001,28.0,-0.040000000000000036,H,AlphaHelix,-61.829999999999984,-59.75999999999999,47.0,2.0,0.0,False,False,False,False,True,False,55.555815915240146,-64.0,82.0,14.434102224020556,5.4833322787917345,10.609526093749128,40.439998626708984,1.6650776123582791,0.089
1597,MXF,1.0,0.0,S,HIGH,gyrA,90.0,gyrA_A90V,R,0.5555555555555556,A,A90V,51.400000000000006,2.4000000000000004,-0.8600000000000001,28.0,-0.040000000000000036,H,AlphaHelix,-61.829999999999984,-59.75999999999999,47.0,2.0,0.0,False,False,False,False,True,False,55.555815915240146,-64.0,82.0,14.434102224020556,5.4833322787917345,10.609526093749128,40.439998626708984,1.6650776123582791,0.089
1598,MXF,0.5,-1.0,S,MEDIUM,gyrA,90.0,gyrA_A90V,R,0.5555555555555556,A,A90V,51.400000000000006,2.4000000000000004,-0.8600000000000001,28.0,-0.040000000000000036,H,AlphaHelix,-61.829999999999984,-59.75999999999999,47.0,2.0,0.0,False,False,False,False,True,False,55.555815915240146,-64.0,82.0,14.434102224020556,5.4833322787917345,10.609526093749128,40.439998626708984,1.6650776123582791,0.089
1599,MXF,<=0.06,-4.06,S,HIGH,gyrA,94.0,gyrA_D94G,R,0.8189233278955954,A,D94G,-50.99999999999999,3.1,-1.2700000000000002,-58.0,3.1999999999999997,H,AlphaHelix,-58.04000000000002,-41.610000000000014,97.4,1.0,1.0,False,False,False,False,True,False,88.1550888450658,63.0,80.0,18.4946885503575,7.838828370247936,14.503317804823576,46.65999984741211,1.7333416145382428,-0.873
1600,MXF,0.12,-3.06,S,HIGH,gyrA,472.0,gyrA_P472S,S,0.9285714285714286,A,P472S,-23.700000000000003,0.8,0.64,-10.0,-0.6200000000000001,H,AlphaHelix,-59.70999999999998,-28.170000000000016,71.0,1.0,0.0,False,False,False,False,True,False,78.73791501370572,-68.0,82.0,46.44317945930904,48.133935316451236,53.0020285473169,69.8499984741211,1.6707895195538032,-1.116
1601,MXF,1.0,0.0,S,MEDIUM,gyrA,90.0,gyrA_A90V,R,0.5555555555555556,A,A90V,51.400000000000006,2.4000000000000004,-0.8600000000000001,28.0,-0.040000000000000036,H,AlphaHelix,-61.829999999999984,-59.75999999999999,47.0,2.0,0.0,False,False,False,False,True,False,55.555815915240146,-64.0,82.0,14.434102224020556,5.4833322787917345,10.609526093749128,40.439998626708984,1.6650776123582791,0.089
1602,MXF,1.0,0.0,S,MEDIUM,gyrA,90.0,gyrA_A90V,R,0.5555555555555556,A,A90V,51.400000000000006,2.4000000000000004,-0.8600000000000001,28.0,-0.040000000000000036,H,AlphaHelix,-61.829999999999984,-59.75999999999999,47.0,2.0,0.0,False,False,False,False,True,False,55.555815915240146,-64.0,82.0,14.434102224020556,5.4833322787917345,10.609526093749128,40.439998626708984,1.6650776123582791,0.089
1603,MXF,<=0.06,-4.06,S,HIGH,gyrB,575.0,gyrB_R575H,S,1.0,B,R575H,-20.200000000000017,1.2999999999999998,0.3700000000000001,-19.0,-3.17,T,Turn,-120.16,-30.30000000000001,242.0,0.0,0.0,False,False,False,False,False,True,239.63741200348562,16.0,59.0,30.96580126290871,42.77069317524258,41.55315264548222,96.72000122070312,1.5111154341675028,-0.183
1604,MXF,1.0,0.0,S,MEDIUM,gyrB,501.0,gyrB_E501D,R,0.7857142857142857,B,E501D,-27.30000000000001,0.0,0.8,-14.0,-0.4500000000000002,H,AlphaHelix,-71.87,-38.54000000000002,13.6,2.0,0.0,False,False,False,False,True,False,15.369778026626971,78.0,85.0,18.005379610370586,18.103477446299912,11.656371379938307,63.0099983215332,2.23399611625198,-2.507
1605,MXF,0.5,-1.0,S,MEDIUM,gyrA,94.0,gyrA_D94N,R,0.8235294117647058,A,D94N,3.0,0.0,-1.9800000000000002,-1.0,2.64,H,AlphaHelix,-58.04000000000002,-41.610000000000014,97.4,1.0,1.0,False,False,False,False,True,False,88.1550888450658,56.0,75.0,18.4946885503575,7.838828370247936,14.503317804823576,46.65999984741211,1.7333416145382428,-0.347
1606,MXF,>4,3.0,R,HIGH,gyrA,94.0,gyrA_D94G,R,0.8189233278955954,A,D94G,-50.99999999999999,3.1,-1.2700000000000002,-58.0,3.1999999999999997,H,AlphaHelix,-58.04000000000002,-41.610000000000014,97.4,1.0,1.0,False,False,False,False,True,False,88.1550888450658,63.0,80.0,18.4946885503575,7.838828370247936,14.503317804823576,46.65999984741211,1.7333416145382428,-0.873
1607,MXF,0.12,-3.06,S,HIGH,gyrA,90.0,gyrA_A90V,R,0.5555555555555556,A,A90V,51.400000000000006,2.4000000000000004,-0.8600000000000001,28.0,-0.040000000000000036,H,AlphaHelix,-61.829999999999984,-59.75999999999999,47.0,2.0,0.0,False,False,False,False,True,False,55.555815915240146,-64.0,82.0,14.434102224020556,5.4833322787917345,10.609526093749128,40.439998626708984,1.6650776123582791,0.089
1608,MXF,0.25,-2.0,S,HIGH,gyrB,607.0,gyrB_I607V,S,1.0,B,I607V,-26.69999999999999,-0.2999999999999998,0.28,-14.099999999999994,-0.05999999999999961,E,Strand,-95.25,108.88,53.5,0.0,0.0,False,False,True,False,False,False,53.47240965214093,-48.0,72.0,18.91259712032296,31.286286633147185,31.017458849628913,72.44999694824219,1.8968927134660403,-0.628
1609,MXF,4.0,2.0,R,HIGH,gyrA,94.0,gyrA_D94G,R,0.8189233278955954,A,D94G,-50.99999999999999,3.1,-1.2700000000000002,-58.0,3.1999999999999997,H,AlphaHelix,-58.04000000000002,-41.610000000000014,97.4,1.0,1.0,False,False,False,False,True,False,88.1550888450658,63.0,80.0,18.4946885503575,7.838828370247936,14.503317804823576,46.65999984741211,1.7333416145382428,-0.873
1610,MXF,0.5,-1.0,S,HIGH,gyrA,94.0,gyrA_D94A,R,0.5232558139534884,A,D94A,-22.5,5.3,-2.08,-44.0,3.23,H,AlphaHelix,-58.04000000000002,-41.610000000000014,97.4,1.0,1.0,False,False,False,False,True,False,88.1550888450658,46.0,71.0,18.4946885503575,7.838828370247936,14.503317804823576,46.65999984741211,1.7333416145382428,-0.421
1611,MXF,2.0,1.0,R,HIGH,gyrA,90.0,gyrA_A90V,R,0.5555555555555556,A,A90V,51.400000000000006,2.4000000000000004,-0.8600000000000001,28.0,-0.040000000000000036,H,AlphaHelix,-61.829999999999984,-59.75999999999999,47.0,2.0,0.0,False,False,False,False,True,False,55.555815915240146,-64.0,82.0,14.434102224020556,5.4833322787917345,10.609526093749128,40.439998626708984,1.6650776123582791,0.089
1612,MXF,<=0.06,-4.06,S,HIGH,gyrA,94.0,gyrA_D94G,R,0.8189233278955954,A,D94G,-50.99999999999999,3.1,-1.2700000000000002,-58.0,3.1999999999999997,H,AlphaHelix,-58.04000000000002,-41.610000000000014,97.4,1.0,1.0,False,False,False,False,True,False,88.1550888450658,63.0,80.0,18.4946885503575,7.838828370247936,14.503317804823576,46.65999984741211,1.7333416145382428,-0.873
1613,MXF,2.0,1.0,R,HIGH,gyrA,94.0,gyrA_D94G,R,0.8189233278955954,A,D94G,-50.99999999999999,3.1,-1.2700000000000002,-58.0,3.1999999999999997,H,AlphaHelix,-58.04000000000002,-41.610000000000014,97.4,1.0,1.0,False,False,False,False,True,False,88.1550888450658,63.0,80.0,18.4946885503575,7.838828370247936,14.503317804823576,46.65999984741211,1.7333416145382428,-0.873
1614,MXF,2.0,1.0,R,HIGH,gyrA,90.0,gyrA_A90V,R,0.5555555555555556,A,A90V,51.400000000000006,2.4000000000000004,-0.8600000000000001,28.0,-0.040000000000000036,H,AlphaHelix,-61.829999999999984,-59.75999999999999,47.0,2.0,0.0,False,False,False,False,True,False,55.555815915240146,-64.0,82.0,14.434102224020556,5.4833322787917345,10.609526093749128,40.439998626708984,1.6650776123582791,0.089
1615,MXF,,,,MEDIUM,gyrA,90.0,gyrA_A90V,R,0.5555555555555556,A,A90V,51.400000000000006,2.4000000000000004,-0.8600000000000001,28.0,-0.040000000000000036,H,AlphaHelix,-61.829999999999984,-59.75999999999999,47.0,2.0,0.0,False,False,False,False,True,False,55.555815915240146,-64.0,82.0,14.434102224020556,5.4833322787917345,10.609526093749128,40.439998626708984,1.6650776123582791,0.089
1616,MXF,>4,3.0,R,HIGH,gyrA,90.0,gyrA_A90V,R,0.5555555555555556,A,A90V,51.400000000000006,2.4000000000000004,-0.8600000000000001,28.0,-0.040000000000000036,H,AlphaHelix,-61.829999999999984,-59.75999999999999,47.0,2.0,0.0,False,False,False,False,True,False,55.555815915240146,-64.0,82.0,14.434102224020556,5.4833322787917345,10.609526093749128,40.439998626708984,1.6650776123582791,0.089
1617,MXF,>4,3.0,R,MEDIUM,gyrA,94.0,gyrA_D94Y,R,0.847457627118644,A,D94Y,82.5,2.2,-2.18,48.099999999999994,2.89,H,AlphaHelix,-58.04000000000002,-41.610000000000014,97.4,1.0,1.0,False,False,False,False,True,False,88.1550888450658,81.0,91.0,18.4946885503575,7.838828370247936,14.503317804823576,46.65999984741211,1.7333416145382428,-0.376
1618,MXF,>4,3.0,R,HIGH,gyrA,94.0,gyrA_D94G,R,0.8189233278955954,A,D94G,-50.99999999999999,3.1,-1.2700000000000002,-58.0,3.1999999999999997,H,AlphaHelix,-58.04000000000002,-41.610000000000014,97.4,1.0,1.0,False,False,False,False,True,False,88.1550888450658,63.0,80.0,18.4946885503575,7.838828370247936,14.503317804823576,46.65999984741211,1.7333416145382428,-0.873
1619,MXF,>4,3.0,R,MEDIUM,gyrA,94.0,gyrA_D94N,R,0.8235294117647058,A,D94N,3.0,0.0,-1.9800000000000002,-1.0,2.64,H,AlphaHelix,-58.04000000000002,-41.610000000000014,97.4,1.0,1.0,False,False,False,False,True,False,88.1550888450658,56.0,75.0,18.4946885503575,7.838828370247936,14.503317804823576,46.65999984741211,1.7333416145382428,-0.347
1620,MXF,>4,3.0,R,MEDIUM,gyrA,94.0,gyrA_D94G,R,0.8189233278955954,A,D94G,-50.99999999999999,3.1,-1.2700000000000002,-58.0,3.1999999999999997,H,AlphaHelix,-58.04000000000002,-41.610000000000014,97.4,1.0,1.0,False,False,False,False,True,False,88.1550888450658,63.0,80.0,18.4946885503575,7.838828370247936,14.503317804823576,46.65999984741211,1.7333416145382428,-0.873
1621,MXF,0.5,-1.0,S,MEDIUM,gyrA,94.0,gyrA_D94N,R,0.8235294117647058,A,D94N,3.0,0.0,-1.9800000000000002,-1.0,2.64,H,AlphaHelix,-58.04000000000002,-41.610000000000014,97.4,1.0,1.0,False,False,False,False,True,False,88.1550888450658,56.0,75.0,18.4946885503575,7.838828370247936,14.503317804823576,46.65999984741211,1.7333416145382428,-0.347
1622,MXF,4.0,2.0,R,HIGH,gyrA,90.0,gyrA_A90V,R,0.5555555555555556,A,A90V,51.400000000000006,2.4000000000000004,-0.8600000000000001,28.0,-0.040000000000000036,H,AlphaHelix,-61.829999999999984,-59.75999999999999,47.0,2.0,0.0,False,False,False,False,True,False,55.555815915240146,-64.0,82.0,14.434102224020556,5.4833322787917345,10.609526093749128,40.439998626708984,1.6650776123582791,0.089
1623,MXF,<=0.06,-4.06,S,HIGH,gyrA,94.0,gyrA_D94G,R,0.8189233278955954,A,D94G,-50.99999999999999,3.1,-1.2700000000000002,-58.0,3.1999999999999997,H,AlphaHelix,-58.04000000000002,-41.610000000000014,97.4,1.0,1.0,False,False,False,False,True,False,88.1550888450658,63.0,80.0,18.4946885503575,7.838828370247936,14.503317804823576,46.65999984741211,1.7333416145382428,-0.873
1624,MXF,>4,3.0,R,HIGH,gyrA,94.0,gyrA_D94Y,R,0.847457627118644,A,D94Y,82.5,2.2,-2.18,48.099999999999994,2.89,H,AlphaHelix,-58.04000000000002,-41.610000000000014,97.4,1.0,1.0,False,False,False,False,True,False,88.1550888450658,81.0,91.0,18.4946885503575,7.838828370247936,14.503317804823576,46.65999984741211,1.7333416145382428,-0.376
1625,MXF,4.0,2.0,R,HIGH,gyrA,94.0,gyrA_D94Y,R,0.847457627118644,A,D94Y,82.5,2.2,-2.18,48.099999999999994,2.89,H,AlphaHelix,-58.04000000000002,-41.610000000000014,97.4,1.0,1.0,False,False,False,False,True,False,88.1550888450658,81.0,91.0,18.4946885503575,7.838828370247936,14.503317804823576,46.65999984741211,1.7333416145382428,-0.376
1626,MXF,>4,3.0,R,HIGH,gyrA,94.0,gyrA_D94N,R,0.8235294117647058,A,D94N,3.0,0.0,-1.9800000000000002,-1.0,2.64,H,AlphaHelix,-58.04000000000002,-41.610000000000014,97.4,1.0,1.0,False,False,False,False,True,False,88.1550888450658,56.0,75.0,18.4946885503575,7.838828370247936,14.503317804823576,46.65999984741211,1.7333416145382428,-0.347
1627,MXF,,,,MEDIUM,gyrB,461.0,gyrB_D461N,S,0.8888888888888888,B,D461N,3.0,0.0,-1.9800000000000002,-1.0,2.64,H,AlphaHelix,-71.88999999999999,-39.93000000000001,81.7,1.0,0.0,False,False,False,False,True,False,75.64790414237022,36.0,66.0,11.848330371804606,15.309593699828135,10.195622879537305,64.79000091552734,1.5661131135005826,-0.266
1628,MXF,4.0,2.0,R,HIGH,gyrA,90.0,gyrA_A90V,R,0.5555555555555556,A,A90V,51.400000000000006,2.4000000000000004,-0.8600000000000001,28.0,-0.040000000000000036,H,AlphaHelix,-61.829999999999984,-59.75999999999999,47.0,2.0,0.0,False,False,False,False,True,False,55.555815915240146,-64.0,82.0,14.434102224020556,5.4833322787917345,10.609526093749128,40.439998626708984,1.6650776123582791,0.089
1629,MXF,0.12,-3.06,S,MEDIUM,gyrA,90.0,gyrA_A90V,R,0.5555555555555556,A,A90V,51.400000000000006,2.4000000000000004,-0.8600000000000001,28.0,-0.040000000000000036,H,AlphaHelix,-61.829999999999984,-59.75999999999999,47.0,2.0,0.0,False,False,False,False,True,False,55.555815915240146,-64.0,82.0,14.434102224020556,5.4833322787917345,10.609526093749128,40.439998626708984,1.6650776123582791,0.089
1630,MXF,>4,3.0,R,HIGH,gyrA,94.0,gyrA_D94G,R,0.8189233278955954,A,D94G,-50.99999999999999,3.1,-1.2700000000000002,-58.0,3.1999999999999997,H,AlphaHelix,-58.04000000000002,-41.610000000000014,97.4,1.0,1.0,False,False,False,False,True,False,88.1550888450658,63.0,80.0,18.4946885503575,7.838828370247936,14.503317804823576,46.65999984741211,1.7333416145382428,-0.873
1631,MXF,1.0,0.0,S,HIGH,gyrA,94.0,gyrA_D94A,R,0.5232558139534884,A,D94A,-22.5,5.3,-2.08,-44.0,3.23,H,AlphaHelix,-58.04000000000002,-41.610000000000014,97.4,1.0,1.0,False,False,False,False,True,False,88.1550888450658,46.0,71.0,18.4946885503575,7.838828370247936,14.503317804823576,46.65999984741211,1.7333416145382428,-0.421
1632,MXF,>4,3.0,R,HIGH,gyrA,94.0,gyrA_D94G,R,0.8189233278955954,A,D94G,-50.99999999999999,3.1,-1.2700000000000002,-58.0,3.1999999999999997,H,AlphaHelix,-58.04000000000002,-41.610000000000014,97.4,1.0,1.0,False,False,False,False,True,False,88.1550888450658,63.0,80.0,18.4946885503575,7.838828370247936,14.503317804823576,46.65999984741211,1.7333416145382428,-0.873
1633,MXF,0.12,-3.06,S,HIGH,gyrA,94.0,gyrA_D94G,R,0.8189233278955954,A,D94G,-50.99999999999999,3.1,-1.2700000000000002,-58.0,3.1999999999999997,H,AlphaHelix,-58.04000000000002,-41.610000000000014,97.4,1.0,1.0,False,False,False,False,True,False,88.1550888450658,63.0,80.0,18.4946885503575,7.838828370247936,14.503317804823576,46.65999984741211,1.7333416145382428,-0.873
1634,MXF,>4,3.0,R,HIGH,gyrA,267.0,gyrA_T267I,S,0.9166666666666666,A,T267I,50.599999999999994,5.2,-0.92,12.099999999999994,0.41999999999999993,E,Strand,-110.84,147.57,41.6,1.0,0.0,False,False,True,False,False,False,44.1202990107675,-63.0,82.0,57.41807769187446,43.77226482698894,47.65815783374425,101.37999725341797,1.7631484448394852,-0.037
1635,MXF,4.0,2.0,R,HIGH,gyrA,94.0,gyrA_D94G,R,0.8189233278955954,A,D94G,-50.99999999999999,3.1,-1.2700000000000002,-58.0,3.1999999999999997,H,AlphaHelix,-58.04000000000002,-41.610000000000014,97.4,1.0,1.0,False,False,False,False,True,False,88.1550888450658,63.0,80.0,18.4946885503575,7.838828370247936,14.503317804823576,46.65999984741211,1.7333416145382428,-0.873
1636,MXF,<=0.06,-4.06,S,MEDIUM,gyrA,90.0,gyrA_A90V,R,0.5555555555555556,A,A90V,51.400000000000006,2.4000000000000004,-0.8600000000000001,28.0,-0.040000000000000036,H,AlphaHelix,-61.829999999999984,-59.75999999999999,47.0,2.0,0.0,False,False,False,False,True,False,55.555815915240146,-64.0,82.0,14.434102224020556,5.4833322787917345,10.609526093749128,40.439998626708984,1.6650776123582791,0.089
1637,MXF,1.0,0.0,S,MEDIUM,gyrA,90.0,gyrA_A90V,R,0.5555555555555556,A,A90V,51.400000000000006,2.4000000000000004,-0.8600000000000001,28.0,-0.040000000000000036,H,AlphaHelix,-61.829999999999984,-59.75999999999999,47.0,2.0,0.0,False,False,False,False,True,False,55.555815915240146,-64.0,82.0,14.434102224020556,5.4833322787917345,10.609526093749128,40.439998626708984,1.6650776123582791,0.089
1638,MXF,2.0,1.0,R,MEDIUM,gyrA,90.0,gyrA_A90V,R,0.5555555555555556,A,A90V,51.400000000000006,2.4000000000000004,-0.8600000000000001,28.0,-0.040000000000000036,H,AlphaHelix,-61.829999999999984,-59.75999999999999,47.0,2.0,0.0,False,False,False,False,True,False,55.555815915240146,-64.0,82.0,14.434102224020556,5.4833322787917345,10.609526093749128,40.439998626708984,1.6650776123582791,0.089
1639,MXF,>4,3.0,R,HIGH,gyrA,88.0,gyrA_G88C,R,0.9090909090909091,A,G88C,48.4,2.9,-0.9199999999999999,46.10000000000001,-0.8999999999999995,C,Coil,-77.02999999999997,152.43,8.6,0.0,0.0,False,True,False,False,False,False,9.936179450376525,50.0,75.0,9.426612506997063,8.72870415742702,11.188927476312779,57.560001373291016,1.9098223702260209,-0.725
1640,MXF,1.0,0.0,S,HIGH,gyrA,90.0,gyrA_A90V,R,0.5555555555555556,A,A90V,51.400000000000006,2.4000000000000004,-0.8600000000000001,28.0,-0.040000000000000036,H,AlphaHelix,-61.829999999999984,-59.75999999999999,47.0,2.0,0.0,False,False,False,False,True,False,55.555815915240146,-64.0,82.0,14.434102224020556,5.4833322787917345,10.609526093749128,40.439998626708984,1.6650776123582791,0.089
1641,MXF,<=0.06,-4.06,S,MEDIUM,gyrA,293.0,gyrA_D293Y,S,1.0,A,D293Y,82.5,2.2,-2.18,48.099999999999994,2.89,H,AlphaHelix,-82.13999999999999,-34.31,126.8,0.0,1.0,False,False,False,False,True,False,114.02913860091242,-5.0,53.0,46.119334375604794,33.9041568251675,34.69553352827196,152.52000427246094,1.7006215976408623,-0.255
1642,MXF,2.0,1.0,R,HIGH,gyrA,94.0,gyrA_D94G,R,0.8189233278955954,A,D94G,-50.99999999999999,3.1,-1.2700000000000002,-58.0,3.1999999999999997,H,AlphaHelix,-58.04000000000002,-41.610000000000014,97.4,1.0,1.0,False,False,False,False,True,False,88.1550888450658,63.0,80.0,18.4946885503575,7.838828370247936,14.503317804823576,46.65999984741211,1.7333416145382428,-0.873
1643,MXF,0.5,-1.0,S,MEDIUM,gyrA,90.0,gyrA_A90V,R,0.5555555555555556,A,A90V,51.400000000000006,2.4000000000000004,-0.8600000000000001,28.0,-0.040000000000000036,H,AlphaHelix,-61.829999999999984,-59.75999999999999,47.0,2.0,0.0,False,False,False,False,True,False,55.555815915240146,-64.0,82.0,14.434102224020556,5.4833322787917345,10.609526093749128,40.439998626708984,1.6650776123582791,0.089
1644,MXF,>4,3.0,R,MEDIUM,gyrA,94.0,gyrA_D94N,R,0.8235294117647058,A,D94N,3.0,0.0,-1.9800000000000002,-1.0,2.64,H,AlphaHelix,-58.04000000000002,-41.610000000000014,97.4,1.0,1.0,False,False,False,False,True,False,88.1550888450658,56.0,75.0,18.4946885503575,7.838828370247936,14.503317804823576,46.65999984741211,1.7333416145382428,-0.347
1645,MXF,>4,3.0,R,HIGH,gyrA,94.0,gyrA_D94N,R,0.8235294117647058,A,D94N,3.0,0.0,-1.9800000000000002,-1.0,2.64,H,AlphaHelix,-58.04000000000002,-41.610000000000014,97.4,1.0,1.0,False,False,False,False,True,False,88.1550888450658,56.0,75.0,18.4946885503575,7.838828370247936,14.503317804823576,46.65999984741211,1.7333416145382428,-0.347
1646,MXF,1.0,0.0,S,HIGH,gyrA,90.0,gyrA_A90V,R,0.5555555555555556,A,A90V,51.400000000000006,2.4000000000000004,-0.8600000000000001,28.0,-0.040000000000000036,H,AlphaHelix,-61.829999999999984,-59.75999999999999,47.0,2.0,0.0,False,False,False,False,True,False,55.555815915240146,-64.0,82.0,14.434102224020556,5.4833322787917345,10.609526093749128,40.439998626708984,1.6650776123582791,0.089
1647,MXF,0.5,-1.0,S,MEDIUM,gyrA,90.0,gyrA_A90V,R,0.5555555555555556,A,A90V,51.400000000000006,2.4000000000000004,-0.8600000000000001,28.0,-0.040000000000000036,H,AlphaHelix,-61.829999999999984,-59.75999999999999,47.0,2.0,0.0,False,False,False,False,True,False,55.555815915240146,-64.0,82.0,14.434102224020556,5.4833322787917345,10.609526093749128,40.439998626708984,1.6650776123582791,0.089
1648,MXF,,,,MEDIUM,gyrA,94.0,gyrA_D94Y,R,0.847457627118644,A,D94Y,82.5,2.2,-2.18,48.099999999999994,2.89,H,AlphaHelix,-58.04000000000002,-41.610000000000014,97.4,1.0,1.0,False,False,False,False,True,False,88.1550888450658,81.0,91.0,18.4946885503575,7.838828370247936,14.503317804823576,46.65999984741211,1.7333416145382428,-0.376
1649,MXF,2.0,1.0,R,HIGH,gyrA,90.0,gyrA_A90V,R,0.5555555555555556,A,A90V,51.400000000000006,2.4000000000000004,-0.8600000000000001,28.0,-0.040000000000000036,H,AlphaHelix,-61.829999999999984,-59.75999999999999,47.0,2.0,0.0,False,False,False,False,True,False,55.555815915240146,-64.0,82.0,14.434102224020556,5.4833322787917345,10.609526093749128,40.439998626708984,1.6650776123582791,0.089
1650,MXF,<=0.06,-4.06,S,MEDIUM,gyrA,94.0,gyrA_D94Y,R,0.847457627118644,A,D94Y,82.5,2.2,-2.18,48.099999999999994,2.89,H,AlphaHelix,-58.04000000000002,-41.610000000000014,97.4,1.0,1.0,False,False,False,False,True,False,88.1550888450658,81.0,91.0,18.4946885503575,7.838828370247936,14.503317804823576,46.65999984741211,1.7333416145382428,-0.376
1651,MXF,4.0,2.0,R,HIGH,gyrA,91.0,gyrA_S91P,R,0.676923076923077,A,S91P,23.700000000000003,-0.8,-0.64,10.0,0.6200000000000001,H,AlphaHelix,-67.14999999999998,-27.149999999999977,64.8,1.0,0.0,False,False,False,False,True,False,65.22815545163408,63.0,80.0,13.712390715773491,5.3811257108513875,11.010229056369285,47.63999938964844,1.5284537092505912,-0.125
1652,MXF,0.5,-1.0,S,HIGH,gyrA,288.0,gyrA_A288V,S,1.0,A,A288V,51.400000000000006,2.4000000000000004,-0.8600000000000001,28.0,-0.040000000000000036,H,AlphaHelix,-55.73000000000002,-52.079999999999984,11.3,2.0,1.0,False,False,False,False,True,False,11.676533963816869,-66.0,82.0,42.918834465722156,29.384776103472706,31.706489039944646,85.9800033569336,1.9848467404953554,-0.718
1653,MXF,1.0,0.0,S,HIGH,gyrA,90.0,gyrA_A90V,R,0.5555555555555556,A,A90V,51.400000000000006,2.4000000000000004,-0.8600000000000001,28.0,-0.040000000000000036,H,AlphaHelix,-61.829999999999984,-59.75999999999999,47.0,2.0,0.0,False,False,False,False,True,False,55.555815915240146,-64.0,82.0,14.434102224020556,5.4833322787917345,10.609526093749128,40.439998626708984,1.6650776123582791,0.089
1654,MXF,1.0,0.0,S,HIGH,gyrA,90.0,gyrA_A90V,R,0.5555555555555556,A,A90V,51.400000000000006,2.4000000000000004,-0.8600000000000001,28.0,-0.040000000000000036,H,AlphaHelix,-61.829999999999984,-59.75999999999999,47.0,2.0,0.0,False,False,False,False,True,False,55.555815915240146,-64.0,82.0,14.434102224020556,5.4833322787917345,10.609526093749128,40.439998626708984,1.6650776123582791,0.089
1655,MXF,2.0,1.0,R,MEDIUM,gyrA,90.0,gyrA_A90V,R,0.5555555555555556,A,A90V,51.400000000000006,2.4000000000000004,-0.8600000000000001,28.0,-0.040000000000000036,H,AlphaHelix,-61.829999999999984,-59.75999999999999,47.0,2.0,0.0,False,False,False,False,True,False,55.555815915240146,-64.0,82.0,14.434102224020556,5.4833322787917345,10.609526093749128,40.439998626708984,1.6650776123582791,0.089
1656,MXF,4.0,2.0,R,HIGH,gyrA,90.0,gyrA_A90V,R,0.5555555555555556,A,A90V,51.400000000000006,2.4000000000000004,-0.8600000000000001,28.0,-0.040000000000000036,H,AlphaHelix,-61.829999999999984,-59.75999999999999,47.0,2.0,0.0,False,False,False,False,True,False,55.555815915240146,-64.0,82.0,14.434102224020556,5.4833322787917345,10.609526093749128,40.439998626708984,1.6650776123582791,0.089
1657,MXF,0.5,-1.0,S,MEDIUM,gyrA,94.0,gyrA_D94G,R,0.8189233278955954,A,D94G,-50.99999999999999,3.1,-1.2700000000000002,-58.0,3.1999999999999997,H,AlphaHelix,-58.04000000000002,-41.610000000000014,97.4,1.0,1.0,False,False,False,False,True,False,88.1550888450658,63.0,80.0,18.4946885503575,7.838828370247936,14.503317804823576,46.65999984741211,1.7333416145382428,-0.873
1658,MXF,4.0,2.0,R,HIGH,gyrA,94.0,gyrA_D94G,R,0.8189233278955954,A,D94G,-50.99999999999999,3.1,-1.2700000000000002,-58.0,3.1999999999999997,H,AlphaHelix,-58.04000000000002,-41.610000000000014,97.4,1.0,1.0,False,False,False,False,True,False,88.1550888450658,63.0,80.0,18.4946885503575,7.838828370247936,14.503317804823576,46.65999984741211,1.7333416145382428,-0.873
1659,MXF,2.0,1.0,R,MEDIUM,gyrA,90.0,gyrA_A90V,R,0.5555555555555556,A,A90V,51.400000000000006,2.4000000000000004,-0.8600000000000001,28.0,-0.040000000000000036,H,AlphaHelix,-61.829999999999984,-59.75999999999999,47.0,2.0,0.0,False,False,False,False,True,False,55.555815915240146,-64.0,82.0,14.434102224020556,5.4833322787917345,10.609526093749128,40.439998626708984,1.6650776123582791,0.089
1660,MXF,1.0,0.0,S,HIGH,gyrA,91.0,gyrA_S91P,R,0.676923076923077,A,S91P,23.700000000000003,-0.8,-0.64,10.0,0.6200000000000001,H,AlphaHelix,-67.14999999999998,-27.149999999999977,64.8,1.0,0.0,False,False,False,False,True,False,65.22815545163408,63.0,80.0,13.712390715773491,5.3811257108513875,11.010229056369285,47.63999938964844,1.5284537092505912,-0.125
1661,MXF,2.0,1.0,R,MEDIUM,gyrA,90.0,gyrA_A90V,R,0.5555555555555556,A,A90V,51.400000000000006,2.4000000000000004,-0.8600000000000001,28.0,-0.040000000000000036,H,AlphaHelix,-61.829999999999984,-59.75999999999999,47.0,2.0,0.0,False,False,False,False,True,False,55.555815915240146,-64.0,82.0,14.434102224020556,5.4833322787917345,10.609526093749128,40.439998626708984,1.6650776123582791,0.089
1662,MXF,2.0,1.0,R,HIGH,gyrA,90.0,gyrA_A90V,R,0.5555555555555556,A,A90V,51.400000000000006,2.4000000000000004,-0.8600000000000001,28.0,-0.040000000000000036,H,AlphaHelix,-61.829999999999984,-59.75999999999999,47.0,2.0,0.0,False,False,False,False,True,False,55.555815915240146,-64.0,82.0,14.434102224020556,5.4833322787917345,10.609526093749128,40.439998626708984,1.6650776123582791,0.089
1663,MXF,0.12,-3.06,S,HIGH,gyrB,594.0,gyrB_G594R,S,1.0,B,G594R,113.30000000000001,-4.1,-0.1399999999999999,99.1,4.79,H,AlphaHelix,-61.79000000000002,-46.23000000000002,2.4,3.0,1.0,False,False,False,False,True,False,2.5513483377247033,33.0,66.0,29.30072658397923,43.081517427800726,41.93222708810748,59.869998931884766,2.110741957012361,-1.929
1664,MXF,>4,3.0,R,HIGH,gyrA,90.0,gyrA_A90V,R,0.5555555555555556,A,A90V,51.400000000000006,2.4000000000000004,-0.8600000000000001,28.0,-0.040000000000000036,H,AlphaHelix,-61.829999999999984,-59.75999999999999,47.0,2.0,0.0,False,False,False,False,True,False,55.555815915240146,-64.0,82.0,14.434102224020556,5.4833322787917345,10.609526093749128,40.439998626708984,1.6650776123582791,0.089
1665,MXF,,,,,gyrA,,gyrA_A90V,R,1.0,A,A90V,51.400000000000006,2.4000000000000004,-0.8600000000000001,28.0,-0.040000000000000036,H,AlphaHelix,-61.829999999999984,-59.75999999999999,47.0,2.0,0.0,False,False,False,False,True,False,55.555815915240146,-64.0,82.0,14.434102224020556,5.4833322787917345,10.609526093749128,40.439998626708984,1.6650776123582791,0.089
1666,MXF,,,,,gyrA,,gyrA_D94A,R,1.0,A,D94A,-22.5,5.3,-2.08,-44.0,3.23,H,AlphaHelix,-58.04000000000002,-41.610000000000014,97.4,1.0,1.0,False,False,False,False,True,False,88.1550888450658,46.0,71.0,18.4946885503575,7.838828370247936,14.503317804823576,46.65999984741211,1.7333416145382428,-0.421
1667,MXF,,,,,gyrA,,gyrA_D94G,R,1.0,A,D94G,-50.99999999999999,3.1,-1.2700000000000002,-58.0,3.1999999999999997,H,AlphaHelix,-58.04000000000002,-41.610000000000014,97.4,1.0,1.0,False,False,False,False,True,False,88.1550888450658,63.0,80.0,18.4946885503575,7.838828370247936,14.503317804823576,46.65999984741211,1.7333416145382428,-0.873
1668,MXF,,,,,gyrA,,gyrA_D94H,R,1.0,A,D94H,42.099999999999994,0.2999999999999998,-1.04,22.099999999999994,4.82,H,AlphaHelix,-58.04000000000002,-41.610000000000014,97.4,1.0,1.0,False,False,False,False,True,False,88.1550888450658,79.0,85.0,18.4946885503575,7.838828370247936,14.503317804823576,46.65999984741211,1.7333416145382428,-0.36
1669,MXF,,,,,gyrA,,gyrA_D94N,R,1.0,A,D94N,3.0,0.0,-1.9800000000000002,-1.0,2.64,H,AlphaHelix,-58.04000000000002,-41.610000000000014,97.4,1.0,1.0,False,False,False,False,True,False,88.1550888450658,56.0,75.0,18.4946885503575,7.838828370247936,14.503317804823576,46.65999984741211,1.7333416145382428,-0.347
1670,MXF,,,,,gyrA,,gyrA_D94Y,R,1.0,A,D94Y,82.5,2.2,-2.18,48.099999999999994,2.89,H,AlphaHelix,-58.04000000000002,-41.610000000000014,97.4,1.0,1.0,False,False,False,False,True,False,88.1550888450658,81.0,91.0,18.4946885503575,7.838828370247936,14.503317804823576,46.65999984741211,1.7333416145382428,-0.376
1671,MXF,,,,,gyrA,,gyrA_G88A,R,1.0,A,G88A,28.499999999999993,2.2,-0.8099999999999998,14.0,0.03000000000000025,C,Coil,-77.02999999999997,152.43,8.6,0.0,0.0,False,True,False,False,False,False,9.936179450376525,47.0,71.0,9.426612506997063,8.72870415742702,11.188927476312779,57.560001373291016,1.9098223702260209,-1.185
1672,MXF,,,,,gyrA,,gyrA_G88C,R,1.0,A,G88C,48.4,2.9,-0.9199999999999999,46.10000000000001,-0.8999999999999995,C,Coil,-77.02999999999997,152.43,8.6,0.0,0.0,False,True,False,False,False,False,9.936179450376525,50.0,75.0,9.426612506997063,8.72870415742702,11.188927476312779,57.560001373291016,1.9098223702260209,-0.725
1673,MXF,,,,,gyrA,,gyrA_S91P,R,1.0,A,S91P,23.700000000000003,-0.8,-0.64,10.0,0.6200000000000001,H,AlphaHelix,-67.14999999999998,-27.149999999999977,64.8,1.0,0.0,False,False,False,False,True,False,65.22815545163408,63.0,80.0,13.712390715773491,5.3811257108513875,11.010229056369285,47.63999938964844,1.5284537092505912,-0.125
1674,MXF,,,,,gyrB,,gyrB_A504V,R,1.0,B,A504V,51.400000000000006,2.4000000000000004,-0.8600000000000001,28.0,-0.040000000000000036,H,AlphaHelix,-59.64999999999998,-42.079999999999984,10.1,1.0,2.0,False,False,False,False,True,False,11.414866074723719,5.0,53.0,21.169802031203538,22.5262580893872,15.850445728045397,54.0,2.050575642556502,-0.618
1675,MXF,,,,,gyrB,,gyrB_D461N,R,1.0,B,D461N,3.0,0.0,-1.9800000000000002,-1.0,2.64,H,AlphaHelix,-71.88999999999999,-39.93000000000001,81.7,1.0,0.0,False,False,False,False,True,False,75.64790414237022,36.0,66.0,11.848330371804606,15.309593699828135,10.195622879537305,64.79000091552734,1.5661131135005826,-0.266
1676,MXF,,,,,gyrB,,gyrB_E501D,R,1.0,B,E501D,-27.30000000000001,0.0,0.8,-14.0,-0.4500000000000002,H,AlphaHelix,-71.87,-38.54000000000002,13.6,2.0,0.0,False,False,False,False,True,False,15.369778026626971,78.0,85.0,18.005379610370586,18.103477446299912,11.656371379938307,63.0099983215332,2.23399611625198,-2.507
1677,MXF,,,,,gyrB,,gyrB_E501V,R,1.0,B,E501V,1.5999999999999943,7.7,-2.14,-30.0,2.7399999999999998,H,AlphaHelix,-71.87,-38.54000000000002,13.6,2.0,0.0,False,False,False,False,True,False,15.369778026626971,72.0,85.0,18.005379610370586,18.103477446299912,11.656371379938307,63.0099983215332,2.23399611625198,-1.177
1678,MXF,,,,,gyrB,,gyrB_N499D,R,1.0,B,N499D,-3.0,0.0,1.9800000000000002,1.0,-2.64,C,Coil,-66.65999999999997,120.5,43.0,2.0,2.0,False,True,False,False,False,False,40.44476788590575,53.0,75.0,21.727521249200905,18.74934841945492,13.214297718613494,62.86000061035156,2.0305274785868135,-0.309
1679,MXF,,,,,gyrA,,gyrA_A90V,R,1.0,A,A90V,51.400000000000006,2.4000000000000004,-0.8600000000000001,28.0,-0.040000000000000036,H,AlphaHelix,-61.829999999999984,-59.75999999999999,47.0,2.0,0.0,False,False,False,False,True,False,55.555815915240146,-64.0,82.0,14.434102224020556,5.4833322787917345,10.609526093749128,40.439998626708984,1.6650776123582791,0.089
1680,MXF,,,,,gyrA,,gyrA_D94A,R,1.0,A,D94A,-22.5,5.3,-2.08,-44.0,3.23,H,AlphaHelix,-58.04000000000002,-41.610000000000014,97.4,1.0,1.0,False,False,False,False,True,False,88.1550888450658,46.0,71.0,18.4946885503575,7.838828370247936,14.503317804823576,46.65999984741211,1.7333416145382428,-0.421
1681,MXF,,,,,gyrA,,gyrA_D94G,R,1.0,A,D94G,-50.99999999999999,3.1,-1.2700000000000002,-58.0,3.1999999999999997,H,AlphaHelix,-58.04000000000002,-41.610000000000014,97.4,1.0,1.0,False,False,False,False,True,False,88.1550888450658,63.0,80.0,18.4946885503575,7.838828370247936,14.503317804823576,46.65999984741211,1.7333416145382428,-0.873
1682,MXF,,,,,gyrA,,gyrA_D94H,R,1.0,A,D94H,42.099999999999994,0.2999999999999998,-1.04,22.099999999999994,4.82,H,AlphaHelix,-58.04000000000002,-41.610000000000014,97.4,1.0,1.0,False,False,False,False,True,False,88.1550888450658,79.0,85.0,18.4946885503575,7.838828370247936,14.503317804823576,46.65999984741211,1.7333416145382428,-0.36
1683,MXF,,,,,gyrA,,gyrA_D94N,R,1.0,A,D94N,3.0,0.0,-1.9800000000000002,-1.0,2.64,H,AlphaHelix,-58.04000000000002,-41.610000000000014,97.4,1.0,1.0,False,False,False,False,True,False,88.1550888450658,56.0,75.0,18.4946885503575,7.838828370247936,14.503317804823576,46.65999984741211,1.7333416145382428,-0.347
1684,MXF,,,,,gyrA,,gyrA_D94Y,R,1.0,A,D94Y,82.5,2.2,-2.18,48.099999999999994,2.89,H,AlphaHelix,-58.04000000000002,-41.610000000000014,97.4,1.0,1.0,False,False,False,False,True,False,88.1550888450658,81.0,91.0,18.4946885503575,7.838828370247936,14.503317804823576,46.65999984741211,1.7333416145382428,-0.376
1685,MXF,,,,,gyrA,,gyrA_G88A,R,1.0,A,G88A,28.499999999999993,2.2,-0.8099999999999998,14.0,0.03000000000000025,C,Coil,-77.02999999999997,152.43,8.6,0.0,0.0,False,True,False,False,False,False,9.936179450376525,47.0,71.0,9.426612506997063,8.72870415742702,11.188927476312779,57.560001373291016,1.9098223702260209,-1.185
1686,MXF,,,,,gyrA,,gyrA_G88C,R,1.0,A,G88C,48.4,2.9,-0.9199999999999999,46.10000000000001,-0.8999999999999995,C,Coil,-77.02999999999997,152.43,8.6,0.0,0.0,False,True,False,False,False,False,9.936179450376525,50.0,75.0,9.426612506997063,8.72870415742702,11.188927476312779,57.560001373291016,1.9098223702260209,-0.725
1687,MXF,,,,,gyrA,,gyrA_S91P,R,1.0,A,S91P,23.700000000000003,-0.8,-0.64,10.0,0.6200000000000001,H,AlphaHelix,-67.14999999999998,-27.149999999999977,64.8,1.0,0.0,False,False,False,False,True,False,65.22815545163408,63.0,80.0,13.712390715773491,5.3811257108513875,11.010229056369285,47.63999938964844,1.5284537092505912,-0.125
1688,MXF,,,,,gyrB,,gyrB_A504V,R,1.0,B,A504V,51.400000000000006,2.4000000000000004,-0.8600000000000001,28.0,-0.040000000000000036,H,AlphaHelix,-59.64999999999998,-42.079999999999984,10.1,1.0,2.0,False,False,False,False,True,False,11.414866074723719,5.0,53.0,21.169802031203538,22.5262580893872,15.850445728045397,54.0,2.050575642556502,-0.618
1689,MXF,,,,,gyrB,,gyrB_D461N,R,1.0,B,D461N,3.0,0.0,-1.9800000000000002,-1.0,2.64,H,AlphaHelix,-71.88999999999999,-39.93000000000001,81.7,1.0,0.0,False,False,False,False,True,False,75.64790414237022,36.0,66.0,11.848330371804606,15.309593699828135,10.195622879537305,64.79000091552734,1.5661131135005826,-0.266
1690,MXF,,,,,gyrB,,gyrB_E501D,R,1.0,B,E501D,-27.30000000000001,0.0,0.8,-14.0,-0.4500000000000002,H,AlphaHelix,-71.87,-38.54000000000002,13.6,2.0,0.0,False,False,False,False,True,False,15.369778026626971,78.0,85.0,18.005379610370586,18.103477446299912,11.656371379938307,63.0099983215332,2.23399611625198,-2.507
1691,MXF,,,,,gyrB,,gyrB_E501V,R,1.0,B,E501V,1.5999999999999943,7.7,-2.14,-30.0,2.7399999999999998,H,AlphaHelix,-71.87,-38.54000000000002,13.6,2.0,0.0,False,False,False,False,True,False,15.369778026626971,72.0,85.0,18.005379610370586,18.103477446299912,11.656371379938307,63.0099983215332,2.23399611625198,-1.177
1692,MXF,,,,,gyrB,,gyrB_N499D,R,1.0,B,N499D,-3.0,0.0,1.9800000000000002,1.0,-2.64,C,Coil,-66.65999999999997,120.5,43.0,2.0,2.0,False,True,False,False,False,False,40.44476788590575,53.0,75.0,21.727521249200905,18.74934841945492,13.214297718613494,62.86000061035156,2.0305274785868135,-0.309
1693,MXF,,,,,gyrA,,gyrA_A384V,S,1.0,A,A384V,51.400000000000006,2.4000000000000004,-0.8600000000000001,28.0,-0.040000000000000036,H,AlphaHelix,-59.19,-40.64999999999998,8.8,1.0,1.0,False,False,False,False,True,False,10.751730392732972,-58.0,78.0,45.60576477917775,48.868184447097924,53.67255909991254,68.20999908447266,2.026817258670351,-1.183
1694,MXF,,,,,gyrA,,gyrA_A463S,S,1.0,A,A463S,0.4000000000000057,-2.6,0.0,16.0,-0.3200000000000003,H,AlphaHelix,-57.79000000000002,-43.52999999999997,53.7,1.0,1.0,False,False,False,False,True,False,57.821911669704335,-93.0,97.0,52.23444453317439,54.60492580892227,59.704153074868636,73.43000030517578,1.527991557450557,-0.518
1695,MXF,,,,,gyrA,,gyrA_A90G,S,1.0,A,A90G,-28.499999999999993,-2.2,0.8099999999999998,-14.0,-0.03000000000000025,H,AlphaHelix,-61.829999999999984,-59.75999999999999,47.0,2.0,0.0,False,False,False,False,True,False,55.555815915240146,-68.0,82.0,14.434102224020556,5.4833322787917345,10.609526093749128,40.439998626708984,1.6650776123582791,-0.344
1696,MXF,,,,,gyrA,,gyrA_E21Q,S,1.0,A,E21Q,5.400000000000006,0.0,-1.4200000000000002,-0.9000000000000057,2.43,H,AlphaHelix,-68.43,-41.860000000000014,44.1,1.0,0.0,False,False,False,False,True,False,41.383789319309955,-68.0,82.0,23.064687013402448,32.75001110260945,29.431596629723792,68.95999908447266,2.12042425890993,0.394
1697,MXF,,,,,gyrA,,gyrA_G247S,S,1.0,A,G247S,28.9,-0.4,-0.8099999999999998,30.0,-0.29000000000000004,C,Coil,95.65,-3.6499999999999773,0.0,1.0,2.0,False,True,False,False,False,False,0.0,44.0,71.0,34.22044051812889,31.89840446780451,35.33912183529252,55.400001525878906,2.58564940781408,-3.157
1698,MXF,,,,,gyrA,,gyrA_G668D,S,1.0,A,G668D,50.99999999999999,-3.1,1.2700000000000002,58.0,-3.1999999999999997,,,,,,,,,,,,,,0.0,,,,,,,,0.0
1699,MXF,,,,,gyrA,,gyrA_S95T,S,1.0,A,S95T,27.099999999999994,0.10000000000000009,-0.22000000000000003,14.0,-0.08000000000000007,H,AlphaHelix,-67.65999999999997,-38.26999999999998,30.2,1.0,2.0,False,False,False,False,True,False,25.55003005694686,-93.0,97.0,18.387303245698156,10.597835027981167,16.85840267652333,41.54999923706055,2.0419280811692357,0.723
1700,MXF,,,,,gyrA,,gyrA_T80A,S,1.0,A,T80A,-27.5,2.5,0.22000000000000003,-30.0,0.40000000000000036,H,AlphaHelix,-65.23000000000002,-46.139999999999986,0.2,2.0,1.0,False,False,False,False,True,False,0.09285526275103315,25.0,63.0,16.246559710449997,16.679332282228298,21.046929229582272,46.29999923706055,5.795934755799213,-0.313
1701,MXF,,,,,gyrB,,gyrB_M291I,S,1.0,B,M291I,3.799999999999983,2.6,-0.37000000000000005,-18.0,0.27999999999999936,,,,,,,,,,,,,,0.0,,,,,,,,0.0
1702,MXF,,,,,gyrB,,gyrB_P94L,S,1.0,B,P94L,53.999999999999986,5.4,-0.37999999999999995,16.099999999999994,-0.3199999999999994,,,,,,,,,,,,,,0.0,,,,,,,,0.0
1703,MXF,,,,,gyrB,,gyrB_V301L,S,1.0,B,V301L,26.69999999999999,-0.40000000000000036,-0.15999999999999992,14.099999999999994,0.020000000000000462,,,,,,,,,,,,,,0.0,,,,,,,,0.0
